Subscription_ID,Customer_ID,Plan,Monthly_Fee,Contract_Type,Support_Tier,Start_Date
SUB00001,CUST00001,Standard,799,Monthly,5,2025-10-16
SUB00002,CUST00002,Family,1499,Monthly,15,2025-06-01
SUB00003,CUST00003,Premium,1199,Monthly,10,2026-02-16
SUB00004,CUST00004,Family,1499,Monthly,15,2025-09-10
SUB00005,CUST00005,Basic,499,Annual,2,2025-12-22
SUB00006,CUST00006,Standard,799,Monthly,5,2025-12-19
SUB00007,CUST00007,Standard,799,Annual,5,2026-04-04
SUB00008,CUST00008,Basic,499,Monthly,2,2024-05-21
SUB00009,CUST00009,Premium,1199,Monthly,10,2025-11-27
SUB00010,CUST00010,Basic,499,Annual,2,2024-01-04
SUB00011,CUST00011,Basic,499,Quarterly,2,2024-09-02
SUB00012,CUST00012,Family,1499,Annual,15,2024-07-24
SUB00013,CUST00013,Premium,1199,Monthly,10,2025-10-08
SUB00014,CUST00014,Standard,799,Annual,5,2024-08-07
SUB00015,CUST00015,Standard,799,Monthly,5,2024-04-10
SUB00016,CUST00016,Standard,799,Monthly,5,2024-02-21
SUB00017,CUST00017,Family,1499,Monthly,15,2025-02-14
SUB00018,CUST00018,Standard,799,Monthly,5,2025-12-14
SUB00019,CUST00019,Basic,499,Quarterly,2,2024-02-28
SUB00020,CUST00020,Premium,1199,Monthly,10,2024-11-17
SUB00021,CUST00021,Premium,1199,Monthly,10,2025-09-28
SUB00022,CUST00022,Basic,499,Annual,2,2025-09-18
SUB00023,CUST00023,Premium,1199,Annual,10,2025-10-11
SUB00024,CUST00024,Premium,1199,Monthly,10,2024-05-10
SUB00025,CUST00025,Standard,799,Annual,5,2026-03-09
SUB00026,CUST00026,Standard,799,Annual,5,2026-03-12
SUB00027,CUST00027,Standard,799,Monthly,5,2026-04-16
SUB00028,CUST00028,Premium,1199,Annual,10,2024-03-12
SUB00029,CUST00029,Basic,499,Quarterly,2,2024-04-28
SUB00030,CUST00030,Family,1499,Quarterly,15,2025-12-14
SUB00031,CUST00031,Premium,1199,Monthly,10,2025-06-07
SUB00032,CUST00032,Basic,499,Monthly,2,2024-05-30
SUB00033,CUST00033,Standard,799,Annual,5,2026-02-07
SUB00034,CUST00034,Family,1499,Annual,15,2025-06-27
SUB00035,CUST00035,Premium,1199,Monthly,10,2025-03-26
SUB00036,CUST00036,Standard,799,Annual,5,2024-12-04
SUB00037,CUST00037,Standard,799,Annual,5,2025-05-12
SUB00038,CUST00038,Premium,1199,Annual,10,2024-12-11
SUB00039,CUST00039,Standard,799,Annual,5,2026-02-24
SUB00040,CUST00040,Premium,1199,Annual,10,2024-03-18
SUB00041,CUST00041,Family,1499,Monthly,15,2025-12-25
SUB00042,CUST00042,Family,1499,Quarterly,15,2024-09-08
SUB00043,CUST00043,Basic,499,Monthly,2,2025-05-02
SUB00044,CUST00044,Premium,1199,Monthly,10,2024-11-09
SUB00045,CUST00045,Standard,799,Quarterly,5,2026-01-30
SUB00046,CUST00046,Premium,1199,Quarterly,10,2025-06-30
SUB00047,CUST00047,Basic,499,Monthly,2,2024-04-26
SUB00048,CUST00048,Standard,799,Quarterly,5,2025-08-05
SUB00049,CUST00049,Premium,1199,Quarterly,10,2025-04-26
SUB00050,CUST00050,Family,1499,Monthly,15,2025-04-24
SUB00051,CUST00051,Premium,1199,Monthly,10,2026-02-20
SUB00052,CUST00052,Family,1499,Annual,15,2024-12-03
SUB00053,CUST00053,Family,1499,Annual,15,2024-02-25
SUB00054,CUST00054,Standard,799,Annual,5,2025-07-18
SUB00055,CUST00055,Standard,799,Annual,5,2024-09-06
SUB00056,CUST00056,Family,1499,Annual,15,2024-12-19
SUB00057,CUST00057,Basic,499,Annual,2,2025-05-22
SUB00058,CUST00058,Premium,1199,Quarterly,10,2025-02-11
SUB00059,CUST00059,Family,1499,Quarterly,15,2025-01-02
SUB00060,CUST00060,Premium,1199,Monthly,10,2025-03-28
SUB00061,CUST00061,Basic,499,Annual,2,2024-01-23
SUB00062,CUST00062,Family,1499,Monthly,15,2025-10-05
SUB00063,CUST00063,Standard,799,Monthly,5,2024-10-29
SUB00064,CUST00064,Premium,1199,Monthly,10,2025-04-24
SUB00065,CUST00065,Family,1499,Annual,15,2025-07-03
SUB00066,CUST00066,Standard,799,Monthly,5,2025-12-18
SUB00067,CUST00067,Standard,799,Annual,5,2025-02-01
SUB00068,CUST00068,Premium,1199,Monthly,10,2025-07-11
SUB00069,CUST00069,Basic,499,Annual,2,2025-11-09
SUB00070,CUST00070,Basic,499,Monthly,2,2024-05-13
SUB00071,CUST00071,Family,1499,Monthly,15,2026-01-29
SUB00072,CUST00072,Family,1499,Quarterly,15,2026-01-14
SUB00073,CUST00073,Premium,1199,Quarterly,10,2025-05-17
SUB00074,CUST00074,Family,1499,Monthly,15,2025-04-07
SUB00075,CUST00075,Basic,499,Monthly,2,2025-12-04
SUB00076,CUST00076,Premium,1199,Quarterly,10,2025-02-24
SUB00077,CUST00077,Basic,499,Monthly,2,2025-10-20
SUB00078,CUST00078,Family,1499,Monthly,15,2024-04-03
SUB00079,CUST00079,Family,1499,Quarterly,15,2025-11-21
SUB00080,CUST00080,Basic,499,Monthly,2,2025-11-25
SUB00081,CUST00081,Basic,499,Monthly,2,2026-02-21
SUB00082,CUST00082,Basic,499,Monthly,2,2024-03-14
SUB00083,CUST00083,Basic,499,Monthly,2,2025-08-10
SUB00084,CUST00084,Standard,799,Monthly,5,2025-12-07
SUB00085,CUST00085,Standard,799,Annual,5,2026-03-08
SUB00086,CUST00086,Basic,499,Monthly,2,2024-09-19
SUB00087,CUST00087,Premium,1199,Monthly,10,2025-11-28
SUB00088,CUST00088,Family,1499,Monthly,15,2024-12-26
SUB00089,CUST00089,Standard,799,Monthly,5,2025-04-18
SUB00090,CUST00090,Basic,499,Monthly,2,2025-04-06
SUB00091,CUST00091,Premium,1199,Quarterly,10,2025-01-07
SUB00092,CUST00092,Premium,1199,Annual,10,2024-03-24
SUB00093,CUST00093,Premium,1199,Annual,10,2024-01-19
SUB00094,CUST00094,Family,1499,Monthly,15,2024-06-15
SUB00095,CUST00095,Standard,799,Monthly,5,2024-08-27
SUB00096,CUST00096,Basic,499,Quarterly,2,2024-06-14
SUB00097,CUST00097,Standard,799,Monthly,5,2025-02-28
SUB00098,CUST00098,Family,1499,Quarterly,15,2026-03-21
SUB00099,CUST00099,Basic,499,Annual,2,2024-06-02
SUB00100,CUST00100,Premium,1199,Monthly,10,2025-10-09
SUB00101,CUST00101,Family,1499,Annual,15,2025-06-20
SUB00102,CUST00102,Basic,499,Monthly,2,2026-03-01
SUB00103,CUST00103,Basic,499,Quarterly,2,2025-12-13
SUB00104,CUST00104,Premium,1199,Annual,10,2025-04-29
SUB00105,CUST00105,Premium,1199,Monthly,10,2026-01-14
SUB00106,CUST00106,Family,1499,Monthly,15,2024-11-09
SUB00107,CUST00107,Standard,799,Annual,5,2025-01-07
SUB00108,CUST00108,Premium,1199,Monthly,10,2025-01-14
SUB00109,CUST00109,Basic,499,Monthly,2,2024-01-27
SUB00110,CUST00110,Standard,799,Annual,5,2024-07-23
SUB00111,CUST00111,Basic,499,Annual,2,2025-10-15
SUB00112,CUST00112,Family,1499,Annual,15,2025-02-11
SUB00113,CUST00113,Premium,1199,Annual,10,2024-11-07
SUB00114,CUST00114,Basic,499,Annual,2,2024-06-24
SUB00115,CUST00115,Basic,499,Quarterly,2,2024-09-07
SUB00116,CUST00116,Family,1499,Annual,15,2024-09-10
SUB00117,CUST00117,Basic,499,Monthly,2,2024-09-03
SUB00118,CUST00118,Premium,1199,Monthly,10,2024-05-17
SUB00119,CUST00119,Basic,499,Monthly,2,2025-07-25
SUB00120,CUST00120,Premium,1199,Quarterly,10,2024-12-01
SUB00121,CUST00121,Basic,499,Quarterly,2,2024-01-28
SUB00122,CUST00122,Family,1499,Monthly,15,2024-05-21
SUB00123,CUST00123,Family,1499,Monthly,15,2025-06-29
SUB00124,CUST00124,Premium,1199,Monthly,10,2024-10-31
SUB00125,CUST00125,Family,1499,Annual,15,2024-05-04
SUB00126,CUST00126,Standard,799,Monthly,5,2024-09-05
SUB00127,CUST00127,Standard,799,Annual,5,2025-07-17
SUB00128,CUST00128,Premium,1199,Quarterly,10,2024-07-09
SUB00129,CUST00129,Standard,799,Monthly,5,2024-07-09
SUB00130,CUST00130,Premium,1199,Monthly,10,2024-05-23
SUB00131,CUST00131,Basic,499,Monthly,2,2024-09-24
SUB00132,CUST00132,Standard,799,Monthly,5,2025-12-07
SUB00133,CUST00133,Family,1499,Annual,15,2025-04-10
SUB00134,CUST00134,Basic,499,Annual,2,2025-06-16
SUB00135,CUST00135,Basic,499,Monthly,2,2025-08-15
SUB00136,CUST00136,Family,1499,Monthly,15,2024-02-02
SUB00137,CUST00137,Premium,1199,Monthly,10,2025-01-19
SUB00138,CUST00138,Family,1499,Quarterly,15,2026-01-15
SUB00139,CUST00139,Family,1499,Quarterly,15,2024-06-07
SUB00140,CUST00140,Basic,499,Monthly,2,2025-02-15
SUB00141,CUST00141,Premium,1199,Annual,10,2025-08-14
SUB00142,CUST00142,Standard,799,Annual,5,2024-11-03
SUB00143,CUST00143,Premium,1199,Monthly,10,2024-04-04
SUB00144,CUST00144,Standard,799,Annual,5,2025-05-05
SUB00145,CUST00145,Family,1499,Monthly,15,2025-10-26
SUB00146,CUST00146,Premium,1199,Monthly,10,2026-01-29
SUB00147,CUST00147,Standard,799,Quarterly,5,2024-09-20
SUB00148,CUST00148,Basic,499,Quarterly,2,2026-02-21
SUB00149,CUST00149,Basic,499,Monthly,2,2024-01-07
SUB00150,CUST00150,Basic,499,Annual,2,2025-05-29
SUB00151,CUST00151,Basic,499,Monthly,2,2024-09-06
SUB00152,CUST00152,Family,1499,Annual,15,2024-02-27
SUB00153,CUST00153,Premium,1199,Monthly,10,2024-07-31
SUB00154,CUST00154,Premium,1199,Monthly,10,2025-01-28
SUB00155,CUST00155,Family,1499,Monthly,15,2026-03-03
SUB00156,CUST00156,Family,1499,Quarterly,15,2025-12-31
SUB00157,CUST00157,Family,1499,Monthly,15,2024-05-15
SUB00158,CUST00158,Premium,1199,Monthly,10,2025-09-03
SUB00159,CUST00159,Family,1499,Monthly,15,2024-10-01
SUB00160,CUST00160,Family,1499,Monthly,15,2025-01-04
SUB00161,CUST00161,Premium,1199,Monthly,10,2024-12-06
SUB00162,CUST00162,Premium,1199,Monthly,10,2024-11-24
SUB00163,CUST00163,Standard,799,Quarterly,5,2025-01-20
SUB00164,CUST00164,Family,1499,Annual,15,2025-10-10
SUB00165,CUST00165,Basic,499,Quarterly,2,2024-03-28
SUB00166,CUST00166,Standard,799,Monthly,5,2024-04-17
SUB00167,CUST00167,Family,1499,Quarterly,15,2025-06-17
SUB00168,CUST00168,Family,1499,Annual,15,2025-06-12
SUB00169,CUST00169,Standard,799,Monthly,5,2024-04-14
SUB00170,CUST00170,Premium,1199,Monthly,10,2025-09-03
SUB00171,CUST00171,Basic,499,Monthly,2,2025-09-21
SUB00172,CUST00172,Standard,799,Quarterly,5,2025-08-11
SUB00173,CUST00173,Family,1499,Monthly,15,2025-02-22
SUB00174,CUST00174,Basic,499,Quarterly,2,2024-06-21
SUB00175,CUST00175,Standard,799,Monthly,5,2024-09-26
SUB00176,CUST00176,Premium,1199,Quarterly,10,2026-04-13
SUB00177,CUST00177,Premium,1199,Annual,10,2024-05-09
SUB00178,CUST00178,Family,1499,Quarterly,15,2025-05-14
SUB00179,CUST00179,Standard,799,Annual,5,2025-03-27
SUB00180,CUST00180,Basic,499,Quarterly,2,2024-11-08
SUB00181,CUST00181,Premium,1199,Annual,10,2024-04-01
SUB00182,CUST00182,Family,1499,Annual,15,2026-01-09
SUB00183,CUST00183,Basic,499,Monthly,2,2025-03-15
SUB00184,CUST00184,Family,1499,Monthly,15,2025-11-05
SUB00185,CUST00185,Basic,499,Annual,2,2025-01-30
SUB00186,CUST00186,Premium,1199,Quarterly,10,2024-09-25
SUB00187,CUST00187,Family,1499,Quarterly,15,2026-02-20
SUB00188,CUST00188,Basic,499,Monthly,2,2025-09-18
SUB00189,CUST00189,Standard,799,Monthly,5,2025-05-23
SUB00190,CUST00190,Premium,1199,Quarterly,10,2024-12-09
SUB00191,CUST00191,Basic,499,Annual,2,2025-11-21
SUB00192,CUST00192,Premium,1199,Monthly,10,2026-04-02
SUB00193,CUST00193,Basic,499,Annual,2,2024-07-02
SUB00194,CUST00194,Family,1499,Monthly,15,2026-01-20
SUB00195,CUST00195,Standard,799,Monthly,5,2026-01-25
SUB00196,CUST00196,Premium,1199,Annual,10,2025-11-09
SUB00197,CUST00197,Basic,499,Monthly,2,2026-03-09
SUB00198,CUST00198,Premium,1199,Monthly,10,2024-05-03
SUB00199,CUST00199,Standard,799,Annual,5,2026-04-06
SUB00200,CUST00200,Standard,799,Monthly,5,2025-07-17
SUB00201,CUST00201,Basic,499,Monthly,2,2025-08-19
SUB00202,CUST00202,Family,1499,Monthly,15,2024-02-21
SUB00203,CUST00203,Standard,799,Monthly,5,2024-08-07
SUB00204,CUST00204,Basic,499,Monthly,2,2025-05-25
SUB00205,CUST00205,Family,1499,Annual,15,2025-10-20
SUB00206,CUST00206,Premium,1199,Monthly,10,2024-01-27
SUB00207,CUST00207,Family,1499,Monthly,15,2024-09-29
SUB00208,CUST00208,Premium,1199,Annual,10,2024-11-21
SUB00209,CUST00209,Basic,499,Monthly,2,2024-07-25
SUB00210,CUST00210,Family,1499,Quarterly,15,2024-11-05
SUB00211,CUST00211,Standard,799,Quarterly,5,2025-12-19
SUB00212,CUST00212,Basic,499,Monthly,2,2026-04-21
SUB00213,CUST00213,Family,1499,Monthly,15,2025-01-30
SUB00214,CUST00214,Family,1499,Monthly,15,2026-04-28
SUB00215,CUST00215,Basic,499,Monthly,2,2024-12-16
SUB00216,CUST00216,Standard,799,Monthly,5,2025-03-17
SUB00217,CUST00217,Basic,499,Monthly,2,2025-11-07
SUB00218,CUST00218,Premium,1199,Annual,10,2024-02-25
SUB00219,CUST00219,Standard,799,Monthly,5,2025-05-15
SUB00220,CUST00220,Premium,1199,Monthly,10,2025-04-01
SUB00221,CUST00221,Premium,1199,Annual,10,2026-02-09
SUB00222,CUST00222,Basic,499,Monthly,2,2024-08-29
SUB00223,CUST00223,Standard,799,Monthly,5,2025-04-04
SUB00224,CUST00224,Premium,1199,Annual,10,2026-04-22
SUB00225,CUST00225,Basic,499,Annual,2,2025-02-10
SUB00226,CUST00226,Family,1499,Monthly,15,2024-12-18
SUB00227,CUST00227,Premium,1199,Quarterly,10,2024-08-21
SUB00228,CUST00228,Standard,799,Monthly,5,2024-05-18
SUB00229,CUST00229,Premium,1199,Monthly,10,2024-02-03
SUB00230,CUST00230,Premium,1199,Monthly,10,2025-08-31
SUB00231,CUST00231,Standard,799,Quarterly,5,2024-01-29
SUB00232,CUST00232,Family,1499,Monthly,15,2025-10-20
SUB00233,CUST00233,Premium,1199,Quarterly,10,2025-07-28
SUB00234,CUST00234,Premium,1199,Quarterly,10,2024-06-02
SUB00235,CUST00235,Standard,799,Monthly,5,2025-11-18
SUB00236,CUST00236,Premium,1199,Monthly,10,2025-11-27
SUB00237,CUST00237,Basic,499,Monthly,2,2025-01-15
SUB00238,CUST00238,Family,1499,Monthly,15,2024-07-18
SUB00239,CUST00239,Family,1499,Monthly,15,2024-05-26
SUB00240,CUST00240,Standard,799,Quarterly,5,2025-08-13
SUB00241,CUST00241,Basic,499,Quarterly,2,2024-11-25
SUB00242,CUST00242,Family,1499,Annual,15,2025-04-11
SUB00243,CUST00243,Basic,499,Monthly,2,2025-08-26
SUB00244,CUST00244,Basic,499,Monthly,2,2025-11-08
SUB00245,CUST00245,Basic,499,Monthly,2,2025-09-29
SUB00246,CUST00246,Standard,799,Annual,5,2024-04-26
SUB00247,CUST00247,Basic,499,Annual,2,2025-01-03
SUB00248,CUST00248,Premium,1199,Annual,10,2024-07-06
SUB00249,CUST00249,Basic,499,Monthly,2,2025-05-09
SUB00250,CUST00250,Family,1499,Quarterly,15,2025-11-16
SUB00251,CUST00251,Family,1499,Annual,15,2025-09-19
SUB00252,CUST00252,Family,1499,Annual,15,2025-01-22
SUB00253,CUST00253,Family,1499,Annual,15,2025-09-25
SUB00254,CUST00254,Basic,499,Monthly,2,2024-01-03
SUB00255,CUST00255,Premium,1199,Quarterly,10,2026-04-21
SUB00256,CUST00256,Family,1499,Monthly,15,2025-04-13
SUB00257,CUST00257,Standard,799,Monthly,5,2025-06-04
SUB00258,CUST00258,Family,1499,Annual,15,2025-03-04
SUB00259,CUST00259,Premium,1199,Quarterly,10,2025-07-20
SUB00260,CUST00260,Basic,499,Monthly,2,2025-11-21
SUB00261,CUST00261,Standard,799,Annual,5,2024-02-24
SUB00262,CUST00262,Standard,799,Monthly,5,2024-08-17
SUB00263,CUST00263,Basic,499,Quarterly,2,2025-01-31
SUB00264,CUST00264,Standard,799,Quarterly,5,2024-10-28
SUB00265,CUST00265,Premium,1199,Monthly,10,2024-06-07
SUB00266,CUST00266,Premium,1199,Monthly,10,2025-03-01
SUB00267,CUST00267,Basic,499,Quarterly,2,2025-04-01
SUB00268,CUST00268,Basic,499,Monthly,2,2024-06-20
SUB00269,CUST00269,Standard,799,Monthly,5,2024-07-29
SUB00270,CUST00270,Standard,799,Annual,5,2024-03-16
SUB00271,CUST00271,Premium,1199,Annual,10,2025-12-18
SUB00272,CUST00272,Family,1499,Annual,15,2025-04-30
SUB00273,CUST00273,Family,1499,Annual,15,2024-03-28
SUB00274,CUST00274,Premium,1199,Monthly,10,2025-10-22
SUB00275,CUST00275,Standard,799,Quarterly,5,2024-11-21
SUB00276,CUST00276,Standard,799,Quarterly,5,2025-04-01
SUB00277,CUST00277,Basic,499,Quarterly,2,2026-04-12
SUB00278,CUST00278,Family,1499,Monthly,15,2024-08-16
SUB00279,CUST00279,Standard,799,Quarterly,5,2026-02-14
SUB00280,CUST00280,Family,1499,Monthly,15,2025-01-13
SUB00281,CUST00281,Premium,1199,Quarterly,10,2025-10-26
SUB00282,CUST00282,Standard,799,Monthly,5,2026-04-16
SUB00283,CUST00283,Premium,1199,Quarterly,10,2025-09-08
SUB00284,CUST00284,Basic,499,Annual,2,2024-05-10
SUB00285,CUST00285,Family,1499,Monthly,15,2024-03-28
SUB00286,CUST00286,Premium,1199,Annual,10,2025-09-30
SUB00287,CUST00287,Standard,799,Monthly,5,2025-12-01
SUB00288,CUST00288,Premium,1199,Annual,10,2026-03-04
SUB00289,CUST00289,Family,1499,Monthly,15,2025-08-26
SUB00290,CUST00290,Standard,799,Monthly,5,2024-10-17
SUB00291,CUST00291,Premium,1199,Monthly,10,2025-02-22
SUB00292,CUST00292,Standard,799,Monthly,5,2026-02-12
SUB00293,CUST00293,Basic,499,Monthly,2,2024-04-12
SUB00294,CUST00294,Premium,1199,Monthly,10,2025-04-27
SUB00295,CUST00295,Family,1499,Monthly,15,2025-12-29
SUB00296,CUST00296,Premium,1199,Annual,10,2024-09-01
SUB00297,CUST00297,Standard,799,Monthly,5,2025-08-19
SUB00298,CUST00298,Premium,1199,Monthly,10,2024-06-28
SUB00299,CUST00299,Family,1499,Monthly,15,2026-02-14
SUB00300,CUST00300,Basic,499,Quarterly,2,2025-12-19
SUB00301,CUST00301,Premium,1199,Monthly,10,2024-03-18
SUB00302,CUST00302,Premium,1199,Monthly,10,2025-05-25
SUB00303,CUST00303,Basic,499,Annual,2,2025-11-23
SUB00304,CUST00304,Premium,1199,Monthly,10,2026-03-29
SUB00305,CUST00305,Premium,1199,Monthly,10,2024-01-13
SUB00306,CUST00306,Standard,799,Monthly,5,2024-10-02
SUB00307,CUST00307,Premium,1199,Annual,10,2025-08-08
SUB00308,CUST00308,Basic,499,Monthly,2,2026-01-07
SUB00309,CUST00309,Family,1499,Annual,15,2026-03-10
SUB00310,CUST00310,Premium,1199,Quarterly,10,2024-06-14
SUB00311,CUST00311,Standard,799,Monthly,5,2024-08-28
SUB00312,CUST00312,Standard,799,Quarterly,5,2024-03-27
SUB00313,CUST00313,Premium,1199,Annual,10,2025-09-03
SUB00314,CUST00314,Premium,1199,Monthly,10,2025-07-01
SUB00315,CUST00315,Family,1499,Annual,15,2026-03-26
SUB00316,CUST00316,Premium,1199,Quarterly,10,2024-03-22
SUB00317,CUST00317,Basic,499,Monthly,2,2024-06-04
SUB00318,CUST00318,Basic,499,Annual,2,2025-01-15
SUB00319,CUST00319,Standard,799,Monthly,5,2025-01-29
SUB00320,CUST00320,Premium,1199,Annual,10,2024-09-16
SUB00321,CUST00321,Family,1499,Monthly,15,2025-01-15
SUB00322,CUST00322,Standard,799,Monthly,5,2024-03-02
SUB00323,CUST00323,Standard,799,Monthly,5,2026-01-20
SUB00324,CUST00324,Standard,799,Monthly,5,2024-10-08
SUB00325,CUST00325,Premium,1199,Quarterly,10,2024-01-20
SUB00326,CUST00326,Family,1499,Monthly,15,2024-05-12
SUB00327,CUST00327,Basic,499,Annual,2,2024-02-20
SUB00328,CUST00328,Basic,499,Annual,2,2025-06-25
SUB00329,CUST00329,Family,1499,Monthly,15,2025-11-12
SUB00330,CUST00330,Standard,799,Quarterly,5,2025-01-15
SUB00331,CUST00331,Basic,499,Monthly,2,2026-04-22
SUB00332,CUST00332,Premium,1199,Annual,10,2025-08-07
SUB00333,CUST00333,Premium,1199,Monthly,10,2025-09-08
SUB00334,CUST00334,Family,1499,Annual,15,2025-05-29
SUB00335,CUST00335,Standard,799,Annual,5,2025-02-12
SUB00336,CUST00336,Basic,499,Quarterly,2,2026-03-06
SUB00337,CUST00337,Standard,799,Annual,5,2024-12-18
SUB00338,CUST00338,Premium,1199,Quarterly,10,2024-09-05
SUB00339,CUST00339,Premium,1199,Monthly,10,2024-01-19
SUB00340,CUST00340,Standard,799,Monthly,5,2024-11-19
SUB00341,CUST00341,Family,1499,Quarterly,15,2024-09-10
SUB00342,CUST00342,Standard,799,Quarterly,5,2025-06-17
SUB00343,CUST00343,Family,1499,Annual,15,2024-11-12
SUB00344,CUST00344,Standard,799,Monthly,5,2026-01-26
SUB00345,CUST00345,Basic,499,Quarterly,2,2025-09-02
SUB00346,CUST00346,Basic,499,Monthly,2,2024-10-03
SUB00347,CUST00347,Family,1499,Quarterly,15,2025-04-13
SUB00348,CUST00348,Premium,1199,Annual,10,2024-02-20
SUB00349,CUST00349,Family,1499,Monthly,15,2025-05-27
SUB00350,CUST00350,Basic,499,Monthly,2,2024-04-02
SUB00351,CUST00351,Family,1499,Quarterly,15,2025-06-20
SUB00352,CUST00352,Basic,499,Annual,2,2026-01-17
SUB00353,CUST00353,Standard,799,Quarterly,5,2025-07-10
SUB00354,CUST00354,Basic,499,Quarterly,2,2025-07-24
SUB00355,CUST00355,Family,1499,Monthly,15,2024-05-17
SUB00356,CUST00356,Family,1499,Quarterly,15,2025-08-08
SUB00357,CUST00357,Standard,799,Monthly,5,2026-04-07
SUB00358,CUST00358,Basic,499,Monthly,2,2026-01-25
SUB00359,CUST00359,Basic,499,Monthly,2,2024-11-11
SUB00360,CUST00360,Standard,799,Monthly,5,2026-01-11
SUB00361,CUST00361,Standard,799,Quarterly,5,2026-03-27
SUB00362,CUST00362,Family,1499,Monthly,15,2024-10-14
SUB00363,CUST00363,Premium,1199,Monthly,10,2024-08-31
SUB00364,CUST00364,Premium,1199,Annual,10,2025-05-27
SUB00365,CUST00365,Standard,799,Monthly,5,2026-02-02
SUB00366,CUST00366,Standard,799,Monthly,5,2024-01-16
SUB00367,CUST00367,Basic,499,Monthly,2,2024-03-13
SUB00368,CUST00368,Standard,799,Quarterly,5,2025-01-27
SUB00369,CUST00369,Standard,799,Quarterly,5,2024-05-27
SUB00370,CUST00370,Family,1499,Quarterly,15,2025-10-27
SUB00371,CUST00371,Basic,499,Quarterly,2,2024-08-29
SUB00372,CUST00372,Standard,799,Monthly,5,2024-08-10
SUB00373,CUST00373,Family,1499,Annual,15,2025-03-21
SUB00374,CUST00374,Standard,799,Quarterly,5,2024-08-04
SUB00375,CUST00375,Standard,799,Monthly,5,2026-04-05
SUB00376,CUST00376,Family,1499,Annual,15,2025-08-14
SUB00377,CUST00377,Standard,799,Monthly,5,2025-04-21
SUB00378,CUST00378,Family,1499,Monthly,15,2025-04-09
SUB00379,CUST00379,Family,1499,Monthly,15,2026-04-08
SUB00380,CUST00380,Standard,799,Annual,5,2025-01-13
SUB00381,CUST00381,Premium,1199,Annual,10,2024-08-03
SUB00382,CUST00382,Premium,1199,Annual,10,2024-09-25
SUB00383,CUST00383,Standard,799,Monthly,5,2025-11-01
SUB00384,CUST00384,Basic,499,Monthly,2,2025-11-19
SUB00385,CUST00385,Basic,499,Quarterly,2,2026-01-12
SUB00386,CUST00386,Family,1499,Quarterly,15,2024-04-23
SUB00387,CUST00387,Standard,799,Quarterly,5,2025-03-27
SUB00388,CUST00388,Family,1499,Monthly,15,2024-06-01
SUB00389,CUST00389,Basic,499,Monthly,2,2025-05-04
SUB00390,CUST00390,Basic,499,Annual,2,2025-10-09
SUB00391,CUST00391,Basic,499,Monthly,2,2024-03-27
SUB00392,CUST00392,Basic,499,Monthly,2,2024-01-17
SUB00393,CUST00393,Basic,499,Annual,2,2026-04-20
SUB00394,CUST00394,Family,1499,Monthly,15,2026-03-29
SUB00395,CUST00395,Standard,799,Annual,5,2025-12-01
SUB00396,CUST00396,Standard,799,Monthly,5,2024-04-12
SUB00397,CUST00397,Family,1499,Quarterly,15,2024-01-08
SUB00398,CUST00398,Family,1499,Annual,15,2025-01-05
SUB00399,CUST00399,Basic,499,Annual,2,2024-12-08
SUB00400,CUST00400,Premium,1199,Monthly,10,2026-02-04
SUB00401,CUST00401,Basic,499,Annual,2,2025-01-19
SUB00402,CUST00402,Family,1499,Monthly,15,2024-10-14
SUB00403,CUST00403,Family,1499,Annual,15,2025-08-14
SUB00404,CUST00404,Family,1499,Monthly,15,2025-03-03
SUB00405,CUST00405,Family,1499,Annual,15,2025-05-22
SUB00406,CUST00406,Standard,799,Annual,5,2024-01-25
SUB00407,CUST00407,Premium,1199,Monthly,10,2025-11-21
SUB00408,CUST00408,Standard,799,Annual,5,2024-06-28
SUB00409,CUST00409,Premium,1199,Annual,10,2025-06-28
SUB00410,CUST00410,Premium,1199,Monthly,10,2024-05-31
SUB00411,CUST00411,Standard,799,Monthly,5,2024-12-21
SUB00412,CUST00412,Family,1499,Monthly,15,2025-08-15
SUB00413,CUST00413,Standard,799,Monthly,5,2024-07-05
SUB00414,CUST00414,Premium,1199,Annual,10,2024-09-23
SUB00415,CUST00415,Premium,1199,Monthly,10,2024-01-05
SUB00416,CUST00416,Premium,1199,Monthly,10,2024-02-11
SUB00417,CUST00417,Standard,799,Annual,5,2024-12-31
SUB00418,CUST00418,Premium,1199,Monthly,10,2024-05-31
SUB00419,CUST00419,Family,1499,Annual,15,2025-04-01
SUB00420,CUST00420,Family,1499,Quarterly,15,2024-03-08
SUB00421,CUST00421,Standard,799,Monthly,5,2026-01-27
SUB00422,CUST00422,Basic,499,Annual,2,2025-03-03
SUB00423,CUST00423,Basic,499,Monthly,2,2026-01-20
SUB00424,CUST00424,Basic,499,Monthly,2,2025-10-13
SUB00425,CUST00425,Premium,1199,Monthly,10,2025-07-10
SUB00426,CUST00426,Family,1499,Monthly,15,2024-01-14
SUB00427,CUST00427,Premium,1199,Quarterly,10,2026-04-18
SUB00428,CUST00428,Standard,799,Annual,5,2024-11-07
SUB00429,CUST00429,Premium,1199,Monthly,10,2025-06-09
SUB00430,CUST00430,Standard,799,Annual,5,2024-07-08
SUB00431,CUST00431,Family,1499,Monthly,15,2026-02-11
SUB00432,CUST00432,Family,1499,Annual,15,2024-05-06
SUB00433,CUST00433,Family,1499,Annual,15,2025-02-21
SUB00434,CUST00434,Premium,1199,Monthly,10,2026-01-29
SUB00435,CUST00435,Family,1499,Monthly,15,2025-03-10
SUB00436,CUST00436,Basic,499,Monthly,2,2025-06-07
SUB00437,CUST00437,Premium,1199,Monthly,10,2025-05-25
SUB00438,CUST00438,Basic,499,Annual,2,2025-05-31
SUB00439,CUST00439,Family,1499,Monthly,15,2026-01-02
SUB00440,CUST00440,Basic,499,Monthly,2,2025-09-23
SUB00441,CUST00441,Family,1499,Monthly,15,2025-01-24
SUB00442,CUST00442,Premium,1199,Monthly,10,2024-11-08
SUB00443,CUST00443,Basic,499,Annual,2,2024-11-20
SUB00444,CUST00444,Family,1499,Monthly,15,2024-10-06
SUB00445,CUST00445,Family,1499,Monthly,15,2024-01-20
SUB00446,CUST00446,Premium,1199,Monthly,10,2025-08-02
SUB00447,CUST00447,Family,1499,Monthly,15,2025-03-21
SUB00448,CUST00448,Basic,499,Monthly,2,2025-12-04
SUB00449,CUST00449,Basic,499,Monthly,2,2025-04-20
SUB00450,CUST00450,Basic,499,Annual,2,2024-09-21
SUB00451,CUST00451,Premium,1199,Monthly,10,2024-05-23
SUB00452,CUST00452,Standard,799,Monthly,5,2026-04-05
SUB00453,CUST00453,Premium,1199,Annual,10,2024-11-20
SUB00454,CUST00454,Basic,499,Annual,2,2025-02-01
SUB00455,CUST00455,Standard,799,Quarterly,5,2025-02-26
SUB00456,CUST00456,Family,1499,Monthly,15,2024-07-07
SUB00457,CUST00457,Family,1499,Annual,15,2025-08-31
SUB00458,CUST00458,Basic,499,Annual,2,2025-02-06
SUB00459,CUST00459,Family,1499,Monthly,15,2024-01-15
SUB00460,CUST00460,Family,1499,Monthly,15,2024-08-29
SUB00461,CUST00461,Basic,499,Monthly,2,2025-12-26
SUB00462,CUST00462,Basic,499,Monthly,2,2024-08-28
SUB00463,CUST00463,Standard,799,Monthly,5,2025-02-08
SUB00464,CUST00464,Standard,799,Monthly,5,2024-05-25
SUB00465,CUST00465,Family,1499,Annual,15,2024-10-16
SUB00466,CUST00466,Basic,499,Annual,2,2024-09-23
SUB00467,CUST00467,Standard,799,Quarterly,5,2024-07-27
SUB00468,CUST00468,Premium,1199,Quarterly,10,2024-01-30
SUB00469,CUST00469,Premium,1199,Monthly,10,2024-10-18
SUB00470,CUST00470,Family,1499,Monthly,15,2025-01-02
SUB00471,CUST00471,Family,1499,Quarterly,15,2025-10-07
SUB00472,CUST00472,Basic,499,Monthly,2,2024-10-29
SUB00473,CUST00473,Basic,499,Quarterly,2,2024-12-29
SUB00474,CUST00474,Family,1499,Quarterly,15,2025-02-08
SUB00475,CUST00475,Standard,799,Monthly,5,2025-05-07
SUB00476,CUST00476,Basic,499,Annual,2,2026-01-26
SUB00477,CUST00477,Family,1499,Monthly,15,2026-01-18
SUB00478,CUST00478,Premium,1199,Quarterly,10,2025-04-04
SUB00479,CUST00479,Family,1499,Annual,15,2026-01-10
SUB00480,CUST00480,Family,1499,Monthly,15,2025-05-09
SUB00481,CUST00481,Family,1499,Monthly,15,2024-06-27
SUB00482,CUST00482,Basic,499,Quarterly,2,2026-02-26
SUB00483,CUST00483,Standard,799,Annual,5,2024-02-12
SUB00484,CUST00484,Premium,1199,Monthly,10,2024-12-15
SUB00485,CUST00485,Basic,499,Monthly,2,2025-02-27
SUB00486,CUST00486,Basic,499,Monthly,2,2024-12-12
SUB00487,CUST00487,Family,1499,Monthly,15,2025-10-08
SUB00488,CUST00488,Family,1499,Monthly,15,2024-12-18
SUB00489,CUST00489,Premium,1199,Monthly,10,2026-04-11
SUB00490,CUST00490,Standard,799,Monthly,5,2026-01-12
SUB00491,CUST00491,Basic,499,Annual,2,2024-09-04
SUB00492,CUST00492,Premium,1199,Monthly,10,2025-08-18
SUB00493,CUST00493,Standard,799,Annual,5,2025-06-16
SUB00494,CUST00494,Family,1499,Quarterly,15,2024-09-27
SUB00495,CUST00495,Basic,499,Quarterly,2,2025-04-11
SUB00496,CUST00496,Premium,1199,Monthly,10,2024-07-06
SUB00497,CUST00497,Standard,799,Monthly,5,2026-03-11
SUB00498,CUST00498,Family,1499,Monthly,15,2024-06-01
SUB00499,CUST00499,Standard,799,Annual,5,2025-07-28
SUB00500,CUST00500,Family,1499,Monthly,15,2024-07-03
SUB00501,CUST00501,Basic,499,Monthly,2,2024-03-01
SUB00502,CUST00502,Family,1499,Monthly,15,2024-02-23
SUB00503,CUST00503,Basic,499,Monthly,2,2024-10-02
SUB00504,CUST00504,Family,1499,Monthly,15,2026-02-20
SUB00505,CUST00505,Basic,499,Annual,2,2025-07-04
SUB00506,CUST00506,Premium,1199,Monthly,10,2024-02-16
SUB00507,CUST00507,Premium,1199,Monthly,10,2025-11-29
SUB00508,CUST00508,Basic,499,Annual,2,2026-02-19
SUB00509,CUST00509,Family,1499,Monthly,15,2025-01-31
SUB00510,CUST00510,Premium,1199,Annual,10,2025-11-27
SUB00511,CUST00511,Basic,499,Annual,2,2025-09-12
SUB00512,CUST00512,Family,1499,Monthly,15,2024-01-24
SUB00513,CUST00513,Family,1499,Monthly,15,2025-03-18
SUB00514,CUST00514,Basic,499,Monthly,2,2024-10-11
SUB00515,CUST00515,Premium,1199,Monthly,10,2025-05-06
SUB00516,CUST00516,Family,1499,Annual,15,2024-02-25
SUB00517,CUST00517,Basic,499,Monthly,2,2025-10-03
SUB00518,CUST00518,Family,1499,Monthly,15,2025-09-24
SUB00519,CUST00519,Standard,799,Monthly,5,2025-10-28
SUB00520,CUST00520,Premium,1199,Monthly,10,2025-08-09
SUB00521,CUST00521,Premium,1199,Monthly,10,2024-05-30
SUB00522,CUST00522,Premium,1199,Monthly,10,2024-08-31
SUB00523,CUST00523,Premium,1199,Annual,10,2024-12-15
SUB00524,CUST00524,Standard,799,Monthly,5,2024-03-16
SUB00525,CUST00525,Family,1499,Quarterly,15,2024-06-29
SUB00526,CUST00526,Family,1499,Annual,15,2025-06-29
SUB00527,CUST00527,Family,1499,Annual,15,2026-03-20
SUB00528,CUST00528,Family,1499,Monthly,15,2024-07-02
SUB00529,CUST00529,Family,1499,Monthly,15,2024-07-31
SUB00530,CUST00530,Basic,499,Monthly,2,2025-01-18
SUB00531,CUST00531,Family,1499,Monthly,15,2025-08-20
SUB00532,CUST00532,Premium,1199,Annual,10,2024-07-02
SUB00533,CUST00533,Basic,499,Annual,2,2024-07-14
SUB00534,CUST00534,Premium,1199,Annual,10,2025-06-12
SUB00535,CUST00535,Premium,1199,Monthly,10,2024-11-08
SUB00536,CUST00536,Premium,1199,Quarterly,10,2025-07-01
SUB00537,CUST00537,Family,1499,Monthly,15,2024-08-26
SUB00538,CUST00538,Standard,799,Monthly,5,2024-11-30
SUB00539,CUST00539,Premium,1199,Quarterly,10,2025-03-18
SUB00540,CUST00540,Premium,1199,Quarterly,10,2025-04-16
SUB00541,CUST00541,Standard,799,Monthly,5,2024-04-07
SUB00542,CUST00542,Basic,499,Annual,2,2025-05-20
SUB00543,CUST00543,Standard,799,Monthly,5,2026-02-06
SUB00544,CUST00544,Standard,799,Monthly,5,2025-12-31
SUB00545,CUST00545,Basic,499,Quarterly,2,2024-10-28
SUB00546,CUST00546,Standard,799,Monthly,5,2025-09-04
SUB00547,CUST00547,Basic,499,Annual,2,2024-12-11
SUB00548,CUST00548,Family,1499,Quarterly,15,2024-04-18
SUB00549,CUST00549,Standard,799,Monthly,5,2024-11-04
SUB00550,CUST00550,Family,1499,Monthly,15,2025-11-13
SUB00551,CUST00551,Family,1499,Annual,15,2024-01-22
SUB00552,CUST00552,Premium,1199,Annual,10,2024-10-11
SUB00553,CUST00553,Standard,799,Annual,5,2024-03-07
SUB00554,CUST00554,Premium,1199,Monthly,10,2024-07-21
SUB00555,CUST00555,Family,1499,Monthly,15,2026-03-11
SUB00556,CUST00556,Family,1499,Annual,15,2026-02-17
SUB00557,CUST00557,Basic,499,Annual,2,2025-04-25
SUB00558,CUST00558,Family,1499,Quarterly,15,2024-07-17
SUB00559,CUST00559,Basic,499,Quarterly,2,2025-08-15
SUB00560,CUST00560,Basic,499,Monthly,2,2025-12-16
SUB00561,CUST00561,Standard,799,Quarterly,5,2026-01-20
SUB00562,CUST00562,Family,1499,Quarterly,15,2026-04-08
SUB00563,CUST00563,Premium,1199,Monthly,10,2024-03-28
SUB00564,CUST00564,Premium,1199,Annual,10,2024-04-09
SUB00565,CUST00565,Standard,799,Monthly,5,2024-12-04
SUB00566,CUST00566,Standard,799,Monthly,5,2025-01-12
SUB00567,CUST00567,Family,1499,Monthly,15,2024-02-16
SUB00568,CUST00568,Premium,1199,Quarterly,10,2025-03-14
SUB00569,CUST00569,Basic,499,Monthly,2,2024-09-03
SUB00570,CUST00570,Family,1499,Annual,15,2025-01-27
SUB00571,CUST00571,Premium,1199,Monthly,10,2024-12-14
SUB00572,CUST00572,Basic,499,Monthly,2,2025-03-09
SUB00573,CUST00573,Premium,1199,Monthly,10,2024-05-29
SUB00574,CUST00574,Family,1499,Quarterly,15,2026-01-20
SUB00575,CUST00575,Premium,1199,Monthly,10,2025-04-29
SUB00576,CUST00576,Family,1499,Quarterly,15,2024-05-14
SUB00577,CUST00577,Basic,499,Monthly,2,2026-03-15
SUB00578,CUST00578,Basic,499,Monthly,2,2024-06-01
SUB00579,CUST00579,Family,1499,Monthly,15,2026-03-05
SUB00580,CUST00580,Standard,799,Monthly,5,2024-05-02
SUB00581,CUST00581,Family,1499,Monthly,15,2025-12-11
SUB00582,CUST00582,Family,1499,Annual,15,2024-04-11
SUB00583,CUST00583,Premium,1199,Monthly,10,2025-12-12
SUB00584,CUST00584,Basic,499,Monthly,2,2024-03-30
SUB00585,CUST00585,Standard,799,Quarterly,5,2025-06-15
SUB00586,CUST00586,Family,1499,Monthly,15,2025-07-17
SUB00587,CUST00587,Premium,1199,Quarterly,10,2025-07-02
SUB00588,CUST00588,Family,1499,Annual,15,2024-05-29
SUB00589,CUST00589,Premium,1199,Annual,10,2024-02-19
SUB00590,CUST00590,Family,1499,Monthly,15,2026-03-07
SUB00591,CUST00591,Basic,499,Annual,2,2024-10-09
SUB00592,CUST00592,Family,1499,Monthly,15,2026-01-18
SUB00593,CUST00593,Standard,799,Monthly,5,2025-09-13
SUB00594,CUST00594,Premium,1199,Annual,10,2025-05-22
SUB00595,CUST00595,Premium,1199,Monthly,10,2025-05-14
SUB00596,CUST00596,Basic,499,Monthly,2,2026-01-09
SUB00597,CUST00597,Premium,1199,Monthly,10,2025-02-24
SUB00598,CUST00598,Basic,499,Annual,2,2025-01-08
SUB00599,CUST00599,Standard,799,Quarterly,5,2025-02-08
SUB00600,CUST00600,Basic,499,Monthly,2,2026-04-25
SUB00601,CUST00601,Family,1499,Monthly,15,2025-11-25
SUB00602,CUST00602,Basic,499,Annual,2,2026-01-16
SUB00603,CUST00603,Standard,799,Monthly,5,2025-05-29
SUB00604,CUST00604,Standard,799,Monthly,5,2024-04-03
SUB00605,CUST00605,Basic,499,Monthly,2,2025-06-06
SUB00606,CUST00606,Basic,499,Monthly,2,2024-09-09
SUB00607,CUST00607,Standard,799,Monthly,5,2025-04-28
SUB00608,CUST00608,Premium,1199,Monthly,10,2024-04-24
SUB00609,CUST00609,Basic,499,Quarterly,2,2024-03-30
SUB00610,CUST00610,Premium,1199,Annual,10,2024-02-14
SUB00611,CUST00611,Family,1499,Quarterly,15,2024-02-16
SUB00612,CUST00612,Premium,1199,Monthly,10,2025-08-08
SUB00613,CUST00613,Standard,799,Monthly,5,2025-07-19
SUB00614,CUST00614,Basic,499,Monthly,2,2024-10-03
SUB00615,CUST00615,Family,1499,Annual,15,2024-03-26
SUB00616,CUST00616,Standard,799,Annual,5,2024-04-18
SUB00617,CUST00617,Standard,799,Quarterly,5,2025-04-15
SUB00618,CUST00618,Basic,499,Quarterly,2,2025-02-16
SUB00619,CUST00619,Basic,499,Monthly,2,2026-03-22
SUB00620,CUST00620,Basic,499,Monthly,2,2024-11-10
SUB00621,CUST00621,Family,1499,Monthly,15,2024-02-15
SUB00622,CUST00622,Standard,799,Annual,5,2025-03-13
SUB00623,CUST00623,Premium,1199,Quarterly,10,2024-02-14
SUB00624,CUST00624,Basic,499,Quarterly,2,2024-05-31
SUB00625,CUST00625,Family,1499,Monthly,15,2026-03-23
SUB00626,CUST00626,Basic,499,Monthly,2,2025-01-28
SUB00627,CUST00627,Basic,499,Annual,2,2025-01-06
SUB00628,CUST00628,Basic,499,Quarterly,2,2024-01-27
SUB00629,CUST00629,Family,1499,Annual,15,2025-12-16
SUB00630,CUST00630,Standard,799,Monthly,5,2026-04-29
SUB00631,CUST00631,Basic,499,Annual,2,2025-09-25
SUB00632,CUST00632,Premium,1199,Monthly,10,2025-07-08
SUB00633,CUST00633,Family,1499,Monthly,15,2024-10-02
SUB00634,CUST00634,Family,1499,Annual,15,2026-01-13
SUB00635,CUST00635,Basic,499,Annual,2,2024-02-08
SUB00636,CUST00636,Premium,1199,Quarterly,10,2025-04-03
SUB00637,CUST00637,Basic,499,Monthly,2,2026-02-23
SUB00638,CUST00638,Basic,499,Monthly,2,2024-10-13
SUB00639,CUST00639,Family,1499,Monthly,15,2024-09-19
SUB00640,CUST00640,Premium,1199,Monthly,10,2025-09-26
SUB00641,CUST00641,Basic,499,Monthly,2,2025-11-29
SUB00642,CUST00642,Family,1499,Annual,15,2024-06-11
SUB00643,CUST00643,Basic,499,Monthly,2,2024-12-16
SUB00644,CUST00644,Premium,1199,Quarterly,10,2024-01-24
SUB00645,CUST00645,Standard,799,Monthly,5,2024-04-04
SUB00646,CUST00646,Standard,799,Annual,5,2024-11-27
SUB00647,CUST00647,Standard,799,Monthly,5,2025-12-14
SUB00648,CUST00648,Family,1499,Monthly,15,2025-05-29
SUB00649,CUST00649,Family,1499,Monthly,15,2024-06-30
SUB00650,CUST00650,Family,1499,Monthly,15,2025-09-23
SUB00651,CUST00651,Basic,499,Annual,2,2024-12-25
SUB00652,CUST00652,Standard,799,Quarterly,5,2024-11-21
SUB00653,CUST00653,Basic,499,Monthly,2,2025-07-20
SUB00654,CUST00654,Premium,1199,Monthly,10,2025-08-08
SUB00655,CUST00655,Basic,499,Monthly,2,2025-07-02
SUB00656,CUST00656,Standard,799,Monthly,5,2024-04-23
SUB00657,CUST00657,Family,1499,Monthly,15,2025-02-27
SUB00658,CUST00658,Basic,499,Annual,2,2024-07-03
SUB00659,CUST00659,Standard,799,Monthly,5,2024-01-31
SUB00660,CUST00660,Standard,799,Monthly,5,2025-04-23
SUB00661,CUST00661,Family,1499,Monthly,15,2024-06-18
SUB00662,CUST00662,Basic,499,Annual,2,2025-01-17
SUB00663,CUST00663,Basic,499,Monthly,2,2025-01-15
SUB00664,CUST00664,Basic,499,Quarterly,2,2025-06-23
SUB00665,CUST00665,Basic,499,Quarterly,2,2025-01-27
SUB00666,CUST00666,Basic,499,Monthly,2,2025-04-10
SUB00667,CUST00667,Basic,499,Monthly,2,2026-04-15
SUB00668,CUST00668,Basic,499,Monthly,2,2024-10-03
SUB00669,CUST00669,Premium,1199,Quarterly,10,2024-08-19
SUB00670,CUST00670,Premium,1199,Quarterly,10,2024-12-14
SUB00671,CUST00671,Standard,799,Monthly,5,2024-05-01
SUB00672,CUST00672,Premium,1199,Monthly,10,2024-07-17
SUB00673,CUST00673,Standard,799,Monthly,5,2024-08-12
SUB00674,CUST00674,Family,1499,Monthly,15,2025-09-27
SUB00675,CUST00675,Premium,1199,Quarterly,10,2024-06-24
SUB00676,CUST00676,Basic,499,Quarterly,2,2024-01-22
SUB00677,CUST00677,Premium,1199,Monthly,10,2026-02-12
SUB00678,CUST00678,Premium,1199,Quarterly,10,2024-09-16
SUB00679,CUST00679,Family,1499,Quarterly,15,2025-03-17
SUB00680,CUST00680,Premium,1199,Monthly,10,2024-05-05
SUB00681,CUST00681,Family,1499,Monthly,15,2025-05-13
SUB00682,CUST00682,Basic,499,Quarterly,2,2024-12-24
SUB00683,CUST00683,Standard,799,Quarterly,5,2025-02-12
SUB00684,CUST00684,Family,1499,Monthly,15,2025-06-23
SUB00685,CUST00685,Basic,499,Annual,2,2025-04-17
SUB00686,CUST00686,Premium,1199,Quarterly,10,2024-10-03
SUB00687,CUST00687,Basic,499,Monthly,2,2024-11-14
SUB00688,CUST00688,Family,1499,Monthly,15,2024-09-10
SUB00689,CUST00689,Family,1499,Annual,15,2025-05-10
SUB00690,CUST00690,Family,1499,Monthly,15,2025-01-30
SUB00691,CUST00691,Basic,499,Quarterly,2,2025-07-31
SUB00692,CUST00692,Premium,1199,Quarterly,10,2025-02-03
SUB00693,CUST00693,Standard,799,Quarterly,5,2025-11-05
SUB00694,CUST00694,Standard,799,Quarterly,5,2025-05-02
SUB00695,CUST00695,Standard,799,Monthly,5,2024-08-18
SUB00696,CUST00696,Basic,499,Monthly,2,2024-02-04
SUB00697,CUST00697,Premium,1199,Quarterly,10,2024-07-31
SUB00698,CUST00698,Basic,499,Monthly,2,2025-05-25
SUB00699,CUST00699,Basic,499,Monthly,2,2025-12-21
SUB00700,CUST00700,Premium,1199,Monthly,10,2025-10-30
SUB00701,CUST00701,Family,1499,Annual,15,2024-12-20
SUB00702,CUST00702,Basic,499,Monthly,2,2025-12-01
SUB00703,CUST00703,Premium,1199,Monthly,10,2024-04-30
SUB00704,CUST00704,Basic,499,Annual,2,2026-02-04
SUB00705,CUST00705,Premium,1199,Monthly,10,2024-10-16
SUB00706,CUST00706,Family,1499,Quarterly,15,2025-11-03
SUB00707,CUST00707,Basic,499,Monthly,2,2024-09-07
SUB00708,CUST00708,Premium,1199,Quarterly,10,2024-03-21
SUB00709,CUST00709,Family,1499,Monthly,15,2024-11-03
SUB00710,CUST00710,Family,1499,Monthly,15,2024-02-15
SUB00711,CUST00711,Basic,499,Annual,2,2024-12-15
SUB00712,CUST00712,Basic,499,Quarterly,2,2026-02-28
SUB00713,CUST00713,Family,1499,Monthly,15,2025-11-07
SUB00714,CUST00714,Basic,499,Quarterly,2,2025-05-06
SUB00715,CUST00715,Basic,499,Monthly,2,2025-09-24
SUB00716,CUST00716,Premium,1199,Annual,10,2024-02-12
SUB00717,CUST00717,Family,1499,Annual,15,2024-11-29
SUB00718,CUST00718,Standard,799,Monthly,5,2025-09-15
SUB00719,CUST00719,Basic,499,Annual,2,2024-08-17
SUB00720,CUST00720,Premium,1199,Quarterly,10,2026-03-29
SUB00721,CUST00721,Premium,1199,Quarterly,10,2025-01-05
SUB00722,CUST00722,Standard,799,Annual,5,2025-03-07
SUB00723,CUST00723,Standard,799,Quarterly,5,2025-02-01
SUB00724,CUST00724,Basic,499,Monthly,2,2025-01-23
SUB00725,CUST00725,Premium,1199,Monthly,10,2025-07-31
SUB00726,CUST00726,Premium,1199,Quarterly,10,2024-02-12
SUB00727,CUST00727,Basic,499,Quarterly,2,2024-05-24
SUB00728,CUST00728,Standard,799,Annual,5,2025-03-31
SUB00729,CUST00729,Standard,799,Annual,5,2024-11-18
SUB00730,CUST00730,Standard,799,Monthly,5,2025-03-20
SUB00731,CUST00731,Family,1499,Monthly,15,2025-05-16
SUB00732,CUST00732,Basic,499,Monthly,2,2025-03-05
SUB00733,CUST00733,Family,1499,Quarterly,15,2025-12-14
SUB00734,CUST00734,Family,1499,Quarterly,15,2025-03-11
SUB00735,CUST00735,Standard,799,Monthly,5,2024-12-07
SUB00736,CUST00736,Basic,499,Monthly,2,2024-12-05
SUB00737,CUST00737,Premium,1199,Quarterly,10,2024-01-25
SUB00738,CUST00738,Standard,799,Annual,5,2024-06-04
SUB00739,CUST00739,Family,1499,Quarterly,15,2025-01-20
SUB00740,CUST00740,Family,1499,Quarterly,15,2024-01-26
SUB00741,CUST00741,Basic,499,Annual,2,2025-09-23
SUB00742,CUST00742,Family,1499,Monthly,15,2025-02-20
SUB00743,CUST00743,Standard,799,Annual,5,2024-04-17
SUB00744,CUST00744,Standard,799,Monthly,5,2024-10-04
SUB00745,CUST00745,Family,1499,Monthly,15,2024-08-03
SUB00746,CUST00746,Premium,1199,Monthly,10,2024-07-23
SUB00747,CUST00747,Premium,1199,Annual,10,2024-12-19
SUB00748,CUST00748,Standard,799,Monthly,5,2026-03-01
SUB00749,CUST00749,Family,1499,Annual,15,2026-04-02
SUB00750,CUST00750,Family,1499,Monthly,15,2024-11-30
SUB00751,CUST00751,Standard,799,Annual,5,2024-11-15
SUB00752,CUST00752,Family,1499,Monthly,15,2026-01-15
SUB00753,CUST00753,Premium,1199,Quarterly,10,2025-05-29
SUB00754,CUST00754,Basic,499,Monthly,2,2024-06-05
SUB00755,CUST00755,Premium,1199,Annual,10,2025-10-14
SUB00756,CUST00756,Basic,499,Monthly,2,2025-06-12
SUB00757,CUST00757,Standard,799,Quarterly,5,2025-09-15
SUB00758,CUST00758,Standard,799,Quarterly,5,2025-08-02
SUB00759,CUST00759,Basic,499,Monthly,2,2025-11-28
SUB00760,CUST00760,Basic,499,Monthly,2,2024-10-29
SUB00761,CUST00761,Basic,499,Annual,2,2026-03-01
SUB00762,CUST00762,Standard,799,Monthly,5,2025-05-30
SUB00763,CUST00763,Standard,799,Monthly,5,2024-11-26
SUB00764,CUST00764,Family,1499,Quarterly,15,2026-02-09
SUB00765,CUST00765,Family,1499,Annual,15,2024-02-11
SUB00766,CUST00766,Standard,799,Annual,5,2024-12-07
SUB00767,CUST00767,Premium,1199,Monthly,10,2025-03-23
SUB00768,CUST00768,Family,1499,Quarterly,15,2025-04-27
SUB00769,CUST00769,Standard,799,Annual,5,2025-06-30
SUB00770,CUST00770,Premium,1199,Monthly,10,2024-05-21
SUB00771,CUST00771,Family,1499,Monthly,15,2025-03-11
SUB00772,CUST00772,Basic,499,Monthly,2,2025-04-21
SUB00773,CUST00773,Basic,499,Monthly,2,2024-01-12
SUB00774,CUST00774,Family,1499,Annual,15,2025-07-01
SUB00775,CUST00775,Premium,1199,Annual,10,2025-12-03
SUB00776,CUST00776,Premium,1199,Quarterly,10,2024-10-31
SUB00777,CUST00777,Family,1499,Monthly,15,2025-01-16
SUB00778,CUST00778,Premium,1199,Quarterly,10,2025-03-19
SUB00779,CUST00779,Basic,499,Annual,2,2024-10-18
SUB00780,CUST00780,Family,1499,Quarterly,15,2025-09-18
SUB00781,CUST00781,Family,1499,Monthly,15,2025-04-18
SUB00782,CUST00782,Basic,499,Monthly,2,2024-11-07
SUB00783,CUST00783,Family,1499,Annual,15,2025-08-01
SUB00784,CUST00784,Premium,1199,Annual,10,2024-12-26
SUB00785,CUST00785,Family,1499,Quarterly,15,2026-04-29
SUB00786,CUST00786,Basic,499,Quarterly,2,2025-10-13
SUB00787,CUST00787,Standard,799,Annual,5,2024-04-03
SUB00788,CUST00788,Premium,1199,Annual,10,2025-03-30
SUB00789,CUST00789,Family,1499,Monthly,15,2026-01-02
SUB00790,CUST00790,Family,1499,Quarterly,15,2026-02-15
SUB00791,CUST00791,Family,1499,Monthly,15,2026-02-09
SUB00792,CUST00792,Premium,1199,Quarterly,10,2025-06-18
SUB00793,CUST00793,Standard,799,Quarterly,5,2024-10-26
SUB00794,CUST00794,Basic,499,Monthly,2,2025-05-08
SUB00795,CUST00795,Premium,1199,Monthly,10,2024-06-02
SUB00796,CUST00796,Basic,499,Annual,2,2024-07-26
SUB00797,CUST00797,Family,1499,Monthly,15,2026-03-27
SUB00798,CUST00798,Premium,1199,Monthly,10,2024-04-03
SUB00799,CUST00799,Family,1499,Monthly,15,2024-11-22
SUB00800,CUST00800,Basic,499,Quarterly,2,2024-11-03
SUB00801,CUST00801,Family,1499,Monthly,15,2024-11-12
SUB00802,CUST00802,Standard,799,Annual,5,2024-12-16
SUB00803,CUST00803,Premium,1199,Monthly,10,2024-11-29
SUB00804,CUST00804,Premium,1199,Monthly,10,2024-02-26
SUB00805,CUST00805,Family,1499,Monthly,15,2024-10-28
SUB00806,CUST00806,Family,1499,Annual,15,2024-03-17
SUB00807,CUST00807,Standard,799,Annual,5,2024-05-17
SUB00808,CUST00808,Premium,1199,Annual,10,2025-12-07
SUB00809,CUST00809,Basic,499,Monthly,2,2024-07-22
SUB00810,CUST00810,Premium,1199,Quarterly,10,2024-02-02
SUB00811,CUST00811,Premium,1199,Monthly,10,2024-06-04
SUB00812,CUST00812,Basic,499,Monthly,2,2025-08-11
SUB00813,CUST00813,Standard,799,Annual,5,2026-02-27
SUB00814,CUST00814,Premium,1199,Monthly,10,2024-12-01
SUB00815,CUST00815,Standard,799,Monthly,5,2025-01-24
SUB00816,CUST00816,Standard,799,Annual,5,2024-06-28
SUB00817,CUST00817,Family,1499,Annual,15,2024-04-12
SUB00818,CUST00818,Basic,499,Quarterly,2,2025-06-15
SUB00819,CUST00819,Standard,799,Monthly,5,2025-01-08
SUB00820,CUST00820,Family,1499,Monthly,15,2024-01-30
SUB00821,CUST00821,Standard,799,Monthly,5,2025-07-06
SUB00822,CUST00822,Basic,499,Monthly,2,2025-04-20
SUB00823,CUST00823,Standard,799,Quarterly,5,2024-05-08
SUB00824,CUST00824,Premium,1199,Quarterly,10,2024-09-30
SUB00825,CUST00825,Standard,799,Monthly,5,2024-07-11
SUB00826,CUST00826,Premium,1199,Annual,10,2026-02-01
SUB00827,CUST00827,Basic,499,Monthly,2,2026-03-11
SUB00828,CUST00828,Standard,799,Monthly,5,2024-11-10
SUB00829,CUST00829,Premium,1199,Monthly,10,2025-06-22
SUB00830,CUST00830,Standard,799,Monthly,5,2026-02-08
SUB00831,CUST00831,Standard,799,Quarterly,5,2025-06-18
SUB00832,CUST00832,Family,1499,Annual,15,2024-05-23
SUB00833,CUST00833,Premium,1199,Monthly,10,2024-10-09
SUB00834,CUST00834,Standard,799,Monthly,5,2025-11-07
SUB00835,CUST00835,Standard,799,Annual,5,2024-09-18
SUB00836,CUST00836,Premium,1199,Annual,10,2025-03-07
SUB00837,CUST00837,Family,1499,Quarterly,15,2024-04-30
SUB00838,CUST00838,Premium,1199,Annual,10,2024-07-04
SUB00839,CUST00839,Standard,799,Annual,5,2025-10-25
SUB00840,CUST00840,Family,1499,Quarterly,15,2026-01-09
SUB00841,CUST00841,Premium,1199,Monthly,10,2026-04-05
SUB00842,CUST00842,Basic,499,Monthly,2,2026-02-13
SUB00843,CUST00843,Family,1499,Monthly,15,2024-05-29
SUB00844,CUST00844,Family,1499,Annual,15,2025-09-20
SUB00845,CUST00845,Standard,799,Annual,5,2025-10-25
SUB00846,CUST00846,Premium,1199,Quarterly,10,2025-06-15
SUB00847,CUST00847,Basic,499,Annual,2,2024-09-09
SUB00848,CUST00848,Basic,499,Quarterly,2,2025-05-24
SUB00849,CUST00849,Standard,799,Annual,5,2024-01-29
SUB00850,CUST00850,Premium,1199,Quarterly,10,2025-08-23
SUB00851,CUST00851,Basic,499,Monthly,2,2025-10-26
SUB00852,CUST00852,Standard,799,Monthly,5,2025-01-25
SUB00853,CUST00853,Basic,499,Monthly,2,2024-09-23
SUB00854,CUST00854,Basic,499,Monthly,2,2025-11-30
SUB00855,CUST00855,Standard,799,Quarterly,5,2024-07-05
SUB00856,CUST00856,Basic,499,Monthly,2,2024-04-20
SUB00857,CUST00857,Basic,499,Quarterly,2,2025-04-10
SUB00858,CUST00858,Standard,799,Monthly,5,2025-11-10
SUB00859,CUST00859,Family,1499,Monthly,15,2024-10-26
SUB00860,CUST00860,Premium,1199,Quarterly,10,2024-04-01
SUB00861,CUST00861,Basic,499,Monthly,2,2025-06-04
SUB00862,CUST00862,Basic,499,Annual,2,2024-02-16
SUB00863,CUST00863,Basic,499,Monthly,2,2025-10-03
SUB00864,CUST00864,Family,1499,Monthly,15,2024-07-13
SUB00865,CUST00865,Standard,799,Annual,5,2026-03-21
SUB00866,CUST00866,Standard,799,Monthly,5,2025-02-08
SUB00867,CUST00867,Standard,799,Monthly,5,2024-09-04
SUB00868,CUST00868,Standard,799,Annual,5,2024-12-15
SUB00869,CUST00869,Premium,1199,Monthly,10,2025-06-25
SUB00870,CUST00870,Standard,799,Annual,5,2025-07-30
SUB00871,CUST00871,Premium,1199,Monthly,10,2025-10-13
SUB00872,CUST00872,Standard,799,Annual,5,2025-02-24
SUB00873,CUST00873,Standard,799,Monthly,5,2025-02-12
SUB00874,CUST00874,Standard,799,Monthly,5,2024-11-03
SUB00875,CUST00875,Standard,799,Monthly,5,2025-06-13
SUB00876,CUST00876,Family,1499,Monthly,15,2025-10-18
SUB00877,CUST00877,Basic,499,Annual,2,2024-11-19
SUB00878,CUST00878,Premium,1199,Quarterly,10,2025-09-30
SUB00879,CUST00879,Premium,1199,Quarterly,10,2025-02-23
SUB00880,CUST00880,Family,1499,Annual,15,2026-04-17
SUB00881,CUST00881,Family,1499,Annual,15,2025-01-13
SUB00882,CUST00882,Standard,799,Monthly,5,2024-10-13
SUB00883,CUST00883,Family,1499,Quarterly,15,2025-04-04
SUB00884,CUST00884,Premium,1199,Annual,10,2025-12-12
SUB00885,CUST00885,Family,1499,Annual,15,2024-07-16
SUB00886,CUST00886,Basic,499,Monthly,2,2024-03-18
SUB00887,CUST00887,Basic,499,Monthly,2,2025-09-19
SUB00888,CUST00888,Family,1499,Annual,15,2025-01-31
SUB00889,CUST00889,Standard,799,Annual,5,2025-12-17
SUB00890,CUST00890,Premium,1199,Monthly,10,2024-09-13
SUB00891,CUST00891,Basic,499,Annual,2,2025-09-26
SUB00892,CUST00892,Family,1499,Monthly,15,2025-04-06
SUB00893,CUST00893,Basic,499,Monthly,2,2025-01-25
SUB00894,CUST00894,Standard,799,Monthly,5,2024-08-10
SUB00895,CUST00895,Standard,799,Monthly,5,2025-02-05
SUB00896,CUST00896,Basic,499,Monthly,2,2025-03-21
SUB00897,CUST00897,Premium,1199,Quarterly,10,2026-04-02
SUB00898,CUST00898,Family,1499,Monthly,15,2026-01-12
SUB00899,CUST00899,Family,1499,Annual,15,2024-09-09
SUB00900,CUST00900,Basic,499,Monthly,2,2025-01-28
SUB00901,CUST00901,Standard,799,Monthly,5,2025-12-29
SUB00902,CUST00902,Standard,799,Annual,5,2024-11-23
SUB00903,CUST00903,Basic,499,Monthly,2,2024-11-01
SUB00904,CUST00904,Basic,499,Annual,2,2025-07-22
SUB00905,CUST00905,Basic,499,Quarterly,2,2025-10-23
SUB00906,CUST00906,Basic,499,Monthly,2,2024-08-28
SUB00907,CUST00907,Standard,799,Monthly,5,2025-07-12
SUB00908,CUST00908,Basic,499,Quarterly,2,2024-06-11
SUB00909,CUST00909,Premium,1199,Monthly,10,2024-11-26
SUB00910,CUST00910,Premium,1199,Monthly,10,2025-08-19
SUB00911,CUST00911,Premium,1199,Quarterly,10,2024-06-04
SUB00912,CUST00912,Standard,799,Monthly,5,2024-01-30
SUB00913,CUST00913,Premium,1199,Monthly,10,2024-07-29
SUB00914,CUST00914,Family,1499,Quarterly,15,2025-04-13
SUB00915,CUST00915,Premium,1199,Monthly,10,2024-02-24
SUB00916,CUST00916,Premium,1199,Monthly,10,2026-02-27
SUB00917,CUST00917,Standard,799,Monthly,5,2025-05-02
SUB00918,CUST00918,Standard,799,Monthly,5,2024-01-24
SUB00919,CUST00919,Premium,1199,Quarterly,10,2024-06-28
SUB00920,CUST00920,Basic,499,Quarterly,2,2026-01-02
SUB00921,CUST00921,Standard,799,Quarterly,5,2025-07-07
SUB00922,CUST00922,Basic,499,Monthly,2,2025-01-02
SUB00923,CUST00923,Basic,499,Annual,2,2026-03-28
SUB00924,CUST00924,Standard,799,Quarterly,5,2026-01-19
SUB00925,CUST00925,Family,1499,Monthly,15,2026-02-10
SUB00926,CUST00926,Standard,799,Monthly,5,2026-02-12
SUB00927,CUST00927,Premium,1199,Quarterly,10,2024-03-09
SUB00928,CUST00928,Premium,1199,Monthly,10,2025-11-26
SUB00929,CUST00929,Basic,499,Monthly,2,2025-12-06
SUB00930,CUST00930,Basic,499,Monthly,2,2024-09-15
SUB00931,CUST00931,Family,1499,Monthly,15,2024-11-26
SUB00932,CUST00932,Family,1499,Annual,15,2024-03-11
SUB00933,CUST00933,Standard,799,Monthly,5,2024-12-05
SUB00934,CUST00934,Standard,799,Quarterly,5,2024-08-16
SUB00935,CUST00935,Family,1499,Monthly,15,2025-12-26
SUB00936,CUST00936,Family,1499,Monthly,15,2024-03-09
SUB00937,CUST00937,Family,1499,Monthly,15,2025-07-24
SUB00938,CUST00938,Premium,1199,Monthly,10,2024-05-30
SUB00939,CUST00939,Premium,1199,Annual,10,2025-08-22
SUB00940,CUST00940,Standard,799,Annual,5,2025-10-04
SUB00941,CUST00941,Basic,499,Annual,2,2026-04-27
SUB00942,CUST00942,Standard,799,Monthly,5,2024-08-18
SUB00943,CUST00943,Premium,1199,Monthly,10,2024-03-08
SUB00944,CUST00944,Premium,1199,Quarterly,10,2024-12-16
SUB00945,CUST00945,Standard,799,Annual,5,2024-10-12
SUB00946,CUST00946,Premium,1199,Monthly,10,2025-05-10
SUB00947,CUST00947,Basic,499,Monthly,2,2024-05-07
SUB00948,CUST00948,Standard,799,Monthly,5,2025-03-23
SUB00949,CUST00949,Basic,499,Annual,2,2026-03-13
SUB00950,CUST00950,Standard,799,Monthly,5,2024-06-04
SUB00951,CUST00951,Family,1499,Monthly,15,2026-04-08
SUB00952,CUST00952,Premium,1199,Monthly,10,2024-08-13
SUB00953,CUST00953,Family,1499,Monthly,15,2025-12-30
SUB00954,CUST00954,Basic,499,Monthly,2,2025-03-23
SUB00955,CUST00955,Family,1499,Monthly,15,2025-09-07
SUB00956,CUST00956,Basic,499,Monthly,2,2025-01-23
SUB00957,CUST00957,Premium,1199,Monthly,10,2026-01-11
SUB00958,CUST00958,Basic,499,Annual,2,2025-05-05
SUB00959,CUST00959,Premium,1199,Annual,10,2025-04-08
SUB00960,CUST00960,Basic,499,Annual,2,2025-07-15
SUB00961,CUST00961,Family,1499,Monthly,15,2026-04-12
SUB00962,CUST00962,Family,1499,Monthly,15,2024-05-15
SUB00963,CUST00963,Family,1499,Monthly,15,2024-06-14
SUB00964,CUST00964,Family,1499,Annual,15,2025-11-24
SUB00965,CUST00965,Standard,799,Annual,5,2024-11-02
SUB00966,CUST00966,Standard,799,Monthly,5,2025-12-30
SUB00967,CUST00967,Premium,1199,Monthly,10,2025-04-21
SUB00968,CUST00968,Premium,1199,Annual,10,2025-05-05
SUB00969,CUST00969,Premium,1199,Monthly,10,2025-04-16
SUB00970,CUST00970,Standard,799,Annual,5,2025-11-13
SUB00971,CUST00971,Basic,499,Annual,2,2025-02-07
SUB00972,CUST00972,Standard,799,Annual,5,2026-01-14
SUB00973,CUST00973,Standard,799,Monthly,5,2025-11-14
SUB00974,CUST00974,Standard,799,Annual,5,2025-08-28
SUB00975,CUST00975,Standard,799,Monthly,5,2025-03-05
SUB00976,CUST00976,Family,1499,Annual,15,2024-12-07
SUB00977,CUST00977,Standard,799,Monthly,5,2024-03-25
SUB00978,CUST00978,Standard,799,Monthly,5,2024-02-22
SUB00979,CUST00979,Basic,499,Annual,2,2024-02-11
SUB00980,CUST00980,Standard,799,Quarterly,5,2024-10-18
SUB00981,CUST00981,Basic,499,Quarterly,2,2024-06-01
SUB00982,CUST00982,Standard,799,Annual,5,2025-11-15
SUB00983,CUST00983,Standard,799,Monthly,5,2026-04-15
SUB00984,CUST00984,Basic,499,Quarterly,2,2024-07-26
SUB00985,CUST00985,Basic,499,Monthly,2,2025-08-27
SUB00986,CUST00986,Basic,499,Monthly,2,2024-02-15
SUB00987,CUST00987,Premium,1199,Annual,10,2024-11-18
SUB00988,CUST00988,Basic,499,Monthly,2,2024-02-18
SUB00989,CUST00989,Standard,799,Monthly,5,2026-03-09
SUB00990,CUST00990,Premium,1199,Quarterly,10,2024-01-22
SUB00991,CUST00991,Standard,799,Monthly,5,2026-03-18
SUB00992,CUST00992,Standard,799,Monthly,5,2024-03-05
SUB00993,CUST00993,Standard,799,Monthly,5,2025-02-02
SUB00994,CUST00994,Family,1499,Monthly,15,2026-02-01
SUB00995,CUST00995,Basic,499,Monthly,2,2025-03-01
SUB00996,CUST00996,Basic,499,Annual,2,2025-05-21
SUB00997,CUST00997,Premium,1199,Monthly,10,2025-06-27
SUB00998,CUST00998,Premium,1199,Annual,10,2025-01-06
SUB00999,CUST00999,Family,1499,Annual,15,2024-10-31
SUB01000,CUST01000,Basic,499,Monthly,2,2024-04-19
SUB01001,CUST01001,Basic,499,Quarterly,2,2026-01-25
SUB01002,CUST01002,Premium,1199,Monthly,10,2024-05-19
SUB01003,CUST01003,Standard,799,Annual,5,2025-02-19
SUB01004,CUST01004,Standard,799,Quarterly,5,2024-08-11
SUB01005,CUST01005,Family,1499,Annual,15,2024-07-11
SUB01006,CUST01006,Family,1499,Monthly,15,2024-06-30
SUB01007,CUST01007,Basic,499,Annual,2,2024-06-13
SUB01008,CUST01008,Standard,799,Annual,5,2026-02-03
SUB01009,CUST01009,Premium,1199,Monthly,10,2024-06-01
SUB01010,CUST01010,Premium,1199,Monthly,10,2025-12-13
SUB01011,CUST01011,Basic,499,Quarterly,2,2024-08-21
SUB01012,CUST01012,Premium,1199,Monthly,10,2024-05-18
SUB01013,CUST01013,Standard,799,Monthly,5,2024-05-03
SUB01014,CUST01014,Basic,499,Monthly,2,2026-04-04
SUB01015,CUST01015,Basic,499,Monthly,2,2025-05-16
SUB01016,CUST01016,Standard,799,Monthly,5,2025-03-13
SUB01017,CUST01017,Standard,799,Monthly,5,2024-07-16
SUB01018,CUST01018,Family,1499,Monthly,15,2025-12-04
SUB01019,CUST01019,Standard,799,Monthly,5,2024-06-28
SUB01020,CUST01020,Family,1499,Monthly,15,2025-04-08
SUB01021,CUST01021,Standard,799,Monthly,5,2024-11-19
SUB01022,CUST01022,Standard,799,Quarterly,5,2025-08-18
SUB01023,CUST01023,Basic,499,Monthly,2,2025-07-05
SUB01024,CUST01024,Premium,1199,Monthly,10,2025-06-21
SUB01025,CUST01025,Standard,799,Quarterly,5,2025-05-17
SUB01026,CUST01026,Basic,499,Quarterly,2,2024-06-17
SUB01027,CUST01027,Premium,1199,Monthly,10,2025-01-23
SUB01028,CUST01028,Standard,799,Annual,5,2024-10-21
SUB01029,CUST01029,Basic,499,Monthly,2,2024-09-24
SUB01030,CUST01030,Premium,1199,Monthly,10,2025-02-26
SUB01031,CUST01031,Basic,499,Quarterly,2,2026-04-21
SUB01032,CUST01032,Premium,1199,Annual,10,2025-06-22
SUB01033,CUST01033,Standard,799,Monthly,5,2024-06-30
SUB01034,CUST01034,Family,1499,Quarterly,15,2024-10-01
SUB01035,CUST01035,Basic,499,Monthly,2,2025-03-17
SUB01036,CUST01036,Standard,799,Quarterly,5,2026-02-14
SUB01037,CUST01037,Family,1499,Annual,15,2025-11-15
SUB01038,CUST01038,Standard,799,Monthly,5,2024-02-08
SUB01039,CUST01039,Basic,499,Monthly,2,2025-02-08
SUB01040,CUST01040,Standard,799,Quarterly,5,2026-03-17
SUB01041,CUST01041,Premium,1199,Annual,10,2026-01-10
SUB01042,CUST01042,Basic,499,Monthly,2,2024-04-19
SUB01043,CUST01043,Standard,799,Monthly,5,2026-04-22
SUB01044,CUST01044,Basic,499,Monthly,2,2026-04-07
SUB01045,CUST01045,Standard,799,Quarterly,5,2026-02-13
SUB01046,CUST01046,Basic,499,Quarterly,2,2024-12-11
SUB01047,CUST01047,Basic,499,Monthly,2,2024-05-11
SUB01048,CUST01048,Standard,799,Quarterly,5,2025-02-11
SUB01049,CUST01049,Standard,799,Quarterly,5,2025-08-08
SUB01050,CUST01050,Basic,499,Monthly,2,2024-02-17
SUB01051,CUST01051,Family,1499,Annual,15,2024-01-17
SUB01052,CUST01052,Family,1499,Quarterly,15,2025-06-18
SUB01053,CUST01053,Family,1499,Monthly,15,2024-04-20
SUB01054,CUST01054,Standard,799,Monthly,5,2026-02-21
SUB01055,CUST01055,Premium,1199,Annual,10,2025-11-04
SUB01056,CUST01056,Family,1499,Monthly,15,2025-03-20
SUB01057,CUST01057,Premium,1199,Annual,10,2025-11-19
SUB01058,CUST01058,Basic,499,Quarterly,2,2024-01-31
SUB01059,CUST01059,Basic,499,Monthly,2,2025-01-19
SUB01060,CUST01060,Family,1499,Quarterly,15,2024-02-25
SUB01061,CUST01061,Family,1499,Quarterly,15,2024-02-29
SUB01062,CUST01062,Family,1499,Annual,15,2025-12-17
SUB01063,CUST01063,Premium,1199,Annual,10,2024-05-15
SUB01064,CUST01064,Premium,1199,Monthly,10,2025-01-23
SUB01065,CUST01065,Premium,1199,Monthly,10,2024-05-04
SUB01066,CUST01066,Premium,1199,Monthly,10,2024-10-28
SUB01067,CUST01067,Family,1499,Monthly,15,2024-07-28
SUB01068,CUST01068,Basic,499,Annual,2,2025-11-14
SUB01069,CUST01069,Standard,799,Annual,5,2025-08-09
SUB01070,CUST01070,Family,1499,Annual,15,2025-11-28
SUB01071,CUST01071,Standard,799,Quarterly,5,2025-07-07
SUB01072,CUST01072,Basic,499,Annual,2,2025-02-18
SUB01073,CUST01073,Premium,1199,Quarterly,10,2025-07-09
SUB01074,CUST01074,Basic,499,Annual,2,2025-02-03
SUB01075,CUST01075,Standard,799,Monthly,5,2025-08-11
SUB01076,CUST01076,Basic,499,Quarterly,2,2025-02-12
SUB01077,CUST01077,Premium,1199,Annual,10,2025-04-16
SUB01078,CUST01078,Family,1499,Monthly,15,2025-11-27
SUB01079,CUST01079,Basic,499,Monthly,2,2025-12-12
SUB01080,CUST01080,Family,1499,Annual,15,2025-01-13
SUB01081,CUST01081,Basic,499,Monthly,2,2024-04-25
SUB01082,CUST01082,Family,1499,Monthly,15,2026-03-23
SUB01083,CUST01083,Standard,799,Annual,5,2025-09-26
SUB01084,CUST01084,Basic,499,Quarterly,2,2025-01-27
SUB01085,CUST01085,Premium,1199,Annual,10,2024-11-01
SUB01086,CUST01086,Standard,799,Annual,5,2026-04-11
SUB01087,CUST01087,Basic,499,Annual,2,2025-01-16
SUB01088,CUST01088,Premium,1199,Monthly,10,2025-03-11
SUB01089,CUST01089,Family,1499,Monthly,15,2025-03-09
SUB01090,CUST01090,Standard,799,Quarterly,5,2025-01-12
SUB01091,CUST01091,Standard,799,Quarterly,5,2024-09-07
SUB01092,CUST01092,Premium,1199,Monthly,10,2025-05-06
SUB01093,CUST01093,Family,1499,Annual,15,2024-05-25
SUB01094,CUST01094,Family,1499,Annual,15,2024-06-25
SUB01095,CUST01095,Premium,1199,Quarterly,10,2025-10-30
SUB01096,CUST01096,Premium,1199,Monthly,10,2026-01-31
SUB01097,CUST01097,Family,1499,Quarterly,15,2025-09-17
SUB01098,CUST01098,Basic,499,Monthly,2,2025-11-13
SUB01099,CUST01099,Premium,1199,Annual,10,2025-07-15
SUB01100,CUST01100,Basic,499,Annual,2,2024-12-31
SUB01101,CUST01101,Standard,799,Monthly,5,2024-12-22
SUB01102,CUST01102,Basic,499,Quarterly,2,2024-03-25
SUB01103,CUST01103,Basic,499,Quarterly,2,2025-02-23
SUB01104,CUST01104,Family,1499,Monthly,15,2026-01-17
SUB01105,CUST01105,Standard,799,Annual,5,2025-04-11
SUB01106,CUST01106,Premium,1199,Monthly,10,2025-01-24
SUB01107,CUST01107,Standard,799,Monthly,5,2026-03-05
SUB01108,CUST01108,Standard,799,Annual,5,2025-07-06
SUB01109,CUST01109,Basic,499,Monthly,2,2025-07-24
SUB01110,CUST01110,Premium,1199,Monthly,10,2024-05-09
SUB01111,CUST01111,Family,1499,Annual,15,2025-02-19
SUB01112,CUST01112,Basic,499,Annual,2,2024-01-03
SUB01113,CUST01113,Basic,499,Annual,2,2024-06-14
SUB01114,CUST01114,Basic,499,Monthly,2,2024-02-13
SUB01115,CUST01115,Family,1499,Monthly,15,2024-02-18
SUB01116,CUST01116,Family,1499,Annual,15,2025-09-13
SUB01117,CUST01117,Family,1499,Monthly,15,2024-02-02
SUB01118,CUST01118,Family,1499,Monthly,15,2026-03-25
SUB01119,CUST01119,Premium,1199,Annual,10,2025-08-10
SUB01120,CUST01120,Family,1499,Quarterly,15,2024-08-17
SUB01121,CUST01121,Family,1499,Monthly,15,2024-09-29
SUB01122,CUST01122,Standard,799,Annual,5,2025-09-17
SUB01123,CUST01123,Basic,499,Monthly,2,2025-10-07
SUB01124,CUST01124,Basic,499,Annual,2,2024-04-24
SUB01125,CUST01125,Standard,799,Monthly,5,2025-03-26
SUB01126,CUST01126,Premium,1199,Quarterly,10,2026-04-28
SUB01127,CUST01127,Family,1499,Quarterly,15,2025-11-17
SUB01128,CUST01128,Basic,499,Monthly,2,2024-09-21
SUB01129,CUST01129,Family,1499,Quarterly,15,2024-12-07
SUB01130,CUST01130,Standard,799,Monthly,5,2025-08-16
SUB01131,CUST01131,Family,1499,Monthly,15,2025-09-20
SUB01132,CUST01132,Basic,499,Monthly,2,2024-01-23
SUB01133,CUST01133,Standard,799,Monthly,5,2026-04-20
SUB01134,CUST01134,Premium,1199,Annual,10,2024-11-24
SUB01135,CUST01135,Premium,1199,Quarterly,10,2026-02-12
SUB01136,CUST01136,Premium,1199,Quarterly,10,2024-10-04
SUB01137,CUST01137,Premium,1199,Annual,10,2025-12-06
SUB01138,CUST01138,Family,1499,Annual,15,2024-02-29
SUB01139,CUST01139,Standard,799,Monthly,5,2024-07-31
SUB01140,CUST01140,Basic,499,Monthly,2,2025-01-16
SUB01141,CUST01141,Basic,499,Monthly,2,2024-11-01
SUB01142,CUST01142,Premium,1199,Monthly,10,2026-04-19
SUB01143,CUST01143,Standard,799,Annual,5,2025-08-07
SUB01144,CUST01144,Standard,799,Annual,5,2025-10-09
SUB01145,CUST01145,Family,1499,Monthly,15,2024-11-14
SUB01146,CUST01146,Basic,499,Annual,2,2025-06-30
SUB01147,CUST01147,Basic,499,Monthly,2,2026-01-05
SUB01148,CUST01148,Premium,1199,Monthly,10,2024-07-27
SUB01149,CUST01149,Standard,799,Monthly,5,2025-01-12
SUB01150,CUST01150,Premium,1199,Quarterly,10,2024-02-18
SUB01151,CUST01151,Premium,1199,Quarterly,10,2025-04-06
SUB01152,CUST01152,Family,1499,Quarterly,15,2024-12-02
SUB01153,CUST01153,Family,1499,Monthly,15,2025-03-27
SUB01154,CUST01154,Premium,1199,Quarterly,10,2024-09-25
SUB01155,CUST01155,Standard,799,Annual,5,2025-09-05
SUB01156,CUST01156,Family,1499,Monthly,15,2024-06-28
SUB01157,CUST01157,Standard,799,Monthly,5,2025-08-03
SUB01158,CUST01158,Family,1499,Monthly,15,2024-01-17
SUB01159,CUST01159,Family,1499,Monthly,15,2025-06-04
SUB01160,CUST01160,Premium,1199,Quarterly,10,2024-10-22
SUB01161,CUST01161,Basic,499,Monthly,2,2026-03-02
SUB01162,CUST01162,Family,1499,Annual,15,2025-03-08
SUB01163,CUST01163,Family,1499,Monthly,15,2025-09-21
SUB01164,CUST01164,Standard,799,Monthly,5,2024-06-12
SUB01165,CUST01165,Premium,1199,Monthly,10,2025-06-25
SUB01166,CUST01166,Premium,1199,Monthly,10,2024-05-09
SUB01167,CUST01167,Family,1499,Monthly,15,2026-02-18
SUB01168,CUST01168,Family,1499,Quarterly,15,2025-11-18
SUB01169,CUST01169,Family,1499,Monthly,15,2025-05-03
SUB01170,CUST01170,Premium,1199,Monthly,10,2025-11-28
SUB01171,CUST01171,Basic,499,Monthly,2,2025-05-23
SUB01172,CUST01172,Standard,799,Monthly,5,2024-06-24
SUB01173,CUST01173,Basic,499,Monthly,2,2024-06-13
SUB01174,CUST01174,Basic,499,Monthly,2,2025-07-09
SUB01175,CUST01175,Family,1499,Annual,15,2024-04-28
SUB01176,CUST01176,Premium,1199,Quarterly,10,2024-01-16
SUB01177,CUST01177,Basic,499,Monthly,2,2024-05-14
SUB01178,CUST01178,Premium,1199,Monthly,10,2024-08-06
SUB01179,CUST01179,Premium,1199,Monthly,10,2024-10-30
SUB01180,CUST01180,Family,1499,Monthly,15,2025-03-06
SUB01181,CUST01181,Standard,799,Monthly,5,2024-11-02
SUB01182,CUST01182,Basic,499,Monthly,2,2024-12-08
SUB01183,CUST01183,Standard,799,Quarterly,5,2024-03-22
SUB01184,CUST01184,Family,1499,Monthly,15,2024-08-27
SUB01185,CUST01185,Basic,499,Quarterly,2,2026-04-04
SUB01186,CUST01186,Basic,499,Quarterly,2,2025-09-27
SUB01187,CUST01187,Basic,499,Monthly,2,2026-02-16
SUB01188,CUST01188,Standard,799,Annual,5,2024-10-16
SUB01189,CUST01189,Premium,1199,Monthly,10,2024-07-27
SUB01190,CUST01190,Basic,499,Monthly,2,2024-02-16
SUB01191,CUST01191,Premium,1199,Monthly,10,2025-10-31
SUB01192,CUST01192,Basic,499,Monthly,2,2024-02-16
SUB01193,CUST01193,Basic,499,Monthly,2,2025-02-11
SUB01194,CUST01194,Standard,799,Quarterly,5,2025-05-27
SUB01195,CUST01195,Standard,799,Annual,5,2025-05-20
SUB01196,CUST01196,Standard,799,Annual,5,2025-02-27
SUB01197,CUST01197,Premium,1199,Monthly,10,2025-08-02
SUB01198,CUST01198,Premium,1199,Monthly,10,2026-03-27
SUB01199,CUST01199,Basic,499,Annual,2,2025-04-19
SUB01200,CUST01200,Basic,499,Quarterly,2,2024-12-27
SUB01201,CUST01201,Standard,799,Quarterly,5,2025-08-25
SUB01202,CUST01202,Premium,1199,Annual,10,2025-08-18
SUB01203,CUST01203,Standard,799,Monthly,5,2024-08-06
SUB01204,CUST01204,Standard,799,Quarterly,5,2024-03-31
SUB01205,CUST01205,Basic,499,Monthly,2,2026-01-22
SUB01206,CUST01206,Standard,799,Monthly,5,2024-05-10
SUB01207,CUST01207,Standard,799,Annual,5,2024-07-20
SUB01208,CUST01208,Premium,1199,Monthly,10,2025-11-30
SUB01209,CUST01209,Premium,1199,Monthly,10,2024-05-02
SUB01210,CUST01210,Premium,1199,Monthly,10,2024-05-01
SUB01211,CUST01211,Family,1499,Annual,15,2025-04-16
SUB01212,CUST01212,Standard,799,Quarterly,5,2024-07-20
SUB01213,CUST01213,Family,1499,Quarterly,15,2024-03-31
SUB01214,CUST01214,Standard,799,Quarterly,5,2025-12-04
SUB01215,CUST01215,Standard,799,Annual,5,2026-04-04
SUB01216,CUST01216,Family,1499,Monthly,15,2024-03-20
SUB01217,CUST01217,Family,1499,Monthly,15,2026-03-08
SUB01218,CUST01218,Family,1499,Monthly,15,2025-03-23
SUB01219,CUST01219,Basic,499,Monthly,2,2024-03-21
SUB01220,CUST01220,Standard,799,Monthly,5,2025-06-04
SUB01221,CUST01221,Premium,1199,Annual,10,2024-01-14
SUB01222,CUST01222,Premium,1199,Annual,10,2026-03-22
SUB01223,CUST01223,Basic,499,Monthly,2,2025-11-04
SUB01224,CUST01224,Premium,1199,Monthly,10,2025-01-12
SUB01225,CUST01225,Basic,499,Monthly,2,2024-09-22
SUB01226,CUST01226,Standard,799,Monthly,5,2025-02-13
SUB01227,CUST01227,Basic,499,Annual,2,2026-04-14
SUB01228,CUST01228,Premium,1199,Monthly,10,2026-01-16
SUB01229,CUST01229,Standard,799,Annual,5,2024-01-28
SUB01230,CUST01230,Family,1499,Annual,15,2026-03-05
SUB01231,CUST01231,Standard,799,Annual,5,2024-06-22
SUB01232,CUST01232,Standard,799,Monthly,5,2024-04-03
SUB01233,CUST01233,Premium,1199,Quarterly,10,2025-05-18
SUB01234,CUST01234,Standard,799,Monthly,5,2024-07-24
SUB01235,CUST01235,Premium,1199,Monthly,10,2024-06-14
SUB01236,CUST01236,Standard,799,Monthly,5,2024-02-28
SUB01237,CUST01237,Premium,1199,Monthly,10,2024-10-09
SUB01238,CUST01238,Basic,499,Monthly,2,2025-08-07
SUB01239,CUST01239,Standard,799,Annual,5,2025-01-05
SUB01240,CUST01240,Standard,799,Quarterly,5,2025-08-06
SUB01241,CUST01241,Basic,499,Monthly,2,2024-06-11
SUB01242,CUST01242,Family,1499,Monthly,15,2025-09-27
SUB01243,CUST01243,Family,1499,Quarterly,15,2024-08-24
SUB01244,CUST01244,Standard,799,Monthly,5,2024-07-31
SUB01245,CUST01245,Standard,799,Monthly,5,2024-07-05
SUB01246,CUST01246,Standard,799,Monthly,5,2025-05-06
SUB01247,CUST01247,Family,1499,Monthly,15,2024-11-09
SUB01248,CUST01248,Family,1499,Quarterly,15,2024-04-01
SUB01249,CUST01249,Standard,799,Annual,5,2026-01-26
SUB01250,CUST01250,Family,1499,Monthly,15,2025-01-11
SUB01251,CUST01251,Premium,1199,Quarterly,10,2024-08-28
SUB01252,CUST01252,Family,1499,Monthly,15,2025-08-15
SUB01253,CUST01253,Standard,799,Quarterly,5,2024-08-17
SUB01254,CUST01254,Premium,1199,Annual,10,2025-05-05
SUB01255,CUST01255,Premium,1199,Monthly,10,2024-01-11
SUB01256,CUST01256,Standard,799,Quarterly,5,2026-01-24
SUB01257,CUST01257,Family,1499,Annual,15,2025-02-05
SUB01258,CUST01258,Standard,799,Annual,5,2025-01-14
SUB01259,CUST01259,Basic,499,Quarterly,2,2025-08-16
SUB01260,CUST01260,Standard,799,Annual,5,2025-03-24
SUB01261,CUST01261,Basic,499,Monthly,2,2024-06-05
SUB01262,CUST01262,Premium,1199,Annual,10,2026-01-21
SUB01263,CUST01263,Basic,499,Monthly,2,2024-06-26
SUB01264,CUST01264,Standard,799,Monthly,5,2026-04-15
SUB01265,CUST01265,Basic,499,Monthly,2,2025-11-08
SUB01266,CUST01266,Premium,1199,Monthly,10,2025-10-19
SUB01267,CUST01267,Premium,1199,Monthly,10,2025-07-03
SUB01268,CUST01268,Standard,799,Annual,5,2025-01-29
SUB01269,CUST01269,Basic,499,Quarterly,2,2025-06-09
SUB01270,CUST01270,Standard,799,Quarterly,5,2025-05-19
SUB01271,CUST01271,Standard,799,Annual,5,2026-01-27
SUB01272,CUST01272,Basic,499,Annual,2,2024-01-13
SUB01273,CUST01273,Premium,1199,Monthly,10,2025-03-13
SUB01274,CUST01274,Premium,1199,Quarterly,10,2025-05-24
SUB01275,CUST01275,Standard,799,Quarterly,5,2024-03-14
SUB01276,CUST01276,Family,1499,Monthly,15,2025-11-11
SUB01277,CUST01277,Basic,499,Monthly,2,2024-04-09
SUB01278,CUST01278,Standard,799,Annual,5,2026-02-06
SUB01279,CUST01279,Premium,1199,Quarterly,10,2024-04-16
SUB01280,CUST01280,Premium,1199,Annual,10,2025-06-17
SUB01281,CUST01281,Standard,799,Monthly,5,2025-03-22
SUB01282,CUST01282,Basic,499,Monthly,2,2024-06-16
SUB01283,CUST01283,Basic,499,Quarterly,2,2025-08-25
SUB01284,CUST01284,Standard,799,Monthly,5,2024-01-06
SUB01285,CUST01285,Premium,1199,Monthly,10,2024-11-25
SUB01286,CUST01286,Basic,499,Monthly,2,2026-04-09
SUB01287,CUST01287,Standard,799,Monthly,5,2025-06-01
SUB01288,CUST01288,Standard,799,Monthly,5,2025-07-19
SUB01289,CUST01289,Standard,799,Monthly,5,2025-11-20
SUB01290,CUST01290,Family,1499,Monthly,15,2024-11-29
SUB01291,CUST01291,Family,1499,Quarterly,15,2025-10-31
SUB01292,CUST01292,Basic,499,Annual,2,2024-11-02
SUB01293,CUST01293,Premium,1199,Monthly,10,2024-07-28
SUB01294,CUST01294,Standard,799,Quarterly,5,2025-10-05
SUB01295,CUST01295,Family,1499,Monthly,15,2025-08-27
SUB01296,CUST01296,Premium,1199,Monthly,10,2025-02-19
SUB01297,CUST01297,Premium,1199,Monthly,10,2025-01-24
SUB01298,CUST01298,Basic,499,Monthly,2,2024-02-02
SUB01299,CUST01299,Premium,1199,Monthly,10,2025-07-11
SUB01300,CUST01300,Basic,499,Quarterly,2,2025-09-25
SUB01301,CUST01301,Basic,499,Annual,2,2024-04-14
SUB01302,CUST01302,Basic,499,Monthly,2,2025-10-08
SUB01303,CUST01303,Family,1499,Monthly,15,2024-05-14
SUB01304,CUST01304,Premium,1199,Quarterly,10,2025-01-21
SUB01305,CUST01305,Premium,1199,Monthly,10,2025-10-25
SUB01306,CUST01306,Standard,799,Quarterly,5,2025-07-08
SUB01307,CUST01307,Basic,499,Quarterly,2,2024-12-22
SUB01308,CUST01308,Premium,1199,Quarterly,10,2026-01-19
SUB01309,CUST01309,Family,1499,Monthly,15,2024-12-01
SUB01310,CUST01310,Standard,799,Annual,5,2025-04-03
SUB01311,CUST01311,Family,1499,Monthly,15,2025-09-09
SUB01312,CUST01312,Basic,499,Monthly,2,2025-03-13
SUB01313,CUST01313,Standard,799,Monthly,5,2024-07-07
SUB01314,CUST01314,Basic,499,Monthly,2,2025-11-07
SUB01315,CUST01315,Premium,1199,Annual,10,2025-03-11
SUB01316,CUST01316,Family,1499,Quarterly,15,2024-05-19
SUB01317,CUST01317,Standard,799,Annual,5,2025-07-21
SUB01318,CUST01318,Family,1499,Quarterly,15,2024-10-28
SUB01319,CUST01319,Family,1499,Quarterly,15,2024-02-22
SUB01320,CUST01320,Premium,1199,Annual,10,2025-06-25
SUB01321,CUST01321,Basic,499,Annual,2,2024-08-02
SUB01322,CUST01322,Basic,499,Monthly,2,2025-10-07
SUB01323,CUST01323,Basic,499,Annual,2,2026-02-01
SUB01324,CUST01324,Family,1499,Monthly,15,2024-03-22
SUB01325,CUST01325,Premium,1199,Annual,10,2024-09-06
SUB01326,CUST01326,Standard,799,Monthly,5,2024-08-10
SUB01327,CUST01327,Basic,499,Monthly,2,2025-10-03
SUB01328,CUST01328,Basic,499,Monthly,2,2025-08-04
SUB01329,CUST01329,Family,1499,Monthly,15,2025-11-06
SUB01330,CUST01330,Family,1499,Annual,15,2024-12-17
SUB01331,CUST01331,Standard,799,Monthly,5,2024-02-08
SUB01332,CUST01332,Standard,799,Annual,5,2024-05-26
SUB01333,CUST01333,Premium,1199,Annual,10,2025-12-09
SUB01334,CUST01334,Basic,499,Quarterly,2,2025-05-17
SUB01335,CUST01335,Premium,1199,Annual,10,2025-05-20
SUB01336,CUST01336,Premium,1199,Monthly,10,2025-11-01
SUB01337,CUST01337,Family,1499,Quarterly,15,2026-02-15
SUB01338,CUST01338,Premium,1199,Monthly,10,2025-07-18
SUB01339,CUST01339,Standard,799,Quarterly,5,2025-04-21
SUB01340,CUST01340,Basic,499,Monthly,2,2025-11-20
SUB01341,CUST01341,Standard,799,Annual,5,2025-04-04
SUB01342,CUST01342,Basic,499,Monthly,2,2024-01-11
SUB01343,CUST01343,Basic,499,Monthly,2,2026-03-28
SUB01344,CUST01344,Basic,499,Quarterly,2,2025-08-02
SUB01345,CUST01345,Premium,1199,Monthly,10,2025-07-14
SUB01346,CUST01346,Premium,1199,Annual,10,2024-01-16
SUB01347,CUST01347,Basic,499,Annual,2,2024-03-21
SUB01348,CUST01348,Premium,1199,Quarterly,10,2024-04-03
SUB01349,CUST01349,Premium,1199,Monthly,10,2025-05-27
SUB01350,CUST01350,Family,1499,Quarterly,15,2024-11-03
SUB01351,CUST01351,Basic,499,Annual,2,2025-03-18
SUB01352,CUST01352,Basic,499,Monthly,2,2026-01-01
SUB01353,CUST01353,Family,1499,Quarterly,15,2024-05-01
SUB01354,CUST01354,Standard,799,Monthly,5,2025-07-14
SUB01355,CUST01355,Family,1499,Monthly,15,2024-09-12
SUB01356,CUST01356,Premium,1199,Monthly,10,2024-04-04
SUB01357,CUST01357,Basic,499,Monthly,2,2024-01-19
SUB01358,CUST01358,Family,1499,Monthly,15,2024-10-17
SUB01359,CUST01359,Family,1499,Quarterly,15,2025-12-06
SUB01360,CUST01360,Family,1499,Monthly,15,2025-02-25
SUB01361,CUST01361,Basic,499,Monthly,2,2025-09-26
SUB01362,CUST01362,Premium,1199,Quarterly,10,2026-03-16
SUB01363,CUST01363,Family,1499,Monthly,15,2024-06-26
SUB01364,CUST01364,Premium,1199,Monthly,10,2024-07-24
SUB01365,CUST01365,Family,1499,Quarterly,15,2026-02-08
SUB01366,CUST01366,Family,1499,Quarterly,15,2024-03-31
SUB01367,CUST01367,Family,1499,Annual,15,2025-06-05
SUB01368,CUST01368,Basic,499,Monthly,2,2024-03-02
SUB01369,CUST01369,Premium,1199,Monthly,10,2024-03-29
SUB01370,CUST01370,Standard,799,Monthly,5,2025-10-20
SUB01371,CUST01371,Basic,499,Annual,2,2025-06-24
SUB01372,CUST01372,Basic,499,Monthly,2,2024-10-12
SUB01373,CUST01373,Basic,499,Annual,2,2025-05-23
SUB01374,CUST01374,Premium,1199,Annual,10,2026-04-06
SUB01375,CUST01375,Basic,499,Annual,2,2026-02-19
SUB01376,CUST01376,Premium,1199,Annual,10,2024-04-10
SUB01377,CUST01377,Family,1499,Monthly,15,2025-07-25
SUB01378,CUST01378,Premium,1199,Monthly,10,2024-06-07
SUB01379,CUST01379,Basic,499,Quarterly,2,2025-07-27
SUB01380,CUST01380,Standard,799,Monthly,5,2026-03-28
SUB01381,CUST01381,Family,1499,Monthly,15,2025-07-18
SUB01382,CUST01382,Premium,1199,Monthly,10,2025-08-14
SUB01383,CUST01383,Family,1499,Annual,15,2026-04-23
SUB01384,CUST01384,Premium,1199,Annual,10,2026-04-12
SUB01385,CUST01385,Basic,499,Monthly,2,2024-08-22
SUB01386,CUST01386,Basic,499,Monthly,2,2025-11-14
SUB01387,CUST01387,Standard,799,Monthly,5,2026-02-18
SUB01388,CUST01388,Premium,1199,Quarterly,10,2024-11-23
SUB01389,CUST01389,Basic,499,Annual,2,2024-12-15
SUB01390,CUST01390,Standard,799,Monthly,5,2024-03-07
SUB01391,CUST01391,Family,1499,Quarterly,15,2025-01-05
SUB01392,CUST01392,Premium,1199,Monthly,10,2024-07-04
SUB01393,CUST01393,Basic,499,Monthly,2,2025-04-06
SUB01394,CUST01394,Standard,799,Monthly,5,2024-01-11
SUB01395,CUST01395,Family,1499,Quarterly,15,2024-08-01
SUB01396,CUST01396,Standard,799,Monthly,5,2025-06-13
SUB01397,CUST01397,Standard,799,Quarterly,5,2025-12-04
SUB01398,CUST01398,Family,1499,Monthly,15,2025-11-29
SUB01399,CUST01399,Premium,1199,Monthly,10,2024-03-19
SUB01400,CUST01400,Standard,799,Annual,5,2026-01-16
SUB01401,CUST01401,Premium,1199,Monthly,10,2024-06-10
SUB01402,CUST01402,Basic,499,Annual,2,2024-07-10
SUB01403,CUST01403,Premium,1199,Quarterly,10,2026-03-08
SUB01404,CUST01404,Basic,499,Annual,2,2024-09-16
SUB01405,CUST01405,Basic,499,Quarterly,2,2024-09-23
SUB01406,CUST01406,Family,1499,Quarterly,15,2026-03-01
SUB01407,CUST01407,Basic,499,Monthly,2,2025-08-25
SUB01408,CUST01408,Family,1499,Annual,15,2026-04-15
SUB01409,CUST01409,Basic,499,Monthly,2,2025-11-12
SUB01410,CUST01410,Premium,1199,Monthly,10,2026-04-13
SUB01411,CUST01411,Premium,1199,Annual,10,2024-09-07
SUB01412,CUST01412,Standard,799,Monthly,5,2024-10-18
SUB01413,CUST01413,Standard,799,Annual,5,2024-05-05
SUB01414,CUST01414,Basic,499,Quarterly,2,2024-04-05
SUB01415,CUST01415,Standard,799,Quarterly,5,2025-10-06
SUB01416,CUST01416,Basic,499,Monthly,2,2025-06-29
SUB01417,CUST01417,Basic,499,Monthly,2,2024-04-06
SUB01418,CUST01418,Basic,499,Monthly,2,2025-12-10
SUB01419,CUST01419,Basic,499,Monthly,2,2025-12-18
SUB01420,CUST01420,Standard,799,Annual,5,2024-02-12
SUB01421,CUST01421,Standard,799,Annual,5,2024-10-08
SUB01422,CUST01422,Premium,1199,Monthly,10,2025-05-08
SUB01423,CUST01423,Standard,799,Monthly,5,2024-06-25
SUB01424,CUST01424,Standard,799,Monthly,5,2024-07-03
SUB01425,CUST01425,Standard,799,Annual,5,2025-09-12
SUB01426,CUST01426,Standard,799,Monthly,5,2025-09-21
SUB01427,CUST01427,Basic,499,Monthly,2,2024-03-29
SUB01428,CUST01428,Family,1499,Monthly,15,2026-04-30
SUB01429,CUST01429,Basic,499,Monthly,2,2026-04-25
SUB01430,CUST01430,Standard,799,Annual,5,2024-10-16
SUB01431,CUST01431,Standard,799,Quarterly,5,2025-12-10
SUB01432,CUST01432,Standard,799,Monthly,5,2024-07-12
SUB01433,CUST01433,Premium,1199,Monthly,10,2026-03-10
SUB01434,CUST01434,Family,1499,Annual,15,2024-10-27
SUB01435,CUST01435,Premium,1199,Monthly,10,2026-01-29
SUB01436,CUST01436,Family,1499,Annual,15,2024-09-25
SUB01437,CUST01437,Family,1499,Annual,15,2025-03-01
SUB01438,CUST01438,Basic,499,Annual,2,2024-06-01
SUB01439,CUST01439,Standard,799,Monthly,5,2025-03-30
SUB01440,CUST01440,Standard,799,Quarterly,5,2024-01-23
SUB01441,CUST01441,Standard,799,Monthly,5,2025-04-27
SUB01442,CUST01442,Premium,1199,Quarterly,10,2024-05-22
SUB01443,CUST01443,Family,1499,Monthly,15,2025-02-15
SUB01444,CUST01444,Premium,1199,Annual,10,2025-05-17
SUB01445,CUST01445,Standard,799,Annual,5,2025-07-02
SUB01446,CUST01446,Premium,1199,Monthly,10,2024-01-03
SUB01447,CUST01447,Family,1499,Quarterly,15,2026-04-11
SUB01448,CUST01448,Standard,799,Quarterly,5,2024-01-06
SUB01449,CUST01449,Family,1499,Annual,15,2024-06-08
SUB01450,CUST01450,Basic,499,Quarterly,2,2024-06-27
SUB01451,CUST01451,Family,1499,Annual,15,2024-03-31
SUB01452,CUST01452,Family,1499,Monthly,15,2025-10-01
SUB01453,CUST01453,Premium,1199,Monthly,10,2024-08-11
SUB01454,CUST01454,Premium,1199,Monthly,10,2024-03-24
SUB01455,CUST01455,Standard,799,Monthly,5,2025-09-02
SUB01456,CUST01456,Standard,799,Annual,5,2024-09-12
SUB01457,CUST01457,Premium,1199,Annual,10,2026-02-10
SUB01458,CUST01458,Premium,1199,Annual,10,2025-04-07
SUB01459,CUST01459,Standard,799,Quarterly,5,2025-08-18
SUB01460,CUST01460,Standard,799,Monthly,5,2025-02-11
SUB01461,CUST01461,Family,1499,Quarterly,15,2024-08-08
SUB01462,CUST01462,Standard,799,Annual,5,2025-06-24
SUB01463,CUST01463,Basic,499,Monthly,2,2025-10-29
SUB01464,CUST01464,Family,1499,Quarterly,15,2025-10-12
SUB01465,CUST01465,Standard,799,Monthly,5,2025-12-27
SUB01466,CUST01466,Family,1499,Monthly,15,2025-03-12
SUB01467,CUST01467,Basic,499,Monthly,2,2024-03-28
SUB01468,CUST01468,Standard,799,Annual,5,2025-06-22
SUB01469,CUST01469,Family,1499,Monthly,15,2024-07-17
SUB01470,CUST01470,Basic,499,Annual,2,2025-05-23
SUB01471,CUST01471,Premium,1199,Monthly,10,2026-04-09
SUB01472,CUST01472,Basic,499,Annual,2,2024-11-25
SUB01473,CUST01473,Premium,1199,Monthly,10,2024-07-16
SUB01474,CUST01474,Premium,1199,Monthly,10,2026-01-16
SUB01475,CUST01475,Basic,499,Monthly,2,2024-02-18
SUB01476,CUST01476,Premium,1199,Annual,10,2026-01-04
SUB01477,CUST01477,Standard,799,Monthly,5,2024-01-22
SUB01478,CUST01478,Standard,799,Monthly,5,2024-07-27
SUB01479,CUST01479,Basic,499,Monthly,2,2024-02-13
SUB01480,CUST01480,Premium,1199,Monthly,10,2026-04-10
SUB01481,CUST01481,Basic,499,Monthly,2,2024-07-09
SUB01482,CUST01482,Basic,499,Monthly,2,2024-01-19
SUB01483,CUST01483,Standard,799,Quarterly,5,2024-10-23
SUB01484,CUST01484,Premium,1199,Monthly,10,2024-01-14
SUB01485,CUST01485,Basic,499,Monthly,2,2024-01-07
SUB01486,CUST01486,Basic,499,Quarterly,2,2026-04-29
SUB01487,CUST01487,Basic,499,Annual,2,2025-08-24
SUB01488,CUST01488,Standard,799,Annual,5,2026-02-14
SUB01489,CUST01489,Basic,499,Monthly,2,2025-11-08
SUB01490,CUST01490,Premium,1199,Monthly,10,2026-01-05
SUB01491,CUST01491,Standard,799,Monthly,5,2025-02-11
SUB01492,CUST01492,Standard,799,Annual,5,2024-11-18
SUB01493,CUST01493,Basic,499,Monthly,2,2026-03-29
SUB01494,CUST01494,Basic,499,Monthly,2,2025-03-09
SUB01495,CUST01495,Basic,499,Quarterly,2,2024-09-27
SUB01496,CUST01496,Premium,1199,Quarterly,10,2024-08-28
SUB01497,CUST01497,Standard,799,Annual,5,2026-03-31
SUB01498,CUST01498,Standard,799,Quarterly,5,2025-09-10
SUB01499,CUST01499,Family,1499,Annual,15,2025-10-30
SUB01500,CUST01500,Premium,1199,Monthly,10,2025-03-09
SUB01501,CUST01501,Premium,1199,Annual,10,2025-09-14
SUB01502,CUST01502,Family,1499,Annual,15,2025-07-18
SUB01503,CUST01503,Family,1499,Monthly,15,2025-12-17
SUB01504,CUST01504,Premium,1199,Monthly,10,2024-01-19
SUB01505,CUST01505,Family,1499,Monthly,15,2025-03-16
SUB01506,CUST01506,Family,1499,Monthly,15,2026-03-25
SUB01507,CUST01507,Premium,1199,Annual,10,2024-04-16
SUB01508,CUST01508,Standard,799,Monthly,5,2026-04-23
SUB01509,CUST01509,Basic,499,Monthly,2,2024-04-13
SUB01510,CUST01510,Family,1499,Monthly,15,2024-09-14
SUB01511,CUST01511,Family,1499,Quarterly,15,2025-05-24
SUB01512,CUST01512,Basic,499,Monthly,2,2024-02-29
SUB01513,CUST01513,Family,1499,Quarterly,15,2025-08-12
SUB01514,CUST01514,Standard,799,Monthly,5,2024-09-04
SUB01515,CUST01515,Family,1499,Monthly,15,2025-08-10
SUB01516,CUST01516,Premium,1199,Monthly,10,2024-10-11
SUB01517,CUST01517,Premium,1199,Monthly,10,2026-04-07
SUB01518,CUST01518,Premium,1199,Monthly,10,2024-04-19
SUB01519,CUST01519,Basic,499,Quarterly,2,2024-01-18
SUB01520,CUST01520,Standard,799,Monthly,5,2024-06-26
SUB01521,CUST01521,Family,1499,Annual,15,2025-08-20
SUB01522,CUST01522,Family,1499,Quarterly,15,2025-05-18
SUB01523,CUST01523,Basic,499,Monthly,2,2024-09-13
SUB01524,CUST01524,Standard,799,Annual,5,2025-06-17
SUB01525,CUST01525,Standard,799,Monthly,5,2025-06-09
SUB01526,CUST01526,Basic,499,Quarterly,2,2026-03-16
SUB01527,CUST01527,Premium,1199,Monthly,10,2026-01-24
SUB01528,CUST01528,Standard,799,Annual,5,2024-07-16
SUB01529,CUST01529,Standard,799,Monthly,5,2025-09-29
SUB01530,CUST01530,Standard,799,Annual,5,2025-04-30
SUB01531,CUST01531,Premium,1199,Monthly,10,2025-07-19
SUB01532,CUST01532,Basic,499,Annual,2,2024-11-17
SUB01533,CUST01533,Family,1499,Annual,15,2025-09-15
SUB01534,CUST01534,Basic,499,Monthly,2,2025-02-12
SUB01535,CUST01535,Standard,799,Annual,5,2026-01-25
SUB01536,CUST01536,Basic,499,Monthly,2,2024-01-08
SUB01537,CUST01537,Premium,1199,Annual,10,2025-01-31
SUB01538,CUST01538,Premium,1199,Monthly,10,2025-09-20
SUB01539,CUST01539,Basic,499,Monthly,2,2025-10-09
SUB01540,CUST01540,Family,1499,Annual,15,2024-04-17
SUB01541,CUST01541,Family,1499,Quarterly,15,2025-09-08
SUB01542,CUST01542,Standard,799,Quarterly,5,2024-11-01
SUB01543,CUST01543,Basic,499,Monthly,2,2025-12-21
SUB01544,CUST01544,Premium,1199,Monthly,10,2024-08-20
SUB01545,CUST01545,Basic,499,Monthly,2,2025-04-27
SUB01546,CUST01546,Basic,499,Monthly,2,2024-10-01
SUB01547,CUST01547,Basic,499,Quarterly,2,2024-06-18
SUB01548,CUST01548,Standard,799,Quarterly,5,2025-12-11
SUB01549,CUST01549,Standard,799,Monthly,5,2026-02-06
SUB01550,CUST01550,Standard,799,Annual,5,2025-03-01
SUB01551,CUST01551,Basic,499,Monthly,2,2025-03-07
SUB01552,CUST01552,Basic,499,Monthly,2,2024-06-02
SUB01553,CUST01553,Premium,1199,Annual,10,2024-09-08
SUB01554,CUST01554,Premium,1199,Quarterly,10,2025-08-04
SUB01555,CUST01555,Standard,799,Quarterly,5,2024-08-09
SUB01556,CUST01556,Premium,1199,Monthly,10,2025-06-30
SUB01557,CUST01557,Premium,1199,Monthly,10,2025-12-05
SUB01558,CUST01558,Basic,499,Monthly,2,2024-04-07
SUB01559,CUST01559,Standard,799,Quarterly,5,2024-08-22
SUB01560,CUST01560,Premium,1199,Monthly,10,2025-11-03
SUB01561,CUST01561,Standard,799,Monthly,5,2025-12-13
SUB01562,CUST01562,Family,1499,Monthly,15,2026-03-18
SUB01563,CUST01563,Basic,499,Monthly,2,2024-11-23
SUB01564,CUST01564,Standard,799,Annual,5,2024-07-29
SUB01565,CUST01565,Basic,499,Monthly,2,2024-01-29
SUB01566,CUST01566,Standard,799,Quarterly,5,2024-08-02
SUB01567,CUST01567,Premium,1199,Annual,10,2024-05-09
SUB01568,CUST01568,Family,1499,Annual,15,2024-06-30
SUB01569,CUST01569,Family,1499,Annual,15,2025-03-02
SUB01570,CUST01570,Premium,1199,Quarterly,10,2025-08-17
SUB01571,CUST01571,Family,1499,Monthly,15,2024-08-17
SUB01572,CUST01572,Family,1499,Quarterly,15,2025-02-06
SUB01573,CUST01573,Basic,499,Monthly,2,2026-04-05
SUB01574,CUST01574,Basic,499,Monthly,2,2025-01-30
SUB01575,CUST01575,Family,1499,Monthly,15,2026-03-13
SUB01576,CUST01576,Standard,799,Quarterly,5,2026-04-15
SUB01577,CUST01577,Basic,499,Monthly,2,2026-04-20
SUB01578,CUST01578,Family,1499,Annual,15,2025-08-03
SUB01579,CUST01579,Standard,799,Monthly,5,2024-10-05
SUB01580,CUST01580,Basic,499,Monthly,2,2025-11-12
SUB01581,CUST01581,Basic,499,Monthly,2,2024-10-16
SUB01582,CUST01582,Standard,799,Monthly,5,2026-02-04
SUB01583,CUST01583,Standard,799,Annual,5,2025-05-28
SUB01584,CUST01584,Basic,499,Monthly,2,2026-03-17
SUB01585,CUST01585,Premium,1199,Monthly,10,2025-11-16
SUB01586,CUST01586,Family,1499,Monthly,15,2024-11-20
SUB01587,CUST01587,Basic,499,Annual,2,2025-09-11
SUB01588,CUST01588,Premium,1199,Monthly,10,2025-12-28
SUB01589,CUST01589,Premium,1199,Annual,10,2024-12-11
SUB01590,CUST01590,Standard,799,Monthly,5,2024-12-14
SUB01591,CUST01591,Basic,499,Monthly,2,2026-02-17
SUB01592,CUST01592,Basic,499,Annual,2,2025-06-05
SUB01593,CUST01593,Family,1499,Monthly,15,2024-05-18
SUB01594,CUST01594,Standard,799,Monthly,5,2024-12-25
SUB01595,CUST01595,Premium,1199,Annual,10,2025-04-27
SUB01596,CUST01596,Family,1499,Annual,15,2026-04-25
SUB01597,CUST01597,Basic,499,Quarterly,2,2024-04-30
SUB01598,CUST01598,Premium,1199,Monthly,10,2026-02-16
SUB01599,CUST01599,Basic,499,Monthly,2,2024-06-28
SUB01600,CUST01600,Premium,1199,Annual,10,2025-11-14
SUB01601,CUST01601,Standard,799,Monthly,5,2025-08-03
SUB01602,CUST01602,Family,1499,Monthly,15,2024-03-09
SUB01603,CUST01603,Premium,1199,Monthly,10,2025-01-15
SUB01604,CUST01604,Standard,799,Quarterly,5,2025-08-24
SUB01605,CUST01605,Premium,1199,Annual,10,2024-10-02
SUB01606,CUST01606,Premium,1199,Monthly,10,2025-04-10
SUB01607,CUST01607,Basic,499,Monthly,2,2025-01-28
SUB01608,CUST01608,Premium,1199,Quarterly,10,2024-03-03
SUB01609,CUST01609,Basic,499,Monthly,2,2025-09-24
SUB01610,CUST01610,Standard,799,Annual,5,2024-01-28
SUB01611,CUST01611,Premium,1199,Monthly,10,2024-05-04
SUB01612,CUST01612,Family,1499,Monthly,15,2024-08-04
SUB01613,CUST01613,Family,1499,Monthly,15,2025-10-23
SUB01614,CUST01614,Basic,499,Monthly,2,2025-01-20
SUB01615,CUST01615,Standard,799,Monthly,5,2024-01-03
SUB01616,CUST01616,Premium,1199,Monthly,10,2024-09-07
SUB01617,CUST01617,Standard,799,Quarterly,5,2025-12-29
SUB01618,CUST01618,Family,1499,Monthly,15,2024-06-08
SUB01619,CUST01619,Family,1499,Monthly,15,2024-12-09
SUB01620,CUST01620,Family,1499,Monthly,15,2025-10-24
SUB01621,CUST01621,Standard,799,Quarterly,5,2025-04-09
SUB01622,CUST01622,Basic,499,Annual,2,2024-07-25
SUB01623,CUST01623,Family,1499,Monthly,15,2026-03-23
SUB01624,CUST01624,Premium,1199,Annual,10,2024-08-13
SUB01625,CUST01625,Family,1499,Quarterly,15,2025-02-20
SUB01626,CUST01626,Basic,499,Quarterly,2,2025-05-19
SUB01627,CUST01627,Premium,1199,Annual,10,2025-05-20
SUB01628,CUST01628,Family,1499,Quarterly,15,2025-09-17
SUB01629,CUST01629,Family,1499,Monthly,15,2025-02-08
SUB01630,CUST01630,Standard,799,Monthly,5,2024-07-24
SUB01631,CUST01631,Standard,799,Annual,5,2024-05-09
SUB01632,CUST01632,Basic,499,Annual,2,2026-01-27
SUB01633,CUST01633,Premium,1199,Annual,10,2024-02-23
SUB01634,CUST01634,Basic,499,Monthly,2,2025-10-19
SUB01635,CUST01635,Basic,499,Monthly,2,2024-03-18
SUB01636,CUST01636,Premium,1199,Monthly,10,2024-04-15
SUB01637,CUST01637,Basic,499,Monthly,2,2025-05-10
SUB01638,CUST01638,Family,1499,Monthly,15,2024-04-25
SUB01639,CUST01639,Premium,1199,Quarterly,10,2025-07-03
SUB01640,CUST01640,Premium,1199,Monthly,10,2025-08-15
SUB01641,CUST01641,Basic,499,Monthly,2,2025-04-24
SUB01642,CUST01642,Basic,499,Annual,2,2025-03-14
SUB01643,CUST01643,Premium,1199,Monthly,10,2025-10-15
SUB01644,CUST01644,Standard,799,Annual,5,2024-05-08
SUB01645,CUST01645,Basic,499,Monthly,2,2025-05-31
SUB01646,CUST01646,Standard,799,Monthly,5,2024-02-19
SUB01647,CUST01647,Family,1499,Monthly,15,2024-04-06
SUB01648,CUST01648,Standard,799,Monthly,5,2024-10-30
SUB01649,CUST01649,Standard,799,Annual,5,2025-12-31
SUB01650,CUST01650,Basic,499,Monthly,2,2024-09-06
SUB01651,CUST01651,Basic,499,Annual,2,2025-05-19
SUB01652,CUST01652,Family,1499,Annual,15,2025-07-27
SUB01653,CUST01653,Family,1499,Quarterly,15,2024-07-10
SUB01654,CUST01654,Premium,1199,Monthly,10,2025-05-21
SUB01655,CUST01655,Basic,499,Monthly,2,2026-01-07
SUB01656,CUST01656,Standard,799,Monthly,5,2025-07-26
SUB01657,CUST01657,Standard,799,Annual,5,2024-08-28
SUB01658,CUST01658,Standard,799,Monthly,5,2024-04-26
SUB01659,CUST01659,Basic,499,Annual,2,2025-10-01
SUB01660,CUST01660,Premium,1199,Annual,10,2024-05-23
SUB01661,CUST01661,Standard,799,Quarterly,5,2024-09-07
SUB01662,CUST01662,Family,1499,Annual,15,2025-12-07
SUB01663,CUST01663,Standard,799,Monthly,5,2025-11-13
SUB01664,CUST01664,Standard,799,Monthly,5,2025-03-11
SUB01665,CUST01665,Family,1499,Monthly,15,2026-04-16
SUB01666,CUST01666,Family,1499,Monthly,15,2025-09-29
SUB01667,CUST01667,Premium,1199,Monthly,10,2025-07-24
SUB01668,CUST01668,Family,1499,Quarterly,15,2026-03-02
SUB01669,CUST01669,Family,1499,Monthly,15,2025-03-27
SUB01670,CUST01670,Family,1499,Monthly,15,2025-08-31
SUB01671,CUST01671,Basic,499,Monthly,2,2025-10-19
SUB01672,CUST01672,Premium,1199,Monthly,10,2025-10-21
SUB01673,CUST01673,Basic,499,Monthly,2,2025-10-11
SUB01674,CUST01674,Standard,799,Monthly,5,2024-05-19
SUB01675,CUST01675,Premium,1199,Monthly,10,2025-04-25
SUB01676,CUST01676,Family,1499,Monthly,15,2025-02-04
SUB01677,CUST01677,Family,1499,Quarterly,15,2024-08-12
SUB01678,CUST01678,Family,1499,Annual,15,2024-06-12
SUB01679,CUST01679,Premium,1199,Monthly,10,2024-09-06
SUB01680,CUST01680,Family,1499,Monthly,15,2025-09-02
SUB01681,CUST01681,Basic,499,Quarterly,2,2024-07-20
SUB01682,CUST01682,Basic,499,Monthly,2,2024-12-25
SUB01683,CUST01683,Basic,499,Monthly,2,2024-04-06
SUB01684,CUST01684,Standard,799,Monthly,5,2024-07-11
SUB01685,CUST01685,Premium,1199,Monthly,10,2025-06-20
SUB01686,CUST01686,Premium,1199,Annual,10,2025-05-03
SUB01687,CUST01687,Basic,499,Monthly,2,2026-02-19
SUB01688,CUST01688,Standard,799,Monthly,5,2025-06-22
SUB01689,CUST01689,Standard,799,Monthly,5,2025-08-07
SUB01690,CUST01690,Standard,799,Annual,5,2024-11-14
SUB01691,CUST01691,Basic,499,Monthly,2,2024-12-18
SUB01692,CUST01692,Standard,799,Monthly,5,2024-10-31
SUB01693,CUST01693,Premium,1199,Monthly,10,2024-07-08
SUB01694,CUST01694,Standard,799,Monthly,5,2024-07-17
SUB01695,CUST01695,Basic,499,Monthly,2,2025-11-11
SUB01696,CUST01696,Premium,1199,Annual,10,2025-11-20
SUB01697,CUST01697,Standard,799,Annual,5,2026-01-31
SUB01698,CUST01698,Family,1499,Monthly,15,2025-08-03
SUB01699,CUST01699,Basic,499,Monthly,2,2024-05-20
SUB01700,CUST01700,Premium,1199,Monthly,10,2025-01-17
SUB01701,CUST01701,Family,1499,Quarterly,15,2026-03-05
SUB01702,CUST01702,Family,1499,Annual,15,2024-02-26
SUB01703,CUST01703,Standard,799,Annual,5,2024-10-31
SUB01704,CUST01704,Premium,1199,Monthly,10,2024-09-07
SUB01705,CUST01705,Standard,799,Monthly,5,2025-07-02
SUB01706,CUST01706,Standard,799,Quarterly,5,2025-07-04
SUB01707,CUST01707,Basic,499,Monthly,2,2024-02-17
SUB01708,CUST01708,Premium,1199,Quarterly,10,2024-01-10
SUB01709,CUST01709,Premium,1199,Monthly,10,2025-09-12
SUB01710,CUST01710,Standard,799,Annual,5,2026-01-21
SUB01711,CUST01711,Basic,499,Monthly,2,2026-02-22
SUB01712,CUST01712,Standard,799,Quarterly,5,2026-02-04
SUB01713,CUST01713,Family,1499,Monthly,15,2024-08-11
SUB01714,CUST01714,Premium,1199,Monthly,10,2025-10-03
SUB01715,CUST01715,Basic,499,Monthly,2,2025-07-05
SUB01716,CUST01716,Standard,799,Monthly,5,2024-01-29
SUB01717,CUST01717,Standard,799,Monthly,5,2025-08-13
SUB01718,CUST01718,Basic,499,Monthly,2,2024-02-21
SUB01719,CUST01719,Basic,499,Monthly,2,2025-05-06
SUB01720,CUST01720,Family,1499,Annual,15,2026-04-27
SUB01721,CUST01721,Premium,1199,Annual,10,2024-05-07
SUB01722,CUST01722,Family,1499,Quarterly,15,2026-04-17
SUB01723,CUST01723,Basic,499,Monthly,2,2025-06-03
SUB01724,CUST01724,Basic,499,Annual,2,2025-02-02
SUB01725,CUST01725,Family,1499,Annual,15,2025-09-04
SUB01726,CUST01726,Family,1499,Annual,15,2024-07-07
SUB01727,CUST01727,Premium,1199,Monthly,10,2025-01-01
SUB01728,CUST01728,Basic,499,Quarterly,2,2026-03-01
SUB01729,CUST01729,Standard,799,Quarterly,5,2025-04-20
SUB01730,CUST01730,Standard,799,Monthly,5,2024-07-15
SUB01731,CUST01731,Standard,799,Quarterly,5,2025-12-24
SUB01732,CUST01732,Premium,1199,Monthly,10,2024-01-15
SUB01733,CUST01733,Standard,799,Annual,5,2025-11-16
SUB01734,CUST01734,Premium,1199,Monthly,10,2025-11-15
SUB01735,CUST01735,Basic,499,Annual,2,2024-04-15
SUB01736,CUST01736,Standard,799,Monthly,5,2025-01-29
SUB01737,CUST01737,Family,1499,Quarterly,15,2024-02-06
SUB01738,CUST01738,Standard,799,Monthly,5,2025-11-24
SUB01739,CUST01739,Standard,799,Monthly,5,2025-11-21
SUB01740,CUST01740,Premium,1199,Annual,10,2024-12-17
SUB01741,CUST01741,Standard,799,Monthly,5,2025-03-13
SUB01742,CUST01742,Basic,499,Annual,2,2026-04-01
SUB01743,CUST01743,Premium,1199,Monthly,10,2025-01-21
SUB01744,CUST01744,Basic,499,Annual,2,2025-12-18
SUB01745,CUST01745,Premium,1199,Monthly,10,2025-02-05
SUB01746,CUST01746,Premium,1199,Monthly,10,2024-01-21
SUB01747,CUST01747,Basic,499,Annual,2,2025-09-17
SUB01748,CUST01748,Family,1499,Monthly,15,2024-11-14
SUB01749,CUST01749,Standard,799,Monthly,5,2026-03-31
SUB01750,CUST01750,Basic,499,Quarterly,2,2025-03-14
SUB01751,CUST01751,Premium,1199,Monthly,10,2026-02-21
SUB01752,CUST01752,Family,1499,Annual,15,2024-05-30
SUB01753,CUST01753,Standard,799,Monthly,5,2025-06-04
SUB01754,CUST01754,Premium,1199,Annual,10,2025-04-04
SUB01755,CUST01755,Standard,799,Monthly,5,2025-12-30
SUB01756,CUST01756,Standard,799,Monthly,5,2025-07-24
SUB01757,CUST01757,Basic,499,Quarterly,2,2024-11-20
SUB01758,CUST01758,Standard,799,Monthly,5,2026-02-01
SUB01759,CUST01759,Family,1499,Monthly,15,2024-09-08
SUB01760,CUST01760,Premium,1199,Annual,10,2024-03-12
SUB01761,CUST01761,Family,1499,Monthly,15,2025-02-15
SUB01762,CUST01762,Standard,799,Quarterly,5,2026-01-20
SUB01763,CUST01763,Family,1499,Monthly,15,2025-12-09
SUB01764,CUST01764,Premium,1199,Monthly,10,2024-06-27
SUB01765,CUST01765,Standard,799,Quarterly,5,2024-11-11
SUB01766,CUST01766,Basic,499,Annual,2,2024-12-01
SUB01767,CUST01767,Standard,799,Annual,5,2025-05-05
SUB01768,CUST01768,Premium,1199,Annual,10,2024-06-20
SUB01769,CUST01769,Standard,799,Annual,5,2024-12-19
SUB01770,CUST01770,Premium,1199,Annual,10,2025-01-29
SUB01771,CUST01771,Family,1499,Monthly,15,2024-07-16
SUB01772,CUST01772,Basic,499,Monthly,2,2025-10-18
SUB01773,CUST01773,Family,1499,Monthly,15,2025-03-27
SUB01774,CUST01774,Premium,1199,Monthly,10,2024-11-23
SUB01775,CUST01775,Premium,1199,Monthly,10,2025-09-03
SUB01776,CUST01776,Family,1499,Annual,15,2025-12-01
SUB01777,CUST01777,Family,1499,Monthly,15,2024-06-04
SUB01778,CUST01778,Basic,499,Monthly,2,2025-05-23
SUB01779,CUST01779,Basic,499,Quarterly,2,2025-05-19
SUB01780,CUST01780,Standard,799,Quarterly,5,2026-04-04
SUB01781,CUST01781,Basic,499,Annual,2,2025-06-08
SUB01782,CUST01782,Premium,1199,Annual,10,2025-09-13
SUB01783,CUST01783,Family,1499,Monthly,15,2025-10-04
SUB01784,CUST01784,Basic,499,Annual,2,2025-03-02
SUB01785,CUST01785,Standard,799,Quarterly,5,2026-02-17
SUB01786,CUST01786,Basic,499,Annual,2,2025-03-27
SUB01787,CUST01787,Family,1499,Annual,15,2026-04-07
SUB01788,CUST01788,Standard,799,Monthly,5,2026-03-03
SUB01789,CUST01789,Standard,799,Monthly,5,2025-06-23
SUB01790,CUST01790,Family,1499,Monthly,15,2025-05-11
SUB01791,CUST01791,Standard,799,Monthly,5,2024-12-08
SUB01792,CUST01792,Family,1499,Monthly,15,2025-12-01
SUB01793,CUST01793,Basic,499,Annual,2,2025-12-01
SUB01794,CUST01794,Family,1499,Monthly,15,2025-03-22
SUB01795,CUST01795,Standard,799,Monthly,5,2026-04-08
SUB01796,CUST01796,Standard,799,Monthly,5,2024-02-08
SUB01797,CUST01797,Standard,799,Monthly,5,2025-06-20
SUB01798,CUST01798,Basic,499,Monthly,2,2025-03-22
SUB01799,CUST01799,Family,1499,Monthly,15,2024-08-12
SUB01800,CUST01800,Basic,499,Quarterly,2,2024-12-19
SUB01801,CUST01801,Basic,499,Quarterly,2,2025-02-08
SUB01802,CUST01802,Premium,1199,Annual,10,2025-07-24
SUB01803,CUST01803,Family,1499,Annual,15,2024-01-03
SUB01804,CUST01804,Standard,799,Quarterly,5,2026-03-23
SUB01805,CUST01805,Family,1499,Annual,15,2024-10-05
SUB01806,CUST01806,Family,1499,Monthly,15,2024-01-03
SUB01807,CUST01807,Basic,499,Annual,2,2025-04-22
SUB01808,CUST01808,Premium,1199,Monthly,10,2024-05-16
SUB01809,CUST01809,Premium,1199,Monthly,10,2024-11-12
SUB01810,CUST01810,Basic,499,Annual,2,2025-02-16
SUB01811,CUST01811,Standard,799,Annual,5,2024-04-08
SUB01812,CUST01812,Family,1499,Quarterly,15,2025-09-22
SUB01813,CUST01813,Standard,799,Monthly,5,2025-06-25
SUB01814,CUST01814,Standard,799,Annual,5,2025-03-31
SUB01815,CUST01815,Basic,499,Monthly,2,2024-08-24
SUB01816,CUST01816,Family,1499,Monthly,15,2024-06-17
SUB01817,CUST01817,Family,1499,Annual,15,2026-03-03
SUB01818,CUST01818,Family,1499,Annual,15,2025-12-25
SUB01819,CUST01819,Basic,499,Annual,2,2025-11-04
SUB01820,CUST01820,Standard,799,Monthly,5,2025-06-29
SUB01821,CUST01821,Standard,799,Monthly,5,2024-06-18
SUB01822,CUST01822,Family,1499,Annual,15,2025-02-02
SUB01823,CUST01823,Basic,499,Quarterly,2,2025-01-17
SUB01824,CUST01824,Premium,1199,Quarterly,10,2024-06-14
SUB01825,CUST01825,Premium,1199,Monthly,10,2026-01-06
SUB01826,CUST01826,Standard,799,Monthly,5,2024-05-06
SUB01827,CUST01827,Basic,499,Annual,2,2025-04-20
SUB01828,CUST01828,Premium,1199,Annual,10,2025-08-08
SUB01829,CUST01829,Premium,1199,Annual,10,2026-04-02
SUB01830,CUST01830,Standard,799,Monthly,5,2024-02-18
SUB01831,CUST01831,Family,1499,Monthly,15,2025-08-02
SUB01832,CUST01832,Basic,499,Monthly,2,2025-05-27
SUB01833,CUST01833,Standard,799,Monthly,5,2026-02-18
SUB01834,CUST01834,Family,1499,Annual,15,2026-02-13
SUB01835,CUST01835,Standard,799,Annual,5,2024-11-28
SUB01836,CUST01836,Family,1499,Quarterly,15,2024-10-14
SUB01837,CUST01837,Family,1499,Annual,15,2026-04-17
SUB01838,CUST01838,Premium,1199,Quarterly,10,2025-04-29
SUB01839,CUST01839,Basic,499,Annual,2,2025-12-02
SUB01840,CUST01840,Family,1499,Annual,15,2026-03-11
SUB01841,CUST01841,Family,1499,Monthly,15,2024-07-29
SUB01842,CUST01842,Standard,799,Quarterly,5,2025-03-24
SUB01843,CUST01843,Standard,799,Monthly,5,2026-03-05
SUB01844,CUST01844,Standard,799,Quarterly,5,2025-12-26
SUB01845,CUST01845,Basic,499,Monthly,2,2025-07-04
SUB01846,CUST01846,Premium,1199,Monthly,10,2026-01-02
SUB01847,CUST01847,Basic,499,Annual,2,2025-06-28
SUB01848,CUST01848,Family,1499,Monthly,15,2026-03-30
SUB01849,CUST01849,Standard,799,Annual,5,2026-01-09
SUB01850,CUST01850,Family,1499,Monthly,15,2024-03-19
SUB01851,CUST01851,Standard,799,Monthly,5,2024-11-13
SUB01852,CUST01852,Standard,799,Monthly,5,2024-01-05
SUB01853,CUST01853,Family,1499,Monthly,15,2026-01-18
SUB01854,CUST01854,Basic,499,Monthly,2,2025-02-11
SUB01855,CUST01855,Family,1499,Monthly,15,2026-03-09
SUB01856,CUST01856,Premium,1199,Quarterly,10,2026-01-08
SUB01857,CUST01857,Family,1499,Monthly,15,2025-12-06
SUB01858,CUST01858,Family,1499,Monthly,15,2025-04-01
SUB01859,CUST01859,Premium,1199,Monthly,10,2025-11-16
SUB01860,CUST01860,Standard,799,Monthly,5,2025-07-29
SUB01861,CUST01861,Premium,1199,Annual,10,2025-08-30
SUB01862,CUST01862,Standard,799,Monthly,5,2024-12-08
SUB01863,CUST01863,Standard,799,Quarterly,5,2024-06-11
SUB01864,CUST01864,Family,1499,Monthly,15,2025-10-12
SUB01865,CUST01865,Standard,799,Annual,5,2025-05-02
SUB01866,CUST01866,Basic,499,Quarterly,2,2024-02-21
SUB01867,CUST01867,Standard,799,Monthly,5,2025-01-09
SUB01868,CUST01868,Basic,499,Quarterly,2,2025-09-01
SUB01869,CUST01869,Basic,499,Quarterly,2,2024-09-21
SUB01870,CUST01870,Family,1499,Quarterly,15,2025-08-12
SUB01871,CUST01871,Basic,499,Monthly,2,2025-04-21
SUB01872,CUST01872,Premium,1199,Monthly,10,2025-03-18
SUB01873,CUST01873,Family,1499,Quarterly,15,2024-06-29
SUB01874,CUST01874,Premium,1199,Monthly,10,2026-01-27
SUB01875,CUST01875,Basic,499,Monthly,2,2024-08-26
SUB01876,CUST01876,Premium,1199,Monthly,10,2024-04-13
SUB01877,CUST01877,Family,1499,Monthly,15,2024-08-23
SUB01878,CUST01878,Premium,1199,Monthly,10,2024-04-08
SUB01879,CUST01879,Standard,799,Annual,5,2025-10-11
SUB01880,CUST01880,Standard,799,Monthly,5,2026-04-12
SUB01881,CUST01881,Premium,1199,Annual,10,2024-01-22
SUB01882,CUST01882,Premium,1199,Annual,10,2024-05-03
SUB01883,CUST01883,Family,1499,Quarterly,15,2025-09-13
SUB01884,CUST01884,Standard,799,Monthly,5,2025-05-12
SUB01885,CUST01885,Family,1499,Quarterly,15,2024-09-05
SUB01886,CUST01886,Standard,799,Quarterly,5,2024-06-29
SUB01887,CUST01887,Family,1499,Quarterly,15,2026-03-10
SUB01888,CUST01888,Family,1499,Monthly,15,2025-07-28
SUB01889,CUST01889,Premium,1199,Monthly,10,2025-11-15
SUB01890,CUST01890,Standard,799,Monthly,5,2024-08-02
SUB01891,CUST01891,Basic,499,Quarterly,2,2024-04-11
SUB01892,CUST01892,Basic,499,Quarterly,2,2025-11-04
SUB01893,CUST01893,Basic,499,Monthly,2,2024-01-14
SUB01894,CUST01894,Basic,499,Monthly,2,2025-09-25
SUB01895,CUST01895,Basic,499,Monthly,2,2025-06-08
SUB01896,CUST01896,Standard,799,Monthly,5,2025-10-09
SUB01897,CUST01897,Basic,499,Monthly,2,2024-02-09
SUB01898,CUST01898,Basic,499,Quarterly,2,2024-12-10
SUB01899,CUST01899,Premium,1199,Monthly,10,2024-05-23
SUB01900,CUST01900,Premium,1199,Monthly,10,2024-06-12
SUB01901,CUST01901,Basic,499,Annual,2,2024-11-03
SUB01902,CUST01902,Family,1499,Annual,15,2024-01-07
SUB01903,CUST01903,Basic,499,Monthly,2,2024-10-23
SUB01904,CUST01904,Basic,499,Annual,2,2024-04-23
SUB01905,CUST01905,Basic,499,Annual,2,2025-05-29
SUB01906,CUST01906,Family,1499,Quarterly,15,2024-05-08
SUB01907,CUST01907,Standard,799,Monthly,5,2024-01-04
SUB01908,CUST01908,Standard,799,Monthly,5,2024-03-13
SUB01909,CUST01909,Premium,1199,Monthly,10,2024-03-07
SUB01910,CUST01910,Standard,799,Monthly,5,2025-10-21
SUB01911,CUST01911,Premium,1199,Monthly,10,2025-07-28
SUB01912,CUST01912,Family,1499,Monthly,15,2025-02-19
SUB01913,CUST01913,Premium,1199,Quarterly,10,2026-02-22
SUB01914,CUST01914,Basic,499,Annual,2,2024-03-16
SUB01915,CUST01915,Family,1499,Annual,15,2024-08-25
SUB01916,CUST01916,Family,1499,Quarterly,15,2026-02-14
SUB01917,CUST01917,Basic,499,Annual,2,2025-09-20
SUB01918,CUST01918,Premium,1199,Quarterly,10,2025-11-05
SUB01919,CUST01919,Family,1499,Quarterly,15,2025-10-18
SUB01920,CUST01920,Premium,1199,Monthly,10,2025-09-19
SUB01921,CUST01921,Premium,1199,Quarterly,10,2025-01-04
SUB01922,CUST01922,Basic,499,Monthly,2,2024-01-08
SUB01923,CUST01923,Premium,1199,Annual,10,2025-03-01
SUB01924,CUST01924,Family,1499,Monthly,15,2024-11-06
SUB01925,CUST01925,Family,1499,Quarterly,15,2024-09-27
SUB01926,CUST01926,Family,1499,Monthly,15,2025-06-22
SUB01927,CUST01927,Standard,799,Monthly,5,2025-02-27
SUB01928,CUST01928,Family,1499,Annual,15,2024-07-02
SUB01929,CUST01929,Family,1499,Annual,15,2024-11-04
SUB01930,CUST01930,Basic,499,Annual,2,2025-05-05
SUB01931,CUST01931,Family,1499,Monthly,15,2025-04-24
SUB01932,CUST01932,Basic,499,Monthly,2,2024-07-13
SUB01933,CUST01933,Premium,1199,Monthly,10,2025-09-08
SUB01934,CUST01934,Family,1499,Quarterly,15,2024-10-02
SUB01935,CUST01935,Standard,799,Monthly,5,2024-06-13
SUB01936,CUST01936,Family,1499,Monthly,15,2025-08-14
SUB01937,CUST01937,Basic,499,Monthly,2,2025-04-28
SUB01938,CUST01938,Basic,499,Quarterly,2,2024-07-07
SUB01939,CUST01939,Basic,499,Monthly,2,2025-03-16
SUB01940,CUST01940,Premium,1199,Annual,10,2024-04-03
SUB01941,CUST01941,Basic,499,Quarterly,2,2024-06-06
SUB01942,CUST01942,Family,1499,Quarterly,15,2025-12-27
SUB01943,CUST01943,Family,1499,Monthly,15,2025-01-17
SUB01944,CUST01944,Basic,499,Monthly,2,2024-10-24
SUB01945,CUST01945,Standard,799,Monthly,5,2026-04-30
SUB01946,CUST01946,Family,1499,Monthly,15,2024-11-21
SUB01947,CUST01947,Family,1499,Quarterly,15,2024-11-28
SUB01948,CUST01948,Family,1499,Monthly,15,2024-11-23
SUB01949,CUST01949,Family,1499,Monthly,15,2024-01-21
SUB01950,CUST01950,Basic,499,Monthly,2,2025-11-07
SUB01951,CUST01951,Basic,499,Quarterly,2,2024-04-19
SUB01952,CUST01952,Standard,799,Monthly,5,2026-03-28
SUB01953,CUST01953,Standard,799,Monthly,5,2025-03-19
SUB01954,CUST01954,Standard,799,Monthly,5,2024-04-18
SUB01955,CUST01955,Premium,1199,Annual,10,2026-03-12
SUB01956,CUST01956,Family,1499,Quarterly,15,2024-04-17
SUB01957,CUST01957,Family,1499,Quarterly,15,2025-02-16
SUB01958,CUST01958,Basic,499,Monthly,2,2025-08-16
SUB01959,CUST01959,Family,1499,Monthly,15,2025-11-19
SUB01960,CUST01960,Family,1499,Quarterly,15,2025-11-24
SUB01961,CUST01961,Standard,799,Monthly,5,2025-05-18
SUB01962,CUST01962,Standard,799,Annual,5,2024-01-14
SUB01963,CUST01963,Standard,799,Monthly,5,2025-04-06
SUB01964,CUST01964,Basic,499,Quarterly,2,2025-05-13
SUB01965,CUST01965,Basic,499,Annual,2,2024-04-23
SUB01966,CUST01966,Family,1499,Monthly,15,2024-08-30
SUB01967,CUST01967,Basic,499,Monthly,2,2025-02-21
SUB01968,CUST01968,Premium,1199,Quarterly,10,2024-07-15
SUB01969,CUST01969,Basic,499,Annual,2,2024-02-08
SUB01970,CUST01970,Standard,799,Quarterly,5,2024-06-16
SUB01971,CUST01971,Standard,799,Annual,5,2024-06-12
SUB01972,CUST01972,Basic,499,Annual,2,2024-06-11
SUB01973,CUST01973,Family,1499,Monthly,15,2026-04-18
SUB01974,CUST01974,Basic,499,Monthly,2,2025-12-12
SUB01975,CUST01975,Family,1499,Monthly,15,2024-11-21
SUB01976,CUST01976,Premium,1199,Monthly,10,2024-09-20
SUB01977,CUST01977,Standard,799,Monthly,5,2024-02-04
SUB01978,CUST01978,Family,1499,Quarterly,15,2025-04-28
SUB01979,CUST01979,Family,1499,Monthly,15,2025-09-23
SUB01980,CUST01980,Basic,499,Quarterly,2,2025-01-10
SUB01981,CUST01981,Basic,499,Quarterly,2,2025-04-08
SUB01982,CUST01982,Basic,499,Monthly,2,2024-01-29
SUB01983,CUST01983,Basic,499,Monthly,2,2025-12-03
SUB01984,CUST01984,Family,1499,Quarterly,15,2025-10-01
SUB01985,CUST01985,Premium,1199,Monthly,10,2026-02-20
SUB01986,CUST01986,Basic,499,Annual,2,2026-03-08
SUB01987,CUST01987,Family,1499,Annual,15,2025-09-14
SUB01988,CUST01988,Premium,1199,Monthly,10,2026-01-10
SUB01989,CUST01989,Premium,1199,Quarterly,10,2024-08-04
SUB01990,CUST01990,Basic,499,Annual,2,2024-04-29
SUB01991,CUST01991,Basic,499,Annual,2,2024-02-23
SUB01992,CUST01992,Premium,1199,Quarterly,10,2025-09-16
SUB01993,CUST01993,Family,1499,Monthly,15,2025-11-29
SUB01994,CUST01994,Family,1499,Annual,15,2026-03-30
SUB01995,CUST01995,Family,1499,Annual,15,2024-10-27
SUB01996,CUST01996,Basic,499,Annual,2,2025-09-08
SUB01997,CUST01997,Family,1499,Quarterly,15,2025-06-24
SUB01998,CUST01998,Basic,499,Monthly,2,2024-09-15
SUB01999,CUST01999,Standard,799,Annual,5,2025-10-12
SUB02000,CUST02000,Family,1499,Monthly,15,2025-07-10
SUB02001,CUST02001,Premium,1199,Monthly,10,2024-03-20
SUB02002,CUST02002,Family,1499,Quarterly,15,2024-12-12
SUB02003,CUST02003,Basic,499,Annual,2,2025-11-21
SUB02004,CUST02004,Standard,799,Monthly,5,2025-07-12
SUB02005,CUST02005,Family,1499,Monthly,15,2024-01-30
SUB02006,CUST02006,Family,1499,Monthly,15,2026-04-23
SUB02007,CUST02007,Premium,1199,Monthly,10,2025-05-26
SUB02008,CUST02008,Standard,799,Monthly,5,2024-08-11
SUB02009,CUST02009,Family,1499,Annual,15,2024-12-16
SUB02010,CUST02010,Standard,799,Monthly,5,2025-06-11
SUB02011,CUST02011,Family,1499,Annual,15,2024-10-17
SUB02012,CUST02012,Family,1499,Monthly,15,2024-06-12
SUB02013,CUST02013,Basic,499,Monthly,2,2024-08-18
SUB02014,CUST02014,Standard,799,Monthly,5,2026-02-16
SUB02015,CUST02015,Basic,499,Monthly,2,2025-07-15
SUB02016,CUST02016,Basic,499,Monthly,2,2024-10-13
SUB02017,CUST02017,Family,1499,Quarterly,15,2025-01-25
SUB02018,CUST02018,Basic,499,Monthly,2,2024-05-17
SUB02019,CUST02019,Premium,1199,Monthly,10,2025-07-26
SUB02020,CUST02020,Premium,1199,Annual,10,2024-03-09
SUB02021,CUST02021,Family,1499,Monthly,15,2024-10-18
SUB02022,CUST02022,Family,1499,Quarterly,15,2025-01-05
SUB02023,CUST02023,Basic,499,Monthly,2,2024-01-09
SUB02024,CUST02024,Standard,799,Annual,5,2024-03-11
SUB02025,CUST02025,Basic,499,Monthly,2,2024-08-17
SUB02026,CUST02026,Premium,1199,Monthly,10,2025-08-15
SUB02027,CUST02027,Basic,499,Annual,2,2026-02-17
SUB02028,CUST02028,Family,1499,Monthly,15,2025-07-15
SUB02029,CUST02029,Standard,799,Monthly,5,2024-09-01
SUB02030,CUST02030,Family,1499,Monthly,15,2024-01-29
SUB02031,CUST02031,Standard,799,Monthly,5,2026-02-08
SUB02032,CUST02032,Basic,499,Quarterly,2,2025-02-07
SUB02033,CUST02033,Standard,799,Annual,5,2025-09-03
SUB02034,CUST02034,Standard,799,Monthly,5,2024-02-19
SUB02035,CUST02035,Standard,799,Quarterly,5,2024-12-11
SUB02036,CUST02036,Family,1499,Monthly,15,2024-11-14
SUB02037,CUST02037,Standard,799,Monthly,5,2025-02-09
SUB02038,CUST02038,Family,1499,Monthly,15,2025-02-25
SUB02039,CUST02039,Family,1499,Annual,15,2025-12-29
SUB02040,CUST02040,Basic,499,Monthly,2,2024-02-08
SUB02041,CUST02041,Basic,499,Quarterly,2,2026-03-29
SUB02042,CUST02042,Family,1499,Quarterly,15,2024-07-22
SUB02043,CUST02043,Family,1499,Annual,15,2024-11-18
SUB02044,CUST02044,Basic,499,Quarterly,2,2025-01-20
SUB02045,CUST02045,Basic,499,Monthly,2,2026-03-19
SUB02046,CUST02046,Standard,799,Annual,5,2026-04-12
SUB02047,CUST02047,Family,1499,Quarterly,15,2024-12-29
SUB02048,CUST02048,Premium,1199,Monthly,10,2024-03-09
SUB02049,CUST02049,Basic,499,Monthly,2,2024-02-24
SUB02050,CUST02050,Premium,1199,Annual,10,2025-04-04
SUB02051,CUST02051,Standard,799,Quarterly,5,2026-03-17
SUB02052,CUST02052,Standard,799,Monthly,5,2025-08-10
SUB02053,CUST02053,Family,1499,Annual,15,2024-12-15
SUB02054,CUST02054,Family,1499,Monthly,15,2024-04-15
SUB02055,CUST02055,Basic,499,Monthly,2,2024-10-26
SUB02056,CUST02056,Basic,499,Quarterly,2,2025-07-17
SUB02057,CUST02057,Standard,799,Annual,5,2025-04-15
SUB02058,CUST02058,Standard,799,Monthly,5,2025-12-22
SUB02059,CUST02059,Premium,1199,Monthly,10,2025-02-23
SUB02060,CUST02060,Premium,1199,Monthly,10,2024-05-16
SUB02061,CUST02061,Premium,1199,Monthly,10,2025-08-14
SUB02062,CUST02062,Family,1499,Monthly,15,2025-11-10
SUB02063,CUST02063,Standard,799,Monthly,5,2026-02-10
SUB02064,CUST02064,Family,1499,Monthly,15,2025-10-24
SUB02065,CUST02065,Standard,799,Monthly,5,2025-02-13
SUB02066,CUST02066,Family,1499,Monthly,15,2024-09-21
SUB02067,CUST02067,Premium,1199,Monthly,10,2026-01-04
SUB02068,CUST02068,Standard,799,Monthly,5,2024-07-21
SUB02069,CUST02069,Family,1499,Quarterly,15,2026-02-09
SUB02070,CUST02070,Premium,1199,Monthly,10,2024-12-31
SUB02071,CUST02071,Premium,1199,Quarterly,10,2025-10-06
SUB02072,CUST02072,Standard,799,Monthly,5,2025-04-24
SUB02073,CUST02073,Premium,1199,Annual,10,2026-02-14
SUB02074,CUST02074,Family,1499,Monthly,15,2025-02-16
SUB02075,CUST02075,Premium,1199,Monthly,10,2026-01-11
SUB02076,CUST02076,Standard,799,Quarterly,5,2025-09-21
SUB02077,CUST02077,Standard,799,Quarterly,5,2024-02-24
SUB02078,CUST02078,Basic,499,Annual,2,2024-08-06
SUB02079,CUST02079,Premium,1199,Annual,10,2024-07-31
SUB02080,CUST02080,Family,1499,Monthly,15,2024-01-24
SUB02081,CUST02081,Family,1499,Monthly,15,2024-10-19
SUB02082,CUST02082,Basic,499,Quarterly,2,2026-02-01
SUB02083,CUST02083,Basic,499,Quarterly,2,2025-03-29
SUB02084,CUST02084,Standard,799,Monthly,5,2024-02-11
SUB02085,CUST02085,Standard,799,Monthly,5,2025-02-06
SUB02086,CUST02086,Basic,499,Annual,2,2024-04-24
SUB02087,CUST02087,Family,1499,Monthly,15,2024-01-01
SUB02088,CUST02088,Family,1499,Monthly,15,2025-03-16
SUB02089,CUST02089,Premium,1199,Annual,10,2024-02-15
SUB02090,CUST02090,Family,1499,Monthly,15,2024-08-09
SUB02091,CUST02091,Family,1499,Monthly,15,2024-01-01
SUB02092,CUST02092,Premium,1199,Quarterly,10,2026-04-10
SUB02093,CUST02093,Premium,1199,Monthly,10,2025-02-14
SUB02094,CUST02094,Family,1499,Annual,15,2025-08-13
SUB02095,CUST02095,Family,1499,Annual,15,2025-12-25
SUB02096,CUST02096,Basic,499,Annual,2,2024-05-18
SUB02097,CUST02097,Standard,799,Annual,5,2024-01-08
SUB02098,CUST02098,Basic,499,Annual,2,2024-04-30
SUB02099,CUST02099,Premium,1199,Annual,10,2024-03-01
SUB02100,CUST02100,Standard,799,Annual,5,2024-02-01
SUB02101,CUST02101,Basic,499,Monthly,2,2024-02-13
SUB02102,CUST02102,Premium,1199,Monthly,10,2025-03-11
SUB02103,CUST02103,Family,1499,Monthly,15,2026-04-28
SUB02104,CUST02104,Basic,499,Monthly,2,2025-12-01
SUB02105,CUST02105,Premium,1199,Quarterly,10,2024-11-08
SUB02106,CUST02106,Family,1499,Annual,15,2025-05-22
SUB02107,CUST02107,Family,1499,Annual,15,2024-11-11
SUB02108,CUST02108,Standard,799,Monthly,5,2024-02-15
SUB02109,CUST02109,Premium,1199,Annual,10,2024-10-07
SUB02110,CUST02110,Premium,1199,Annual,10,2025-01-05
SUB02111,CUST02111,Standard,799,Monthly,5,2024-08-23
SUB02112,CUST02112,Basic,499,Annual,2,2024-05-30
SUB02113,CUST02113,Basic,499,Monthly,2,2025-12-06
SUB02114,CUST02114,Family,1499,Monthly,15,2025-05-29
SUB02115,CUST02115,Standard,799,Annual,5,2025-04-07
SUB02116,CUST02116,Basic,499,Monthly,2,2025-04-22
SUB02117,CUST02117,Family,1499,Monthly,15,2025-01-09
SUB02118,CUST02118,Premium,1199,Monthly,10,2025-12-26
SUB02119,CUST02119,Premium,1199,Monthly,10,2026-01-10
SUB02120,CUST02120,Basic,499,Monthly,2,2024-09-20
SUB02121,CUST02121,Premium,1199,Monthly,10,2024-10-20
SUB02122,CUST02122,Basic,499,Annual,2,2024-07-28
SUB02123,CUST02123,Standard,799,Monthly,5,2026-02-07
SUB02124,CUST02124,Family,1499,Monthly,15,2026-01-21
SUB02125,CUST02125,Premium,1199,Monthly,10,2025-01-10
SUB02126,CUST02126,Standard,799,Monthly,5,2025-05-17
SUB02127,CUST02127,Family,1499,Monthly,15,2025-09-08
SUB02128,CUST02128,Basic,499,Monthly,2,2025-04-15
SUB02129,CUST02129,Family,1499,Monthly,15,2026-02-19
SUB02130,CUST02130,Family,1499,Monthly,15,2025-05-07
SUB02131,CUST02131,Standard,799,Quarterly,5,2024-01-12
SUB02132,CUST02132,Basic,499,Annual,2,2026-04-10
SUB02133,CUST02133,Family,1499,Quarterly,15,2024-06-06
SUB02134,CUST02134,Basic,499,Monthly,2,2025-09-29
SUB02135,CUST02135,Family,1499,Monthly,15,2024-12-10
SUB02136,CUST02136,Premium,1199,Monthly,10,2026-03-18
SUB02137,CUST02137,Basic,499,Monthly,2,2025-11-26
SUB02138,CUST02138,Basic,499,Monthly,2,2025-02-26
SUB02139,CUST02139,Premium,1199,Annual,10,2026-04-25
SUB02140,CUST02140,Standard,799,Monthly,5,2025-04-10
SUB02141,CUST02141,Standard,799,Monthly,5,2024-05-01
SUB02142,CUST02142,Standard,799,Annual,5,2025-01-07
SUB02143,CUST02143,Basic,499,Annual,2,2024-05-01
SUB02144,CUST02144,Family,1499,Monthly,15,2025-07-17
SUB02145,CUST02145,Family,1499,Monthly,15,2026-04-29
SUB02146,CUST02146,Family,1499,Monthly,15,2025-08-31
SUB02147,CUST02147,Standard,799,Monthly,5,2024-10-08
SUB02148,CUST02148,Family,1499,Monthly,15,2025-05-22
SUB02149,CUST02149,Standard,799,Monthly,5,2026-03-02
SUB02150,CUST02150,Basic,499,Quarterly,2,2024-09-10
SUB02151,CUST02151,Basic,499,Monthly,2,2026-04-10
SUB02152,CUST02152,Standard,799,Monthly,5,2025-06-12
SUB02153,CUST02153,Standard,799,Annual,5,2025-03-18
SUB02154,CUST02154,Family,1499,Annual,15,2024-07-02
SUB02155,CUST02155,Premium,1199,Monthly,10,2024-07-20
SUB02156,CUST02156,Premium,1199,Monthly,10,2024-10-03
SUB02157,CUST02157,Family,1499,Monthly,15,2024-02-02
SUB02158,CUST02158,Standard,799,Quarterly,5,2024-03-28
SUB02159,CUST02159,Standard,799,Monthly,5,2025-06-17
SUB02160,CUST02160,Basic,499,Annual,2,2024-12-08
SUB02161,CUST02161,Premium,1199,Monthly,10,2025-06-08
SUB02162,CUST02162,Basic,499,Monthly,2,2025-09-27
SUB02163,CUST02163,Family,1499,Quarterly,15,2026-04-02
SUB02164,CUST02164,Standard,799,Monthly,5,2024-02-12
SUB02165,CUST02165,Standard,799,Monthly,5,2025-10-03
SUB02166,CUST02166,Standard,799,Monthly,5,2025-01-25
SUB02167,CUST02167,Premium,1199,Monthly,10,2024-01-04
SUB02168,CUST02168,Premium,1199,Monthly,10,2024-08-01
SUB02169,CUST02169,Standard,799,Annual,5,2025-11-11
SUB02170,CUST02170,Standard,799,Quarterly,5,2025-06-12
SUB02171,CUST02171,Basic,499,Monthly,2,2024-05-21
SUB02172,CUST02172,Premium,1199,Quarterly,10,2026-01-15
SUB02173,CUST02173,Basic,499,Monthly,2,2025-07-21
SUB02174,CUST02174,Premium,1199,Annual,10,2024-12-06
SUB02175,CUST02175,Premium,1199,Monthly,10,2025-05-23
SUB02176,CUST02176,Family,1499,Quarterly,15,2025-04-03
SUB02177,CUST02177,Premium,1199,Annual,10,2024-04-18
SUB02178,CUST02178,Basic,499,Annual,2,2025-11-26
SUB02179,CUST02179,Family,1499,Annual,15,2024-12-10
SUB02180,CUST02180,Family,1499,Annual,15,2026-04-02
SUB02181,CUST02181,Standard,799,Monthly,5,2025-07-26
SUB02182,CUST02182,Family,1499,Monthly,15,2026-03-08
SUB02183,CUST02183,Basic,499,Monthly,2,2024-03-31
SUB02184,CUST02184,Basic,499,Quarterly,2,2024-02-14
SUB02185,CUST02185,Family,1499,Annual,15,2025-06-24
SUB02186,CUST02186,Premium,1199,Annual,10,2024-10-11
SUB02187,CUST02187,Family,1499,Annual,15,2024-04-05
SUB02188,CUST02188,Standard,799,Quarterly,5,2024-12-04
SUB02189,CUST02189,Standard,799,Quarterly,5,2024-03-06
SUB02190,CUST02190,Basic,499,Monthly,2,2025-12-24
SUB02191,CUST02191,Premium,1199,Quarterly,10,2024-02-22
SUB02192,CUST02192,Standard,799,Annual,5,2024-09-24
SUB02193,CUST02193,Family,1499,Monthly,15,2024-03-03
SUB02194,CUST02194,Family,1499,Monthly,15,2025-08-08
SUB02195,CUST02195,Premium,1199,Annual,10,2024-11-20
SUB02196,CUST02196,Family,1499,Monthly,15,2024-04-08
SUB02197,CUST02197,Family,1499,Annual,15,2025-09-09
SUB02198,CUST02198,Basic,499,Annual,2,2024-07-03
SUB02199,CUST02199,Basic,499,Quarterly,2,2024-05-06
SUB02200,CUST02200,Standard,799,Monthly,5,2024-06-07
SUB02201,CUST02201,Basic,499,Monthly,2,2025-02-27
SUB02202,CUST02202,Family,1499,Annual,15,2025-02-27
SUB02203,CUST02203,Family,1499,Monthly,15,2024-11-17
SUB02204,CUST02204,Basic,499,Quarterly,2,2024-11-22
SUB02205,CUST02205,Premium,1199,Annual,10,2025-10-06
SUB02206,CUST02206,Premium,1199,Monthly,10,2025-12-24
SUB02207,CUST02207,Standard,799,Quarterly,5,2025-12-01
SUB02208,CUST02208,Standard,799,Monthly,5,2026-03-08
SUB02209,CUST02209,Family,1499,Quarterly,15,2025-03-02
SUB02210,CUST02210,Family,1499,Monthly,15,2025-04-04
SUB02211,CUST02211,Basic,499,Monthly,2,2025-07-19
SUB02212,CUST02212,Premium,1199,Monthly,10,2025-06-25
SUB02213,CUST02213,Basic,499,Annual,2,2026-01-27
SUB02214,CUST02214,Family,1499,Monthly,15,2026-01-04
SUB02215,CUST02215,Premium,1199,Monthly,10,2024-12-29
SUB02216,CUST02216,Standard,799,Quarterly,5,2024-01-13
SUB02217,CUST02217,Basic,499,Annual,2,2025-08-24
SUB02218,CUST02218,Basic,499,Monthly,2,2025-06-20
SUB02219,CUST02219,Basic,499,Quarterly,2,2025-12-15
SUB02220,CUST02220,Standard,799,Monthly,5,2026-01-16
SUB02221,CUST02221,Family,1499,Monthly,15,2024-04-18
SUB02222,CUST02222,Family,1499,Quarterly,15,2024-09-25
SUB02223,CUST02223,Family,1499,Annual,15,2025-01-25
SUB02224,CUST02224,Standard,799,Monthly,5,2024-05-15
SUB02225,CUST02225,Basic,499,Monthly,2,2026-03-05
SUB02226,CUST02226,Premium,1199,Monthly,10,2025-08-28
SUB02227,CUST02227,Premium,1199,Annual,10,2026-03-23
SUB02228,CUST02228,Family,1499,Monthly,15,2025-11-07
SUB02229,CUST02229,Premium,1199,Monthly,10,2024-12-24
SUB02230,CUST02230,Standard,799,Monthly,5,2024-06-10
SUB02231,CUST02231,Standard,799,Quarterly,5,2025-03-03
SUB02232,CUST02232,Basic,499,Monthly,2,2024-10-06
SUB02233,CUST02233,Basic,499,Annual,2,2025-09-29
SUB02234,CUST02234,Premium,1199,Monthly,10,2024-08-07
SUB02235,CUST02235,Basic,499,Monthly,2,2026-03-26
SUB02236,CUST02236,Standard,799,Annual,5,2024-11-27
SUB02237,CUST02237,Premium,1199,Annual,10,2024-08-22
SUB02238,CUST02238,Basic,499,Annual,2,2024-03-17
SUB02239,CUST02239,Family,1499,Monthly,15,2024-05-04
SUB02240,CUST02240,Basic,499,Monthly,2,2025-09-03
SUB02241,CUST02241,Standard,799,Monthly,5,2025-12-21
SUB02242,CUST02242,Basic,499,Annual,2,2025-05-30
SUB02243,CUST02243,Family,1499,Monthly,15,2026-04-28
SUB02244,CUST02244,Family,1499,Quarterly,15,2025-09-26
SUB02245,CUST02245,Family,1499,Monthly,15,2025-04-19
SUB02246,CUST02246,Standard,799,Monthly,5,2025-07-27
SUB02247,CUST02247,Standard,799,Annual,5,2025-02-08
SUB02248,CUST02248,Family,1499,Quarterly,15,2025-11-07
SUB02249,CUST02249,Basic,499,Monthly,2,2025-04-04
SUB02250,CUST02250,Standard,799,Monthly,5,2024-03-15
SUB02251,CUST02251,Basic,499,Monthly,2,2024-10-10
SUB02252,CUST02252,Basic,499,Annual,2,2025-08-17
SUB02253,CUST02253,Standard,799,Quarterly,5,2025-06-12
SUB02254,CUST02254,Basic,499,Quarterly,2,2026-01-12
SUB02255,CUST02255,Family,1499,Monthly,15,2025-09-16
SUB02256,CUST02256,Premium,1199,Annual,10,2026-02-26
SUB02257,CUST02257,Basic,499,Quarterly,2,2024-12-06
SUB02258,CUST02258,Standard,799,Monthly,5,2024-12-16
SUB02259,CUST02259,Family,1499,Annual,15,2024-02-01
SUB02260,CUST02260,Premium,1199,Annual,10,2025-06-12
SUB02261,CUST02261,Standard,799,Monthly,5,2026-04-16
SUB02262,CUST02262,Standard,799,Annual,5,2026-03-11
SUB02263,CUST02263,Premium,1199,Monthly,10,2024-02-08
SUB02264,CUST02264,Basic,499,Monthly,2,2025-06-29
SUB02265,CUST02265,Standard,799,Quarterly,5,2024-08-02
SUB02266,CUST02266,Premium,1199,Monthly,10,2024-10-28
SUB02267,CUST02267,Standard,799,Monthly,5,2025-01-10
SUB02268,CUST02268,Family,1499,Monthly,15,2025-05-15
SUB02269,CUST02269,Standard,799,Quarterly,5,2025-11-03
SUB02270,CUST02270,Family,1499,Annual,15,2024-04-29
SUB02271,CUST02271,Standard,799,Annual,5,2024-12-22
SUB02272,CUST02272,Premium,1199,Monthly,10,2024-07-06
SUB02273,CUST02273,Family,1499,Annual,15,2025-03-06
SUB02274,CUST02274,Family,1499,Monthly,15,2024-09-30
SUB02275,CUST02275,Standard,799,Quarterly,5,2026-03-29
SUB02276,CUST02276,Basic,499,Annual,2,2025-11-15
SUB02277,CUST02277,Family,1499,Monthly,15,2026-04-23
SUB02278,CUST02278,Standard,799,Monthly,5,2025-04-22
SUB02279,CUST02279,Standard,799,Monthly,5,2026-03-15
SUB02280,CUST02280,Family,1499,Quarterly,15,2026-03-28
SUB02281,CUST02281,Basic,499,Monthly,2,2025-06-24
SUB02282,CUST02282,Premium,1199,Monthly,10,2024-09-10
SUB02283,CUST02283,Family,1499,Monthly,15,2024-02-28
SUB02284,CUST02284,Premium,1199,Monthly,10,2026-04-05
SUB02285,CUST02285,Basic,499,Annual,2,2025-10-26
SUB02286,CUST02286,Standard,799,Monthly,5,2024-02-24
SUB02287,CUST02287,Standard,799,Monthly,5,2026-02-05
SUB02288,CUST02288,Premium,1199,Quarterly,10,2025-02-23
SUB02289,CUST02289,Standard,799,Monthly,5,2025-08-17
SUB02290,CUST02290,Basic,499,Monthly,2,2025-11-16
SUB02291,CUST02291,Standard,799,Monthly,5,2026-04-07
SUB02292,CUST02292,Family,1499,Monthly,15,2025-05-15
SUB02293,CUST02293,Family,1499,Monthly,15,2024-11-09
SUB02294,CUST02294,Premium,1199,Quarterly,10,2025-04-18
SUB02295,CUST02295,Standard,799,Monthly,5,2024-02-01
SUB02296,CUST02296,Standard,799,Quarterly,5,2026-02-06
SUB02297,CUST02297,Basic,499,Annual,2,2025-08-09
SUB02298,CUST02298,Standard,799,Monthly,5,2025-09-30
SUB02299,CUST02299,Basic,499,Monthly,2,2025-12-27
SUB02300,CUST02300,Family,1499,Annual,15,2024-01-25
SUB02301,CUST02301,Standard,799,Quarterly,5,2024-12-10
SUB02302,CUST02302,Family,1499,Annual,15,2024-12-12
SUB02303,CUST02303,Family,1499,Annual,15,2024-07-17
SUB02304,CUST02304,Family,1499,Annual,15,2024-07-17
SUB02305,CUST02305,Standard,799,Annual,5,2026-04-09
SUB02306,CUST02306,Premium,1199,Monthly,10,2025-09-18
SUB02307,CUST02307,Basic,499,Quarterly,2,2025-06-22
SUB02308,CUST02308,Basic,499,Monthly,2,2024-07-03
SUB02309,CUST02309,Premium,1199,Monthly,10,2026-04-10
SUB02310,CUST02310,Premium,1199,Monthly,10,2024-03-09
SUB02311,CUST02311,Basic,499,Quarterly,2,2024-11-28
SUB02312,CUST02312,Premium,1199,Monthly,10,2025-02-06
SUB02313,CUST02313,Premium,1199,Annual,10,2024-02-10
SUB02314,CUST02314,Premium,1199,Monthly,10,2025-07-27
SUB02315,CUST02315,Basic,499,Monthly,2,2025-04-13
SUB02316,CUST02316,Family,1499,Monthly,15,2025-07-04
SUB02317,CUST02317,Premium,1199,Annual,10,2025-11-23
SUB02318,CUST02318,Standard,799,Annual,5,2026-04-01
SUB02319,CUST02319,Family,1499,Monthly,15,2026-01-12
SUB02320,CUST02320,Basic,499,Quarterly,2,2024-07-08
SUB02321,CUST02321,Family,1499,Annual,15,2024-01-08
SUB02322,CUST02322,Premium,1199,Quarterly,10,2024-05-08
SUB02323,CUST02323,Basic,499,Annual,2,2026-03-17
SUB02324,CUST02324,Family,1499,Monthly,15,2026-01-15
SUB02325,CUST02325,Basic,499,Monthly,2,2026-02-17
SUB02326,CUST02326,Standard,799,Monthly,5,2024-03-06
SUB02327,CUST02327,Premium,1199,Quarterly,10,2025-08-13
SUB02328,CUST02328,Basic,499,Monthly,2,2026-01-21
SUB02329,CUST02329,Family,1499,Annual,15,2026-01-06
SUB02330,CUST02330,Standard,799,Quarterly,5,2024-03-04
SUB02331,CUST02331,Standard,799,Quarterly,5,2025-07-21
SUB02332,CUST02332,Standard,799,Monthly,5,2024-09-10
SUB02333,CUST02333,Premium,1199,Monthly,10,2024-04-24
SUB02334,CUST02334,Basic,499,Monthly,2,2025-12-14
SUB02335,CUST02335,Standard,799,Monthly,5,2025-09-15
SUB02336,CUST02336,Premium,1199,Annual,10,2025-12-30
SUB02337,CUST02337,Family,1499,Monthly,15,2025-11-29
SUB02338,CUST02338,Family,1499,Monthly,15,2025-02-06
SUB02339,CUST02339,Standard,799,Annual,5,2026-04-12
SUB02340,CUST02340,Premium,1199,Annual,10,2024-05-07
SUB02341,CUST02341,Premium,1199,Monthly,10,2025-11-25
SUB02342,CUST02342,Premium,1199,Monthly,10,2024-11-26
SUB02343,CUST02343,Standard,799,Annual,5,2024-03-08
SUB02344,CUST02344,Basic,499,Monthly,2,2024-09-28
SUB02345,CUST02345,Family,1499,Monthly,15,2024-08-29
SUB02346,CUST02346,Basic,499,Monthly,2,2024-12-29
SUB02347,CUST02347,Standard,799,Quarterly,5,2025-02-02
SUB02348,CUST02348,Family,1499,Monthly,15,2026-04-30
SUB02349,CUST02349,Basic,499,Annual,2,2024-10-21
SUB02350,CUST02350,Standard,799,Annual,5,2024-10-21
SUB02351,CUST02351,Premium,1199,Monthly,10,2026-03-07
SUB02352,CUST02352,Standard,799,Monthly,5,2025-02-11
SUB02353,CUST02353,Standard,799,Monthly,5,2025-11-15
SUB02354,CUST02354,Family,1499,Monthly,15,2025-10-22
SUB02355,CUST02355,Basic,499,Monthly,2,2024-06-18
SUB02356,CUST02356,Premium,1199,Quarterly,10,2024-08-13
SUB02357,CUST02357,Premium,1199,Annual,10,2025-05-26
SUB02358,CUST02358,Standard,799,Monthly,5,2025-02-08
SUB02359,CUST02359,Standard,799,Monthly,5,2024-12-12
SUB02360,CUST02360,Premium,1199,Monthly,10,2025-02-10
SUB02361,CUST02361,Basic,499,Monthly,2,2024-06-07
SUB02362,CUST02362,Premium,1199,Monthly,10,2025-11-18
SUB02363,CUST02363,Premium,1199,Monthly,10,2025-07-24
SUB02364,CUST02364,Family,1499,Quarterly,15,2025-11-06
SUB02365,CUST02365,Standard,799,Monthly,5,2025-07-29
SUB02366,CUST02366,Standard,799,Annual,5,2026-03-22
SUB02367,CUST02367,Standard,799,Annual,5,2026-01-15
SUB02368,CUST02368,Standard,799,Monthly,5,2024-03-30
SUB02369,CUST02369,Basic,499,Monthly,2,2025-09-10
SUB02370,CUST02370,Basic,499,Monthly,2,2025-12-13
SUB02371,CUST02371,Basic,499,Monthly,2,2024-04-03
SUB02372,CUST02372,Standard,799,Monthly,5,2024-09-03
SUB02373,CUST02373,Premium,1199,Annual,10,2025-10-14
SUB02374,CUST02374,Standard,799,Monthly,5,2024-07-06
SUB02375,CUST02375,Family,1499,Monthly,15,2024-01-08
SUB02376,CUST02376,Premium,1199,Annual,10,2024-08-11
SUB02377,CUST02377,Standard,799,Quarterly,5,2024-07-09
SUB02378,CUST02378,Standard,799,Quarterly,5,2024-08-07
SUB02379,CUST02379,Family,1499,Monthly,15,2025-05-20
SUB02380,CUST02380,Standard,799,Annual,5,2025-04-24
SUB02381,CUST02381,Basic,499,Monthly,2,2024-06-24
SUB02382,CUST02382,Premium,1199,Annual,10,2024-03-03
SUB02383,CUST02383,Premium,1199,Quarterly,10,2024-08-20
SUB02384,CUST02384,Basic,499,Monthly,2,2024-04-30
SUB02385,CUST02385,Standard,799,Annual,5,2026-04-26
SUB02386,CUST02386,Basic,499,Monthly,2,2024-02-10
SUB02387,CUST02387,Basic,499,Quarterly,2,2026-04-01
SUB02388,CUST02388,Premium,1199,Quarterly,10,2025-04-03
SUB02389,CUST02389,Family,1499,Monthly,15,2025-05-26
SUB02390,CUST02390,Family,1499,Monthly,15,2024-10-01
SUB02391,CUST02391,Family,1499,Annual,15,2025-03-08
SUB02392,CUST02392,Standard,799,Quarterly,5,2025-03-26
SUB02393,CUST02393,Standard,799,Quarterly,5,2025-04-14
SUB02394,CUST02394,Premium,1199,Monthly,10,2026-02-23
SUB02395,CUST02395,Standard,799,Quarterly,5,2024-11-22
SUB02396,CUST02396,Standard,799,Monthly,5,2024-06-10
SUB02397,CUST02397,Family,1499,Monthly,15,2024-06-30
SUB02398,CUST02398,Premium,1199,Monthly,10,2025-04-15
SUB02399,CUST02399,Premium,1199,Monthly,10,2024-03-20
SUB02400,CUST02400,Basic,499,Annual,2,2024-07-02
SUB02401,CUST02401,Premium,1199,Monthly,10,2025-08-23
SUB02402,CUST02402,Premium,1199,Annual,10,2025-01-03
SUB02403,CUST02403,Standard,799,Monthly,5,2024-11-03
SUB02404,CUST02404,Basic,499,Quarterly,2,2025-03-01
SUB02405,CUST02405,Basic,499,Annual,2,2024-02-07
SUB02406,CUST02406,Standard,799,Annual,5,2025-03-01
SUB02407,CUST02407,Premium,1199,Monthly,10,2025-12-19
SUB02408,CUST02408,Basic,499,Monthly,2,2025-06-01
SUB02409,CUST02409,Family,1499,Monthly,15,2024-09-20
SUB02410,CUST02410,Standard,799,Annual,5,2025-04-12
SUB02411,CUST02411,Premium,1199,Quarterly,10,2024-11-15
SUB02412,CUST02412,Family,1499,Quarterly,15,2025-06-27
SUB02413,CUST02413,Premium,1199,Annual,10,2024-06-18
SUB02414,CUST02414,Basic,499,Annual,2,2025-10-18
SUB02415,CUST02415,Premium,1199,Monthly,10,2024-12-04
SUB02416,CUST02416,Family,1499,Monthly,15,2025-05-06
SUB02417,CUST02417,Standard,799,Monthly,5,2025-07-27
SUB02418,CUST02418,Basic,499,Quarterly,2,2024-11-23
SUB02419,CUST02419,Premium,1199,Monthly,10,2026-02-04
SUB02420,CUST02420,Family,1499,Monthly,15,2025-02-21
SUB02421,CUST02421,Premium,1199,Monthly,10,2024-12-23
SUB02422,CUST02422,Standard,799,Monthly,5,2024-03-28
SUB02423,CUST02423,Basic,499,Monthly,2,2024-02-25
SUB02424,CUST02424,Family,1499,Annual,15,2025-05-12
SUB02425,CUST02425,Standard,799,Quarterly,5,2024-04-23
SUB02426,CUST02426,Family,1499,Monthly,15,2025-11-01
SUB02427,CUST02427,Family,1499,Monthly,15,2025-03-18
SUB02428,CUST02428,Family,1499,Monthly,15,2026-02-03
SUB02429,CUST02429,Basic,499,Monthly,2,2024-09-12
SUB02430,CUST02430,Standard,799,Quarterly,5,2024-12-19
SUB02431,CUST02431,Premium,1199,Annual,10,2025-08-28
SUB02432,CUST02432,Premium,1199,Annual,10,2024-01-31
SUB02433,CUST02433,Family,1499,Monthly,15,2025-12-04
SUB02434,CUST02434,Premium,1199,Quarterly,10,2026-01-30
SUB02435,CUST02435,Premium,1199,Monthly,10,2024-09-11
SUB02436,CUST02436,Standard,799,Monthly,5,2025-01-29
SUB02437,CUST02437,Premium,1199,Annual,10,2024-05-08
SUB02438,CUST02438,Family,1499,Quarterly,15,2025-03-01
SUB02439,CUST02439,Basic,499,Monthly,2,2024-11-17
SUB02440,CUST02440,Family,1499,Monthly,15,2024-03-17
SUB02441,CUST02441,Premium,1199,Monthly,10,2026-01-26
SUB02442,CUST02442,Premium,1199,Monthly,10,2024-03-28
SUB02443,CUST02443,Basic,499,Monthly,2,2025-02-02
SUB02444,CUST02444,Basic,499,Monthly,2,2024-05-03
SUB02445,CUST02445,Standard,799,Monthly,5,2026-02-10
SUB02446,CUST02446,Standard,799,Monthly,5,2024-08-19
SUB02447,CUST02447,Standard,799,Monthly,5,2024-01-02
SUB02448,CUST02448,Premium,1199,Annual,10,2024-11-11
SUB02449,CUST02449,Premium,1199,Monthly,10,2024-01-14
SUB02450,CUST02450,Basic,499,Quarterly,2,2025-07-29
SUB02451,CUST02451,Family,1499,Monthly,15,2025-02-05
SUB02452,CUST02452,Premium,1199,Monthly,10,2025-02-28
SUB02453,CUST02453,Basic,499,Annual,2,2026-01-04
SUB02454,CUST02454,Basic,499,Annual,2,2025-02-28
SUB02455,CUST02455,Standard,799,Annual,5,2024-03-14
SUB02456,CUST02456,Family,1499,Monthly,15,2024-12-20
SUB02457,CUST02457,Premium,1199,Quarterly,10,2025-07-31
SUB02458,CUST02458,Basic,499,Annual,2,2025-07-09
SUB02459,CUST02459,Family,1499,Monthly,15,2025-08-16
SUB02460,CUST02460,Standard,799,Monthly,5,2025-07-01
SUB02461,CUST02461,Family,1499,Annual,15,2024-03-09
SUB02462,CUST02462,Basic,499,Monthly,2,2025-03-06
SUB02463,CUST02463,Basic,499,Monthly,2,2024-07-17
SUB02464,CUST02464,Premium,1199,Annual,10,2026-01-13
SUB02465,CUST02465,Family,1499,Annual,15,2024-08-05
SUB02466,CUST02466,Premium,1199,Quarterly,10,2024-04-02
SUB02467,CUST02467,Family,1499,Monthly,15,2025-02-05
SUB02468,CUST02468,Premium,1199,Annual,10,2025-09-10
SUB02469,CUST02469,Basic,499,Annual,2,2024-06-28
SUB02470,CUST02470,Standard,799,Monthly,5,2025-10-01
SUB02471,CUST02471,Family,1499,Quarterly,15,2024-03-13
SUB02472,CUST02472,Basic,499,Monthly,2,2024-06-13
SUB02473,CUST02473,Basic,499,Quarterly,2,2024-01-05
SUB02474,CUST02474,Basic,499,Annual,2,2024-03-14
SUB02475,CUST02475,Premium,1199,Annual,10,2025-06-26
SUB02476,CUST02476,Standard,799,Monthly,5,2025-12-15
SUB02477,CUST02477,Basic,499,Annual,2,2024-11-26
SUB02478,CUST02478,Basic,499,Quarterly,2,2025-03-14
SUB02479,CUST02479,Family,1499,Monthly,15,2025-12-20
SUB02480,CUST02480,Premium,1199,Quarterly,10,2026-03-07
SUB02481,CUST02481,Standard,799,Monthly,5,2026-01-09
SUB02482,CUST02482,Family,1499,Quarterly,15,2025-08-16
SUB02483,CUST02483,Basic,499,Quarterly,2,2026-02-14
SUB02484,CUST02484,Premium,1199,Annual,10,2026-02-21
SUB02485,CUST02485,Standard,799,Monthly,5,2024-03-06
SUB02486,CUST02486,Standard,799,Monthly,5,2024-12-21
SUB02487,CUST02487,Family,1499,Quarterly,15,2025-11-14
SUB02488,CUST02488,Premium,1199,Annual,10,2025-07-06
SUB02489,CUST02489,Family,1499,Monthly,15,2025-11-11
SUB02490,CUST02490,Standard,799,Monthly,5,2024-02-12
SUB02491,CUST02491,Premium,1199,Annual,10,2025-12-18
SUB02492,CUST02492,Standard,799,Annual,5,2025-02-01
SUB02493,CUST02493,Basic,499,Monthly,2,2024-06-15
SUB02494,CUST02494,Basic,499,Monthly,2,2024-02-07
SUB02495,CUST02495,Premium,1199,Quarterly,10,2025-08-28
SUB02496,CUST02496,Premium,1199,Monthly,10,2025-04-26
SUB02497,CUST02497,Premium,1199,Monthly,10,2024-08-04
SUB02498,CUST02498,Standard,799,Quarterly,5,2024-03-19
SUB02499,CUST02499,Premium,1199,Monthly,10,2025-11-03
SUB02500,CUST02500,Basic,499,Annual,2,2024-10-26
SUB02501,CUST02501,Standard,799,Monthly,5,2024-01-04
SUB02502,CUST02502,Basic,499,Monthly,2,2025-05-03
SUB02503,CUST02503,Basic,499,Quarterly,2,2024-02-25
SUB02504,CUST02504,Premium,1199,Monthly,10,2025-10-19
SUB02505,CUST02505,Basic,499,Monthly,2,2024-08-18
SUB02506,CUST02506,Basic,499,Annual,2,2025-11-18
SUB02507,CUST02507,Standard,799,Quarterly,5,2025-05-09
SUB02508,CUST02508,Premium,1199,Quarterly,10,2025-11-21
SUB02509,CUST02509,Standard,799,Monthly,5,2026-02-24
SUB02510,CUST02510,Premium,1199,Annual,10,2025-03-22
SUB02511,CUST02511,Basic,499,Monthly,2,2025-12-07
SUB02512,CUST02512,Premium,1199,Monthly,10,2025-02-13
SUB02513,CUST02513,Basic,499,Monthly,2,2024-06-09
SUB02514,CUST02514,Standard,799,Monthly,5,2024-02-12
SUB02515,CUST02515,Family,1499,Annual,15,2025-12-22
SUB02516,CUST02516,Family,1499,Annual,15,2025-09-09
SUB02517,CUST02517,Basic,499,Monthly,2,2025-02-15
SUB02518,CUST02518,Basic,499,Monthly,2,2025-03-15
SUB02519,CUST02519,Family,1499,Monthly,15,2025-08-13
SUB02520,CUST02520,Basic,499,Annual,2,2025-03-26
SUB02521,CUST02521,Basic,499,Quarterly,2,2025-11-20
SUB02522,CUST02522,Standard,799,Monthly,5,2026-03-24
SUB02523,CUST02523,Standard,799,Monthly,5,2026-03-14
SUB02524,CUST02524,Premium,1199,Monthly,10,2024-06-29
SUB02525,CUST02525,Standard,799,Annual,5,2025-01-18
SUB02526,CUST02526,Family,1499,Monthly,15,2025-10-25
SUB02527,CUST02527,Basic,499,Annual,2,2025-05-01
SUB02528,CUST02528,Standard,799,Annual,5,2024-05-31
SUB02529,CUST02529,Standard,799,Monthly,5,2025-08-06
SUB02530,CUST02530,Basic,499,Monthly,2,2025-04-17
SUB02531,CUST02531,Family,1499,Monthly,15,2025-08-11
SUB02532,CUST02532,Standard,799,Monthly,5,2026-04-06
SUB02533,CUST02533,Standard,799,Monthly,5,2024-11-23
SUB02534,CUST02534,Family,1499,Monthly,15,2024-08-19
SUB02535,CUST02535,Standard,799,Monthly,5,2024-10-20
SUB02536,CUST02536,Basic,499,Monthly,2,2024-08-14
SUB02537,CUST02537,Family,1499,Annual,15,2024-08-17
SUB02538,CUST02538,Standard,799,Monthly,5,2025-05-19
SUB02539,CUST02539,Basic,499,Monthly,2,2025-02-12
SUB02540,CUST02540,Family,1499,Annual,15,2025-12-12
SUB02541,CUST02541,Family,1499,Monthly,15,2026-04-06
SUB02542,CUST02542,Standard,799,Annual,5,2024-10-10
SUB02543,CUST02543,Family,1499,Monthly,15,2024-04-19
SUB02544,CUST02544,Family,1499,Annual,15,2026-03-03
SUB02545,CUST02545,Premium,1199,Annual,10,2025-06-17
SUB02546,CUST02546,Basic,499,Annual,2,2025-03-18
SUB02547,CUST02547,Standard,799,Quarterly,5,2025-04-03
SUB02548,CUST02548,Standard,799,Monthly,5,2024-01-05
SUB02549,CUST02549,Basic,499,Monthly,2,2026-02-16
SUB02550,CUST02550,Premium,1199,Monthly,10,2024-10-24
SUB02551,CUST02551,Family,1499,Monthly,15,2024-01-24
SUB02552,CUST02552,Family,1499,Monthly,15,2024-08-10
SUB02553,CUST02553,Premium,1199,Annual,10,2024-02-07
SUB02554,CUST02554,Standard,799,Monthly,5,2025-09-04
SUB02555,CUST02555,Standard,799,Annual,5,2024-12-13
SUB02556,CUST02556,Premium,1199,Monthly,10,2026-02-05
SUB02557,CUST02557,Family,1499,Annual,15,2024-07-09
SUB02558,CUST02558,Family,1499,Monthly,15,2024-09-09
SUB02559,CUST02559,Premium,1199,Monthly,10,2024-07-11
SUB02560,CUST02560,Premium,1199,Monthly,10,2025-05-03
SUB02561,CUST02561,Standard,799,Monthly,5,2024-04-19
SUB02562,CUST02562,Premium,1199,Monthly,10,2025-07-09
SUB02563,CUST02563,Family,1499,Monthly,15,2025-11-10
SUB02564,CUST02564,Standard,799,Annual,5,2025-06-22
SUB02565,CUST02565,Family,1499,Monthly,15,2025-03-31
SUB02566,CUST02566,Standard,799,Quarterly,5,2025-08-10
SUB02567,CUST02567,Premium,1199,Annual,10,2025-06-01
SUB02568,CUST02568,Premium,1199,Monthly,10,2024-02-29
SUB02569,CUST02569,Basic,499,Quarterly,2,2025-08-01
SUB02570,CUST02570,Family,1499,Monthly,15,2024-02-15
SUB02571,CUST02571,Standard,799,Annual,5,2024-08-10
SUB02572,CUST02572,Premium,1199,Quarterly,10,2024-11-26
SUB02573,CUST02573,Family,1499,Annual,15,2024-03-28
SUB02574,CUST02574,Standard,799,Annual,5,2026-02-25
SUB02575,CUST02575,Family,1499,Monthly,15,2024-01-11
SUB02576,CUST02576,Standard,799,Quarterly,5,2025-01-30
SUB02577,CUST02577,Premium,1199,Monthly,10,2026-02-19
SUB02578,CUST02578,Standard,799,Quarterly,5,2024-03-04
SUB02579,CUST02579,Premium,1199,Annual,10,2026-02-05
SUB02580,CUST02580,Family,1499,Monthly,15,2024-03-03
SUB02581,CUST02581,Standard,799,Annual,5,2024-01-10
SUB02582,CUST02582,Premium,1199,Monthly,10,2026-02-15
SUB02583,CUST02583,Premium,1199,Quarterly,10,2026-02-09
SUB02584,CUST02584,Basic,499,Annual,2,2025-12-08
SUB02585,CUST02585,Family,1499,Monthly,15,2024-04-16
SUB02586,CUST02586,Premium,1199,Monthly,10,2026-01-25
SUB02587,CUST02587,Basic,499,Monthly,2,2024-04-15
SUB02588,CUST02588,Basic,499,Monthly,2,2025-07-09
SUB02589,CUST02589,Family,1499,Monthly,15,2025-08-31
SUB02590,CUST02590,Premium,1199,Monthly,10,2025-01-20
SUB02591,CUST02591,Basic,499,Quarterly,2,2025-08-14
SUB02592,CUST02592,Premium,1199,Monthly,10,2024-11-16
SUB02593,CUST02593,Premium,1199,Monthly,10,2025-10-18
SUB02594,CUST02594,Family,1499,Annual,15,2025-08-17
SUB02595,CUST02595,Premium,1199,Monthly,10,2025-06-20
SUB02596,CUST02596,Standard,799,Monthly,5,2024-03-07
SUB02597,CUST02597,Standard,799,Monthly,5,2024-10-11
SUB02598,CUST02598,Premium,1199,Monthly,10,2025-01-27
SUB02599,CUST02599,Basic,499,Monthly,2,2025-10-16
SUB02600,CUST02600,Standard,799,Monthly,5,2024-10-18
SUB02601,CUST02601,Standard,799,Annual,5,2024-04-15
SUB02602,CUST02602,Basic,499,Quarterly,2,2024-01-21
SUB02603,CUST02603,Family,1499,Monthly,15,2025-03-11
SUB02604,CUST02604,Premium,1199,Annual,10,2025-11-04
SUB02605,CUST02605,Standard,799,Quarterly,5,2024-01-28
SUB02606,CUST02606,Family,1499,Monthly,15,2025-11-17
SUB02607,CUST02607,Premium,1199,Annual,10,2024-07-27
SUB02608,CUST02608,Family,1499,Monthly,15,2025-02-05
SUB02609,CUST02609,Basic,499,Annual,2,2025-02-22
SUB02610,CUST02610,Basic,499,Annual,2,2024-08-16
SUB02611,CUST02611,Family,1499,Monthly,15,2026-03-08
SUB02612,CUST02612,Family,1499,Monthly,15,2024-12-10
SUB02613,CUST02613,Family,1499,Annual,15,2024-10-24
SUB02614,CUST02614,Premium,1199,Monthly,10,2024-03-07
SUB02615,CUST02615,Basic,499,Monthly,2,2024-06-05
SUB02616,CUST02616,Family,1499,Annual,15,2024-04-29
SUB02617,CUST02617,Basic,499,Monthly,2,2025-03-27
SUB02618,CUST02618,Standard,799,Quarterly,5,2024-02-04
SUB02619,CUST02619,Standard,799,Monthly,5,2024-08-18
SUB02620,CUST02620,Premium,1199,Monthly,10,2025-05-11
SUB02621,CUST02621,Basic,499,Quarterly,2,2025-02-15
SUB02622,CUST02622,Standard,799,Monthly,5,2025-03-24
SUB02623,CUST02623,Basic,499,Quarterly,2,2024-08-23
SUB02624,CUST02624,Family,1499,Monthly,15,2024-04-20
SUB02625,CUST02625,Family,1499,Monthly,15,2025-05-15
SUB02626,CUST02626,Basic,499,Annual,2,2026-02-15
SUB02627,CUST02627,Premium,1199,Monthly,10,2026-02-23
SUB02628,CUST02628,Family,1499,Monthly,15,2025-07-25
SUB02629,CUST02629,Standard,799,Monthly,5,2025-03-30
SUB02630,CUST02630,Premium,1199,Annual,10,2025-11-06
SUB02631,CUST02631,Basic,499,Quarterly,2,2024-06-07
SUB02632,CUST02632,Family,1499,Monthly,15,2024-12-26
SUB02633,CUST02633,Basic,499,Quarterly,2,2024-06-03
SUB02634,CUST02634,Premium,1199,Monthly,10,2024-05-08
SUB02635,CUST02635,Family,1499,Annual,15,2025-08-17
SUB02636,CUST02636,Premium,1199,Monthly,10,2025-02-22
SUB02637,CUST02637,Family,1499,Monthly,15,2025-02-10
SUB02638,CUST02638,Standard,799,Monthly,5,2024-11-05
SUB02639,CUST02639,Basic,499,Annual,2,2024-06-10
SUB02640,CUST02640,Basic,499,Quarterly,2,2024-09-08
SUB02641,CUST02641,Basic,499,Quarterly,2,2025-10-16
SUB02642,CUST02642,Family,1499,Annual,15,2024-10-23
SUB02643,CUST02643,Basic,499,Monthly,2,2025-07-19
SUB02644,CUST02644,Standard,799,Quarterly,5,2024-03-25
SUB02645,CUST02645,Basic,499,Monthly,2,2026-04-25
SUB02646,CUST02646,Standard,799,Monthly,5,2024-12-04
SUB02647,CUST02647,Premium,1199,Monthly,10,2024-09-19
SUB02648,CUST02648,Basic,499,Monthly,2,2025-01-04
SUB02649,CUST02649,Standard,799,Monthly,5,2026-02-10
SUB02650,CUST02650,Family,1499,Monthly,15,2024-01-18
SUB02651,CUST02651,Premium,1199,Monthly,10,2025-10-07
SUB02652,CUST02652,Family,1499,Monthly,15,2024-01-19
SUB02653,CUST02653,Standard,799,Annual,5,2024-11-30
SUB02654,CUST02654,Basic,499,Monthly,2,2024-10-26
SUB02655,CUST02655,Family,1499,Annual,15,2024-05-03
SUB02656,CUST02656,Premium,1199,Monthly,10,2025-01-01
SUB02657,CUST02657,Family,1499,Annual,15,2024-06-02
SUB02658,CUST02658,Family,1499,Monthly,15,2025-08-16
SUB02659,CUST02659,Basic,499,Monthly,2,2024-06-16
SUB02660,CUST02660,Basic,499,Annual,2,2025-01-08
SUB02661,CUST02661,Family,1499,Quarterly,15,2024-11-13
SUB02662,CUST02662,Family,1499,Monthly,15,2025-10-27
SUB02663,CUST02663,Family,1499,Monthly,15,2024-11-21
SUB02664,CUST02664,Premium,1199,Monthly,10,2026-01-10
SUB02665,CUST02665,Family,1499,Annual,15,2024-05-05
SUB02666,CUST02666,Premium,1199,Quarterly,10,2024-08-17
SUB02667,CUST02667,Basic,499,Monthly,2,2025-03-19
SUB02668,CUST02668,Premium,1199,Quarterly,10,2025-12-08
SUB02669,CUST02669,Basic,499,Quarterly,2,2026-02-06
SUB02670,CUST02670,Premium,1199,Annual,10,2024-11-26
SUB02671,CUST02671,Basic,499,Monthly,2,2024-09-04
SUB02672,CUST02672,Family,1499,Quarterly,15,2024-01-19
SUB02673,CUST02673,Family,1499,Monthly,15,2025-06-27
SUB02674,CUST02674,Family,1499,Monthly,15,2024-02-06
SUB02675,CUST02675,Premium,1199,Quarterly,10,2026-02-19
SUB02676,CUST02676,Premium,1199,Monthly,10,2024-12-03
SUB02677,CUST02677,Premium,1199,Monthly,10,2024-05-06
SUB02678,CUST02678,Standard,799,Monthly,5,2025-10-30
SUB02679,CUST02679,Premium,1199,Monthly,10,2025-11-23
SUB02680,CUST02680,Basic,499,Quarterly,2,2024-09-24
SUB02681,CUST02681,Family,1499,Quarterly,15,2025-01-07
SUB02682,CUST02682,Basic,499,Monthly,2,2025-11-28
SUB02683,CUST02683,Basic,499,Monthly,2,2024-09-02
SUB02684,CUST02684,Standard,799,Monthly,5,2025-06-21
SUB02685,CUST02685,Premium,1199,Quarterly,10,2025-08-21
SUB02686,CUST02686,Basic,499,Monthly,2,2024-01-07
SUB02687,CUST02687,Basic,499,Monthly,2,2025-10-27
SUB02688,CUST02688,Standard,799,Annual,5,2025-03-26
SUB02689,CUST02689,Basic,499,Annual,2,2025-10-29
SUB02690,CUST02690,Premium,1199,Annual,10,2024-03-12
SUB02691,CUST02691,Basic,499,Annual,2,2026-03-18
SUB02692,CUST02692,Family,1499,Monthly,15,2024-04-26
SUB02693,CUST02693,Basic,499,Monthly,2,2026-03-03
SUB02694,CUST02694,Basic,499,Monthly,2,2024-01-15
SUB02695,CUST02695,Family,1499,Monthly,15,2024-05-10
SUB02696,CUST02696,Basic,499,Monthly,2,2024-12-09
SUB02697,CUST02697,Standard,799,Monthly,5,2025-09-28
SUB02698,CUST02698,Premium,1199,Monthly,10,2025-08-05
SUB02699,CUST02699,Family,1499,Annual,15,2024-03-27
SUB02700,CUST02700,Family,1499,Monthly,15,2024-01-20
SUB02701,CUST02701,Basic,499,Monthly,2,2024-02-20
SUB02702,CUST02702,Premium,1199,Annual,10,2024-12-25
SUB02703,CUST02703,Family,1499,Monthly,15,2024-04-01
SUB02704,CUST02704,Premium,1199,Monthly,10,2025-01-11
SUB02705,CUST02705,Family,1499,Quarterly,15,2024-03-13
SUB02706,CUST02706,Premium,1199,Monthly,10,2024-09-17
SUB02707,CUST02707,Standard,799,Monthly,5,2025-11-30
SUB02708,CUST02708,Family,1499,Annual,15,2025-03-30
SUB02709,CUST02709,Standard,799,Annual,5,2024-12-13
SUB02710,CUST02710,Premium,1199,Annual,10,2025-04-08
SUB02711,CUST02711,Premium,1199,Monthly,10,2025-09-07
SUB02712,CUST02712,Family,1499,Quarterly,15,2024-11-22
SUB02713,CUST02713,Premium,1199,Quarterly,10,2025-12-14
SUB02714,CUST02714,Premium,1199,Monthly,10,2024-08-09
SUB02715,CUST02715,Premium,1199,Quarterly,10,2026-02-09
SUB02716,CUST02716,Premium,1199,Quarterly,10,2025-12-24
SUB02717,CUST02717,Family,1499,Annual,15,2025-10-22
SUB02718,CUST02718,Family,1499,Monthly,15,2026-04-01
SUB02719,CUST02719,Basic,499,Annual,2,2024-07-16
SUB02720,CUST02720,Standard,799,Annual,5,2024-02-17
SUB02721,CUST02721,Premium,1199,Annual,10,2024-04-10
SUB02722,CUST02722,Standard,799,Annual,5,2024-04-08
SUB02723,CUST02723,Premium,1199,Monthly,10,2025-05-08
SUB02724,CUST02724,Premium,1199,Monthly,10,2025-02-14
SUB02725,CUST02725,Family,1499,Quarterly,15,2025-12-08
SUB02726,CUST02726,Basic,499,Monthly,2,2026-03-18
SUB02727,CUST02727,Standard,799,Annual,5,2025-09-03
SUB02728,CUST02728,Family,1499,Annual,15,2024-10-19
SUB02729,CUST02729,Standard,799,Monthly,5,2026-03-30
SUB02730,CUST02730,Standard,799,Monthly,5,2025-01-13
SUB02731,CUST02731,Premium,1199,Monthly,10,2024-10-08
SUB02732,CUST02732,Family,1499,Monthly,15,2024-04-10
SUB02733,CUST02733,Family,1499,Monthly,15,2026-01-13
SUB02734,CUST02734,Basic,499,Monthly,2,2024-10-03
SUB02735,CUST02735,Family,1499,Monthly,15,2024-09-12
SUB02736,CUST02736,Family,1499,Monthly,15,2026-02-03
SUB02737,CUST02737,Family,1499,Quarterly,15,2025-09-06
SUB02738,CUST02738,Family,1499,Quarterly,15,2024-07-02
SUB02739,CUST02739,Basic,499,Monthly,2,2024-11-03
SUB02740,CUST02740,Family,1499,Monthly,15,2025-08-04
SUB02741,CUST02741,Premium,1199,Quarterly,10,2025-07-15
SUB02742,CUST02742,Standard,799,Monthly,5,2024-12-20
SUB02743,CUST02743,Premium,1199,Monthly,10,2025-02-24
SUB02744,CUST02744,Basic,499,Monthly,2,2025-11-06
SUB02745,CUST02745,Family,1499,Quarterly,15,2025-11-18
SUB02746,CUST02746,Family,1499,Annual,15,2025-12-28
SUB02747,CUST02747,Family,1499,Monthly,15,2025-05-09
SUB02748,CUST02748,Basic,499,Monthly,2,2024-09-22
SUB02749,CUST02749,Family,1499,Annual,15,2025-09-29
SUB02750,CUST02750,Basic,499,Monthly,2,2025-08-28
SUB02751,CUST02751,Standard,799,Monthly,5,2024-04-08
SUB02752,CUST02752,Premium,1199,Annual,10,2026-01-05
SUB02753,CUST02753,Standard,799,Monthly,5,2025-08-09
SUB02754,CUST02754,Standard,799,Annual,5,2024-09-06
SUB02755,CUST02755,Basic,499,Annual,2,2025-07-26
SUB02756,CUST02756,Basic,499,Monthly,2,2024-08-24
SUB02757,CUST02757,Premium,1199,Monthly,10,2025-04-26
SUB02758,CUST02758,Family,1499,Monthly,15,2026-02-04
SUB02759,CUST02759,Standard,799,Monthly,5,2025-04-11
SUB02760,CUST02760,Premium,1199,Monthly,10,2024-05-01
SUB02761,CUST02761,Premium,1199,Monthly,10,2026-03-13
SUB02762,CUST02762,Basic,499,Monthly,2,2025-07-03
SUB02763,CUST02763,Basic,499,Monthly,2,2025-09-29
SUB02764,CUST02764,Premium,1199,Monthly,10,2025-05-19
SUB02765,CUST02765,Standard,799,Annual,5,2026-04-01
SUB02766,CUST02766,Standard,799,Quarterly,5,2025-08-03
SUB02767,CUST02767,Family,1499,Monthly,15,2024-11-16
SUB02768,CUST02768,Premium,1199,Quarterly,10,2025-11-25
SUB02769,CUST02769,Standard,799,Annual,5,2025-08-20
SUB02770,CUST02770,Basic,499,Quarterly,2,2024-06-08
SUB02771,CUST02771,Family,1499,Monthly,15,2024-09-08
SUB02772,CUST02772,Family,1499,Monthly,15,2025-04-20
SUB02773,CUST02773,Standard,799,Monthly,5,2024-07-29
SUB02774,CUST02774,Premium,1199,Monthly,10,2024-10-28
SUB02775,CUST02775,Family,1499,Annual,15,2025-07-11
SUB02776,CUST02776,Standard,799,Quarterly,5,2026-03-05
SUB02777,CUST02777,Premium,1199,Monthly,10,2024-09-27
SUB02778,CUST02778,Premium,1199,Monthly,10,2026-04-19
SUB02779,CUST02779,Standard,799,Monthly,5,2026-01-23
SUB02780,CUST02780,Basic,499,Monthly,2,2025-12-21
SUB02781,CUST02781,Basic,499,Annual,2,2024-08-15
SUB02782,CUST02782,Family,1499,Monthly,15,2024-01-24
SUB02783,CUST02783,Basic,499,Annual,2,2024-07-24
SUB02784,CUST02784,Basic,499,Annual,2,2025-03-21
SUB02785,CUST02785,Family,1499,Monthly,15,2025-09-21
SUB02786,CUST02786,Family,1499,Monthly,15,2025-11-10
SUB02787,CUST02787,Premium,1199,Monthly,10,2024-06-14
SUB02788,CUST02788,Family,1499,Quarterly,15,2026-03-03
SUB02789,CUST02789,Family,1499,Annual,15,2026-01-27
SUB02790,CUST02790,Standard,799,Monthly,5,2025-10-18
SUB02791,CUST02791,Basic,499,Quarterly,2,2025-02-24
SUB02792,CUST02792,Basic,499,Quarterly,2,2026-03-12
SUB02793,CUST02793,Family,1499,Monthly,15,2024-02-09
SUB02794,CUST02794,Standard,799,Monthly,5,2026-04-03
SUB02795,CUST02795,Basic,499,Annual,2,2024-03-01
SUB02796,CUST02796,Standard,799,Annual,5,2024-11-09
SUB02797,CUST02797,Family,1499,Monthly,15,2025-01-17
SUB02798,CUST02798,Basic,499,Quarterly,2,2025-07-31
SUB02799,CUST02799,Premium,1199,Monthly,10,2025-10-04
SUB02800,CUST02800,Premium,1199,Quarterly,10,2026-03-05
SUB02801,CUST02801,Family,1499,Annual,15,2026-01-19
SUB02802,CUST02802,Basic,499,Monthly,2,2026-03-25
SUB02803,CUST02803,Basic,499,Annual,2,2024-12-30
SUB02804,CUST02804,Premium,1199,Annual,10,2024-09-24
SUB02805,CUST02805,Family,1499,Monthly,15,2025-09-16
SUB02806,CUST02806,Standard,799,Monthly,5,2026-01-30
SUB02807,CUST02807,Family,1499,Quarterly,15,2024-09-25
SUB02808,CUST02808,Family,1499,Monthly,15,2024-05-13
SUB02809,CUST02809,Premium,1199,Quarterly,10,2026-02-26
SUB02810,CUST02810,Family,1499,Annual,15,2025-05-21
SUB02811,CUST02811,Basic,499,Monthly,2,2025-06-23
SUB02812,CUST02812,Standard,799,Annual,5,2024-04-11
SUB02813,CUST02813,Family,1499,Monthly,15,2026-04-01
SUB02814,CUST02814,Standard,799,Monthly,5,2024-11-29
SUB02815,CUST02815,Family,1499,Monthly,15,2024-06-23
SUB02816,CUST02816,Standard,799,Quarterly,5,2024-11-20
SUB02817,CUST02817,Family,1499,Quarterly,15,2024-09-14
SUB02818,CUST02818,Family,1499,Monthly,15,2025-10-13
SUB02819,CUST02819,Basic,499,Quarterly,2,2024-03-31
SUB02820,CUST02820,Basic,499,Monthly,2,2026-01-03
SUB02821,CUST02821,Family,1499,Annual,15,2025-04-17
SUB02822,CUST02822,Family,1499,Annual,15,2024-09-04
SUB02823,CUST02823,Family,1499,Monthly,15,2025-09-02
SUB02824,CUST02824,Basic,499,Monthly,2,2024-04-24
SUB02825,CUST02825,Premium,1199,Monthly,10,2025-03-19
SUB02826,CUST02826,Family,1499,Annual,15,2025-11-20
SUB02827,CUST02827,Standard,799,Monthly,5,2025-07-06
SUB02828,CUST02828,Premium,1199,Monthly,10,2024-03-07
SUB02829,CUST02829,Premium,1199,Monthly,10,2025-04-08
SUB02830,CUST02830,Standard,799,Monthly,5,2024-10-27
SUB02831,CUST02831,Standard,799,Monthly,5,2025-10-16
SUB02832,CUST02832,Basic,499,Monthly,2,2025-06-08
SUB02833,CUST02833,Standard,799,Monthly,5,2024-12-02
SUB02834,CUST02834,Basic,499,Quarterly,2,2025-09-29
SUB02835,CUST02835,Standard,799,Annual,5,2026-02-16
SUB02836,CUST02836,Premium,1199,Annual,10,2025-06-15
SUB02837,CUST02837,Family,1499,Monthly,15,2025-03-21
SUB02838,CUST02838,Basic,499,Monthly,2,2024-03-18
SUB02839,CUST02839,Premium,1199,Quarterly,10,2025-03-29
SUB02840,CUST02840,Basic,499,Monthly,2,2025-07-05
SUB02841,CUST02841,Family,1499,Monthly,15,2025-04-26
SUB02842,CUST02842,Basic,499,Quarterly,2,2024-05-30
SUB02843,CUST02843,Premium,1199,Quarterly,10,2024-01-13
SUB02844,CUST02844,Family,1499,Monthly,15,2024-12-21
SUB02845,CUST02845,Basic,499,Monthly,2,2025-06-02
SUB02846,CUST02846,Standard,799,Annual,5,2026-04-26
SUB02847,CUST02847,Premium,1199,Annual,10,2024-05-18
SUB02848,CUST02848,Basic,499,Annual,2,2024-02-01
SUB02849,CUST02849,Standard,799,Annual,5,2024-04-26
SUB02850,CUST02850,Standard,799,Quarterly,5,2025-07-26
SUB02851,CUST02851,Basic,499,Monthly,2,2025-01-25
SUB02852,CUST02852,Family,1499,Quarterly,15,2025-12-18
SUB02853,CUST02853,Standard,799,Monthly,5,2025-08-18
SUB02854,CUST02854,Family,1499,Monthly,15,2024-07-28
SUB02855,CUST02855,Family,1499,Monthly,15,2025-03-17
SUB02856,CUST02856,Premium,1199,Monthly,10,2026-01-02
SUB02857,CUST02857,Basic,499,Quarterly,2,2026-02-28
SUB02858,CUST02858,Basic,499,Monthly,2,2024-04-03
SUB02859,CUST02859,Basic,499,Monthly,2,2024-03-14
SUB02860,CUST02860,Standard,799,Annual,5,2024-04-29
SUB02861,CUST02861,Basic,499,Annual,2,2024-08-08
SUB02862,CUST02862,Premium,1199,Monthly,10,2025-05-22
SUB02863,CUST02863,Basic,499,Annual,2,2024-08-22
SUB02864,CUST02864,Family,1499,Monthly,15,2024-08-14
SUB02865,CUST02865,Premium,1199,Quarterly,10,2024-01-01
SUB02866,CUST02866,Family,1499,Monthly,15,2024-01-29
SUB02867,CUST02867,Premium,1199,Annual,10,2025-02-04
SUB02868,CUST02868,Family,1499,Annual,15,2024-05-23
SUB02869,CUST02869,Basic,499,Monthly,2,2024-06-14
SUB02870,CUST02870,Standard,799,Quarterly,5,2024-05-28
SUB02871,CUST02871,Premium,1199,Annual,10,2025-01-20
SUB02872,CUST02872,Premium,1199,Monthly,10,2024-01-19
SUB02873,CUST02873,Basic,499,Quarterly,2,2024-07-27
SUB02874,CUST02874,Standard,799,Monthly,5,2024-04-25
SUB02875,CUST02875,Standard,799,Annual,5,2024-09-17
SUB02876,CUST02876,Basic,499,Annual,2,2024-07-28
SUB02877,CUST02877,Premium,1199,Annual,10,2025-04-19
SUB02878,CUST02878,Premium,1199,Annual,10,2025-03-18
SUB02879,CUST02879,Basic,499,Annual,2,2025-07-08
SUB02880,CUST02880,Basic,499,Monthly,2,2024-08-12
SUB02881,CUST02881,Family,1499,Quarterly,15,2026-01-25
SUB02882,CUST02882,Basic,499,Annual,2,2025-05-11
SUB02883,CUST02883,Standard,799,Quarterly,5,2025-09-05
SUB02884,CUST02884,Premium,1199,Quarterly,10,2025-11-13
SUB02885,CUST02885,Family,1499,Monthly,15,2026-03-09
SUB02886,CUST02886,Standard,799,Annual,5,2025-04-27
SUB02887,CUST02887,Premium,1199,Annual,10,2024-09-26
SUB02888,CUST02888,Basic,499,Monthly,2,2025-05-08
SUB02889,CUST02889,Family,1499,Monthly,15,2024-11-08
SUB02890,CUST02890,Standard,799,Monthly,5,2024-01-15
SUB02891,CUST02891,Family,1499,Monthly,15,2025-07-14
SUB02892,CUST02892,Standard,799,Monthly,5,2025-11-25
SUB02893,CUST02893,Standard,799,Annual,5,2025-12-10
SUB02894,CUST02894,Standard,799,Monthly,5,2024-03-28
SUB02895,CUST02895,Premium,1199,Quarterly,10,2024-01-07
SUB02896,CUST02896,Basic,499,Monthly,2,2025-12-16
SUB02897,CUST02897,Standard,799,Monthly,5,2025-12-05
SUB02898,CUST02898,Standard,799,Monthly,5,2026-02-16
SUB02899,CUST02899,Basic,499,Monthly,2,2025-06-27
SUB02900,CUST02900,Family,1499,Quarterly,15,2025-07-03
SUB02901,CUST02901,Standard,799,Annual,5,2024-09-07
SUB02902,CUST02902,Basic,499,Monthly,2,2024-08-24
SUB02903,CUST02903,Standard,799,Quarterly,5,2025-05-18
SUB02904,CUST02904,Basic,499,Monthly,2,2024-07-09
SUB02905,CUST02905,Standard,799,Monthly,5,2026-02-15
SUB02906,CUST02906,Family,1499,Quarterly,15,2025-01-03
SUB02907,CUST02907,Premium,1199,Monthly,10,2025-06-21
SUB02908,CUST02908,Premium,1199,Monthly,10,2024-07-13
SUB02909,CUST02909,Family,1499,Annual,15,2025-05-23
SUB02910,CUST02910,Standard,799,Monthly,5,2024-01-03
SUB02911,CUST02911,Basic,499,Quarterly,2,2024-11-22
SUB02912,CUST02912,Premium,1199,Annual,10,2026-03-24
SUB02913,CUST02913,Standard,799,Quarterly,5,2025-01-08
SUB02914,CUST02914,Basic,499,Quarterly,2,2024-08-03
SUB02915,CUST02915,Premium,1199,Monthly,10,2025-12-20
SUB02916,CUST02916,Basic,499,Monthly,2,2025-04-14
SUB02917,CUST02917,Family,1499,Quarterly,15,2025-09-14
SUB02918,CUST02918,Standard,799,Annual,5,2025-06-23
SUB02919,CUST02919,Premium,1199,Annual,10,2024-03-12
SUB02920,CUST02920,Basic,499,Annual,2,2024-07-21
SUB02921,CUST02921,Standard,799,Monthly,5,2024-05-15
SUB02922,CUST02922,Standard,799,Quarterly,5,2025-07-05
SUB02923,CUST02923,Family,1499,Quarterly,15,2025-05-13
SUB02924,CUST02924,Family,1499,Monthly,15,2024-02-24
SUB02925,CUST02925,Premium,1199,Monthly,10,2025-05-06
SUB02926,CUST02926,Basic,499,Annual,2,2024-02-26
SUB02927,CUST02927,Family,1499,Monthly,15,2024-04-27
SUB02928,CUST02928,Standard,799,Annual,5,2024-01-31
SUB02929,CUST02929,Family,1499,Annual,15,2026-01-22
SUB02930,CUST02930,Basic,499,Quarterly,2,2025-12-02
SUB02931,CUST02931,Family,1499,Monthly,15,2024-10-21
SUB02932,CUST02932,Premium,1199,Monthly,10,2026-03-19
SUB02933,CUST02933,Standard,799,Monthly,5,2025-09-05
SUB02934,CUST02934,Standard,799,Monthly,5,2024-11-16
SUB02935,CUST02935,Standard,799,Monthly,5,2025-10-29
SUB02936,CUST02936,Premium,1199,Annual,10,2024-06-07
SUB02937,CUST02937,Premium,1199,Annual,10,2025-05-13
SUB02938,CUST02938,Basic,499,Annual,2,2024-11-05
SUB02939,CUST02939,Family,1499,Annual,15,2025-12-11
SUB02940,CUST02940,Premium,1199,Quarterly,10,2025-12-16
SUB02941,CUST02941,Basic,499,Quarterly,2,2025-02-15
SUB02942,CUST02942,Premium,1199,Quarterly,10,2026-02-15
SUB02943,CUST02943,Premium,1199,Quarterly,10,2025-04-28
SUB02944,CUST02944,Premium,1199,Annual,10,2024-01-26
SUB02945,CUST02945,Premium,1199,Annual,10,2024-03-14
SUB02946,CUST02946,Premium,1199,Monthly,10,2025-07-28
SUB02947,CUST02947,Standard,799,Annual,5,2025-11-26
SUB02948,CUST02948,Premium,1199,Monthly,10,2024-02-05
SUB02949,CUST02949,Premium,1199,Monthly,10,2024-08-01
SUB02950,CUST02950,Standard,799,Quarterly,5,2026-04-24
SUB02951,CUST02951,Standard,799,Quarterly,5,2024-07-04
SUB02952,CUST02952,Standard,799,Monthly,5,2025-05-15
SUB02953,CUST02953,Basic,499,Annual,2,2025-12-18
SUB02954,CUST02954,Basic,499,Monthly,2,2024-08-14
SUB02955,CUST02955,Premium,1199,Monthly,10,2024-08-03
SUB02956,CUST02956,Basic,499,Monthly,2,2025-01-26
SUB02957,CUST02957,Family,1499,Monthly,15,2025-03-16
SUB02958,CUST02958,Basic,499,Monthly,2,2024-09-18
SUB02959,CUST02959,Basic,499,Monthly,2,2025-04-27
SUB02960,CUST02960,Premium,1199,Monthly,10,2026-01-27
SUB02961,CUST02961,Basic,499,Annual,2,2025-10-10
SUB02962,CUST02962,Basic,499,Annual,2,2024-08-05
SUB02963,CUST02963,Standard,799,Monthly,5,2026-04-04
SUB02964,CUST02964,Basic,499,Monthly,2,2026-03-31
SUB02965,CUST02965,Basic,499,Monthly,2,2025-12-12
SUB02966,CUST02966,Basic,499,Monthly,2,2024-11-22
SUB02967,CUST02967,Family,1499,Annual,15,2025-06-12
SUB02968,CUST02968,Family,1499,Monthly,15,2024-01-13
SUB02969,CUST02969,Family,1499,Monthly,15,2025-03-13
SUB02970,CUST02970,Standard,799,Quarterly,5,2025-07-05
SUB02971,CUST02971,Basic,499,Annual,2,2025-05-06
SUB02972,CUST02972,Family,1499,Monthly,15,2024-11-10
SUB02973,CUST02973,Premium,1199,Monthly,10,2025-12-04
SUB02974,CUST02974,Basic,499,Quarterly,2,2024-11-24
SUB02975,CUST02975,Family,1499,Monthly,15,2024-09-23
SUB02976,CUST02976,Family,1499,Monthly,15,2024-09-04
SUB02977,CUST02977,Basic,499,Quarterly,2,2025-02-04
SUB02978,CUST02978,Standard,799,Quarterly,5,2024-04-14
SUB02979,CUST02979,Premium,1199,Monthly,10,2025-03-11
SUB02980,CUST02980,Basic,499,Monthly,2,2024-03-09
SUB02981,CUST02981,Premium,1199,Quarterly,10,2024-01-08
SUB02982,CUST02982,Premium,1199,Monthly,10,2025-07-07
SUB02983,CUST02983,Premium,1199,Monthly,10,2024-01-16
SUB02984,CUST02984,Basic,499,Monthly,2,2024-04-15
SUB02985,CUST02985,Basic,499,Quarterly,2,2026-04-04
SUB02986,CUST02986,Family,1499,Quarterly,15,2024-05-18
SUB02987,CUST02987,Standard,799,Quarterly,5,2025-11-03
SUB02988,CUST02988,Premium,1199,Monthly,10,2025-12-12
SUB02989,CUST02989,Family,1499,Monthly,15,2024-05-12
SUB02990,CUST02990,Basic,499,Annual,2,2024-01-14
SUB02991,CUST02991,Family,1499,Quarterly,15,2025-04-10
SUB02992,CUST02992,Family,1499,Monthly,15,2025-12-14
SUB02993,CUST02993,Standard,799,Monthly,5,2026-04-21
SUB02994,CUST02994,Premium,1199,Quarterly,10,2025-10-22
SUB02995,CUST02995,Family,1499,Monthly,15,2025-05-14
SUB02996,CUST02996,Family,1499,Quarterly,15,2025-10-04
SUB02997,CUST02997,Premium,1199,Annual,10,2024-05-03
SUB02998,CUST02998,Premium,1199,Monthly,10,2024-03-23
SUB02999,CUST02999,Family,1499,Annual,15,2025-05-27
SUB03000,CUST03000,Standard,799,Annual,5,2026-03-14
SUB03001,CUST03001,Basic,499,Quarterly,2,2024-05-22
SUB03002,CUST03002,Basic,499,Monthly,2,2025-07-03
SUB03003,CUST03003,Family,1499,Monthly,15,2024-01-16
SUB03004,CUST03004,Premium,1199,Monthly,10,2025-01-22
SUB03005,CUST03005,Family,1499,Monthly,15,2024-01-26
SUB03006,CUST03006,Premium,1199,Annual,10,2024-12-17
SUB03007,CUST03007,Basic,499,Monthly,2,2024-01-07
SUB03008,CUST03008,Family,1499,Quarterly,15,2025-10-26
SUB03009,CUST03009,Standard,799,Annual,5,2024-07-01
SUB03010,CUST03010,Basic,499,Annual,2,2024-10-28
SUB03011,CUST03011,Family,1499,Monthly,15,2025-10-13
SUB03012,CUST03012,Standard,799,Monthly,5,2025-06-20
SUB03013,CUST03013,Standard,799,Quarterly,5,2025-07-31
SUB03014,CUST03014,Premium,1199,Quarterly,10,2026-02-19
SUB03015,CUST03015,Standard,799,Monthly,5,2024-02-05
SUB03016,CUST03016,Standard,799,Monthly,5,2026-02-22
SUB03017,CUST03017,Premium,1199,Annual,10,2024-03-20
SUB03018,CUST03018,Basic,499,Monthly,2,2025-04-20
SUB03019,CUST03019,Standard,799,Monthly,5,2025-02-01
SUB03020,CUST03020,Basic,499,Annual,2,2024-03-16
SUB03021,CUST03021,Premium,1199,Monthly,10,2024-06-22
SUB03022,CUST03022,Basic,499,Annual,2,2026-04-02
SUB03023,CUST03023,Premium,1199,Annual,10,2025-11-02
SUB03024,CUST03024,Premium,1199,Monthly,10,2025-07-29
SUB03025,CUST03025,Premium,1199,Monthly,10,2025-07-23
SUB03026,CUST03026,Standard,799,Annual,5,2024-12-19
SUB03027,CUST03027,Premium,1199,Monthly,10,2024-01-27
SUB03028,CUST03028,Family,1499,Annual,15,2025-10-23
SUB03029,CUST03029,Basic,499,Quarterly,2,2024-04-17
SUB03030,CUST03030,Basic,499,Monthly,2,2024-05-16
SUB03031,CUST03031,Basic,499,Monthly,2,2024-08-24
SUB03032,CUST03032,Basic,499,Quarterly,2,2025-11-09
SUB03033,CUST03033,Basic,499,Annual,2,2025-02-21
SUB03034,CUST03034,Family,1499,Quarterly,15,2025-04-26
SUB03035,CUST03035,Standard,799,Annual,5,2024-07-19
SUB03036,CUST03036,Standard,799,Quarterly,5,2026-03-16
SUB03037,CUST03037,Premium,1199,Monthly,10,2026-04-17
SUB03038,CUST03038,Standard,799,Quarterly,5,2026-04-10
SUB03039,CUST03039,Premium,1199,Quarterly,10,2025-04-15
SUB03040,CUST03040,Family,1499,Monthly,15,2025-08-16
SUB03041,CUST03041,Basic,499,Monthly,2,2026-01-28
SUB03042,CUST03042,Premium,1199,Monthly,10,2025-02-07
SUB03043,CUST03043,Standard,799,Monthly,5,2025-01-06
SUB03044,CUST03044,Basic,499,Quarterly,2,2026-04-02
SUB03045,CUST03045,Family,1499,Annual,15,2024-05-26
SUB03046,CUST03046,Basic,499,Monthly,2,2024-06-23
SUB03047,CUST03047,Standard,799,Annual,5,2025-05-04
SUB03048,CUST03048,Premium,1199,Monthly,10,2026-02-28
SUB03049,CUST03049,Premium,1199,Monthly,10,2025-03-24
SUB03050,CUST03050,Basic,499,Quarterly,2,2025-04-22
SUB03051,CUST03051,Basic,499,Monthly,2,2024-10-13
SUB03052,CUST03052,Premium,1199,Monthly,10,2025-08-05
SUB03053,CUST03053,Premium,1199,Quarterly,10,2025-01-14
SUB03054,CUST03054,Family,1499,Monthly,15,2025-06-18
SUB03055,CUST03055,Basic,499,Monthly,2,2024-03-07
SUB03056,CUST03056,Basic,499,Monthly,2,2024-03-22
SUB03057,CUST03057,Premium,1199,Monthly,10,2024-04-24
SUB03058,CUST03058,Premium,1199,Quarterly,10,2024-07-10
SUB03059,CUST03059,Basic,499,Annual,2,2024-02-09
SUB03060,CUST03060,Family,1499,Annual,15,2024-04-23
SUB03061,CUST03061,Premium,1199,Quarterly,10,2026-04-20
SUB03062,CUST03062,Basic,499,Annual,2,2025-07-15
SUB03063,CUST03063,Standard,799,Monthly,5,2025-06-03
SUB03064,CUST03064,Basic,499,Annual,2,2024-03-26
SUB03065,CUST03065,Standard,799,Monthly,5,2025-04-01
SUB03066,CUST03066,Premium,1199,Monthly,10,2025-08-23
SUB03067,CUST03067,Premium,1199,Monthly,10,2025-10-20
SUB03068,CUST03068,Premium,1199,Monthly,10,2025-07-15
SUB03069,CUST03069,Basic,499,Annual,2,2026-03-30
SUB03070,CUST03070,Family,1499,Monthly,15,2025-09-02
SUB03071,CUST03071,Premium,1199,Quarterly,10,2024-08-30
SUB03072,CUST03072,Family,1499,Monthly,15,2025-10-19
SUB03073,CUST03073,Family,1499,Monthly,15,2024-02-06
SUB03074,CUST03074,Premium,1199,Annual,10,2025-01-03
SUB03075,CUST03075,Family,1499,Monthly,15,2024-02-15
SUB03076,CUST03076,Standard,799,Monthly,5,2024-09-12
SUB03077,CUST03077,Premium,1199,Monthly,10,2025-09-03
SUB03078,CUST03078,Basic,499,Monthly,2,2025-05-25
SUB03079,CUST03079,Basic,499,Monthly,2,2025-12-07
SUB03080,CUST03080,Basic,499,Quarterly,2,2026-03-25
SUB03081,CUST03081,Premium,1199,Monthly,10,2024-08-10
SUB03082,CUST03082,Premium,1199,Monthly,10,2025-02-24
SUB03083,CUST03083,Premium,1199,Monthly,10,2025-01-21
SUB03084,CUST03084,Premium,1199,Monthly,10,2025-03-29
SUB03085,CUST03085,Premium,1199,Monthly,10,2024-06-11
SUB03086,CUST03086,Basic,499,Annual,2,2025-11-05
SUB03087,CUST03087,Premium,1199,Monthly,10,2025-06-01
SUB03088,CUST03088,Premium,1199,Quarterly,10,2025-07-24
SUB03089,CUST03089,Family,1499,Annual,15,2025-09-13
SUB03090,CUST03090,Family,1499,Monthly,15,2026-03-28
SUB03091,CUST03091,Premium,1199,Annual,10,2024-03-04
SUB03092,CUST03092,Standard,799,Annual,5,2025-06-17
SUB03093,CUST03093,Basic,499,Annual,2,2025-04-02
SUB03094,CUST03094,Premium,1199,Monthly,10,2024-03-10
SUB03095,CUST03095,Family,1499,Monthly,15,2026-01-22
SUB03096,CUST03096,Family,1499,Quarterly,15,2025-07-12
SUB03097,CUST03097,Premium,1199,Monthly,10,2024-03-02
SUB03098,CUST03098,Basic,499,Monthly,2,2025-05-04
SUB03099,CUST03099,Premium,1199,Quarterly,10,2024-10-16
SUB03100,CUST03100,Premium,1199,Quarterly,10,2025-02-01
SUB03101,CUST03101,Standard,799,Quarterly,5,2024-08-30
SUB03102,CUST03102,Family,1499,Annual,15,2026-02-24
SUB03103,CUST03103,Basic,499,Annual,2,2025-06-07
SUB03104,CUST03104,Premium,1199,Annual,10,2026-01-04
SUB03105,CUST03105,Family,1499,Monthly,15,2025-10-04
SUB03106,CUST03106,Basic,499,Monthly,2,2024-06-18
SUB03107,CUST03107,Standard,799,Monthly,5,2024-05-05
SUB03108,CUST03108,Basic,499,Monthly,2,2026-01-29
SUB03109,CUST03109,Family,1499,Annual,15,2025-09-24
SUB03110,CUST03110,Family,1499,Monthly,15,2024-05-08
SUB03111,CUST03111,Premium,1199,Quarterly,10,2025-04-16
SUB03112,CUST03112,Basic,499,Monthly,2,2024-10-02
SUB03113,CUST03113,Family,1499,Annual,15,2024-03-27
SUB03114,CUST03114,Premium,1199,Monthly,10,2024-06-14
SUB03115,CUST03115,Family,1499,Monthly,15,2024-04-12
SUB03116,CUST03116,Standard,799,Monthly,5,2025-08-07
SUB03117,CUST03117,Basic,499,Annual,2,2025-01-13
SUB03118,CUST03118,Basic,499,Monthly,2,2025-10-09
SUB03119,CUST03119,Basic,499,Monthly,2,2025-02-26
SUB03120,CUST03120,Basic,499,Monthly,2,2025-08-17
SUB03121,CUST03121,Family,1499,Quarterly,15,2024-09-25
SUB03122,CUST03122,Premium,1199,Annual,10,2024-07-15
SUB03123,CUST03123,Basic,499,Annual,2,2025-11-29
SUB03124,CUST03124,Basic,499,Monthly,2,2025-05-20
SUB03125,CUST03125,Basic,499,Annual,2,2025-09-26
SUB03126,CUST03126,Standard,799,Annual,5,2025-08-05
SUB03127,CUST03127,Standard,799,Monthly,5,2025-11-01
SUB03128,CUST03128,Premium,1199,Annual,10,2025-11-24
SUB03129,CUST03129,Standard,799,Quarterly,5,2024-12-30
SUB03130,CUST03130,Family,1499,Annual,15,2024-01-02
SUB03131,CUST03131,Premium,1199,Monthly,10,2025-06-27
SUB03132,CUST03132,Family,1499,Monthly,15,2025-09-15
SUB03133,CUST03133,Standard,799,Quarterly,5,2025-08-03
SUB03134,CUST03134,Standard,799,Quarterly,5,2024-11-23
SUB03135,CUST03135,Basic,499,Annual,2,2024-05-18
SUB03136,CUST03136,Standard,799,Quarterly,5,2025-07-09
SUB03137,CUST03137,Basic,499,Monthly,2,2025-02-19
SUB03138,CUST03138,Family,1499,Quarterly,15,2024-08-12
SUB03139,CUST03139,Premium,1199,Monthly,10,2025-06-01
SUB03140,CUST03140,Premium,1199,Annual,10,2026-02-06
SUB03141,CUST03141,Basic,499,Monthly,2,2024-01-08
SUB03142,CUST03142,Premium,1199,Annual,10,2025-12-17
SUB03143,CUST03143,Basic,499,Quarterly,2,2026-02-06
SUB03144,CUST03144,Standard,799,Monthly,5,2024-09-19
SUB03145,CUST03145,Standard,799,Monthly,5,2025-10-20
SUB03146,CUST03146,Basic,499,Monthly,2,2025-10-31
SUB03147,CUST03147,Standard,799,Quarterly,5,2024-09-07
SUB03148,CUST03148,Premium,1199,Monthly,10,2025-03-10
SUB03149,CUST03149,Basic,499,Quarterly,2,2025-05-04
SUB03150,CUST03150,Family,1499,Monthly,15,2024-12-22
SUB03151,CUST03151,Family,1499,Monthly,15,2024-02-11
SUB03152,CUST03152,Basic,499,Quarterly,2,2024-02-16
SUB03153,CUST03153,Family,1499,Quarterly,15,2025-09-28
SUB03154,CUST03154,Standard,799,Quarterly,5,2025-01-13
SUB03155,CUST03155,Family,1499,Quarterly,15,2026-01-11
SUB03156,CUST03156,Premium,1199,Monthly,10,2024-03-08
SUB03157,CUST03157,Basic,499,Monthly,2,2025-09-14
SUB03158,CUST03158,Family,1499,Monthly,15,2024-04-29
SUB03159,CUST03159,Family,1499,Annual,15,2025-06-14
SUB03160,CUST03160,Family,1499,Annual,15,2025-10-14
SUB03161,CUST03161,Standard,799,Quarterly,5,2024-06-25
SUB03162,CUST03162,Family,1499,Monthly,15,2025-06-28
SUB03163,CUST03163,Standard,799,Monthly,5,2025-03-24
SUB03164,CUST03164,Basic,499,Monthly,2,2024-01-04
SUB03165,CUST03165,Family,1499,Monthly,15,2026-01-01
SUB03166,CUST03166,Standard,799,Annual,5,2024-04-30
SUB03167,CUST03167,Premium,1199,Monthly,10,2024-12-25
SUB03168,CUST03168,Family,1499,Monthly,15,2025-02-17
SUB03169,CUST03169,Standard,799,Monthly,5,2024-01-29
SUB03170,CUST03170,Premium,1199,Monthly,10,2024-07-01
SUB03171,CUST03171,Premium,1199,Quarterly,10,2024-06-21
SUB03172,CUST03172,Premium,1199,Monthly,10,2024-04-30
SUB03173,CUST03173,Basic,499,Monthly,2,2024-05-31
SUB03174,CUST03174,Premium,1199,Monthly,10,2024-10-12
SUB03175,CUST03175,Standard,799,Monthly,5,2024-11-28
SUB03176,CUST03176,Basic,499,Monthly,2,2024-11-15
SUB03177,CUST03177,Premium,1199,Monthly,10,2024-09-26
SUB03178,CUST03178,Standard,799,Monthly,5,2024-12-04
SUB03179,CUST03179,Basic,499,Monthly,2,2025-02-10
SUB03180,CUST03180,Standard,799,Quarterly,5,2024-11-23
SUB03181,CUST03181,Premium,1199,Monthly,10,2024-10-25
SUB03182,CUST03182,Standard,799,Monthly,5,2024-06-14
SUB03183,CUST03183,Standard,799,Monthly,5,2024-08-28
SUB03184,CUST03184,Basic,499,Monthly,2,2025-02-28
SUB03185,CUST03185,Family,1499,Quarterly,15,2025-05-11
SUB03186,CUST03186,Standard,799,Monthly,5,2024-04-24
SUB03187,CUST03187,Family,1499,Quarterly,15,2025-08-07
SUB03188,CUST03188,Basic,499,Quarterly,2,2024-06-27
SUB03189,CUST03189,Standard,799,Annual,5,2025-09-08
SUB03190,CUST03190,Premium,1199,Monthly,10,2026-03-06
SUB03191,CUST03191,Premium,1199,Annual,10,2025-03-08
SUB03192,CUST03192,Basic,499,Annual,2,2025-08-11
SUB03193,CUST03193,Premium,1199,Annual,10,2025-12-27
SUB03194,CUST03194,Family,1499,Monthly,15,2024-03-03
SUB03195,CUST03195,Standard,799,Monthly,5,2025-04-24
SUB03196,CUST03196,Family,1499,Monthly,15,2024-08-26
SUB03197,CUST03197,Basic,499,Monthly,2,2025-07-07
SUB03198,CUST03198,Standard,799,Quarterly,5,2025-04-30
SUB03199,CUST03199,Family,1499,Quarterly,15,2025-01-24
SUB03200,CUST03200,Family,1499,Monthly,15,2024-02-12
SUB03201,CUST03201,Family,1499,Quarterly,15,2026-02-13
SUB03202,CUST03202,Family,1499,Quarterly,15,2025-06-13
SUB03203,CUST03203,Basic,499,Monthly,2,2026-02-09
SUB03204,CUST03204,Standard,799,Annual,5,2025-11-09
SUB03205,CUST03205,Family,1499,Quarterly,15,2025-01-21
SUB03206,CUST03206,Family,1499,Monthly,15,2025-07-08
SUB03207,CUST03207,Premium,1199,Annual,10,2025-08-18
SUB03208,CUST03208,Family,1499,Annual,15,2025-07-02
SUB03209,CUST03209,Family,1499,Monthly,15,2025-10-24
SUB03210,CUST03210,Premium,1199,Annual,10,2024-04-09
SUB03211,CUST03211,Standard,799,Monthly,5,2025-07-05
SUB03212,CUST03212,Standard,799,Monthly,5,2025-04-02
SUB03213,CUST03213,Basic,499,Quarterly,2,2024-06-11
SUB03214,CUST03214,Premium,1199,Annual,10,2025-12-08
SUB03215,CUST03215,Premium,1199,Annual,10,2025-10-22
SUB03216,CUST03216,Basic,499,Monthly,2,2024-02-12
SUB03217,CUST03217,Basic,499,Monthly,2,2024-03-31
SUB03218,CUST03218,Premium,1199,Annual,10,2026-03-12
SUB03219,CUST03219,Family,1499,Annual,15,2024-12-19
SUB03220,CUST03220,Premium,1199,Monthly,10,2024-10-24
SUB03221,CUST03221,Basic,499,Monthly,2,2026-03-24
SUB03222,CUST03222,Standard,799,Monthly,5,2024-05-01
SUB03223,CUST03223,Standard,799,Monthly,5,2024-04-23
SUB03224,CUST03224,Basic,499,Monthly,2,2025-11-12
SUB03225,CUST03225,Standard,799,Annual,5,2025-11-22
SUB03226,CUST03226,Standard,799,Annual,5,2026-03-27
SUB03227,CUST03227,Standard,799,Monthly,5,2025-06-19
SUB03228,CUST03228,Basic,499,Monthly,2,2024-02-28
SUB03229,CUST03229,Standard,799,Quarterly,5,2026-02-24
SUB03230,CUST03230,Standard,799,Quarterly,5,2025-01-28
SUB03231,CUST03231,Premium,1199,Quarterly,10,2026-04-11
SUB03232,CUST03232,Standard,799,Quarterly,5,2026-04-23
SUB03233,CUST03233,Premium,1199,Annual,10,2024-12-02
SUB03234,CUST03234,Family,1499,Monthly,15,2024-05-14
SUB03235,CUST03235,Family,1499,Monthly,15,2024-12-31
SUB03236,CUST03236,Basic,499,Monthly,2,2025-12-19
SUB03237,CUST03237,Premium,1199,Quarterly,10,2024-06-13
SUB03238,CUST03238,Standard,799,Annual,5,2024-03-17
SUB03239,CUST03239,Family,1499,Monthly,15,2025-03-23
SUB03240,CUST03240,Family,1499,Quarterly,15,2025-07-28
SUB03241,CUST03241,Premium,1199,Monthly,10,2025-03-10
SUB03242,CUST03242,Family,1499,Monthly,15,2025-05-31
SUB03243,CUST03243,Standard,799,Monthly,5,2026-03-28
SUB03244,CUST03244,Standard,799,Quarterly,5,2026-02-23
SUB03245,CUST03245,Family,1499,Monthly,15,2024-09-06
SUB03246,CUST03246,Premium,1199,Monthly,10,2025-11-17
SUB03247,CUST03247,Family,1499,Quarterly,15,2024-12-05
SUB03248,CUST03248,Family,1499,Quarterly,15,2025-12-10
SUB03249,CUST03249,Basic,499,Monthly,2,2025-09-16
SUB03250,CUST03250,Basic,499,Annual,2,2025-09-25
SUB03251,CUST03251,Standard,799,Monthly,5,2024-10-06
SUB03252,CUST03252,Premium,1199,Quarterly,10,2025-06-10
SUB03253,CUST03253,Basic,499,Annual,2,2024-07-28
SUB03254,CUST03254,Standard,799,Monthly,5,2025-09-07
SUB03255,CUST03255,Basic,499,Monthly,2,2026-04-20
SUB03256,CUST03256,Standard,799,Monthly,5,2025-03-10
SUB03257,CUST03257,Basic,499,Monthly,2,2025-09-30
SUB03258,CUST03258,Family,1499,Monthly,15,2025-09-07
SUB03259,CUST03259,Basic,499,Quarterly,2,2025-12-24
SUB03260,CUST03260,Standard,799,Monthly,5,2024-08-01
SUB03261,CUST03261,Family,1499,Annual,15,2026-02-15
SUB03262,CUST03262,Standard,799,Monthly,5,2025-10-23
SUB03263,CUST03263,Standard,799,Annual,5,2024-02-25
SUB03264,CUST03264,Standard,799,Monthly,5,2025-08-28
SUB03265,CUST03265,Family,1499,Quarterly,15,2025-10-03
SUB03266,CUST03266,Basic,499,Quarterly,2,2025-02-22
SUB03267,CUST03267,Basic,499,Monthly,2,2025-06-10
SUB03268,CUST03268,Standard,799,Annual,5,2025-02-02
SUB03269,CUST03269,Premium,1199,Monthly,10,2024-05-15
SUB03270,CUST03270,Basic,499,Annual,2,2025-01-04
SUB03271,CUST03271,Premium,1199,Monthly,10,2024-05-17
SUB03272,CUST03272,Premium,1199,Monthly,10,2025-09-02
SUB03273,CUST03273,Premium,1199,Annual,10,2026-02-05
SUB03274,CUST03274,Standard,799,Monthly,5,2025-05-01
SUB03275,CUST03275,Basic,499,Annual,2,2025-04-11
SUB03276,CUST03276,Basic,499,Annual,2,2025-12-23
SUB03277,CUST03277,Premium,1199,Monthly,10,2024-10-19
SUB03278,CUST03278,Family,1499,Quarterly,15,2024-07-11
SUB03279,CUST03279,Family,1499,Monthly,15,2026-04-27
SUB03280,CUST03280,Family,1499,Annual,15,2024-05-16
SUB03281,CUST03281,Basic,499,Monthly,2,2025-05-22
SUB03282,CUST03282,Basic,499,Annual,2,2024-12-30
SUB03283,CUST03283,Standard,799,Monthly,5,2025-04-22
SUB03284,CUST03284,Standard,799,Quarterly,5,2026-02-07
SUB03285,CUST03285,Standard,799,Annual,5,2024-10-02
SUB03286,CUST03286,Basic,499,Monthly,2,2024-06-06
SUB03287,CUST03287,Standard,799,Quarterly,5,2025-07-24
SUB03288,CUST03288,Family,1499,Monthly,15,2024-06-11
SUB03289,CUST03289,Premium,1199,Annual,10,2025-05-19
SUB03290,CUST03290,Premium,1199,Monthly,10,2025-09-10
SUB03291,CUST03291,Premium,1199,Monthly,10,2024-05-05
SUB03292,CUST03292,Family,1499,Annual,15,2024-08-06
SUB03293,CUST03293,Family,1499,Monthly,15,2025-10-10
SUB03294,CUST03294,Family,1499,Annual,15,2025-11-19
SUB03295,CUST03295,Premium,1199,Monthly,10,2024-01-06
SUB03296,CUST03296,Standard,799,Monthly,5,2026-04-02
SUB03297,CUST03297,Family,1499,Monthly,15,2024-04-18
SUB03298,CUST03298,Basic,499,Quarterly,2,2025-04-08
SUB03299,CUST03299,Family,1499,Monthly,15,2024-03-13
SUB03300,CUST03300,Basic,499,Monthly,2,2024-06-06
SUB03301,CUST03301,Family,1499,Monthly,15,2024-07-13
SUB03302,CUST03302,Standard,799,Monthly,5,2025-08-28
SUB03303,CUST03303,Premium,1199,Monthly,10,2025-02-13
SUB03304,CUST03304,Family,1499,Monthly,15,2024-03-05
SUB03305,CUST03305,Basic,499,Annual,2,2026-04-10
SUB03306,CUST03306,Premium,1199,Monthly,10,2025-02-09
SUB03307,CUST03307,Basic,499,Annual,2,2025-08-02
SUB03308,CUST03308,Family,1499,Monthly,15,2024-06-02
SUB03309,CUST03309,Basic,499,Annual,2,2024-05-04
SUB03310,CUST03310,Premium,1199,Annual,10,2024-06-09
SUB03311,CUST03311,Premium,1199,Monthly,10,2024-08-20
SUB03312,CUST03312,Basic,499,Quarterly,2,2024-06-06
SUB03313,CUST03313,Family,1499,Annual,15,2024-07-01
SUB03314,CUST03314,Family,1499,Annual,15,2024-06-27
SUB03315,CUST03315,Premium,1199,Monthly,10,2024-09-08
SUB03316,CUST03316,Standard,799,Annual,5,2025-10-12
SUB03317,CUST03317,Family,1499,Quarterly,15,2024-05-11
SUB03318,CUST03318,Standard,799,Monthly,5,2024-05-19
SUB03319,CUST03319,Standard,799,Quarterly,5,2026-04-15
SUB03320,CUST03320,Family,1499,Monthly,15,2024-03-15
SUB03321,CUST03321,Family,1499,Annual,15,2024-04-01
SUB03322,CUST03322,Standard,799,Annual,5,2024-12-11
SUB03323,CUST03323,Standard,799,Monthly,5,2024-09-28
SUB03324,CUST03324,Standard,799,Monthly,5,2025-11-24
SUB03325,CUST03325,Basic,499,Monthly,2,2024-06-17
SUB03326,CUST03326,Basic,499,Annual,2,2025-03-18
SUB03327,CUST03327,Premium,1199,Annual,10,2025-12-26
SUB03328,CUST03328,Standard,799,Quarterly,5,2025-05-15
SUB03329,CUST03329,Basic,499,Monthly,2,2024-01-22
SUB03330,CUST03330,Standard,799,Annual,5,2025-08-31
SUB03331,CUST03331,Standard,799,Annual,5,2025-04-10
SUB03332,CUST03332,Standard,799,Monthly,5,2024-05-04
SUB03333,CUST03333,Standard,799,Monthly,5,2024-03-12
SUB03334,CUST03334,Standard,799,Annual,5,2024-08-06
SUB03335,CUST03335,Premium,1199,Monthly,10,2025-11-04
SUB03336,CUST03336,Standard,799,Monthly,5,2024-10-25
SUB03337,CUST03337,Premium,1199,Annual,10,2025-01-25
SUB03338,CUST03338,Premium,1199,Annual,10,2024-06-22
SUB03339,CUST03339,Family,1499,Quarterly,15,2024-01-05
SUB03340,CUST03340,Family,1499,Monthly,15,2026-02-14
SUB03341,CUST03341,Premium,1199,Monthly,10,2025-02-17
SUB03342,CUST03342,Basic,499,Annual,2,2024-01-20
SUB03343,CUST03343,Premium,1199,Monthly,10,2024-03-06
SUB03344,CUST03344,Standard,799,Monthly,5,2024-01-08
SUB03345,CUST03345,Basic,499,Annual,2,2025-05-03
SUB03346,CUST03346,Standard,799,Monthly,5,2024-11-23
SUB03347,CUST03347,Family,1499,Annual,15,2026-03-26
SUB03348,CUST03348,Premium,1199,Monthly,10,2024-10-23
SUB03349,CUST03349,Premium,1199,Monthly,10,2025-06-15
SUB03350,CUST03350,Standard,799,Monthly,5,2024-09-14
SUB03351,CUST03351,Standard,799,Monthly,5,2024-08-27
SUB03352,CUST03352,Premium,1199,Monthly,10,2024-11-29
SUB03353,CUST03353,Basic,499,Annual,2,2025-06-11
SUB03354,CUST03354,Premium,1199,Monthly,10,2025-03-15
SUB03355,CUST03355,Family,1499,Annual,15,2024-09-26
SUB03356,CUST03356,Family,1499,Monthly,15,2024-08-26
SUB03357,CUST03357,Basic,499,Annual,2,2026-02-06
SUB03358,CUST03358,Basic,499,Annual,2,2026-01-24
SUB03359,CUST03359,Premium,1199,Monthly,10,2025-03-23
SUB03360,CUST03360,Premium,1199,Monthly,10,2025-06-04
SUB03361,CUST03361,Basic,499,Monthly,2,2025-04-21
SUB03362,CUST03362,Family,1499,Quarterly,15,2025-09-08
SUB03363,CUST03363,Family,1499,Monthly,15,2026-02-19
SUB03364,CUST03364,Premium,1199,Monthly,10,2024-01-19
SUB03365,CUST03365,Premium,1199,Annual,10,2026-02-12
SUB03366,CUST03366,Standard,799,Quarterly,5,2025-09-06
SUB03367,CUST03367,Family,1499,Monthly,15,2025-05-04
SUB03368,CUST03368,Premium,1199,Quarterly,10,2024-06-04
SUB03369,CUST03369,Standard,799,Annual,5,2025-07-25
SUB03370,CUST03370,Premium,1199,Monthly,10,2025-11-24
SUB03371,CUST03371,Premium,1199,Monthly,10,2024-08-10
SUB03372,CUST03372,Standard,799,Monthly,5,2026-03-13
SUB03373,CUST03373,Basic,499,Quarterly,2,2025-12-26
SUB03374,CUST03374,Family,1499,Monthly,15,2025-09-29
SUB03375,CUST03375,Family,1499,Annual,15,2024-12-25
SUB03376,CUST03376,Family,1499,Monthly,15,2025-11-02
SUB03377,CUST03377,Standard,799,Quarterly,5,2024-06-24
SUB03378,CUST03378,Family,1499,Annual,15,2025-10-14
SUB03379,CUST03379,Standard,799,Monthly,5,2024-07-17
SUB03380,CUST03380,Premium,1199,Monthly,10,2024-01-27
SUB03381,CUST03381,Standard,799,Monthly,5,2024-12-01
SUB03382,CUST03382,Standard,799,Monthly,5,2025-04-16
SUB03383,CUST03383,Standard,799,Monthly,5,2025-08-08
SUB03384,CUST03384,Standard,799,Annual,5,2025-05-18
SUB03385,CUST03385,Family,1499,Quarterly,15,2024-04-25
SUB03386,CUST03386,Premium,1199,Monthly,10,2024-08-03
SUB03387,CUST03387,Premium,1199,Monthly,10,2024-12-22
SUB03388,CUST03388,Standard,799,Monthly,5,2024-02-28
SUB03389,CUST03389,Standard,799,Quarterly,5,2026-01-28
SUB03390,CUST03390,Family,1499,Monthly,15,2024-08-21
SUB03391,CUST03391,Standard,799,Monthly,5,2024-05-23
SUB03392,CUST03392,Family,1499,Monthly,15,2026-03-09
SUB03393,CUST03393,Premium,1199,Monthly,10,2024-07-05
SUB03394,CUST03394,Family,1499,Annual,15,2025-06-21
SUB03395,CUST03395,Family,1499,Monthly,15,2026-02-12
SUB03396,CUST03396,Family,1499,Monthly,15,2024-04-12
SUB03397,CUST03397,Premium,1199,Annual,10,2025-12-15
SUB03398,CUST03398,Family,1499,Quarterly,15,2026-01-29
SUB03399,CUST03399,Basic,499,Annual,2,2024-09-03
SUB03400,CUST03400,Standard,799,Monthly,5,2024-11-22
SUB03401,CUST03401,Standard,799,Annual,5,2025-11-02
SUB03402,CUST03402,Basic,499,Monthly,2,2024-01-14
SUB03403,CUST03403,Premium,1199,Monthly,10,2024-04-24
SUB03404,CUST03404,Basic,499,Monthly,2,2025-08-14
SUB03405,CUST03405,Basic,499,Monthly,2,2024-01-08
SUB03406,CUST03406,Basic,499,Quarterly,2,2024-11-24
SUB03407,CUST03407,Standard,799,Monthly,5,2024-03-10
SUB03408,CUST03408,Family,1499,Monthly,15,2025-05-26
SUB03409,CUST03409,Premium,1199,Quarterly,10,2025-01-15
SUB03410,CUST03410,Basic,499,Annual,2,2025-03-19
SUB03411,CUST03411,Basic,499,Monthly,2,2024-03-25
SUB03412,CUST03412,Basic,499,Monthly,2,2024-07-10
SUB03413,CUST03413,Family,1499,Monthly,15,2025-03-23
SUB03414,CUST03414,Family,1499,Monthly,15,2024-04-10
SUB03415,CUST03415,Premium,1199,Quarterly,10,2025-01-30
SUB03416,CUST03416,Premium,1199,Monthly,10,2024-12-24
SUB03417,CUST03417,Premium,1199,Annual,10,2025-05-07
SUB03418,CUST03418,Basic,499,Annual,2,2024-09-15
SUB03419,CUST03419,Basic,499,Monthly,2,2025-03-19
SUB03420,CUST03420,Family,1499,Monthly,15,2026-03-03
SUB03421,CUST03421,Basic,499,Monthly,2,2024-11-13
SUB03422,CUST03422,Premium,1199,Monthly,10,2024-03-25
SUB03423,CUST03423,Family,1499,Monthly,15,2024-07-11
SUB03424,CUST03424,Standard,799,Annual,5,2025-05-09
SUB03425,CUST03425,Family,1499,Monthly,15,2025-04-07
SUB03426,CUST03426,Premium,1199,Monthly,10,2025-01-29
SUB03427,CUST03427,Basic,499,Monthly,2,2024-03-20
SUB03428,CUST03428,Family,1499,Monthly,15,2025-03-12
SUB03429,CUST03429,Standard,799,Monthly,5,2024-11-29
SUB03430,CUST03430,Family,1499,Monthly,15,2025-01-23
SUB03431,CUST03431,Premium,1199,Monthly,10,2024-01-08
SUB03432,CUST03432,Family,1499,Quarterly,15,2025-09-25
SUB03433,CUST03433,Standard,799,Monthly,5,2024-11-30
SUB03434,CUST03434,Family,1499,Annual,15,2025-07-01
SUB03435,CUST03435,Premium,1199,Quarterly,10,2024-01-08
SUB03436,CUST03436,Family,1499,Monthly,15,2024-05-22
SUB03437,CUST03437,Family,1499,Monthly,15,2024-02-15
SUB03438,CUST03438,Premium,1199,Monthly,10,2024-08-02
SUB03439,CUST03439,Standard,799,Monthly,5,2026-04-23
SUB03440,CUST03440,Family,1499,Monthly,15,2024-09-21
SUB03441,CUST03441,Standard,799,Monthly,5,2025-10-18
SUB03442,CUST03442,Standard,799,Monthly,5,2025-07-06
SUB03443,CUST03443,Family,1499,Monthly,15,2024-11-29
SUB03444,CUST03444,Family,1499,Monthly,15,2024-04-14
SUB03445,CUST03445,Standard,799,Monthly,5,2024-02-29
SUB03446,CUST03446,Family,1499,Monthly,15,2026-04-24
SUB03447,CUST03447,Standard,799,Monthly,5,2025-06-16
SUB03448,CUST03448,Standard,799,Annual,5,2025-09-30
SUB03449,CUST03449,Premium,1199,Monthly,10,2025-06-29
SUB03450,CUST03450,Standard,799,Monthly,5,2026-04-18
SUB03451,CUST03451,Standard,799,Quarterly,5,2025-09-02
SUB03452,CUST03452,Family,1499,Monthly,15,2025-10-23
SUB03453,CUST03453,Family,1499,Monthly,15,2026-02-18
SUB03454,CUST03454,Premium,1199,Annual,10,2025-12-24
SUB03455,CUST03455,Premium,1199,Monthly,10,2025-04-10
SUB03456,CUST03456,Premium,1199,Monthly,10,2025-10-07
SUB03457,CUST03457,Basic,499,Monthly,2,2025-06-05
SUB03458,CUST03458,Basic,499,Annual,2,2025-08-05
SUB03459,CUST03459,Standard,799,Monthly,5,2025-06-16
SUB03460,CUST03460,Premium,1199,Monthly,10,2025-02-22
SUB03461,CUST03461,Family,1499,Monthly,15,2024-12-29
SUB03462,CUST03462,Basic,499,Annual,2,2024-12-14
SUB03463,CUST03463,Premium,1199,Monthly,10,2024-07-11
SUB03464,CUST03464,Basic,499,Annual,2,2025-07-15
SUB03465,CUST03465,Family,1499,Quarterly,15,2024-01-15
SUB03466,CUST03466,Family,1499,Monthly,15,2026-01-27
SUB03467,CUST03467,Premium,1199,Monthly,10,2024-01-27
SUB03468,CUST03468,Basic,499,Monthly,2,2025-05-30
SUB03469,CUST03469,Family,1499,Quarterly,15,2025-09-11
SUB03470,CUST03470,Basic,499,Monthly,2,2025-10-26
SUB03471,CUST03471,Standard,799,Annual,5,2025-04-23
SUB03472,CUST03472,Premium,1199,Monthly,10,2024-07-09
SUB03473,CUST03473,Premium,1199,Quarterly,10,2024-01-19
SUB03474,CUST03474,Standard,799,Monthly,5,2024-03-26
SUB03475,CUST03475,Premium,1199,Quarterly,10,2026-04-23
SUB03476,CUST03476,Standard,799,Monthly,5,2024-11-18
SUB03477,CUST03477,Premium,1199,Monthly,10,2024-10-22
SUB03478,CUST03478,Premium,1199,Monthly,10,2025-04-16
SUB03479,CUST03479,Premium,1199,Monthly,10,2025-10-11
SUB03480,CUST03480,Family,1499,Annual,15,2025-01-24
SUB03481,CUST03481,Family,1499,Quarterly,15,2025-06-05
SUB03482,CUST03482,Basic,499,Annual,2,2024-05-15
SUB03483,CUST03483,Premium,1199,Monthly,10,2025-07-07
SUB03484,CUST03484,Standard,799,Monthly,5,2026-03-26
SUB03485,CUST03485,Basic,499,Monthly,2,2025-05-28
SUB03486,CUST03486,Premium,1199,Annual,10,2025-09-21
SUB03487,CUST03487,Basic,499,Monthly,2,2024-10-19
SUB03488,CUST03488,Standard,799,Annual,5,2025-10-15
SUB03489,CUST03489,Basic,499,Monthly,2,2024-06-02
SUB03490,CUST03490,Standard,799,Monthly,5,2026-01-29
SUB03491,CUST03491,Standard,799,Quarterly,5,2025-10-12
SUB03492,CUST03492,Premium,1199,Quarterly,10,2026-04-19
SUB03493,CUST03493,Basic,499,Monthly,2,2025-06-10
SUB03494,CUST03494,Basic,499,Quarterly,2,2024-10-23
SUB03495,CUST03495,Premium,1199,Annual,10,2024-06-19
SUB03496,CUST03496,Standard,799,Monthly,5,2025-06-22
SUB03497,CUST03497,Standard,799,Monthly,5,2024-02-08
SUB03498,CUST03498,Premium,1199,Monthly,10,2026-01-05
SUB03499,CUST03499,Premium,1199,Annual,10,2025-05-19
SUB03500,CUST03500,Basic,499,Annual,2,2025-09-10
SUB03501,CUST03501,Standard,799,Monthly,5,2025-01-14
SUB03502,CUST03502,Family,1499,Annual,15,2024-12-10
SUB03503,CUST03503,Premium,1199,Monthly,10,2024-03-19
SUB03504,CUST03504,Standard,799,Annual,5,2024-03-31
SUB03505,CUST03505,Premium,1199,Annual,10,2024-04-04
SUB03506,CUST03506,Premium,1199,Monthly,10,2024-09-09
SUB03507,CUST03507,Family,1499,Annual,15,2024-07-21
SUB03508,CUST03508,Standard,799,Monthly,5,2024-05-18
SUB03509,CUST03509,Standard,799,Annual,5,2025-07-01
SUB03510,CUST03510,Basic,499,Quarterly,2,2025-02-23
SUB03511,CUST03511,Basic,499,Quarterly,2,2024-03-10
SUB03512,CUST03512,Family,1499,Monthly,15,2024-09-13
SUB03513,CUST03513,Premium,1199,Monthly,10,2025-01-28
SUB03514,CUST03514,Premium,1199,Quarterly,10,2024-02-09
SUB03515,CUST03515,Basic,499,Quarterly,2,2024-12-19
SUB03516,CUST03516,Basic,499,Annual,2,2025-11-19
SUB03517,CUST03517,Basic,499,Monthly,2,2025-05-16
SUB03518,CUST03518,Premium,1199,Monthly,10,2025-03-19
SUB03519,CUST03519,Basic,499,Monthly,2,2024-10-04
SUB03520,CUST03520,Standard,799,Monthly,5,2025-06-27
SUB03521,CUST03521,Basic,499,Monthly,2,2025-12-18
SUB03522,CUST03522,Basic,499,Quarterly,2,2025-07-06
SUB03523,CUST03523,Family,1499,Monthly,15,2025-03-16
SUB03524,CUST03524,Family,1499,Monthly,15,2024-04-13
SUB03525,CUST03525,Premium,1199,Monthly,10,2024-06-21
SUB03526,CUST03526,Family,1499,Monthly,15,2024-01-18
SUB03527,CUST03527,Standard,799,Annual,5,2024-11-13
SUB03528,CUST03528,Family,1499,Monthly,15,2025-08-09
SUB03529,CUST03529,Basic,499,Monthly,2,2025-09-03
SUB03530,CUST03530,Standard,799,Monthly,5,2024-03-11
SUB03531,CUST03531,Premium,1199,Monthly,10,2025-01-17
SUB03532,CUST03532,Standard,799,Monthly,5,2025-11-27
SUB03533,CUST03533,Basic,499,Monthly,2,2025-07-07
SUB03534,CUST03534,Basic,499,Quarterly,2,2025-12-20
SUB03535,CUST03535,Family,1499,Monthly,15,2025-10-25
SUB03536,CUST03536,Basic,499,Annual,2,2025-07-12
SUB03537,CUST03537,Premium,1199,Monthly,10,2026-02-06
SUB03538,CUST03538,Basic,499,Monthly,2,2025-01-30
SUB03539,CUST03539,Standard,799,Monthly,5,2025-07-17
SUB03540,CUST03540,Basic,499,Annual,2,2024-11-03
SUB03541,CUST03541,Basic,499,Monthly,2,2025-03-24
SUB03542,CUST03542,Basic,499,Monthly,2,2024-12-04
SUB03543,CUST03543,Family,1499,Quarterly,15,2024-10-27
SUB03544,CUST03544,Family,1499,Monthly,15,2024-12-08
SUB03545,CUST03545,Family,1499,Quarterly,15,2025-01-18
SUB03546,CUST03546,Basic,499,Quarterly,2,2024-05-26
SUB03547,CUST03547,Standard,799,Monthly,5,2025-07-27
SUB03548,CUST03548,Premium,1199,Quarterly,10,2025-02-03
SUB03549,CUST03549,Basic,499,Quarterly,2,2025-04-30
SUB03550,CUST03550,Standard,799,Annual,5,2025-02-12
SUB03551,CUST03551,Family,1499,Monthly,15,2026-03-26
SUB03552,CUST03552,Standard,799,Annual,5,2025-12-02
SUB03553,CUST03553,Basic,499,Monthly,2,2025-11-16
SUB03554,CUST03554,Basic,499,Monthly,2,2025-05-02
SUB03555,CUST03555,Family,1499,Monthly,15,2025-06-05
SUB03556,CUST03556,Standard,799,Monthly,5,2025-10-13
SUB03557,CUST03557,Standard,799,Monthly,5,2024-09-05
SUB03558,CUST03558,Standard,799,Monthly,5,2026-02-19
SUB03559,CUST03559,Standard,799,Quarterly,5,2025-11-12
SUB03560,CUST03560,Family,1499,Monthly,15,2024-01-22
SUB03561,CUST03561,Family,1499,Annual,15,2024-03-12
SUB03562,CUST03562,Premium,1199,Monthly,10,2025-08-08
SUB03563,CUST03563,Standard,799,Monthly,5,2024-07-15
SUB03564,CUST03564,Basic,499,Quarterly,2,2025-09-12
SUB03565,CUST03565,Basic,499,Monthly,2,2026-01-25
SUB03566,CUST03566,Premium,1199,Monthly,10,2026-01-15
SUB03567,CUST03567,Basic,499,Quarterly,2,2024-06-25
SUB03568,CUST03568,Premium,1199,Monthly,10,2024-03-13
SUB03569,CUST03569,Family,1499,Quarterly,15,2024-11-27
SUB03570,CUST03570,Premium,1199,Annual,10,2026-03-14
SUB03571,CUST03571,Basic,499,Monthly,2,2025-02-10
SUB03572,CUST03572,Family,1499,Monthly,15,2024-01-18
SUB03573,CUST03573,Standard,799,Monthly,5,2026-01-19
SUB03574,CUST03574,Standard,799,Monthly,5,2025-03-13
SUB03575,CUST03575,Basic,499,Monthly,2,2025-01-12
SUB03576,CUST03576,Standard,799,Quarterly,5,2025-06-26
SUB03577,CUST03577,Basic,499,Monthly,2,2024-12-21
SUB03578,CUST03578,Standard,799,Quarterly,5,2025-04-16
SUB03579,CUST03579,Standard,799,Monthly,5,2024-11-01
SUB03580,CUST03580,Standard,799,Monthly,5,2025-04-09
SUB03581,CUST03581,Basic,499,Monthly,2,2024-02-18
SUB03582,CUST03582,Basic,499,Monthly,2,2024-07-07
SUB03583,CUST03583,Family,1499,Quarterly,15,2025-04-24
SUB03584,CUST03584,Standard,799,Monthly,5,2025-05-29
SUB03585,CUST03585,Premium,1199,Quarterly,10,2024-07-21
SUB03586,CUST03586,Basic,499,Monthly,2,2024-10-13
SUB03587,CUST03587,Basic,499,Monthly,2,2026-03-03
SUB03588,CUST03588,Standard,799,Monthly,5,2026-01-06
SUB03589,CUST03589,Family,1499,Annual,15,2025-09-14
SUB03590,CUST03590,Basic,499,Annual,2,2024-03-21
SUB03591,CUST03591,Family,1499,Quarterly,15,2024-11-14
SUB03592,CUST03592,Standard,799,Annual,5,2024-01-19
SUB03593,CUST03593,Premium,1199,Monthly,10,2024-10-22
SUB03594,CUST03594,Standard,799,Annual,5,2025-07-28
SUB03595,CUST03595,Standard,799,Monthly,5,2024-05-01
SUB03596,CUST03596,Standard,799,Monthly,5,2025-07-01
SUB03597,CUST03597,Family,1499,Quarterly,15,2026-01-17
SUB03598,CUST03598,Family,1499,Monthly,15,2025-09-03
SUB03599,CUST03599,Basic,499,Annual,2,2025-08-02
SUB03600,CUST03600,Basic,499,Quarterly,2,2026-04-18
SUB03601,CUST03601,Basic,499,Annual,2,2025-10-15
SUB03602,CUST03602,Family,1499,Monthly,15,2026-01-13
SUB03603,CUST03603,Family,1499,Monthly,15,2026-03-02
SUB03604,CUST03604,Family,1499,Monthly,15,2026-02-11
SUB03605,CUST03605,Basic,499,Monthly,2,2026-03-17
SUB03606,CUST03606,Standard,799,Quarterly,5,2024-07-01
SUB03607,CUST03607,Basic,499,Monthly,2,2024-04-23
SUB03608,CUST03608,Basic,499,Monthly,2,2024-06-25
SUB03609,CUST03609,Premium,1199,Monthly,10,2024-10-29
SUB03610,CUST03610,Premium,1199,Monthly,10,2024-12-01
SUB03611,CUST03611,Family,1499,Monthly,15,2026-02-02
SUB03612,CUST03612,Family,1499,Annual,15,2025-06-05
SUB03613,CUST03613,Family,1499,Annual,15,2024-09-22
SUB03614,CUST03614,Basic,499,Quarterly,2,2024-03-07
SUB03615,CUST03615,Standard,799,Monthly,5,2025-10-14
SUB03616,CUST03616,Basic,499,Quarterly,2,2026-02-09
SUB03617,CUST03617,Premium,1199,Monthly,10,2024-11-21
SUB03618,CUST03618,Basic,499,Monthly,2,2025-06-07
SUB03619,CUST03619,Family,1499,Monthly,15,2024-04-28
SUB03620,CUST03620,Standard,799,Annual,5,2025-04-28
SUB03621,CUST03621,Basic,499,Quarterly,2,2024-12-28
SUB03622,CUST03622,Family,1499,Monthly,15,2024-10-19
SUB03623,CUST03623,Standard,799,Annual,5,2025-10-21
SUB03624,CUST03624,Premium,1199,Monthly,10,2024-08-07
SUB03625,CUST03625,Premium,1199,Monthly,10,2025-05-03
SUB03626,CUST03626,Premium,1199,Monthly,10,2024-08-10
SUB03627,CUST03627,Premium,1199,Annual,10,2026-01-14
SUB03628,CUST03628,Basic,499,Annual,2,2026-01-04
SUB03629,CUST03629,Premium,1199,Quarterly,10,2024-10-19
SUB03630,CUST03630,Standard,799,Monthly,5,2026-01-11
SUB03631,CUST03631,Standard,799,Monthly,5,2024-06-30
SUB03632,CUST03632,Standard,799,Monthly,5,2024-06-20
SUB03633,CUST03633,Premium,1199,Annual,10,2025-04-19
SUB03634,CUST03634,Basic,499,Monthly,2,2025-10-19
SUB03635,CUST03635,Standard,799,Annual,5,2024-01-14
SUB03636,CUST03636,Basic,499,Monthly,2,2025-09-30
SUB03637,CUST03637,Standard,799,Quarterly,5,2025-05-27
SUB03638,CUST03638,Premium,1199,Quarterly,10,2025-05-17
SUB03639,CUST03639,Premium,1199,Monthly,10,2026-04-11
SUB03640,CUST03640,Standard,799,Monthly,5,2025-10-01
SUB03641,CUST03641,Family,1499,Monthly,15,2024-11-24
SUB03642,CUST03642,Premium,1199,Quarterly,10,2024-12-17
SUB03643,CUST03643,Premium,1199,Monthly,10,2025-10-31
SUB03644,CUST03644,Basic,499,Annual,2,2025-08-03
SUB03645,CUST03645,Premium,1199,Annual,10,2025-11-03
SUB03646,CUST03646,Standard,799,Monthly,5,2025-10-18
SUB03647,CUST03647,Premium,1199,Monthly,10,2025-08-26
SUB03648,CUST03648,Basic,499,Monthly,2,2025-11-02
SUB03649,CUST03649,Premium,1199,Quarterly,10,2025-07-07
SUB03650,CUST03650,Basic,499,Annual,2,2024-09-19
SUB03651,CUST03651,Family,1499,Quarterly,15,2024-01-24
SUB03652,CUST03652,Family,1499,Annual,15,2024-04-10
SUB03653,CUST03653,Family,1499,Quarterly,15,2024-12-12
SUB03654,CUST03654,Family,1499,Monthly,15,2024-01-22
SUB03655,CUST03655,Family,1499,Annual,15,2026-04-16
SUB03656,CUST03656,Basic,499,Annual,2,2025-12-19
SUB03657,CUST03657,Family,1499,Quarterly,15,2024-05-14
SUB03658,CUST03658,Basic,499,Monthly,2,2024-08-22
SUB03659,CUST03659,Basic,499,Monthly,2,2025-11-02
SUB03660,CUST03660,Premium,1199,Annual,10,2025-10-21
SUB03661,CUST03661,Standard,799,Annual,5,2025-12-14
SUB03662,CUST03662,Standard,799,Monthly,5,2025-07-09
SUB03663,CUST03663,Basic,499,Monthly,2,2025-01-22
SUB03664,CUST03664,Family,1499,Monthly,15,2025-03-20
SUB03665,CUST03665,Basic,499,Annual,2,2025-12-18
SUB03666,CUST03666,Premium,1199,Quarterly,10,2025-12-31
SUB03667,CUST03667,Basic,499,Monthly,2,2024-12-18
SUB03668,CUST03668,Family,1499,Monthly,15,2024-07-08
SUB03669,CUST03669,Standard,799,Annual,5,2024-03-27
SUB03670,CUST03670,Family,1499,Annual,15,2024-02-18
SUB03671,CUST03671,Premium,1199,Monthly,10,2024-12-14
SUB03672,CUST03672,Family,1499,Annual,15,2025-04-28
SUB03673,CUST03673,Premium,1199,Monthly,10,2024-01-23
SUB03674,CUST03674,Premium,1199,Quarterly,10,2024-08-29
SUB03675,CUST03675,Premium,1199,Quarterly,10,2024-06-10
SUB03676,CUST03676,Basic,499,Quarterly,2,2024-12-02
SUB03677,CUST03677,Premium,1199,Quarterly,10,2024-08-27
SUB03678,CUST03678,Family,1499,Quarterly,15,2024-09-03
SUB03679,CUST03679,Premium,1199,Monthly,10,2025-06-13
SUB03680,CUST03680,Basic,499,Monthly,2,2024-12-13
SUB03681,CUST03681,Family,1499,Monthly,15,2024-05-16
SUB03682,CUST03682,Standard,799,Annual,5,2025-11-22
SUB03683,CUST03683,Premium,1199,Monthly,10,2024-12-17
SUB03684,CUST03684,Basic,499,Monthly,2,2024-11-25
SUB03685,CUST03685,Basic,499,Annual,2,2024-06-04
SUB03686,CUST03686,Basic,499,Quarterly,2,2025-02-22
SUB03687,CUST03687,Family,1499,Quarterly,15,2024-06-14
SUB03688,CUST03688,Basic,499,Monthly,2,2024-03-29
SUB03689,CUST03689,Family,1499,Annual,15,2025-01-18
SUB03690,CUST03690,Standard,799,Annual,5,2025-05-29
SUB03691,CUST03691,Basic,499,Monthly,2,2025-06-26
SUB03692,CUST03692,Family,1499,Annual,15,2025-10-30
SUB03693,CUST03693,Family,1499,Monthly,15,2024-10-27
SUB03694,CUST03694,Premium,1199,Quarterly,10,2024-09-28
SUB03695,CUST03695,Basic,499,Monthly,2,2024-04-27
SUB03696,CUST03696,Family,1499,Annual,15,2025-12-07
SUB03697,CUST03697,Family,1499,Monthly,15,2026-02-24
SUB03698,CUST03698,Premium,1199,Annual,10,2024-10-13
SUB03699,CUST03699,Premium,1199,Monthly,10,2024-10-06
SUB03700,CUST03700,Basic,499,Monthly,2,2026-03-14
SUB03701,CUST03701,Basic,499,Annual,2,2024-11-16
SUB03702,CUST03702,Premium,1199,Monthly,10,2024-07-16
SUB03703,CUST03703,Premium,1199,Monthly,10,2024-06-25
SUB03704,CUST03704,Standard,799,Monthly,5,2025-05-10
SUB03705,CUST03705,Premium,1199,Annual,10,2025-06-04
SUB03706,CUST03706,Standard,799,Quarterly,5,2026-01-06
SUB03707,CUST03707,Premium,1199,Monthly,10,2024-10-27
SUB03708,CUST03708,Basic,499,Annual,2,2025-05-17
SUB03709,CUST03709,Standard,799,Quarterly,5,2025-04-28
SUB03710,CUST03710,Standard,799,Annual,5,2025-02-12
SUB03711,CUST03711,Premium,1199,Monthly,10,2024-08-07
SUB03712,CUST03712,Basic,499,Monthly,2,2025-03-11
SUB03713,CUST03713,Basic,499,Annual,2,2025-04-01
SUB03714,CUST03714,Standard,799,Annual,5,2025-05-18
SUB03715,CUST03715,Basic,499,Quarterly,2,2024-12-30
SUB03716,CUST03716,Premium,1199,Monthly,10,2026-01-10
SUB03717,CUST03717,Basic,499,Monthly,2,2026-02-19
SUB03718,CUST03718,Family,1499,Quarterly,15,2026-02-11
SUB03719,CUST03719,Family,1499,Annual,15,2025-10-15
SUB03720,CUST03720,Basic,499,Quarterly,2,2026-03-20
SUB03721,CUST03721,Basic,499,Annual,2,2024-10-20
SUB03722,CUST03722,Standard,799,Annual,5,2025-10-02
SUB03723,CUST03723,Family,1499,Quarterly,15,2025-07-18
SUB03724,CUST03724,Basic,499,Annual,2,2025-07-29
SUB03725,CUST03725,Basic,499,Monthly,2,2025-08-23
SUB03726,CUST03726,Family,1499,Monthly,15,2025-03-26
SUB03727,CUST03727,Basic,499,Monthly,2,2024-12-11
SUB03728,CUST03728,Standard,799,Monthly,5,2024-08-14
SUB03729,CUST03729,Family,1499,Monthly,15,2025-03-27
SUB03730,CUST03730,Basic,499,Quarterly,2,2026-01-18
SUB03731,CUST03731,Basic,499,Monthly,2,2026-03-11
SUB03732,CUST03732,Basic,499,Monthly,2,2025-07-10
SUB03733,CUST03733,Family,1499,Quarterly,15,2025-06-14
SUB03734,CUST03734,Premium,1199,Annual,10,2024-09-28
SUB03735,CUST03735,Basic,499,Quarterly,2,2025-04-05
SUB03736,CUST03736,Family,1499,Quarterly,15,2026-01-07
SUB03737,CUST03737,Family,1499,Monthly,15,2026-03-17
SUB03738,CUST03738,Standard,799,Monthly,5,2024-06-23
SUB03739,CUST03739,Premium,1199,Monthly,10,2024-08-23
SUB03740,CUST03740,Basic,499,Monthly,2,2024-07-09
SUB03741,CUST03741,Basic,499,Monthly,2,2025-03-17
SUB03742,CUST03742,Premium,1199,Quarterly,10,2025-03-01
SUB03743,CUST03743,Standard,799,Annual,5,2024-10-05
SUB03744,CUST03744,Standard,799,Monthly,5,2024-06-27
SUB03745,CUST03745,Premium,1199,Monthly,10,2025-11-08
SUB03746,CUST03746,Premium,1199,Monthly,10,2024-01-13
SUB03747,CUST03747,Family,1499,Quarterly,15,2025-04-25
SUB03748,CUST03748,Family,1499,Monthly,15,2025-09-28
SUB03749,CUST03749,Premium,1199,Monthly,10,2025-02-13
SUB03750,CUST03750,Premium,1199,Monthly,10,2024-12-06
SUB03751,CUST03751,Standard,799,Monthly,5,2025-07-04
SUB03752,CUST03752,Standard,799,Annual,5,2025-06-07
SUB03753,CUST03753,Family,1499,Monthly,15,2025-05-13
SUB03754,CUST03754,Family,1499,Quarterly,15,2025-02-10
SUB03755,CUST03755,Basic,499,Monthly,2,2026-04-13
SUB03756,CUST03756,Standard,799,Monthly,5,2024-10-19
SUB03757,CUST03757,Basic,499,Monthly,2,2024-11-21
SUB03758,CUST03758,Basic,499,Annual,2,2024-06-19
SUB03759,CUST03759,Basic,499,Annual,2,2026-02-13
SUB03760,CUST03760,Standard,799,Annual,5,2024-02-10
SUB03761,CUST03761,Premium,1199,Monthly,10,2024-09-26
SUB03762,CUST03762,Premium,1199,Monthly,10,2026-02-02
SUB03763,CUST03763,Basic,499,Monthly,2,2024-02-05
SUB03764,CUST03764,Family,1499,Annual,15,2026-03-26
SUB03765,CUST03765,Premium,1199,Monthly,10,2026-04-12
SUB03766,CUST03766,Premium,1199,Monthly,10,2026-02-02
SUB03767,CUST03767,Basic,499,Monthly,2,2024-04-22
SUB03768,CUST03768,Premium,1199,Quarterly,10,2024-01-21
SUB03769,CUST03769,Family,1499,Monthly,15,2025-09-04
SUB03770,CUST03770,Premium,1199,Quarterly,10,2024-12-22
SUB03771,CUST03771,Standard,799,Annual,5,2024-06-12
SUB03772,CUST03772,Premium,1199,Annual,10,2024-10-05
SUB03773,CUST03773,Basic,499,Annual,2,2024-01-23
SUB03774,CUST03774,Standard,799,Monthly,5,2024-12-21
SUB03775,CUST03775,Basic,499,Monthly,2,2026-04-06
SUB03776,CUST03776,Family,1499,Annual,15,2025-09-06
SUB03777,CUST03777,Family,1499,Monthly,15,2025-10-12
SUB03778,CUST03778,Family,1499,Annual,15,2024-06-23
SUB03779,CUST03779,Basic,499,Monthly,2,2025-04-11
SUB03780,CUST03780,Premium,1199,Annual,10,2024-09-11
SUB03781,CUST03781,Basic,499,Monthly,2,2026-04-01
SUB03782,CUST03782,Standard,799,Monthly,5,2024-12-01
SUB03783,CUST03783,Standard,799,Monthly,5,2025-05-21
SUB03784,CUST03784,Family,1499,Monthly,15,2024-07-10
SUB03785,CUST03785,Standard,799,Quarterly,5,2024-03-18
SUB03786,CUST03786,Family,1499,Monthly,15,2024-12-12
SUB03787,CUST03787,Premium,1199,Annual,10,2025-10-27
SUB03788,CUST03788,Standard,799,Monthly,5,2025-11-16
SUB03789,CUST03789,Premium,1199,Monthly,10,2025-10-01
SUB03790,CUST03790,Family,1499,Annual,15,2026-04-05
SUB03791,CUST03791,Family,1499,Annual,15,2024-03-14
SUB03792,CUST03792,Premium,1199,Monthly,10,2025-02-17
SUB03793,CUST03793,Family,1499,Monthly,15,2025-07-18
SUB03794,CUST03794,Standard,799,Annual,5,2025-01-09
SUB03795,CUST03795,Family,1499,Monthly,15,2026-02-19
SUB03796,CUST03796,Standard,799,Annual,5,2025-01-05
SUB03797,CUST03797,Premium,1199,Monthly,10,2025-10-27
SUB03798,CUST03798,Family,1499,Annual,15,2026-02-10
SUB03799,CUST03799,Basic,499,Monthly,2,2025-06-14
SUB03800,CUST03800,Basic,499,Monthly,2,2025-01-22
SUB03801,CUST03801,Premium,1199,Monthly,10,2026-02-08
SUB03802,CUST03802,Standard,799,Annual,5,2024-01-16
SUB03803,CUST03803,Family,1499,Monthly,15,2025-04-16
SUB03804,CUST03804,Basic,499,Monthly,2,2024-06-18
SUB03805,CUST03805,Standard,799,Monthly,5,2024-12-13
SUB03806,CUST03806,Standard,799,Monthly,5,2024-08-07
SUB03807,CUST03807,Basic,499,Annual,2,2025-07-20
SUB03808,CUST03808,Family,1499,Quarterly,15,2024-10-13
SUB03809,CUST03809,Premium,1199,Annual,10,2025-05-24
SUB03810,CUST03810,Standard,799,Monthly,5,2024-04-09
SUB03811,CUST03811,Basic,499,Annual,2,2026-02-13
SUB03812,CUST03812,Family,1499,Monthly,15,2026-04-02
SUB03813,CUST03813,Premium,1199,Quarterly,10,2025-02-27
SUB03814,CUST03814,Basic,499,Monthly,2,2025-04-03
SUB03815,CUST03815,Family,1499,Monthly,15,2026-03-03
SUB03816,CUST03816,Basic,499,Annual,2,2025-06-05
SUB03817,CUST03817,Family,1499,Quarterly,15,2026-02-17
SUB03818,CUST03818,Basic,499,Monthly,2,2024-05-14
SUB03819,CUST03819,Basic,499,Monthly,2,2025-07-15
SUB03820,CUST03820,Premium,1199,Annual,10,2024-12-17
SUB03821,CUST03821,Premium,1199,Monthly,10,2024-11-22
SUB03822,CUST03822,Basic,499,Annual,2,2025-03-30
SUB03823,CUST03823,Basic,499,Monthly,2,2024-08-17
SUB03824,CUST03824,Family,1499,Annual,15,2024-06-03
SUB03825,CUST03825,Standard,799,Monthly,5,2026-04-25
SUB03826,CUST03826,Standard,799,Annual,5,2024-06-02
SUB03827,CUST03827,Standard,799,Monthly,5,2024-05-29
SUB03828,CUST03828,Basic,499,Quarterly,2,2024-04-23
SUB03829,CUST03829,Family,1499,Monthly,15,2026-03-31
SUB03830,CUST03830,Family,1499,Annual,15,2026-04-05
SUB03831,CUST03831,Standard,799,Monthly,5,2024-11-10
SUB03832,CUST03832,Standard,799,Annual,5,2024-04-24
SUB03833,CUST03833,Premium,1199,Annual,10,2024-11-25
SUB03834,CUST03834,Basic,499,Monthly,2,2026-02-06
SUB03835,CUST03835,Basic,499,Monthly,2,2024-06-29
SUB03836,CUST03836,Family,1499,Quarterly,15,2024-11-05
SUB03837,CUST03837,Standard,799,Quarterly,5,2026-01-24
SUB03838,CUST03838,Basic,499,Annual,2,2024-09-30
SUB03839,CUST03839,Basic,499,Quarterly,2,2024-08-17
SUB03840,CUST03840,Premium,1199,Annual,10,2024-10-17
SUB03841,CUST03841,Standard,799,Monthly,5,2025-11-08
SUB03842,CUST03842,Basic,499,Monthly,2,2026-03-24
SUB03843,CUST03843,Basic,499,Monthly,2,2025-10-01
SUB03844,CUST03844,Premium,1199,Monthly,10,2025-09-04
SUB03845,CUST03845,Premium,1199,Quarterly,10,2025-03-25
SUB03846,CUST03846,Premium,1199,Monthly,10,2024-04-18
SUB03847,CUST03847,Standard,799,Quarterly,5,2024-03-30
SUB03848,CUST03848,Premium,1199,Annual,10,2024-11-12
SUB03849,CUST03849,Family,1499,Quarterly,15,2025-09-15
SUB03850,CUST03850,Premium,1199,Monthly,10,2026-02-05
SUB03851,CUST03851,Basic,499,Annual,2,2024-04-28
SUB03852,CUST03852,Premium,1199,Quarterly,10,2026-04-03
SUB03853,CUST03853,Premium,1199,Annual,10,2024-04-08
SUB03854,CUST03854,Standard,799,Annual,5,2024-10-20
SUB03855,CUST03855,Family,1499,Monthly,15,2025-06-09
SUB03856,CUST03856,Basic,499,Annual,2,2026-01-21
SUB03857,CUST03857,Premium,1199,Monthly,10,2024-06-29
SUB03858,CUST03858,Standard,799,Monthly,5,2025-01-18
SUB03859,CUST03859,Premium,1199,Monthly,10,2026-01-16
SUB03860,CUST03860,Family,1499,Annual,15,2025-07-29
SUB03861,CUST03861,Basic,499,Annual,2,2025-01-19
SUB03862,CUST03862,Premium,1199,Monthly,10,2025-10-16
SUB03863,CUST03863,Standard,799,Annual,5,2025-10-22
SUB03864,CUST03864,Basic,499,Monthly,2,2025-08-22
SUB03865,CUST03865,Premium,1199,Annual,10,2026-03-30
SUB03866,CUST03866,Standard,799,Quarterly,5,2025-09-30
SUB03867,CUST03867,Basic,499,Monthly,2,2024-01-22
SUB03868,CUST03868,Basic,499,Annual,2,2025-08-07
SUB03869,CUST03869,Standard,799,Annual,5,2025-06-11
SUB03870,CUST03870,Standard,799,Monthly,5,2026-02-18
SUB03871,CUST03871,Premium,1199,Quarterly,10,2026-02-21
SUB03872,CUST03872,Standard,799,Monthly,5,2024-06-12
SUB03873,CUST03873,Premium,1199,Quarterly,10,2025-10-25
SUB03874,CUST03874,Premium,1199,Quarterly,10,2025-10-13
SUB03875,CUST03875,Standard,799,Monthly,5,2026-01-09
SUB03876,CUST03876,Premium,1199,Quarterly,10,2024-11-25
SUB03877,CUST03877,Family,1499,Monthly,15,2024-05-18
SUB03878,CUST03878,Premium,1199,Quarterly,10,2025-06-08
SUB03879,CUST03879,Basic,499,Monthly,2,2024-07-04
SUB03880,CUST03880,Standard,799,Monthly,5,2024-08-10
SUB03881,CUST03881,Standard,799,Monthly,5,2025-02-09
SUB03882,CUST03882,Premium,1199,Annual,10,2026-03-10
SUB03883,CUST03883,Family,1499,Monthly,15,2024-07-20
SUB03884,CUST03884,Family,1499,Annual,15,2024-06-02
SUB03885,CUST03885,Premium,1199,Annual,10,2025-10-20
SUB03886,CUST03886,Basic,499,Quarterly,2,2024-08-17
SUB03887,CUST03887,Family,1499,Monthly,15,2024-08-09
SUB03888,CUST03888,Family,1499,Quarterly,15,2024-08-14
SUB03889,CUST03889,Standard,799,Annual,5,2025-11-23
SUB03890,CUST03890,Family,1499,Monthly,15,2025-07-11
SUB03891,CUST03891,Family,1499,Monthly,15,2024-08-23
SUB03892,CUST03892,Basic,499,Monthly,2,2024-04-26
SUB03893,CUST03893,Family,1499,Quarterly,15,2026-03-23
SUB03894,CUST03894,Standard,799,Monthly,5,2025-10-18
SUB03895,CUST03895,Standard,799,Monthly,5,2025-02-17
SUB03896,CUST03896,Family,1499,Annual,15,2024-01-26
SUB03897,CUST03897,Premium,1199,Monthly,10,2025-07-20
SUB03898,CUST03898,Family,1499,Monthly,15,2025-03-19
SUB03899,CUST03899,Family,1499,Monthly,15,2025-12-19
SUB03900,CUST03900,Standard,799,Monthly,5,2025-02-15
SUB03901,CUST03901,Standard,799,Monthly,5,2024-11-11
SUB03902,CUST03902,Basic,499,Monthly,2,2024-09-23
SUB03903,CUST03903,Premium,1199,Monthly,10,2024-04-18
SUB03904,CUST03904,Standard,799,Monthly,5,2024-04-09
SUB03905,CUST03905,Family,1499,Monthly,15,2025-09-05
SUB03906,CUST03906,Premium,1199,Monthly,10,2025-12-10
SUB03907,CUST03907,Standard,799,Monthly,5,2025-02-28
SUB03908,CUST03908,Basic,499,Monthly,2,2024-11-06
SUB03909,CUST03909,Premium,1199,Monthly,10,2025-07-07
SUB03910,CUST03910,Family,1499,Monthly,15,2025-09-24
SUB03911,CUST03911,Basic,499,Annual,2,2026-01-19
SUB03912,CUST03912,Premium,1199,Monthly,10,2026-03-04
SUB03913,CUST03913,Family,1499,Monthly,15,2025-12-14
SUB03914,CUST03914,Premium,1199,Annual,10,2025-07-29
SUB03915,CUST03915,Premium,1199,Annual,10,2024-11-20
SUB03916,CUST03916,Family,1499,Monthly,15,2025-04-30
SUB03917,CUST03917,Premium,1199,Monthly,10,2024-02-27
SUB03918,CUST03918,Basic,499,Annual,2,2026-01-05
SUB03919,CUST03919,Standard,799,Quarterly,5,2024-02-01
SUB03920,CUST03920,Basic,499,Quarterly,2,2024-12-09
SUB03921,CUST03921,Family,1499,Annual,15,2025-06-09
SUB03922,CUST03922,Family,1499,Annual,15,2026-04-22
SUB03923,CUST03923,Basic,499,Monthly,2,2026-01-04
SUB03924,CUST03924,Basic,499,Monthly,2,2025-09-14
SUB03925,CUST03925,Premium,1199,Annual,10,2025-04-06
SUB03926,CUST03926,Premium,1199,Quarterly,10,2024-11-09
SUB03927,CUST03927,Basic,499,Monthly,2,2024-02-19
SUB03928,CUST03928,Premium,1199,Monthly,10,2025-05-25
SUB03929,CUST03929,Basic,499,Quarterly,2,2025-08-15
SUB03930,CUST03930,Family,1499,Monthly,15,2024-11-07
SUB03931,CUST03931,Premium,1199,Monthly,10,2025-11-18
SUB03932,CUST03932,Basic,499,Quarterly,2,2024-05-29
SUB03933,CUST03933,Premium,1199,Quarterly,10,2025-09-26
SUB03934,CUST03934,Family,1499,Quarterly,15,2024-11-06
SUB03935,CUST03935,Family,1499,Monthly,15,2024-09-01
SUB03936,CUST03936,Family,1499,Monthly,15,2024-10-27
SUB03937,CUST03937,Family,1499,Annual,15,2024-07-14
SUB03938,CUST03938,Basic,499,Monthly,2,2024-05-12
SUB03939,CUST03939,Standard,799,Monthly,5,2024-12-07
SUB03940,CUST03940,Standard,799,Quarterly,5,2025-05-18
SUB03941,CUST03941,Family,1499,Quarterly,15,2025-04-03
SUB03942,CUST03942,Basic,499,Monthly,2,2025-05-01
SUB03943,CUST03943,Family,1499,Monthly,15,2024-05-29
SUB03944,CUST03944,Family,1499,Annual,15,2025-03-25
SUB03945,CUST03945,Family,1499,Quarterly,15,2026-03-23
SUB03946,CUST03946,Family,1499,Annual,15,2024-05-16
SUB03947,CUST03947,Family,1499,Monthly,15,2025-02-20
SUB03948,CUST03948,Premium,1199,Monthly,10,2024-07-11
SUB03949,CUST03949,Premium,1199,Monthly,10,2024-11-20
SUB03950,CUST03950,Basic,499,Monthly,2,2025-05-28
SUB03951,CUST03951,Family,1499,Monthly,15,2024-07-16
SUB03952,CUST03952,Standard,799,Monthly,5,2025-12-07
SUB03953,CUST03953,Standard,799,Monthly,5,2024-08-12
SUB03954,CUST03954,Family,1499,Quarterly,15,2024-02-28
SUB03955,CUST03955,Standard,799,Monthly,5,2025-10-30
SUB03956,CUST03956,Basic,499,Monthly,2,2025-02-16
SUB03957,CUST03957,Basic,499,Annual,2,2025-03-20
SUB03958,CUST03958,Premium,1199,Monthly,10,2026-03-02
SUB03959,CUST03959,Family,1499,Monthly,15,2024-08-26
SUB03960,CUST03960,Basic,499,Monthly,2,2024-04-08
SUB03961,CUST03961,Standard,799,Monthly,5,2025-04-12
SUB03962,CUST03962,Premium,1199,Quarterly,10,2024-04-18
SUB03963,CUST03963,Family,1499,Quarterly,15,2024-07-20
SUB03964,CUST03964,Family,1499,Monthly,15,2024-10-17
SUB03965,CUST03965,Basic,499,Quarterly,2,2025-08-20
SUB03966,CUST03966,Basic,499,Monthly,2,2024-11-19
SUB03967,CUST03967,Family,1499,Monthly,15,2025-03-19
SUB03968,CUST03968,Standard,799,Monthly,5,2025-05-18
SUB03969,CUST03969,Standard,799,Monthly,5,2024-02-17
SUB03970,CUST03970,Premium,1199,Monthly,10,2025-11-22
SUB03971,CUST03971,Basic,499,Monthly,2,2025-05-14
SUB03972,CUST03972,Premium,1199,Monthly,10,2025-07-15
SUB03973,CUST03973,Premium,1199,Annual,10,2024-03-25
SUB03974,CUST03974,Basic,499,Monthly,2,2024-05-03
SUB03975,CUST03975,Premium,1199,Monthly,10,2024-05-30
SUB03976,CUST03976,Standard,799,Monthly,5,2025-11-17
SUB03977,CUST03977,Basic,499,Annual,2,2024-05-22
SUB03978,CUST03978,Premium,1199,Monthly,10,2026-02-10
SUB03979,CUST03979,Premium,1199,Monthly,10,2024-11-14
SUB03980,CUST03980,Basic,499,Annual,2,2025-08-20
SUB03981,CUST03981,Basic,499,Annual,2,2025-07-23
SUB03982,CUST03982,Basic,499,Monthly,2,2025-04-26
SUB03983,CUST03983,Family,1499,Monthly,15,2025-05-04
SUB03984,CUST03984,Basic,499,Monthly,2,2024-12-09
SUB03985,CUST03985,Family,1499,Quarterly,15,2025-12-11
SUB03986,CUST03986,Basic,499,Annual,2,2025-05-09
SUB03987,CUST03987,Basic,499,Annual,2,2025-03-28
SUB03988,CUST03988,Basic,499,Quarterly,2,2025-12-26
SUB03989,CUST03989,Standard,799,Monthly,5,2025-12-07
SUB03990,CUST03990,Basic,499,Monthly,2,2026-03-15
SUB03991,CUST03991,Basic,499,Quarterly,2,2024-03-09
SUB03992,CUST03992,Standard,799,Annual,5,2024-03-15
SUB03993,CUST03993,Basic,499,Quarterly,2,2025-03-13
SUB03994,CUST03994,Premium,1199,Monthly,10,2024-12-09
SUB03995,CUST03995,Premium,1199,Annual,10,2024-09-23
SUB03996,CUST03996,Family,1499,Quarterly,15,2025-09-01
SUB03997,CUST03997,Basic,499,Annual,2,2024-10-08
SUB03998,CUST03998,Basic,499,Quarterly,2,2025-11-25
SUB03999,CUST03999,Basic,499,Monthly,2,2025-01-20
SUB04000,CUST04000,Standard,799,Annual,5,2024-04-27
SUB04001,CUST04001,Standard,799,Monthly,5,2025-08-16
SUB04002,CUST04002,Basic,499,Monthly,2,2026-01-13
SUB04003,CUST04003,Standard,799,Monthly,5,2026-01-30
SUB04004,CUST04004,Premium,1199,Monthly,10,2026-04-11
SUB04005,CUST04005,Family,1499,Annual,15,2025-06-09
SUB04006,CUST04006,Premium,1199,Quarterly,10,2024-07-27
SUB04007,CUST04007,Basic,499,Monthly,2,2024-07-12
SUB04008,CUST04008,Basic,499,Annual,2,2024-04-26
SUB04009,CUST04009,Basic,499,Quarterly,2,2025-02-21
SUB04010,CUST04010,Premium,1199,Quarterly,10,2024-09-04
SUB04011,CUST04011,Basic,499,Monthly,2,2026-01-15
SUB04012,CUST04012,Basic,499,Monthly,2,2024-09-10
SUB04013,CUST04013,Standard,799,Monthly,5,2025-11-14
SUB04014,CUST04014,Premium,1199,Monthly,10,2024-07-21
SUB04015,CUST04015,Standard,799,Annual,5,2025-02-16
SUB04016,CUST04016,Standard,799,Quarterly,5,2024-09-10
SUB04017,CUST04017,Premium,1199,Monthly,10,2024-04-14
SUB04018,CUST04018,Standard,799,Quarterly,5,2025-04-06
SUB04019,CUST04019,Family,1499,Annual,15,2026-01-28
SUB04020,CUST04020,Premium,1199,Monthly,10,2025-01-12
SUB04021,CUST04021,Family,1499,Quarterly,15,2024-10-04
SUB04022,CUST04022,Basic,499,Quarterly,2,2024-05-16
SUB04023,CUST04023,Family,1499,Monthly,15,2024-05-20
SUB04024,CUST04024,Standard,799,Monthly,5,2024-10-22
SUB04025,CUST04025,Basic,499,Monthly,2,2025-05-19
SUB04026,CUST04026,Premium,1199,Monthly,10,2025-08-29
SUB04027,CUST04027,Basic,499,Monthly,2,2025-10-12
SUB04028,CUST04028,Family,1499,Quarterly,15,2024-05-10
SUB04029,CUST04029,Family,1499,Monthly,15,2024-12-30
SUB04030,CUST04030,Basic,499,Annual,2,2025-09-09
SUB04031,CUST04031,Premium,1199,Monthly,10,2025-10-11
SUB04032,CUST04032,Family,1499,Monthly,15,2024-09-03
SUB04033,CUST04033,Premium,1199,Quarterly,10,2025-02-02
SUB04034,CUST04034,Standard,799,Annual,5,2024-12-10
SUB04035,CUST04035,Family,1499,Annual,15,2026-01-14
SUB04036,CUST04036,Standard,799,Annual,5,2025-03-02
SUB04037,CUST04037,Premium,1199,Monthly,10,2026-02-03
SUB04038,CUST04038,Family,1499,Quarterly,15,2025-01-20
SUB04039,CUST04039,Standard,799,Annual,5,2025-11-13
SUB04040,CUST04040,Premium,1199,Quarterly,10,2024-03-02
SUB04041,CUST04041,Basic,499,Quarterly,2,2024-04-01
SUB04042,CUST04042,Premium,1199,Quarterly,10,2024-09-29
SUB04043,CUST04043,Premium,1199,Monthly,10,2024-08-01
SUB04044,CUST04044,Family,1499,Monthly,15,2024-09-13
SUB04045,CUST04045,Premium,1199,Monthly,10,2026-02-16
SUB04046,CUST04046,Premium,1199,Monthly,10,2026-03-19
SUB04047,CUST04047,Basic,499,Quarterly,2,2024-07-26
SUB04048,CUST04048,Standard,799,Annual,5,2024-01-04
SUB04049,CUST04049,Premium,1199,Monthly,10,2024-03-01
SUB04050,CUST04050,Family,1499,Monthly,15,2026-04-05
SUB04051,CUST04051,Basic,499,Monthly,2,2026-03-07
SUB04052,CUST04052,Standard,799,Monthly,5,2025-01-28
SUB04053,CUST04053,Standard,799,Monthly,5,2024-09-09
SUB04054,CUST04054,Basic,499,Annual,2,2025-02-15
SUB04055,CUST04055,Premium,1199,Annual,10,2025-01-01
SUB04056,CUST04056,Family,1499,Monthly,15,2025-04-04
SUB04057,CUST04057,Standard,799,Quarterly,5,2024-04-05
SUB04058,CUST04058,Family,1499,Quarterly,15,2025-09-11
SUB04059,CUST04059,Family,1499,Annual,15,2025-04-03
SUB04060,CUST04060,Basic,499,Monthly,2,2024-05-01
SUB04061,CUST04061,Basic,499,Quarterly,2,2026-04-07
SUB04062,CUST04062,Premium,1199,Monthly,10,2025-05-16
SUB04063,CUST04063,Premium,1199,Monthly,10,2025-04-08
SUB04064,CUST04064,Family,1499,Quarterly,15,2026-03-11
SUB04065,CUST04065,Premium,1199,Monthly,10,2024-02-16
SUB04066,CUST04066,Standard,799,Monthly,5,2026-04-07
SUB04067,CUST04067,Standard,799,Quarterly,5,2026-04-24
SUB04068,CUST04068,Family,1499,Monthly,15,2026-03-10
SUB04069,CUST04069,Family,1499,Annual,15,2024-07-23
SUB04070,CUST04070,Basic,499,Quarterly,2,2025-01-18
SUB04071,CUST04071,Family,1499,Annual,15,2025-04-01
SUB04072,CUST04072,Family,1499,Monthly,15,2025-03-29
SUB04073,CUST04073,Standard,799,Annual,5,2024-10-17
SUB04074,CUST04074,Standard,799,Monthly,5,2024-05-04
SUB04075,CUST04075,Standard,799,Annual,5,2024-12-04
SUB04076,CUST04076,Premium,1199,Annual,10,2024-06-18
SUB04077,CUST04077,Basic,499,Annual,2,2024-12-19
SUB04078,CUST04078,Standard,799,Monthly,5,2025-08-21
SUB04079,CUST04079,Standard,799,Monthly,5,2024-03-12
SUB04080,CUST04080,Standard,799,Annual,5,2024-05-31
SUB04081,CUST04081,Premium,1199,Annual,10,2025-02-02
SUB04082,CUST04082,Standard,799,Annual,5,2024-10-12
SUB04083,CUST04083,Premium,1199,Monthly,10,2026-02-03
SUB04084,CUST04084,Family,1499,Quarterly,15,2026-04-30
SUB04085,CUST04085,Basic,499,Monthly,2,2025-12-23
SUB04086,CUST04086,Basic,499,Monthly,2,2024-03-22
SUB04087,CUST04087,Standard,799,Monthly,5,2025-02-10
SUB04088,CUST04088,Standard,799,Monthly,5,2025-08-21
SUB04089,CUST04089,Basic,499,Monthly,2,2025-11-26
SUB04090,CUST04090,Family,1499,Monthly,15,2025-05-29
SUB04091,CUST04091,Basic,499,Monthly,2,2025-05-07
SUB04092,CUST04092,Premium,1199,Monthly,10,2024-04-03
SUB04093,CUST04093,Basic,499,Monthly,2,2025-01-16
SUB04094,CUST04094,Premium,1199,Monthly,10,2026-01-15
SUB04095,CUST04095,Premium,1199,Annual,10,2026-03-22
SUB04096,CUST04096,Premium,1199,Monthly,10,2025-12-12
SUB04097,CUST04097,Standard,799,Monthly,5,2026-02-24
SUB04098,CUST04098,Family,1499,Quarterly,15,2025-02-10
SUB04099,CUST04099,Premium,1199,Monthly,10,2024-05-05
SUB04100,CUST04100,Family,1499,Monthly,15,2026-01-09
SUB04101,CUST04101,Premium,1199,Monthly,10,2024-07-25
SUB04102,CUST04102,Family,1499,Quarterly,15,2026-02-20
SUB04103,CUST04103,Basic,499,Monthly,2,2024-08-13
SUB04104,CUST04104,Premium,1199,Monthly,10,2025-03-14
SUB04105,CUST04105,Basic,499,Annual,2,2024-03-31
SUB04106,CUST04106,Standard,799,Monthly,5,2026-02-05
SUB04107,CUST04107,Standard,799,Monthly,5,2024-11-11
SUB04108,CUST04108,Family,1499,Annual,15,2025-09-24
SUB04109,CUST04109,Standard,799,Monthly,5,2024-07-29
SUB04110,CUST04110,Standard,799,Annual,5,2025-11-13
SUB04111,CUST04111,Premium,1199,Annual,10,2025-12-16
SUB04112,CUST04112,Family,1499,Quarterly,15,2025-02-25
SUB04113,CUST04113,Basic,499,Quarterly,2,2024-05-07
SUB04114,CUST04114,Basic,499,Quarterly,2,2026-01-21
SUB04115,CUST04115,Premium,1199,Annual,10,2024-12-27
SUB04116,CUST04116,Premium,1199,Annual,10,2025-05-03
SUB04117,CUST04117,Basic,499,Monthly,2,2026-02-20
SUB04118,CUST04118,Basic,499,Quarterly,2,2026-02-28
SUB04119,CUST04119,Premium,1199,Annual,10,2025-04-22
SUB04120,CUST04120,Standard,799,Monthly,5,2024-12-29
SUB04121,CUST04121,Family,1499,Monthly,15,2026-03-14
SUB04122,CUST04122,Standard,799,Monthly,5,2025-04-11
SUB04123,CUST04123,Family,1499,Monthly,15,2024-05-15
SUB04124,CUST04124,Basic,499,Monthly,2,2025-05-23
SUB04125,CUST04125,Family,1499,Annual,15,2025-11-14
SUB04126,CUST04126,Family,1499,Quarterly,15,2024-11-29
SUB04127,CUST04127,Premium,1199,Monthly,10,2025-08-25
SUB04128,CUST04128,Family,1499,Quarterly,15,2025-03-13
SUB04129,CUST04129,Basic,499,Monthly,2,2026-04-07
SUB04130,CUST04130,Family,1499,Quarterly,15,2025-08-31
SUB04131,CUST04131,Family,1499,Monthly,15,2026-03-27
SUB04132,CUST04132,Standard,799,Quarterly,5,2024-12-29
SUB04133,CUST04133,Family,1499,Monthly,15,2026-02-11
SUB04134,CUST04134,Standard,799,Annual,5,2024-10-27
SUB04135,CUST04135,Premium,1199,Annual,10,2024-11-27
SUB04136,CUST04136,Premium,1199,Annual,10,2025-08-01
SUB04137,CUST04137,Standard,799,Monthly,5,2024-09-13
SUB04138,CUST04138,Basic,499,Annual,2,2025-10-31
SUB04139,CUST04139,Standard,799,Monthly,5,2026-03-14
SUB04140,CUST04140,Standard,799,Annual,5,2024-10-10
SUB04141,CUST04141,Premium,1199,Monthly,10,2025-10-17
SUB04142,CUST04142,Standard,799,Monthly,5,2025-10-19
SUB04143,CUST04143,Premium,1199,Quarterly,10,2026-03-18
SUB04144,CUST04144,Standard,799,Monthly,5,2025-12-29
SUB04145,CUST04145,Basic,499,Quarterly,2,2025-08-17
SUB04146,CUST04146,Basic,499,Annual,2,2025-07-03
SUB04147,CUST04147,Standard,799,Monthly,5,2025-12-04
SUB04148,CUST04148,Standard,799,Annual,5,2025-08-30
SUB04149,CUST04149,Basic,499,Monthly,2,2026-02-09
SUB04150,CUST04150,Standard,799,Monthly,5,2025-06-18
SUB04151,CUST04151,Standard,799,Annual,5,2024-10-24
SUB04152,CUST04152,Premium,1199,Monthly,10,2024-09-14
SUB04153,CUST04153,Basic,499,Monthly,2,2024-04-03
SUB04154,CUST04154,Basic,499,Quarterly,2,2026-04-02
SUB04155,CUST04155,Family,1499,Monthly,15,2024-01-07
SUB04156,CUST04156,Family,1499,Annual,15,2025-04-18
SUB04157,CUST04157,Premium,1199,Monthly,10,2025-08-12
SUB04158,CUST04158,Standard,799,Monthly,5,2024-05-26
SUB04159,CUST04159,Basic,499,Annual,2,2025-06-01
SUB04160,CUST04160,Premium,1199,Quarterly,10,2024-11-06
SUB04161,CUST04161,Basic,499,Annual,2,2024-03-06
SUB04162,CUST04162,Premium,1199,Annual,10,2025-11-17
SUB04163,CUST04163,Basic,499,Annual,2,2024-12-13
SUB04164,CUST04164,Family,1499,Monthly,15,2026-04-16
SUB04165,CUST04165,Basic,499,Quarterly,2,2026-01-29
SUB04166,CUST04166,Premium,1199,Monthly,10,2024-01-24
SUB04167,CUST04167,Basic,499,Annual,2,2024-06-22
SUB04168,CUST04168,Basic,499,Monthly,2,2024-12-22
SUB04169,CUST04169,Standard,799,Quarterly,5,2024-07-30
SUB04170,CUST04170,Basic,499,Quarterly,2,2024-07-30
SUB04171,CUST04171,Standard,799,Annual,5,2024-05-01
SUB04172,CUST04172,Basic,499,Monthly,2,2025-05-27
SUB04173,CUST04173,Premium,1199,Monthly,10,2025-08-11
SUB04174,CUST04174,Basic,499,Monthly,2,2025-01-16
SUB04175,CUST04175,Premium,1199,Annual,10,2026-04-24
SUB04176,CUST04176,Basic,499,Annual,2,2025-11-24
SUB04177,CUST04177,Family,1499,Monthly,15,2025-03-31
SUB04178,CUST04178,Family,1499,Monthly,15,2025-08-22
SUB04179,CUST04179,Standard,799,Quarterly,5,2024-04-29
SUB04180,CUST04180,Family,1499,Quarterly,15,2026-04-01
SUB04181,CUST04181,Family,1499,Quarterly,15,2025-02-16
SUB04182,CUST04182,Premium,1199,Annual,10,2025-03-09
SUB04183,CUST04183,Premium,1199,Monthly,10,2024-10-22
SUB04184,CUST04184,Standard,799,Monthly,5,2024-05-05
SUB04185,CUST04185,Premium,1199,Quarterly,10,2024-02-17
SUB04186,CUST04186,Family,1499,Quarterly,15,2026-01-27
SUB04187,CUST04187,Standard,799,Monthly,5,2026-01-21
SUB04188,CUST04188,Premium,1199,Annual,10,2025-04-22
SUB04189,CUST04189,Family,1499,Monthly,15,2025-03-28
SUB04190,CUST04190,Family,1499,Monthly,15,2024-12-05
SUB04191,CUST04191,Premium,1199,Annual,10,2025-12-19
SUB04192,CUST04192,Basic,499,Annual,2,2024-10-19
SUB04193,CUST04193,Family,1499,Quarterly,15,2025-08-02
SUB04194,CUST04194,Premium,1199,Annual,10,2024-01-06
SUB04195,CUST04195,Basic,499,Annual,2,2025-04-22
SUB04196,CUST04196,Premium,1199,Annual,10,2026-03-28
SUB04197,CUST04197,Premium,1199,Annual,10,2025-04-17
SUB04198,CUST04198,Premium,1199,Annual,10,2024-06-03
SUB04199,CUST04199,Basic,499,Monthly,2,2025-12-07
SUB04200,CUST04200,Premium,1199,Monthly,10,2025-08-09
SUB04201,CUST04201,Standard,799,Annual,5,2026-03-09
SUB04202,CUST04202,Premium,1199,Quarterly,10,2025-01-27
SUB04203,CUST04203,Basic,499,Monthly,2,2025-06-05
SUB04204,CUST04204,Standard,799,Quarterly,5,2024-01-27
SUB04205,CUST04205,Family,1499,Annual,15,2024-05-20
SUB04206,CUST04206,Basic,499,Quarterly,2,2026-03-28
SUB04207,CUST04207,Family,1499,Monthly,15,2025-09-12
SUB04208,CUST04208,Family,1499,Annual,15,2024-12-22
SUB04209,CUST04209,Standard,799,Quarterly,5,2024-05-29
SUB04210,CUST04210,Standard,799,Monthly,5,2024-04-06
SUB04211,CUST04211,Premium,1199,Annual,10,2025-12-23
SUB04212,CUST04212,Basic,499,Monthly,2,2024-11-12
SUB04213,CUST04213,Premium,1199,Monthly,10,2025-12-29
SUB04214,CUST04214,Premium,1199,Quarterly,10,2026-02-07
SUB04215,CUST04215,Family,1499,Monthly,15,2024-01-14
SUB04216,CUST04216,Standard,799,Quarterly,5,2025-09-19
SUB04217,CUST04217,Standard,799,Monthly,5,2025-03-03
SUB04218,CUST04218,Premium,1199,Monthly,10,2024-06-05
SUB04219,CUST04219,Basic,499,Quarterly,2,2025-03-23
SUB04220,CUST04220,Premium,1199,Monthly,10,2025-07-30
SUB04221,CUST04221,Premium,1199,Annual,10,2026-04-05
SUB04222,CUST04222,Standard,799,Monthly,5,2025-04-15
SUB04223,CUST04223,Basic,499,Annual,2,2025-03-28
SUB04224,CUST04224,Standard,799,Annual,5,2025-08-28
SUB04225,CUST04225,Premium,1199,Monthly,10,2025-08-17
SUB04226,CUST04226,Family,1499,Annual,15,2025-08-03
SUB04227,CUST04227,Premium,1199,Monthly,10,2025-12-04
SUB04228,CUST04228,Family,1499,Monthly,15,2025-04-03
SUB04229,CUST04229,Standard,799,Monthly,5,2024-08-20
SUB04230,CUST04230,Premium,1199,Monthly,10,2025-09-04
SUB04231,CUST04231,Standard,799,Monthly,5,2025-05-04
SUB04232,CUST04232,Premium,1199,Annual,10,2024-12-02
SUB04233,CUST04233,Standard,799,Annual,5,2025-04-07
SUB04234,CUST04234,Family,1499,Monthly,15,2025-04-12
SUB04235,CUST04235,Family,1499,Quarterly,15,2025-11-27
SUB04236,CUST04236,Family,1499,Quarterly,15,2025-04-15
SUB04237,CUST04237,Premium,1199,Annual,10,2025-07-04
SUB04238,CUST04238,Basic,499,Monthly,2,2024-04-28
SUB04239,CUST04239,Basic,499,Monthly,2,2024-03-29
SUB04240,CUST04240,Basic,499,Annual,2,2025-03-02
SUB04241,CUST04241,Premium,1199,Monthly,10,2024-04-10
SUB04242,CUST04242,Basic,499,Monthly,2,2024-03-31
SUB04243,CUST04243,Standard,799,Monthly,5,2025-01-03
SUB04244,CUST04244,Basic,499,Monthly,2,2025-11-16
SUB04245,CUST04245,Standard,799,Monthly,5,2024-05-07
SUB04246,CUST04246,Family,1499,Monthly,15,2025-10-17
SUB04247,CUST04247,Standard,799,Annual,5,2025-02-25
SUB04248,CUST04248,Standard,799,Monthly,5,2025-10-09
SUB04249,CUST04249,Standard,799,Monthly,5,2025-02-18
SUB04250,CUST04250,Basic,499,Monthly,2,2026-04-19
SUB04251,CUST04251,Premium,1199,Annual,10,2024-02-04
SUB04252,CUST04252,Family,1499,Quarterly,15,2024-10-11
SUB04253,CUST04253,Basic,499,Monthly,2,2025-03-13
SUB04254,CUST04254,Basic,499,Monthly,2,2024-05-11
SUB04255,CUST04255,Standard,799,Monthly,5,2025-10-05
SUB04256,CUST04256,Family,1499,Monthly,15,2025-06-24
SUB04257,CUST04257,Basic,499,Quarterly,2,2025-06-27
SUB04258,CUST04258,Family,1499,Quarterly,15,2024-09-16
SUB04259,CUST04259,Basic,499,Annual,2,2024-08-25
SUB04260,CUST04260,Premium,1199,Quarterly,10,2024-09-02
SUB04261,CUST04261,Premium,1199,Quarterly,10,2024-09-20
SUB04262,CUST04262,Basic,499,Annual,2,2024-04-09
SUB04263,CUST04263,Basic,499,Quarterly,2,2024-11-26
SUB04264,CUST04264,Family,1499,Monthly,15,2025-03-09
SUB04265,CUST04265,Standard,799,Annual,5,2025-02-04
SUB04266,CUST04266,Basic,499,Quarterly,2,2024-09-28
SUB04267,CUST04267,Basic,499,Monthly,2,2025-03-04
SUB04268,CUST04268,Family,1499,Annual,15,2026-03-16
SUB04269,CUST04269,Basic,499,Monthly,2,2025-04-01
SUB04270,CUST04270,Basic,499,Monthly,2,2024-05-25
SUB04271,CUST04271,Standard,799,Monthly,5,2026-03-02
SUB04272,CUST04272,Premium,1199,Monthly,10,2024-10-15
SUB04273,CUST04273,Family,1499,Quarterly,15,2025-04-07
SUB04274,CUST04274,Standard,799,Monthly,5,2024-11-02
SUB04275,CUST04275,Family,1499,Annual,15,2025-08-08
SUB04276,CUST04276,Premium,1199,Monthly,10,2024-02-18
SUB04277,CUST04277,Standard,799,Monthly,5,2024-12-27
SUB04278,CUST04278,Family,1499,Annual,15,2025-03-10
SUB04279,CUST04279,Premium,1199,Annual,10,2026-03-06
SUB04280,CUST04280,Family,1499,Quarterly,15,2025-05-01
SUB04281,CUST04281,Family,1499,Monthly,15,2025-10-25
SUB04282,CUST04282,Basic,499,Monthly,2,2025-05-13
SUB04283,CUST04283,Basic,499,Monthly,2,2024-03-05
SUB04284,CUST04284,Family,1499,Monthly,15,2024-08-10
SUB04285,CUST04285,Family,1499,Monthly,15,2025-02-20
SUB04286,CUST04286,Standard,799,Annual,5,2024-05-17
SUB04287,CUST04287,Family,1499,Monthly,15,2024-07-15
SUB04288,CUST04288,Standard,799,Monthly,5,2025-09-14
SUB04289,CUST04289,Standard,799,Quarterly,5,2024-07-21
SUB04290,CUST04290,Standard,799,Monthly,5,2024-10-31
SUB04291,CUST04291,Premium,1199,Quarterly,10,2026-01-12
SUB04292,CUST04292,Premium,1199,Monthly,10,2025-01-26
SUB04293,CUST04293,Family,1499,Monthly,15,2025-05-23
SUB04294,CUST04294,Family,1499,Quarterly,15,2025-04-06
SUB04295,CUST04295,Premium,1199,Monthly,10,2024-03-02
SUB04296,CUST04296,Basic,499,Monthly,2,2024-01-23
SUB04297,CUST04297,Basic,499,Monthly,2,2025-09-15
SUB04298,CUST04298,Premium,1199,Annual,10,2025-09-15
SUB04299,CUST04299,Basic,499,Annual,2,2024-02-10
SUB04300,CUST04300,Basic,499,Monthly,2,2025-03-28
SUB04301,CUST04301,Standard,799,Monthly,5,2025-03-07
SUB04302,CUST04302,Family,1499,Quarterly,15,2026-04-15
SUB04303,CUST04303,Basic,499,Monthly,2,2024-11-20
SUB04304,CUST04304,Standard,799,Monthly,5,2024-06-17
SUB04305,CUST04305,Standard,799,Annual,5,2025-08-29
SUB04306,CUST04306,Premium,1199,Quarterly,10,2024-04-19
SUB04307,CUST04307,Standard,799,Monthly,5,2024-11-29
SUB04308,CUST04308,Basic,499,Quarterly,2,2024-01-17
SUB04309,CUST04309,Basic,499,Monthly,2,2026-01-12
SUB04310,CUST04310,Basic,499,Quarterly,2,2025-10-04
SUB04311,CUST04311,Family,1499,Monthly,15,2026-04-01
SUB04312,CUST04312,Basic,499,Monthly,2,2024-10-18
SUB04313,CUST04313,Basic,499,Quarterly,2,2026-03-17
SUB04314,CUST04314,Family,1499,Monthly,15,2024-09-02
SUB04315,CUST04315,Premium,1199,Monthly,10,2024-11-04
SUB04316,CUST04316,Premium,1199,Monthly,10,2024-07-15
SUB04317,CUST04317,Standard,799,Annual,5,2025-04-07
SUB04318,CUST04318,Basic,499,Annual,2,2024-01-10
SUB04319,CUST04319,Standard,799,Annual,5,2025-06-21
SUB04320,CUST04320,Standard,799,Monthly,5,2025-08-22
SUB04321,CUST04321,Family,1499,Monthly,15,2024-11-22
SUB04322,CUST04322,Basic,499,Annual,2,2025-01-13
SUB04323,CUST04323,Standard,799,Monthly,5,2025-12-26
SUB04324,CUST04324,Basic,499,Quarterly,2,2024-05-24
SUB04325,CUST04325,Family,1499,Monthly,15,2026-04-03
SUB04326,CUST04326,Basic,499,Monthly,2,2025-03-28
SUB04327,CUST04327,Premium,1199,Annual,10,2026-02-18
SUB04328,CUST04328,Standard,799,Monthly,5,2025-01-16
SUB04329,CUST04329,Basic,499,Monthly,2,2026-04-20
SUB04330,CUST04330,Standard,799,Monthly,5,2025-03-22
SUB04331,CUST04331,Premium,1199,Quarterly,10,2025-12-02
SUB04332,CUST04332,Standard,799,Annual,5,2024-12-16
SUB04333,CUST04333,Family,1499,Monthly,15,2025-04-14
SUB04334,CUST04334,Family,1499,Annual,15,2025-01-04
SUB04335,CUST04335,Standard,799,Monthly,5,2024-07-20
SUB04336,CUST04336,Family,1499,Quarterly,15,2024-11-17
SUB04337,CUST04337,Basic,499,Monthly,2,2024-12-02
SUB04338,CUST04338,Family,1499,Monthly,15,2025-02-21
SUB04339,CUST04339,Family,1499,Monthly,15,2024-05-06
SUB04340,CUST04340,Premium,1199,Monthly,10,2025-02-23
SUB04341,CUST04341,Family,1499,Monthly,15,2025-10-22
SUB04342,CUST04342,Family,1499,Quarterly,15,2025-12-20
SUB04343,CUST04343,Basic,499,Monthly,2,2025-03-19
SUB04344,CUST04344,Premium,1199,Quarterly,10,2025-02-20
SUB04345,CUST04345,Family,1499,Monthly,15,2025-07-07
SUB04346,CUST04346,Family,1499,Monthly,15,2024-10-05
SUB04347,CUST04347,Premium,1199,Annual,10,2024-02-11
SUB04348,CUST04348,Standard,799,Quarterly,5,2026-03-21
SUB04349,CUST04349,Basic,499,Quarterly,2,2025-05-08
SUB04350,CUST04350,Basic,499,Annual,2,2026-04-25
SUB04351,CUST04351,Standard,799,Monthly,5,2025-12-20
SUB04352,CUST04352,Family,1499,Annual,15,2025-06-07
SUB04353,CUST04353,Basic,499,Annual,2,2024-12-17
SUB04354,CUST04354,Premium,1199,Monthly,10,2024-08-31
SUB04355,CUST04355,Family,1499,Monthly,15,2026-04-23
SUB04356,CUST04356,Standard,799,Annual,5,2024-06-17
SUB04357,CUST04357,Family,1499,Monthly,15,2026-04-18
SUB04358,CUST04358,Standard,799,Monthly,5,2024-06-11
SUB04359,CUST04359,Family,1499,Monthly,15,2025-06-24
SUB04360,CUST04360,Standard,799,Monthly,5,2024-10-13
SUB04361,CUST04361,Basic,499,Annual,2,2025-08-25
SUB04362,CUST04362,Standard,799,Monthly,5,2026-01-20
SUB04363,CUST04363,Standard,799,Monthly,5,2026-03-22
SUB04364,CUST04364,Basic,499,Monthly,2,2025-10-15
SUB04365,CUST04365,Family,1499,Monthly,15,2025-02-02
SUB04366,CUST04366,Premium,1199,Quarterly,10,2024-12-28
SUB04367,CUST04367,Basic,499,Quarterly,2,2024-12-09
SUB04368,CUST04368,Standard,799,Quarterly,5,2024-02-02
SUB04369,CUST04369,Standard,799,Annual,5,2025-09-29
SUB04370,CUST04370,Standard,799,Quarterly,5,2025-08-10
SUB04371,CUST04371,Family,1499,Monthly,15,2024-05-11
SUB04372,CUST04372,Standard,799,Quarterly,5,2025-02-09
SUB04373,CUST04373,Family,1499,Annual,15,2026-03-27
SUB04374,CUST04374,Basic,499,Quarterly,2,2024-01-04
SUB04375,CUST04375,Premium,1199,Annual,10,2025-09-06
SUB04376,CUST04376,Standard,799,Monthly,5,2025-09-28
SUB04377,CUST04377,Standard,799,Quarterly,5,2025-07-30
SUB04378,CUST04378,Standard,799,Monthly,5,2024-12-08
SUB04379,CUST04379,Premium,1199,Annual,10,2026-01-31
SUB04380,CUST04380,Family,1499,Annual,15,2026-04-10
SUB04381,CUST04381,Family,1499,Monthly,15,2026-03-09
SUB04382,CUST04382,Family,1499,Monthly,15,2024-08-16
SUB04383,CUST04383,Standard,799,Quarterly,5,2025-07-22
SUB04384,CUST04384,Standard,799,Monthly,5,2024-03-18
SUB04385,CUST04385,Standard,799,Monthly,5,2025-03-07
SUB04386,CUST04386,Standard,799,Annual,5,2024-11-05
SUB04387,CUST04387,Premium,1199,Quarterly,10,2026-04-25
SUB04388,CUST04388,Standard,799,Monthly,5,2025-11-10
SUB04389,CUST04389,Standard,799,Quarterly,5,2025-07-31
SUB04390,CUST04390,Basic,499,Monthly,2,2024-09-06
SUB04391,CUST04391,Standard,799,Monthly,5,2026-01-17
SUB04392,CUST04392,Premium,1199,Annual,10,2024-11-16
SUB04393,CUST04393,Standard,799,Monthly,5,2025-10-14
SUB04394,CUST04394,Basic,499,Annual,2,2025-08-06
SUB04395,CUST04395,Family,1499,Monthly,15,2025-01-10
SUB04396,CUST04396,Basic,499,Monthly,2,2025-11-12
SUB04397,CUST04397,Premium,1199,Monthly,10,2025-05-09
SUB04398,CUST04398,Premium,1199,Monthly,10,2024-01-07
SUB04399,CUST04399,Basic,499,Monthly,2,2025-10-02
SUB04400,CUST04400,Basic,499,Monthly,2,2024-06-07
SUB04401,CUST04401,Family,1499,Annual,15,2025-03-05
SUB04402,CUST04402,Premium,1199,Quarterly,10,2025-08-16
SUB04403,CUST04403,Premium,1199,Annual,10,2024-05-22
SUB04404,CUST04404,Basic,499,Monthly,2,2026-02-13
SUB04405,CUST04405,Premium,1199,Quarterly,10,2024-07-24
SUB04406,CUST04406,Basic,499,Monthly,2,2026-03-20
SUB04407,CUST04407,Basic,499,Monthly,2,2025-10-07
SUB04408,CUST04408,Basic,499,Monthly,2,2024-05-22
SUB04409,CUST04409,Basic,499,Annual,2,2025-05-14
SUB04410,CUST04410,Basic,499,Monthly,2,2024-01-08
SUB04411,CUST04411,Premium,1199,Monthly,10,2024-07-02
SUB04412,CUST04412,Premium,1199,Quarterly,10,2025-09-13
SUB04413,CUST04413,Premium,1199,Monthly,10,2024-05-17
SUB04414,CUST04414,Standard,799,Monthly,5,2025-08-20
SUB04415,CUST04415,Standard,799,Quarterly,5,2025-03-10
SUB04416,CUST04416,Basic,499,Annual,2,2026-01-19
SUB04417,CUST04417,Family,1499,Quarterly,15,2024-03-19
SUB04418,CUST04418,Basic,499,Annual,2,2024-02-23
SUB04419,CUST04419,Standard,799,Annual,5,2025-07-07
SUB04420,CUST04420,Family,1499,Annual,15,2026-04-30
SUB04421,CUST04421,Basic,499,Annual,2,2025-01-05
SUB04422,CUST04422,Basic,499,Annual,2,2024-09-22
SUB04423,CUST04423,Standard,799,Annual,5,2024-01-26
SUB04424,CUST04424,Basic,499,Annual,2,2024-02-20
SUB04425,CUST04425,Premium,1199,Monthly,10,2025-05-09
SUB04426,CUST04426,Standard,799,Annual,5,2025-11-25
SUB04427,CUST04427,Basic,499,Monthly,2,2024-06-09
SUB04428,CUST04428,Basic,499,Monthly,2,2025-08-26
SUB04429,CUST04429,Standard,799,Monthly,5,2025-12-05
SUB04430,CUST04430,Standard,799,Monthly,5,2025-06-07
SUB04431,CUST04431,Standard,799,Annual,5,2026-04-15
SUB04432,CUST04432,Family,1499,Monthly,15,2025-06-14
SUB04433,CUST04433,Premium,1199,Annual,10,2024-10-24
SUB04434,CUST04434,Basic,499,Monthly,2,2024-11-13
SUB04435,CUST04435,Family,1499,Monthly,15,2025-01-16
SUB04436,CUST04436,Family,1499,Monthly,15,2025-11-13
SUB04437,CUST04437,Basic,499,Annual,2,2025-06-26
SUB04438,CUST04438,Basic,499,Monthly,2,2024-04-19
SUB04439,CUST04439,Standard,799,Annual,5,2026-04-26
SUB04440,CUST04440,Basic,499,Annual,2,2025-11-30
SUB04441,CUST04441,Basic,499,Quarterly,2,2024-10-06
SUB04442,CUST04442,Premium,1199,Annual,10,2026-03-15
SUB04443,CUST04443,Standard,799,Monthly,5,2025-01-31
SUB04444,CUST04444,Family,1499,Annual,15,2025-07-29
SUB04445,CUST04445,Family,1499,Monthly,15,2026-01-12
SUB04446,CUST04446,Family,1499,Monthly,15,2025-11-30
SUB04447,CUST04447,Basic,499,Annual,2,2025-06-10
SUB04448,CUST04448,Basic,499,Monthly,2,2026-02-14
SUB04449,CUST04449,Standard,799,Monthly,5,2025-07-30
SUB04450,CUST04450,Family,1499,Monthly,15,2024-04-22
SUB04451,CUST04451,Basic,499,Monthly,2,2025-02-20
SUB04452,CUST04452,Basic,499,Quarterly,2,2024-03-28
SUB04453,CUST04453,Basic,499,Monthly,2,2024-01-10
SUB04454,CUST04454,Family,1499,Monthly,15,2024-09-29
SUB04455,CUST04455,Standard,799,Quarterly,5,2025-12-04
SUB04456,CUST04456,Premium,1199,Monthly,10,2025-05-28
SUB04457,CUST04457,Standard,799,Monthly,5,2024-01-08
SUB04458,CUST04458,Family,1499,Monthly,15,2024-07-14
SUB04459,CUST04459,Standard,799,Monthly,5,2025-03-22
SUB04460,CUST04460,Family,1499,Monthly,15,2024-03-15
SUB04461,CUST04461,Basic,499,Monthly,2,2025-01-28
SUB04462,CUST04462,Premium,1199,Monthly,10,2025-12-19
SUB04463,CUST04463,Basic,499,Monthly,2,2025-09-07
SUB04464,CUST04464,Standard,799,Monthly,5,2025-12-04
SUB04465,CUST04465,Family,1499,Annual,15,2024-01-11
SUB04466,CUST04466,Basic,499,Quarterly,2,2024-02-14
SUB04467,CUST04467,Family,1499,Monthly,15,2024-04-11
SUB04468,CUST04468,Premium,1199,Monthly,10,2024-04-08
SUB04469,CUST04469,Basic,499,Quarterly,2,2024-03-22
SUB04470,CUST04470,Basic,499,Annual,2,2024-08-22
SUB04471,CUST04471,Family,1499,Annual,15,2025-12-09
SUB04472,CUST04472,Premium,1199,Quarterly,10,2024-11-11
SUB04473,CUST04473,Premium,1199,Monthly,10,2026-01-15
SUB04474,CUST04474,Standard,799,Annual,5,2024-06-03
SUB04475,CUST04475,Standard,799,Monthly,5,2025-02-05
SUB04476,CUST04476,Family,1499,Annual,15,2024-01-30
SUB04477,CUST04477,Basic,499,Quarterly,2,2025-02-20
SUB04478,CUST04478,Standard,799,Monthly,5,2024-05-28
SUB04479,CUST04479,Family,1499,Monthly,15,2025-07-25
SUB04480,CUST04480,Standard,799,Annual,5,2025-02-24
SUB04481,CUST04481,Basic,499,Annual,2,2024-07-18
SUB04482,CUST04482,Family,1499,Monthly,15,2025-06-08
SUB04483,CUST04483,Standard,799,Quarterly,5,2025-01-05
SUB04484,CUST04484,Premium,1199,Quarterly,10,2024-12-10
SUB04485,CUST04485,Family,1499,Annual,15,2024-08-26
SUB04486,CUST04486,Basic,499,Monthly,2,2024-10-27
SUB04487,CUST04487,Basic,499,Monthly,2,2026-03-23
SUB04488,CUST04488,Standard,799,Quarterly,5,2025-10-25
SUB04489,CUST04489,Premium,1199,Annual,10,2026-01-08
SUB04490,CUST04490,Premium,1199,Monthly,10,2025-03-17
SUB04491,CUST04491,Family,1499,Annual,15,2025-07-25
SUB04492,CUST04492,Family,1499,Annual,15,2024-07-15
SUB04493,CUST04493,Standard,799,Monthly,5,2025-10-07
SUB04494,CUST04494,Standard,799,Monthly,5,2024-12-30
SUB04495,CUST04495,Basic,499,Annual,2,2025-03-21
SUB04496,CUST04496,Premium,1199,Quarterly,10,2025-03-19
SUB04497,CUST04497,Standard,799,Annual,5,2025-06-14
SUB04498,CUST04498,Family,1499,Monthly,15,2026-02-23
SUB04499,CUST04499,Premium,1199,Monthly,10,2025-12-11
SUB04500,CUST04500,Standard,799,Monthly,5,2024-11-21
SUB04501,CUST04501,Standard,799,Monthly,5,2026-03-08
SUB04502,CUST04502,Premium,1199,Annual,10,2024-11-22
SUB04503,CUST04503,Premium,1199,Monthly,10,2025-11-20
SUB04504,CUST04504,Standard,799,Annual,5,2026-01-21
SUB04505,CUST04505,Standard,799,Annual,5,2025-09-14
SUB04506,CUST04506,Basic,499,Quarterly,2,2024-12-31
SUB04507,CUST04507,Basic,499,Annual,2,2026-03-31
SUB04508,CUST04508,Basic,499,Monthly,2,2025-07-08
SUB04509,CUST04509,Premium,1199,Monthly,10,2025-01-03
SUB04510,CUST04510,Basic,499,Monthly,2,2025-04-23
SUB04511,CUST04511,Premium,1199,Monthly,10,2025-05-03
SUB04512,CUST04512,Basic,499,Monthly,2,2024-05-18
SUB04513,CUST04513,Basic,499,Monthly,2,2025-06-08
SUB04514,CUST04514,Family,1499,Monthly,15,2024-08-26
SUB04515,CUST04515,Family,1499,Monthly,15,2025-05-01
SUB04516,CUST04516,Standard,799,Quarterly,5,2024-12-10
SUB04517,CUST04517,Premium,1199,Quarterly,10,2025-04-30
SUB04518,CUST04518,Family,1499,Annual,15,2025-09-04
SUB04519,CUST04519,Basic,499,Monthly,2,2024-05-21
SUB04520,CUST04520,Standard,799,Annual,5,2025-06-14
SUB04521,CUST04521,Basic,499,Monthly,2,2025-03-15
SUB04522,CUST04522,Family,1499,Annual,15,2025-03-19
SUB04523,CUST04523,Premium,1199,Monthly,10,2025-02-02
SUB04524,CUST04524,Family,1499,Annual,15,2025-07-15
SUB04525,CUST04525,Premium,1199,Annual,10,2024-05-28
SUB04526,CUST04526,Premium,1199,Quarterly,10,2024-02-18
SUB04527,CUST04527,Family,1499,Quarterly,15,2025-09-20
SUB04528,CUST04528,Family,1499,Annual,15,2025-05-31
SUB04529,CUST04529,Family,1499,Annual,15,2025-12-12
SUB04530,CUST04530,Basic,499,Monthly,2,2024-03-22
SUB04531,CUST04531,Basic,499,Quarterly,2,2024-09-19
SUB04532,CUST04532,Premium,1199,Monthly,10,2024-11-16
SUB04533,CUST04533,Standard,799,Monthly,5,2026-02-04
SUB04534,CUST04534,Basic,499,Monthly,2,2025-12-10
SUB04535,CUST04535,Standard,799,Annual,5,2025-10-01
SUB04536,CUST04536,Basic,499,Monthly,2,2024-11-01
SUB04537,CUST04537,Premium,1199,Quarterly,10,2024-05-03
SUB04538,CUST04538,Basic,499,Quarterly,2,2026-02-27
SUB04539,CUST04539,Family,1499,Monthly,15,2025-12-25
SUB04540,CUST04540,Premium,1199,Monthly,10,2025-12-13
SUB04541,CUST04541,Premium,1199,Monthly,10,2024-12-08
SUB04542,CUST04542,Basic,499,Quarterly,2,2024-11-29
SUB04543,CUST04543,Basic,499,Monthly,2,2024-09-14
SUB04544,CUST04544,Standard,799,Quarterly,5,2024-03-10
SUB04545,CUST04545,Standard,799,Monthly,5,2026-02-24
SUB04546,CUST04546,Basic,499,Annual,2,2024-09-04
SUB04547,CUST04547,Premium,1199,Quarterly,10,2025-07-17
SUB04548,CUST04548,Family,1499,Monthly,15,2025-02-28
SUB04549,CUST04549,Family,1499,Monthly,15,2024-02-02
SUB04550,CUST04550,Premium,1199,Monthly,10,2025-10-29
SUB04551,CUST04551,Family,1499,Quarterly,15,2024-07-17
SUB04552,CUST04552,Premium,1199,Quarterly,10,2024-05-16
SUB04553,CUST04553,Basic,499,Monthly,2,2024-11-20
SUB04554,CUST04554,Family,1499,Quarterly,15,2025-06-27
SUB04555,CUST04555,Basic,499,Monthly,2,2024-01-13
SUB04556,CUST04556,Standard,799,Monthly,5,2025-07-10
SUB04557,CUST04557,Family,1499,Annual,15,2026-02-15
SUB04558,CUST04558,Basic,499,Quarterly,2,2024-07-15
SUB04559,CUST04559,Standard,799,Annual,5,2024-09-07
SUB04560,CUST04560,Family,1499,Monthly,15,2024-12-24
SUB04561,CUST04561,Premium,1199,Monthly,10,2024-02-23
SUB04562,CUST04562,Basic,499,Quarterly,2,2024-05-23
SUB04563,CUST04563,Standard,799,Annual,5,2024-01-20
SUB04564,CUST04564,Family,1499,Quarterly,15,2024-04-12
SUB04565,CUST04565,Basic,499,Quarterly,2,2024-05-17
SUB04566,CUST04566,Premium,1199,Quarterly,10,2025-07-24
SUB04567,CUST04567,Basic,499,Annual,2,2024-10-19
SUB04568,CUST04568,Premium,1199,Quarterly,10,2026-01-19
SUB04569,CUST04569,Standard,799,Annual,5,2024-05-22
SUB04570,CUST04570,Premium,1199,Quarterly,10,2025-06-03
SUB04571,CUST04571,Premium,1199,Monthly,10,2026-03-22
SUB04572,CUST04572,Premium,1199,Monthly,10,2025-09-11
SUB04573,CUST04573,Standard,799,Monthly,5,2024-12-25
SUB04574,CUST04574,Premium,1199,Monthly,10,2024-06-09
SUB04575,CUST04575,Basic,499,Annual,2,2024-09-24
SUB04576,CUST04576,Premium,1199,Monthly,10,2024-11-20
SUB04577,CUST04577,Standard,799,Monthly,5,2024-08-12
SUB04578,CUST04578,Basic,499,Quarterly,2,2025-06-16
SUB04579,CUST04579,Basic,499,Monthly,2,2025-07-23
SUB04580,CUST04580,Premium,1199,Monthly,10,2025-04-22
SUB04581,CUST04581,Basic,499,Monthly,2,2024-11-14
SUB04582,CUST04582,Premium,1199,Annual,10,2025-03-29
SUB04583,CUST04583,Family,1499,Monthly,15,2025-06-16
SUB04584,CUST04584,Family,1499,Monthly,15,2024-08-13
SUB04585,CUST04585,Standard,799,Monthly,5,2025-03-06
SUB04586,CUST04586,Standard,799,Monthly,5,2024-11-29
SUB04587,CUST04587,Premium,1199,Annual,10,2024-03-14
SUB04588,CUST04588,Basic,499,Quarterly,2,2024-07-04
SUB04589,CUST04589,Standard,799,Monthly,5,2025-12-04
SUB04590,CUST04590,Basic,499,Monthly,2,2025-04-26
SUB04591,CUST04591,Standard,799,Monthly,5,2024-06-22
SUB04592,CUST04592,Basic,499,Monthly,2,2026-02-15
SUB04593,CUST04593,Basic,499,Monthly,2,2025-05-22
SUB04594,CUST04594,Standard,799,Quarterly,5,2025-05-17
SUB04595,CUST04595,Basic,499,Monthly,2,2025-10-28
SUB04596,CUST04596,Premium,1199,Monthly,10,2024-10-05
SUB04597,CUST04597,Standard,799,Monthly,5,2025-06-22
SUB04598,CUST04598,Family,1499,Monthly,15,2026-02-16
SUB04599,CUST04599,Standard,799,Annual,5,2025-06-29
SUB04600,CUST04600,Basic,499,Quarterly,2,2024-07-09
SUB04601,CUST04601,Standard,799,Quarterly,5,2024-03-12
SUB04602,CUST04602,Premium,1199,Annual,10,2025-04-14
SUB04603,CUST04603,Basic,499,Quarterly,2,2025-08-10
SUB04604,CUST04604,Family,1499,Monthly,15,2025-01-29
SUB04605,CUST04605,Family,1499,Annual,15,2024-02-28
SUB04606,CUST04606,Premium,1199,Quarterly,10,2024-05-07
SUB04607,CUST04607,Premium,1199,Annual,10,2024-06-09
SUB04608,CUST04608,Standard,799,Quarterly,5,2025-05-20
SUB04609,CUST04609,Basic,499,Annual,2,2024-11-06
SUB04610,CUST04610,Family,1499,Monthly,15,2026-03-17
SUB04611,CUST04611,Family,1499,Monthly,15,2024-07-16
SUB04612,CUST04612,Premium,1199,Monthly,10,2025-08-14
SUB04613,CUST04613,Premium,1199,Monthly,10,2026-02-10
SUB04614,CUST04614,Premium,1199,Monthly,10,2024-01-01
SUB04615,CUST04615,Basic,499,Annual,2,2024-01-11
SUB04616,CUST04616,Basic,499,Monthly,2,2024-02-06
SUB04617,CUST04617,Family,1499,Monthly,15,2024-02-16
SUB04618,CUST04618,Basic,499,Annual,2,2025-09-07
SUB04619,CUST04619,Premium,1199,Monthly,10,2024-06-19
SUB04620,CUST04620,Family,1499,Monthly,15,2025-06-25
SUB04621,CUST04621,Family,1499,Monthly,15,2024-08-28
SUB04622,CUST04622,Family,1499,Quarterly,15,2025-06-08
SUB04623,CUST04623,Basic,499,Monthly,2,2025-07-19
SUB04624,CUST04624,Premium,1199,Quarterly,10,2024-05-29
SUB04625,CUST04625,Standard,799,Monthly,5,2025-12-28
SUB04626,CUST04626,Standard,799,Monthly,5,2026-03-17
SUB04627,CUST04627,Basic,499,Annual,2,2024-08-07
SUB04628,CUST04628,Family,1499,Monthly,15,2025-08-31
SUB04629,CUST04629,Family,1499,Annual,15,2026-03-10
SUB04630,CUST04630,Basic,499,Monthly,2,2025-11-08
SUB04631,CUST04631,Standard,799,Monthly,5,2025-10-09
SUB04632,CUST04632,Standard,799,Monthly,5,2024-09-11
SUB04633,CUST04633,Standard,799,Annual,5,2024-12-25
SUB04634,CUST04634,Premium,1199,Annual,10,2025-08-16
SUB04635,CUST04635,Premium,1199,Monthly,10,2025-07-27
SUB04636,CUST04636,Family,1499,Monthly,15,2025-10-29
SUB04637,CUST04637,Basic,499,Quarterly,2,2025-11-22
SUB04638,CUST04638,Basic,499,Annual,2,2025-02-26
SUB04639,CUST04639,Basic,499,Quarterly,2,2024-08-01
SUB04640,CUST04640,Family,1499,Monthly,15,2026-01-01
SUB04641,CUST04641,Family,1499,Monthly,15,2025-01-18
SUB04642,CUST04642,Basic,499,Monthly,2,2024-04-21
SUB04643,CUST04643,Standard,799,Annual,5,2025-04-05
SUB04644,CUST04644,Basic,499,Quarterly,2,2025-05-18
SUB04645,CUST04645,Premium,1199,Monthly,10,2025-08-26
SUB04646,CUST04646,Standard,799,Annual,5,2026-02-22
SUB04647,CUST04647,Premium,1199,Monthly,10,2025-10-30
SUB04648,CUST04648,Premium,1199,Quarterly,10,2024-09-24
SUB04649,CUST04649,Standard,799,Monthly,5,2026-01-05
SUB04650,CUST04650,Basic,499,Monthly,2,2025-06-26
SUB04651,CUST04651,Basic,499,Monthly,2,2026-04-16
SUB04652,CUST04652,Basic,499,Annual,2,2024-09-20
SUB04653,CUST04653,Basic,499,Quarterly,2,2025-11-29
SUB04654,CUST04654,Standard,799,Annual,5,2024-06-24
SUB04655,CUST04655,Basic,499,Annual,2,2025-05-22
SUB04656,CUST04656,Premium,1199,Monthly,10,2025-02-10
SUB04657,CUST04657,Basic,499,Monthly,2,2025-04-25
SUB04658,CUST04658,Basic,499,Monthly,2,2024-07-11
SUB04659,CUST04659,Premium,1199,Monthly,10,2025-11-13
SUB04660,CUST04660,Standard,799,Quarterly,5,2025-11-21
SUB04661,CUST04661,Premium,1199,Quarterly,10,2025-11-05
SUB04662,CUST04662,Premium,1199,Annual,10,2025-06-04
SUB04663,CUST04663,Premium,1199,Monthly,10,2026-03-15
SUB04664,CUST04664,Premium,1199,Quarterly,10,2024-04-04
SUB04665,CUST04665,Premium,1199,Quarterly,10,2024-05-23
SUB04666,CUST04666,Family,1499,Monthly,15,2026-02-03
SUB04667,CUST04667,Family,1499,Annual,15,2024-06-25
SUB04668,CUST04668,Standard,799,Quarterly,5,2024-04-25
SUB04669,CUST04669,Basic,499,Quarterly,2,2024-10-06
SUB04670,CUST04670,Family,1499,Quarterly,15,2025-04-22
SUB04671,CUST04671,Standard,799,Annual,5,2025-05-06
SUB04672,CUST04672,Standard,799,Monthly,5,2026-03-22
SUB04673,CUST04673,Standard,799,Annual,5,2025-05-14
SUB04674,CUST04674,Family,1499,Monthly,15,2025-04-02
SUB04675,CUST04675,Standard,799,Monthly,5,2024-03-02
SUB04676,CUST04676,Premium,1199,Monthly,10,2024-05-24
SUB04677,CUST04677,Family,1499,Quarterly,15,2026-01-18
SUB04678,CUST04678,Premium,1199,Quarterly,10,2026-01-18
SUB04679,CUST04679,Basic,499,Quarterly,2,2024-11-27
SUB04680,CUST04680,Basic,499,Monthly,2,2026-01-07
SUB04681,CUST04681,Premium,1199,Quarterly,10,2024-07-12
SUB04682,CUST04682,Premium,1199,Quarterly,10,2024-04-12
SUB04683,CUST04683,Family,1499,Monthly,15,2025-07-06
SUB04684,CUST04684,Family,1499,Annual,15,2024-01-26
SUB04685,CUST04685,Family,1499,Monthly,15,2025-09-04
SUB04686,CUST04686,Premium,1199,Quarterly,10,2024-02-24
SUB04687,CUST04687,Family,1499,Monthly,15,2026-04-24
SUB04688,CUST04688,Basic,499,Quarterly,2,2025-01-23
SUB04689,CUST04689,Basic,499,Quarterly,2,2025-03-30
SUB04690,CUST04690,Family,1499,Monthly,15,2025-08-23
SUB04691,CUST04691,Basic,499,Quarterly,2,2025-07-17
SUB04692,CUST04692,Basic,499,Annual,2,2024-03-12
SUB04693,CUST04693,Standard,799,Quarterly,5,2024-07-23
SUB04694,CUST04694,Family,1499,Annual,15,2025-03-17
SUB04695,CUST04695,Standard,799,Annual,5,2025-05-16
SUB04696,CUST04696,Family,1499,Monthly,15,2025-04-04
SUB04697,CUST04697,Family,1499,Monthly,15,2024-12-05
SUB04698,CUST04698,Basic,499,Annual,2,2025-09-10
SUB04699,CUST04699,Family,1499,Monthly,15,2024-03-14
SUB04700,CUST04700,Family,1499,Monthly,15,2025-03-02
SUB04701,CUST04701,Basic,499,Monthly,2,2024-08-10
SUB04702,CUST04702,Premium,1199,Monthly,10,2026-04-02
SUB04703,CUST04703,Family,1499,Quarterly,15,2024-10-05
SUB04704,CUST04704,Basic,499,Monthly,2,2024-12-10
SUB04705,CUST04705,Family,1499,Quarterly,15,2025-11-20
SUB04706,CUST04706,Family,1499,Monthly,15,2026-01-20
SUB04707,CUST04707,Family,1499,Monthly,15,2024-01-14
SUB04708,CUST04708,Family,1499,Monthly,15,2024-07-21
SUB04709,CUST04709,Standard,799,Monthly,5,2024-10-03
SUB04710,CUST04710,Premium,1199,Annual,10,2025-05-11
SUB04711,CUST04711,Standard,799,Quarterly,5,2025-11-10
SUB04712,CUST04712,Standard,799,Monthly,5,2025-12-09
SUB04713,CUST04713,Premium,1199,Monthly,10,2024-09-18
SUB04714,CUST04714,Family,1499,Monthly,15,2026-04-06
SUB04715,CUST04715,Premium,1199,Quarterly,10,2024-07-21
SUB04716,CUST04716,Family,1499,Quarterly,15,2024-04-09
SUB04717,CUST04717,Family,1499,Monthly,15,2024-08-29
SUB04718,CUST04718,Basic,499,Annual,2,2024-01-17
SUB04719,CUST04719,Family,1499,Monthly,15,2024-10-08
SUB04720,CUST04720,Standard,799,Monthly,5,2026-01-07
SUB04721,CUST04721,Standard,799,Quarterly,5,2026-02-22
SUB04722,CUST04722,Family,1499,Monthly,15,2025-10-19
SUB04723,CUST04723,Basic,499,Monthly,2,2024-11-29
SUB04724,CUST04724,Standard,799,Monthly,5,2025-12-24
SUB04725,CUST04725,Family,1499,Monthly,15,2024-12-26
SUB04726,CUST04726,Family,1499,Monthly,15,2025-04-13
SUB04727,CUST04727,Family,1499,Monthly,15,2024-04-06
SUB04728,CUST04728,Basic,499,Monthly,2,2026-03-25
SUB04729,CUST04729,Family,1499,Monthly,15,2024-06-14
SUB04730,CUST04730,Standard,799,Quarterly,5,2025-02-25
SUB04731,CUST04731,Standard,799,Annual,5,2025-02-19
SUB04732,CUST04732,Basic,499,Monthly,2,2024-10-13
SUB04733,CUST04733,Family,1499,Monthly,15,2025-03-11
SUB04734,CUST04734,Family,1499,Monthly,15,2024-10-03
SUB04735,CUST04735,Standard,799,Monthly,5,2024-12-12
SUB04736,CUST04736,Premium,1199,Quarterly,10,2025-09-01
SUB04737,CUST04737,Standard,799,Monthly,5,2025-05-16
SUB04738,CUST04738,Basic,499,Monthly,2,2024-01-24
SUB04739,CUST04739,Basic,499,Annual,2,2025-07-30
SUB04740,CUST04740,Family,1499,Annual,15,2024-06-27
SUB04741,CUST04741,Family,1499,Quarterly,15,2025-02-20
SUB04742,CUST04742,Family,1499,Quarterly,15,2025-03-30
SUB04743,CUST04743,Basic,499,Monthly,2,2026-01-19
SUB04744,CUST04744,Basic,499,Monthly,2,2025-10-07
SUB04745,CUST04745,Standard,799,Monthly,5,2024-07-04
SUB04746,CUST04746,Premium,1199,Monthly,10,2024-09-02
SUB04747,CUST04747,Premium,1199,Monthly,10,2024-09-14
SUB04748,CUST04748,Premium,1199,Quarterly,10,2025-08-29
SUB04749,CUST04749,Family,1499,Monthly,15,2025-10-26
SUB04750,CUST04750,Premium,1199,Monthly,10,2025-05-19
SUB04751,CUST04751,Family,1499,Monthly,15,2026-02-20
SUB04752,CUST04752,Basic,499,Monthly,2,2025-09-28
SUB04753,CUST04753,Standard,799,Annual,5,2024-01-17
SUB04754,CUST04754,Standard,799,Monthly,5,2025-02-15
SUB04755,CUST04755,Premium,1199,Annual,10,2025-11-16
SUB04756,CUST04756,Family,1499,Annual,15,2025-05-14
SUB04757,CUST04757,Premium,1199,Annual,10,2025-05-06
SUB04758,CUST04758,Premium,1199,Monthly,10,2025-04-18
SUB04759,CUST04759,Basic,499,Monthly,2,2026-02-11
SUB04760,CUST04760,Basic,499,Monthly,2,2024-10-14
SUB04761,CUST04761,Premium,1199,Monthly,10,2024-11-19
SUB04762,CUST04762,Basic,499,Monthly,2,2025-01-27
SUB04763,CUST04763,Premium,1199,Annual,10,2024-01-11
SUB04764,CUST04764,Basic,499,Monthly,2,2026-03-14
SUB04765,CUST04765,Basic,499,Quarterly,2,2025-09-28
SUB04766,CUST04766,Standard,799,Annual,5,2024-04-25
SUB04767,CUST04767,Standard,799,Monthly,5,2024-11-20
SUB04768,CUST04768,Standard,799,Annual,5,2025-07-13
SUB04769,CUST04769,Premium,1199,Monthly,10,2024-12-08
SUB04770,CUST04770,Basic,499,Monthly,2,2025-08-03
SUB04771,CUST04771,Basic,499,Monthly,2,2024-02-27
SUB04772,CUST04772,Premium,1199,Monthly,10,2025-10-30
SUB04773,CUST04773,Standard,799,Annual,5,2025-02-03
SUB04774,CUST04774,Premium,1199,Annual,10,2026-02-17
SUB04775,CUST04775,Premium,1199,Annual,10,2024-10-24
SUB04776,CUST04776,Family,1499,Quarterly,15,2024-06-13
SUB04777,CUST04777,Premium,1199,Monthly,10,2026-01-20
SUB04778,CUST04778,Premium,1199,Quarterly,10,2024-06-01
SUB04779,CUST04779,Basic,499,Monthly,2,2025-02-21
SUB04780,CUST04780,Basic,499,Monthly,2,2025-04-30
SUB04781,CUST04781,Basic,499,Monthly,2,2024-05-05
SUB04782,CUST04782,Standard,799,Monthly,5,2024-06-20
SUB04783,CUST04783,Standard,799,Monthly,5,2024-08-04
SUB04784,CUST04784,Premium,1199,Annual,10,2024-02-13
SUB04785,CUST04785,Family,1499,Monthly,15,2026-01-07
SUB04786,CUST04786,Standard,799,Annual,5,2024-09-23
SUB04787,CUST04787,Family,1499,Monthly,15,2024-01-22
SUB04788,CUST04788,Standard,799,Monthly,5,2025-04-21
SUB04789,CUST04789,Basic,499,Monthly,2,2024-01-18
SUB04790,CUST04790,Basic,499,Quarterly,2,2024-11-24
SUB04791,CUST04791,Basic,499,Monthly,2,2024-10-25
SUB04792,CUST04792,Premium,1199,Monthly,10,2026-04-25
SUB04793,CUST04793,Family,1499,Monthly,15,2025-07-30
SUB04794,CUST04794,Standard,799,Quarterly,5,2025-02-24
SUB04795,CUST04795,Family,1499,Annual,15,2024-07-30
SUB04796,CUST04796,Basic,499,Annual,2,2024-05-11
SUB04797,CUST04797,Family,1499,Quarterly,15,2024-05-19
SUB04798,CUST04798,Standard,799,Quarterly,5,2024-02-20
SUB04799,CUST04799,Basic,499,Monthly,2,2026-03-02
SUB04800,CUST04800,Basic,499,Annual,2,2025-03-18
SUB04801,CUST04801,Family,1499,Annual,15,2024-09-03
SUB04802,CUST04802,Premium,1199,Monthly,10,2024-09-04
SUB04803,CUST04803,Standard,799,Monthly,5,2025-05-14
SUB04804,CUST04804,Premium,1199,Monthly,10,2025-03-17
SUB04805,CUST04805,Family,1499,Monthly,15,2025-08-05
SUB04806,CUST04806,Family,1499,Monthly,15,2025-05-16
SUB04807,CUST04807,Basic,499,Monthly,2,2024-01-27
SUB04808,CUST04808,Premium,1199,Monthly,10,2024-01-08
SUB04809,CUST04809,Basic,499,Annual,2,2025-12-20
SUB04810,CUST04810,Family,1499,Monthly,15,2025-06-15
SUB04811,CUST04811,Family,1499,Monthly,15,2026-01-14
SUB04812,CUST04812,Basic,499,Monthly,2,2024-12-09
SUB04813,CUST04813,Family,1499,Monthly,15,2024-11-20
SUB04814,CUST04814,Basic,499,Monthly,2,2025-10-04
SUB04815,CUST04815,Family,1499,Monthly,15,2024-11-14
SUB04816,CUST04816,Standard,799,Monthly,5,2025-10-10
SUB04817,CUST04817,Basic,499,Monthly,2,2025-11-01
SUB04818,CUST04818,Premium,1199,Annual,10,2024-12-21
SUB04819,CUST04819,Basic,499,Quarterly,2,2024-01-27
SUB04820,CUST04820,Family,1499,Quarterly,15,2024-04-18
SUB04821,CUST04821,Standard,799,Monthly,5,2025-02-16
SUB04822,CUST04822,Basic,499,Annual,2,2025-02-05
SUB04823,CUST04823,Basic,499,Monthly,2,2026-01-12
SUB04824,CUST04824,Basic,499,Annual,2,2025-03-09
SUB04825,CUST04825,Premium,1199,Monthly,10,2025-02-18
SUB04826,CUST04826,Premium,1199,Monthly,10,2024-10-25
SUB04827,CUST04827,Standard,799,Monthly,5,2025-03-31
SUB04828,CUST04828,Basic,499,Monthly,2,2026-04-29
SUB04829,CUST04829,Family,1499,Monthly,15,2025-03-02
SUB04830,CUST04830,Standard,799,Monthly,5,2026-04-16
SUB04831,CUST04831,Premium,1199,Monthly,10,2024-04-30
SUB04832,CUST04832,Standard,799,Monthly,5,2025-10-09
SUB04833,CUST04833,Basic,499,Monthly,2,2025-12-27
SUB04834,CUST04834,Premium,1199,Annual,10,2025-07-20
SUB04835,CUST04835,Standard,799,Annual,5,2025-11-28
SUB04836,CUST04836,Family,1499,Annual,15,2024-11-30
SUB04837,CUST04837,Standard,799,Monthly,5,2025-02-06
SUB04838,CUST04838,Family,1499,Monthly,15,2025-08-27
SUB04839,CUST04839,Premium,1199,Monthly,10,2024-10-31
SUB04840,CUST04840,Basic,499,Quarterly,2,2024-10-26
SUB04841,CUST04841,Family,1499,Annual,15,2024-09-08
SUB04842,CUST04842,Basic,499,Quarterly,2,2025-12-08
SUB04843,CUST04843,Basic,499,Annual,2,2026-04-05
SUB04844,CUST04844,Premium,1199,Monthly,10,2024-07-07
SUB04845,CUST04845,Family,1499,Monthly,15,2025-08-26
SUB04846,CUST04846,Basic,499,Monthly,2,2024-10-29
SUB04847,CUST04847,Premium,1199,Monthly,10,2024-01-16
SUB04848,CUST04848,Standard,799,Monthly,5,2024-11-16
SUB04849,CUST04849,Family,1499,Monthly,15,2024-06-30
SUB04850,CUST04850,Family,1499,Monthly,15,2025-12-26
SUB04851,CUST04851,Standard,799,Monthly,5,2026-04-24
SUB04852,CUST04852,Family,1499,Monthly,15,2024-07-10
SUB04853,CUST04853,Family,1499,Quarterly,15,2025-10-20
SUB04854,CUST04854,Premium,1199,Annual,10,2024-06-27
SUB04855,CUST04855,Basic,499,Quarterly,2,2024-09-12
SUB04856,CUST04856,Family,1499,Quarterly,15,2025-07-26
SUB04857,CUST04857,Basic,499,Monthly,2,2025-12-05
SUB04858,CUST04858,Premium,1199,Monthly,10,2024-01-07
SUB04859,CUST04859,Standard,799,Monthly,5,2026-01-05
SUB04860,CUST04860,Family,1499,Monthly,15,2025-06-03
SUB04861,CUST04861,Standard,799,Quarterly,5,2024-11-11
SUB04862,CUST04862,Premium,1199,Quarterly,10,2025-08-04
SUB04863,CUST04863,Basic,499,Monthly,2,2026-01-20
SUB04864,CUST04864,Family,1499,Monthly,15,2026-01-25
SUB04865,CUST04865,Basic,499,Monthly,2,2024-11-20
SUB04866,CUST04866,Standard,799,Quarterly,5,2024-09-06
SUB04867,CUST04867,Standard,799,Annual,5,2024-02-15
SUB04868,CUST04868,Family,1499,Quarterly,15,2024-05-12
SUB04869,CUST04869,Basic,499,Monthly,2,2024-05-30
SUB04870,CUST04870,Family,1499,Quarterly,15,2025-11-16
SUB04871,CUST04871,Standard,799,Annual,5,2024-09-22
SUB04872,CUST04872,Standard,799,Quarterly,5,2025-03-28
SUB04873,CUST04873,Family,1499,Monthly,15,2025-12-27
SUB04874,CUST04874,Standard,799,Monthly,5,2026-02-12
SUB04875,CUST04875,Standard,799,Monthly,5,2025-03-21
SUB04876,CUST04876,Basic,499,Quarterly,2,2025-07-27
SUB04877,CUST04877,Premium,1199,Monthly,10,2026-03-23
SUB04878,CUST04878,Standard,799,Annual,5,2024-12-05
SUB04879,CUST04879,Basic,499,Monthly,2,2025-10-22
SUB04880,CUST04880,Family,1499,Quarterly,15,2024-12-02
SUB04881,CUST04881,Family,1499,Quarterly,15,2025-06-19
SUB04882,CUST04882,Premium,1199,Quarterly,10,2024-03-27
SUB04883,CUST04883,Basic,499,Quarterly,2,2025-01-15
SUB04884,CUST04884,Premium,1199,Quarterly,10,2026-04-21
SUB04885,CUST04885,Premium,1199,Monthly,10,2024-05-18
SUB04886,CUST04886,Standard,799,Quarterly,5,2024-05-19
SUB04887,CUST04887,Premium,1199,Quarterly,10,2025-05-06
SUB04888,CUST04888,Premium,1199,Monthly,10,2024-04-25
SUB04889,CUST04889,Standard,799,Monthly,5,2025-08-27
SUB04890,CUST04890,Basic,499,Monthly,2,2025-10-09
SUB04891,CUST04891,Basic,499,Monthly,2,2025-09-14
SUB04892,CUST04892,Standard,799,Quarterly,5,2024-08-15
SUB04893,CUST04893,Basic,499,Monthly,2,2026-04-15
SUB04894,CUST04894,Standard,799,Monthly,5,2025-12-21
SUB04895,CUST04895,Premium,1199,Monthly,10,2025-12-27
SUB04896,CUST04896,Premium,1199,Annual,10,2024-02-08
SUB04897,CUST04897,Basic,499,Annual,2,2026-01-10
SUB04898,CUST04898,Basic,499,Monthly,2,2024-02-01
SUB04899,CUST04899,Basic,499,Annual,2,2025-08-11
SUB04900,CUST04900,Basic,499,Quarterly,2,2024-03-22
SUB04901,CUST04901,Standard,799,Annual,5,2024-09-29
SUB04902,CUST04902,Premium,1199,Quarterly,10,2024-11-14
SUB04903,CUST04903,Family,1499,Monthly,15,2025-09-22
SUB04904,CUST04904,Standard,799,Monthly,5,2024-03-16
SUB04905,CUST04905,Family,1499,Monthly,15,2026-02-06
SUB04906,CUST04906,Family,1499,Annual,15,2025-06-16
SUB04907,CUST04907,Standard,799,Monthly,5,2024-10-01
SUB04908,CUST04908,Basic,499,Monthly,2,2024-09-06
SUB04909,CUST04909,Family,1499,Annual,15,2025-09-27
SUB04910,CUST04910,Standard,799,Monthly,5,2024-09-28
SUB04911,CUST04911,Family,1499,Annual,15,2024-07-20
SUB04912,CUST04912,Family,1499,Quarterly,15,2024-05-22
SUB04913,CUST04913,Standard,799,Annual,5,2025-04-30
SUB04914,CUST04914,Basic,499,Monthly,2,2025-10-04
SUB04915,CUST04915,Standard,799,Monthly,5,2024-09-06
SUB04916,CUST04916,Family,1499,Monthly,15,2024-06-29
SUB04917,CUST04917,Premium,1199,Monthly,10,2025-06-11
SUB04918,CUST04918,Basic,499,Monthly,2,2024-04-15
SUB04919,CUST04919,Basic,499,Monthly,2,2024-03-18
SUB04920,CUST04920,Basic,499,Monthly,2,2024-03-27
SUB04921,CUST04921,Basic,499,Quarterly,2,2024-11-20
SUB04922,CUST04922,Premium,1199,Monthly,10,2025-05-20
SUB04923,CUST04923,Family,1499,Monthly,15,2024-02-19
SUB04924,CUST04924,Family,1499,Monthly,15,2025-11-21
SUB04925,CUST04925,Family,1499,Monthly,15,2024-05-15
SUB04926,CUST04926,Standard,799,Annual,5,2025-01-26
SUB04927,CUST04927,Family,1499,Quarterly,15,2025-12-02
SUB04928,CUST04928,Premium,1199,Monthly,10,2024-05-26
SUB04929,CUST04929,Premium,1199,Annual,10,2024-03-27
SUB04930,CUST04930,Family,1499,Monthly,15,2024-08-17
SUB04931,CUST04931,Standard,799,Quarterly,5,2025-11-15
SUB04932,CUST04932,Premium,1199,Monthly,10,2025-09-30
SUB04933,CUST04933,Basic,499,Quarterly,2,2024-04-15
SUB04934,CUST04934,Family,1499,Quarterly,15,2026-02-15
SUB04935,CUST04935,Basic,499,Monthly,2,2026-02-14
SUB04936,CUST04936,Standard,799,Quarterly,5,2026-02-28
SUB04937,CUST04937,Basic,499,Annual,2,2024-09-29
SUB04938,CUST04938,Family,1499,Monthly,15,2026-02-07
SUB04939,CUST04939,Premium,1199,Monthly,10,2025-06-20
SUB04940,CUST04940,Family,1499,Monthly,15,2026-03-19
SUB04941,CUST04941,Premium,1199,Monthly,10,2024-07-31
SUB04942,CUST04942,Standard,799,Monthly,5,2024-11-02
SUB04943,CUST04943,Family,1499,Monthly,15,2026-03-09
SUB04944,CUST04944,Family,1499,Monthly,15,2024-07-24
SUB04945,CUST04945,Standard,799,Monthly,5,2025-09-18
SUB04946,CUST04946,Basic,499,Annual,2,2025-03-09
SUB04947,CUST04947,Standard,799,Monthly,5,2025-10-08
SUB04948,CUST04948,Premium,1199,Monthly,10,2024-11-12
SUB04949,CUST04949,Standard,799,Monthly,5,2024-03-11
SUB04950,CUST04950,Standard,799,Monthly,5,2025-03-06
SUB04951,CUST04951,Premium,1199,Monthly,10,2024-09-10
SUB04952,CUST04952,Family,1499,Monthly,15,2024-11-02
SUB04953,CUST04953,Family,1499,Annual,15,2024-04-18
SUB04954,CUST04954,Premium,1199,Monthly,10,2024-04-22
SUB04955,CUST04955,Family,1499,Quarterly,15,2025-03-29
SUB04956,CUST04956,Standard,799,Monthly,5,2026-03-06
SUB04957,CUST04957,Family,1499,Monthly,15,2024-08-20
SUB04958,CUST04958,Basic,499,Monthly,2,2026-01-08
SUB04959,CUST04959,Basic,499,Monthly,2,2024-01-23
SUB04960,CUST04960,Premium,1199,Quarterly,10,2025-06-02
SUB04961,CUST04961,Premium,1199,Quarterly,10,2025-07-14
SUB04962,CUST04962,Family,1499,Monthly,15,2025-01-05
SUB04963,CUST04963,Basic,499,Monthly,2,2025-12-12
SUB04964,CUST04964,Premium,1199,Monthly,10,2025-02-28
SUB04965,CUST04965,Premium,1199,Monthly,10,2024-02-29
SUB04966,CUST04966,Basic,499,Monthly,2,2024-05-27
SUB04967,CUST04967,Standard,799,Annual,5,2025-01-31
SUB04968,CUST04968,Premium,1199,Monthly,10,2024-08-10
SUB04969,CUST04969,Family,1499,Monthly,15,2025-08-24
SUB04970,CUST04970,Premium,1199,Quarterly,10,2024-08-02
SUB04971,CUST04971,Basic,499,Quarterly,2,2025-08-20
SUB04972,CUST04972,Basic,499,Monthly,2,2024-02-14
SUB04973,CUST04973,Family,1499,Annual,15,2026-03-23
SUB04974,CUST04974,Basic,499,Monthly,2,2024-07-12
SUB04975,CUST04975,Premium,1199,Monthly,10,2026-02-21
SUB04976,CUST04976,Basic,499,Monthly,2,2024-10-21
SUB04977,CUST04977,Premium,1199,Quarterly,10,2026-02-13
SUB04978,CUST04978,Basic,499,Annual,2,2025-06-02
SUB04979,CUST04979,Basic,499,Monthly,2,2024-12-16
SUB04980,CUST04980,Family,1499,Monthly,15,2024-05-12
SUB04981,CUST04981,Family,1499,Monthly,15,2026-01-26
SUB04982,CUST04982,Basic,499,Quarterly,2,2024-03-25
SUB04983,CUST04983,Premium,1199,Monthly,10,2025-06-22
SUB04984,CUST04984,Basic,499,Monthly,2,2024-04-01
SUB04985,CUST04985,Standard,799,Annual,5,2024-01-08
SUB04986,CUST04986,Basic,499,Monthly,2,2025-02-27
SUB04987,CUST04987,Family,1499,Monthly,15,2024-02-03
SUB04988,CUST04988,Family,1499,Quarterly,15,2024-03-06
SUB04989,CUST04989,Family,1499,Annual,15,2024-02-19
SUB04990,CUST04990,Standard,799,Annual,5,2024-09-30
SUB04991,CUST04991,Family,1499,Monthly,15,2024-06-12
SUB04992,CUST04992,Standard,799,Monthly,5,2025-06-02
SUB04993,CUST04993,Premium,1199,Monthly,10,2025-12-08
SUB04994,CUST04994,Family,1499,Monthly,15,2024-03-12
SUB04995,CUST04995,Basic,499,Monthly,2,2025-05-12
SUB04996,CUST04996,Basic,499,Annual,2,2024-08-22
SUB04997,CUST04997,Basic,499,Monthly,2,2025-07-29
SUB04998,CUST04998,Family,1499,Monthly,15,2025-11-05
SUB04999,CUST04999,Basic,499,Quarterly,2,2025-11-02
SUB05000,CUST05000,Basic,499,Monthly,2,2025-11-12
SUB05001,CUST05001,Premium,1199,Monthly,10,2025-06-22
SUB05002,CUST05002,Basic,499,Monthly,2,2025-09-11
SUB05003,CUST05003,Basic,499,Monthly,2,2026-04-20
SUB05004,CUST05004,Basic,499,Monthly,2,2025-12-10
SUB05005,CUST05005,Family,1499,Annual,15,2025-10-21
SUB05006,CUST05006,Basic,499,Quarterly,2,2024-03-05
SUB05007,CUST05007,Premium,1199,Monthly,10,2024-09-08
SUB05008,CUST05008,Standard,799,Monthly,5,2026-04-03
SUB05009,CUST05009,Premium,1199,Annual,10,2026-03-13
SUB05010,CUST05010,Family,1499,Annual,15,2025-12-06
SUB05011,CUST05011,Premium,1199,Monthly,10,2024-04-29
SUB05012,CUST05012,Premium,1199,Quarterly,10,2025-01-19
SUB05013,CUST05013,Standard,799,Monthly,5,2025-10-14
SUB05014,CUST05014,Premium,1199,Monthly,10,2024-12-21
SUB05015,CUST05015,Standard,799,Annual,5,2026-01-18
SUB05016,CUST05016,Standard,799,Quarterly,5,2025-09-14
SUB05017,CUST05017,Premium,1199,Quarterly,10,2024-02-04
SUB05018,CUST05018,Basic,499,Annual,2,2024-10-05
SUB05019,CUST05019,Family,1499,Quarterly,15,2025-08-17
SUB05020,CUST05020,Standard,799,Monthly,5,2026-04-30
SUB05021,CUST05021,Premium,1199,Quarterly,10,2024-08-17
SUB05022,CUST05022,Family,1499,Annual,15,2024-04-08
SUB05023,CUST05023,Premium,1199,Quarterly,10,2024-06-25
SUB05024,CUST05024,Family,1499,Quarterly,15,2025-06-10
SUB05025,CUST05025,Family,1499,Monthly,15,2025-08-22
SUB05026,CUST05026,Premium,1199,Annual,10,2025-04-19
SUB05027,CUST05027,Premium,1199,Monthly,10,2024-06-15
SUB05028,CUST05028,Family,1499,Annual,15,2026-04-10
SUB05029,CUST05029,Premium,1199,Monthly,10,2024-03-10
SUB05030,CUST05030,Standard,799,Quarterly,5,2024-05-26
SUB05031,CUST05031,Premium,1199,Monthly,10,2025-03-05
SUB05032,CUST05032,Standard,799,Quarterly,5,2025-05-20
SUB05033,CUST05033,Standard,799,Monthly,5,2024-03-18
SUB05034,CUST05034,Premium,1199,Monthly,10,2025-01-30
SUB05035,CUST05035,Basic,499,Monthly,2,2025-10-11
SUB05036,CUST05036,Family,1499,Annual,15,2026-04-30
SUB05037,CUST05037,Basic,499,Quarterly,2,2024-12-15
SUB05038,CUST05038,Basic,499,Monthly,2,2024-07-31
SUB05039,CUST05039,Family,1499,Annual,15,2025-03-19
SUB05040,CUST05040,Standard,799,Quarterly,5,2025-03-29
SUB05041,CUST05041,Standard,799,Annual,5,2024-01-05
SUB05042,CUST05042,Standard,799,Annual,5,2025-07-11
SUB05043,CUST05043,Premium,1199,Monthly,10,2025-09-21
SUB05044,CUST05044,Standard,799,Quarterly,5,2025-04-11
SUB05045,CUST05045,Family,1499,Monthly,15,2024-04-17
SUB05046,CUST05046,Premium,1199,Quarterly,10,2024-03-01
SUB05047,CUST05047,Family,1499,Quarterly,15,2024-12-22
SUB05048,CUST05048,Standard,799,Annual,5,2024-03-10
SUB05049,CUST05049,Premium,1199,Monthly,10,2024-06-25
SUB05050,CUST05050,Premium,1199,Monthly,10,2025-08-07
SUB05051,CUST05051,Standard,799,Annual,5,2026-02-20
SUB05052,CUST05052,Family,1499,Annual,15,2024-11-02
SUB05053,CUST05053,Family,1499,Monthly,15,2024-03-01
SUB05054,CUST05054,Standard,799,Monthly,5,2025-07-26
SUB05055,CUST05055,Standard,799,Monthly,5,2025-05-20
SUB05056,CUST05056,Basic,499,Annual,2,2024-03-18
SUB05057,CUST05057,Standard,799,Monthly,5,2025-07-02
SUB05058,CUST05058,Basic,499,Quarterly,2,2024-04-20
SUB05059,CUST05059,Standard,799,Quarterly,5,2025-07-03
SUB05060,CUST05060,Family,1499,Quarterly,15,2024-04-12
SUB05061,CUST05061,Family,1499,Annual,15,2024-07-12
SUB05062,CUST05062,Family,1499,Annual,15,2025-10-30
SUB05063,CUST05063,Family,1499,Monthly,15,2026-02-02
SUB05064,CUST05064,Basic,499,Quarterly,2,2025-04-12
SUB05065,CUST05065,Family,1499,Monthly,15,2025-08-30
SUB05066,CUST05066,Family,1499,Quarterly,15,2024-12-27
SUB05067,CUST05067,Premium,1199,Quarterly,10,2025-11-03
SUB05068,CUST05068,Basic,499,Monthly,2,2026-02-23
SUB05069,CUST05069,Standard,799,Annual,5,2025-05-18
SUB05070,CUST05070,Basic,499,Quarterly,2,2025-12-09
SUB05071,CUST05071,Standard,799,Annual,5,2026-03-12
SUB05072,CUST05072,Family,1499,Monthly,15,2024-08-29
SUB05073,CUST05073,Family,1499,Monthly,15,2026-04-14
SUB05074,CUST05074,Family,1499,Annual,15,2025-10-18
SUB05075,CUST05075,Premium,1199,Monthly,10,2026-04-10
SUB05076,CUST05076,Family,1499,Monthly,15,2026-04-27
SUB05077,CUST05077,Basic,499,Annual,2,2025-05-27
SUB05078,CUST05078,Basic,499,Monthly,2,2024-02-04
SUB05079,CUST05079,Standard,799,Annual,5,2024-06-27
SUB05080,CUST05080,Premium,1199,Monthly,10,2024-01-23
SUB05081,CUST05081,Family,1499,Quarterly,15,2025-08-29
SUB05082,CUST05082,Family,1499,Monthly,15,2026-01-09
SUB05083,CUST05083,Premium,1199,Annual,10,2024-09-29
SUB05084,CUST05084,Premium,1199,Monthly,10,2025-09-15
SUB05085,CUST05085,Family,1499,Annual,15,2024-04-30
SUB05086,CUST05086,Standard,799,Monthly,5,2024-12-07
SUB05087,CUST05087,Basic,499,Quarterly,2,2025-10-22
SUB05088,CUST05088,Basic,499,Monthly,2,2025-07-26
SUB05089,CUST05089,Basic,499,Annual,2,2024-01-30
SUB05090,CUST05090,Basic,499,Annual,2,2024-02-21
SUB05091,CUST05091,Premium,1199,Monthly,10,2026-01-23
SUB05092,CUST05092,Standard,799,Annual,5,2024-06-11
SUB05093,CUST05093,Basic,499,Monthly,2,2024-09-28
SUB05094,CUST05094,Basic,499,Monthly,2,2024-06-06
SUB05095,CUST05095,Basic,499,Quarterly,2,2024-02-10
SUB05096,CUST05096,Basic,499,Monthly,2,2024-08-13
SUB05097,CUST05097,Standard,799,Quarterly,5,2025-01-05
SUB05098,CUST05098,Standard,799,Quarterly,5,2025-10-25
SUB05099,CUST05099,Premium,1199,Monthly,10,2024-11-08
SUB05100,CUST05100,Family,1499,Monthly,15,2024-01-11
SUB05101,CUST05101,Standard,799,Monthly,5,2025-05-19
SUB05102,CUST05102,Standard,799,Monthly,5,2024-08-25
SUB05103,CUST05103,Premium,1199,Annual,10,2024-09-10
SUB05104,CUST05104,Basic,499,Annual,2,2025-09-13
SUB05105,CUST05105,Basic,499,Annual,2,2024-11-27
SUB05106,CUST05106,Basic,499,Annual,2,2025-01-04
SUB05107,CUST05107,Basic,499,Monthly,2,2024-09-10
SUB05108,CUST05108,Standard,799,Monthly,5,2025-03-04
SUB05109,CUST05109,Basic,499,Monthly,2,2025-08-21
SUB05110,CUST05110,Basic,499,Monthly,2,2024-07-03
SUB05111,CUST05111,Standard,799,Annual,5,2025-10-02
SUB05112,CUST05112,Standard,799,Monthly,5,2026-03-05
SUB05113,CUST05113,Standard,799,Quarterly,5,2024-03-09
SUB05114,CUST05114,Standard,799,Monthly,5,2025-08-21
SUB05115,CUST05115,Standard,799,Monthly,5,2024-06-12
SUB05116,CUST05116,Basic,499,Monthly,2,2026-03-04
SUB05117,CUST05117,Basic,499,Quarterly,2,2025-11-21
SUB05118,CUST05118,Basic,499,Annual,2,2025-04-07
SUB05119,CUST05119,Family,1499,Quarterly,15,2024-08-08
SUB05120,CUST05120,Basic,499,Quarterly,2,2024-08-24
SUB05121,CUST05121,Premium,1199,Annual,10,2024-03-22
SUB05122,CUST05122,Premium,1199,Quarterly,10,2025-11-15
SUB05123,CUST05123,Basic,499,Annual,2,2024-06-27
SUB05124,CUST05124,Basic,499,Monthly,2,2025-09-12
SUB05125,CUST05125,Basic,499,Monthly,2,2026-01-05
SUB05126,CUST05126,Standard,799,Monthly,5,2024-05-02
SUB05127,CUST05127,Standard,799,Monthly,5,2026-02-18
SUB05128,CUST05128,Standard,799,Annual,5,2024-12-26
SUB05129,CUST05129,Basic,499,Annual,2,2025-08-05
SUB05130,CUST05130,Standard,799,Quarterly,5,2025-09-25
SUB05131,CUST05131,Standard,799,Monthly,5,2024-10-05
SUB05132,CUST05132,Family,1499,Monthly,15,2025-05-11
SUB05133,CUST05133,Standard,799,Quarterly,5,2025-12-15
SUB05134,CUST05134,Basic,499,Annual,2,2024-04-02
SUB05135,CUST05135,Premium,1199,Monthly,10,2024-07-22
SUB05136,CUST05136,Basic,499,Quarterly,2,2024-05-11
SUB05137,CUST05137,Premium,1199,Monthly,10,2025-03-04
SUB05138,CUST05138,Family,1499,Annual,15,2024-05-22
SUB05139,CUST05139,Premium,1199,Monthly,10,2024-09-29
SUB05140,CUST05140,Standard,799,Annual,5,2025-05-07
SUB05141,CUST05141,Standard,799,Monthly,5,2024-10-11
SUB05142,CUST05142,Family,1499,Monthly,15,2024-02-01
SUB05143,CUST05143,Family,1499,Monthly,15,2025-02-02
SUB05144,CUST05144,Standard,799,Monthly,5,2025-07-19
SUB05145,CUST05145,Family,1499,Monthly,15,2025-12-16
SUB05146,CUST05146,Basic,499,Monthly,2,2025-11-27
SUB05147,CUST05147,Basic,499,Annual,2,2024-11-06
SUB05148,CUST05148,Family,1499,Monthly,15,2024-03-21
SUB05149,CUST05149,Standard,799,Annual,5,2025-03-15
SUB05150,CUST05150,Basic,499,Annual,2,2025-09-02
SUB05151,CUST05151,Basic,499,Monthly,2,2026-04-18
SUB05152,CUST05152,Family,1499,Monthly,15,2024-04-28
SUB05153,CUST05153,Basic,499,Annual,2,2024-02-03
SUB05154,CUST05154,Basic,499,Quarterly,2,2025-03-14
SUB05155,CUST05155,Premium,1199,Monthly,10,2025-09-29
SUB05156,CUST05156,Basic,499,Quarterly,2,2025-09-24
SUB05157,CUST05157,Premium,1199,Monthly,10,2026-01-15
SUB05158,CUST05158,Family,1499,Annual,15,2024-12-01
SUB05159,CUST05159,Premium,1199,Annual,10,2025-12-13
SUB05160,CUST05160,Basic,499,Monthly,2,2025-07-10
SUB05161,CUST05161,Family,1499,Annual,15,2026-03-01
SUB05162,CUST05162,Premium,1199,Annual,10,2025-12-18
SUB05163,CUST05163,Standard,799,Quarterly,5,2024-06-21
SUB05164,CUST05164,Family,1499,Quarterly,15,2025-02-04
SUB05165,CUST05165,Standard,799,Monthly,5,2024-06-30
SUB05166,CUST05166,Basic,499,Annual,2,2026-03-13
SUB05167,CUST05167,Family,1499,Annual,15,2026-02-13
SUB05168,CUST05168,Standard,799,Monthly,5,2025-08-07
SUB05169,CUST05169,Family,1499,Quarterly,15,2025-12-24
SUB05170,CUST05170,Premium,1199,Monthly,10,2025-09-10
SUB05171,CUST05171,Premium,1199,Quarterly,10,2025-02-18
SUB05172,CUST05172,Standard,799,Monthly,5,2026-04-08
SUB05173,CUST05173,Premium,1199,Monthly,10,2024-01-04
SUB05174,CUST05174,Standard,799,Monthly,5,2025-02-23
SUB05175,CUST05175,Basic,499,Monthly,2,2025-06-15
SUB05176,CUST05176,Basic,499,Monthly,2,2025-06-08
SUB05177,CUST05177,Standard,799,Quarterly,5,2026-03-28
SUB05178,CUST05178,Standard,799,Monthly,5,2026-03-26
SUB05179,CUST05179,Premium,1199,Quarterly,10,2025-05-09
SUB05180,CUST05180,Premium,1199,Quarterly,10,2025-08-07
SUB05181,CUST05181,Premium,1199,Monthly,10,2025-02-24
SUB05182,CUST05182,Basic,499,Monthly,2,2024-04-06
SUB05183,CUST05183,Standard,799,Monthly,5,2024-09-24
SUB05184,CUST05184,Basic,499,Quarterly,2,2026-01-15
SUB05185,CUST05185,Basic,499,Annual,2,2025-09-08
SUB05186,CUST05186,Basic,499,Monthly,2,2026-02-24
SUB05187,CUST05187,Standard,799,Quarterly,5,2025-08-29
SUB05188,CUST05188,Basic,499,Monthly,2,2024-03-12
SUB05189,CUST05189,Family,1499,Monthly,15,2025-02-28
SUB05190,CUST05190,Standard,799,Monthly,5,2025-05-01
SUB05191,CUST05191,Premium,1199,Monthly,10,2026-03-27
SUB05192,CUST05192,Basic,499,Monthly,2,2025-01-22
SUB05193,CUST05193,Basic,499,Annual,2,2025-03-09
SUB05194,CUST05194,Family,1499,Annual,15,2025-04-23
SUB05195,CUST05195,Basic,499,Monthly,2,2024-02-13
SUB05196,CUST05196,Standard,799,Annual,5,2024-12-20
SUB05197,CUST05197,Premium,1199,Annual,10,2024-03-16
SUB05198,CUST05198,Basic,499,Monthly,2,2025-12-22
SUB05199,CUST05199,Premium,1199,Quarterly,10,2025-10-19
SUB05200,CUST05200,Standard,799,Monthly,5,2024-08-25
SUB05201,CUST05201,Basic,499,Quarterly,2,2024-03-13
SUB05202,CUST05202,Basic,499,Monthly,2,2025-01-19
SUB05203,CUST05203,Standard,799,Annual,5,2024-12-20
SUB05204,CUST05204,Basic,499,Monthly,2,2024-03-19
SUB05205,CUST05205,Family,1499,Monthly,15,2024-03-20
SUB05206,CUST05206,Basic,499,Monthly,2,2025-11-04
SUB05207,CUST05207,Basic,499,Monthly,2,2024-11-17
SUB05208,CUST05208,Standard,799,Annual,5,2026-01-05
SUB05209,CUST05209,Family,1499,Annual,15,2026-03-31
SUB05210,CUST05210,Premium,1199,Monthly,10,2024-09-26
SUB05211,CUST05211,Standard,799,Monthly,5,2025-03-22
SUB05212,CUST05212,Family,1499,Monthly,15,2024-05-27
SUB05213,CUST05213,Family,1499,Annual,15,2024-08-04
SUB05214,CUST05214,Basic,499,Annual,2,2025-11-05
SUB05215,CUST05215,Family,1499,Quarterly,15,2024-08-14
SUB05216,CUST05216,Basic,499,Monthly,2,2024-12-15
SUB05217,CUST05217,Family,1499,Annual,15,2025-08-12
SUB05218,CUST05218,Standard,799,Monthly,5,2024-12-19
SUB05219,CUST05219,Family,1499,Quarterly,15,2024-04-05
SUB05220,CUST05220,Basic,499,Monthly,2,2026-03-28
SUB05221,CUST05221,Family,1499,Annual,15,2025-04-13
SUB05222,CUST05222,Basic,499,Monthly,2,2026-01-28
SUB05223,CUST05223,Premium,1199,Monthly,10,2024-01-28
SUB05224,CUST05224,Standard,799,Monthly,5,2025-09-04
SUB05225,CUST05225,Premium,1199,Annual,10,2026-02-27
SUB05226,CUST05226,Standard,799,Monthly,5,2024-11-07
SUB05227,CUST05227,Basic,499,Monthly,2,2024-11-06
SUB05228,CUST05228,Standard,799,Monthly,5,2024-10-07
SUB05229,CUST05229,Family,1499,Monthly,15,2024-06-29
SUB05230,CUST05230,Premium,1199,Quarterly,10,2025-01-27
SUB05231,CUST05231,Basic,499,Monthly,2,2026-02-18
SUB05232,CUST05232,Premium,1199,Quarterly,10,2025-02-07
SUB05233,CUST05233,Standard,799,Monthly,5,2024-07-07
SUB05234,CUST05234,Standard,799,Monthly,5,2026-01-17
SUB05235,CUST05235,Premium,1199,Monthly,10,2025-10-01
SUB05236,CUST05236,Premium,1199,Monthly,10,2024-08-16
SUB05237,CUST05237,Standard,799,Quarterly,5,2024-12-15
SUB05238,CUST05238,Premium,1199,Quarterly,10,2024-01-06
SUB05239,CUST05239,Family,1499,Quarterly,15,2025-06-21
SUB05240,CUST05240,Standard,799,Monthly,5,2025-05-31
SUB05241,CUST05241,Premium,1199,Annual,10,2025-09-20
SUB05242,CUST05242,Premium,1199,Monthly,10,2025-09-06
SUB05243,CUST05243,Premium,1199,Monthly,10,2025-04-13
SUB05244,CUST05244,Premium,1199,Monthly,10,2025-09-28
SUB05245,CUST05245,Standard,799,Quarterly,5,2025-07-13
SUB05246,CUST05246,Basic,499,Monthly,2,2025-07-27
SUB05247,CUST05247,Premium,1199,Monthly,10,2026-02-02
SUB05248,CUST05248,Basic,499,Monthly,2,2024-05-12
SUB05249,CUST05249,Basic,499,Monthly,2,2025-12-05
SUB05250,CUST05250,Premium,1199,Monthly,10,2024-05-07
SUB05251,CUST05251,Basic,499,Monthly,2,2025-06-12
SUB05252,CUST05252,Standard,799,Annual,5,2024-09-14
SUB05253,CUST05253,Premium,1199,Quarterly,10,2024-08-04
SUB05254,CUST05254,Family,1499,Quarterly,15,2026-01-16
SUB05255,CUST05255,Standard,799,Monthly,5,2025-03-26
SUB05256,CUST05256,Standard,799,Monthly,5,2024-10-30
SUB05257,CUST05257,Standard,799,Quarterly,5,2024-09-28
SUB05258,CUST05258,Basic,499,Quarterly,2,2024-01-07
SUB05259,CUST05259,Standard,799,Quarterly,5,2024-04-07
SUB05260,CUST05260,Basic,499,Annual,2,2025-05-27
SUB05261,CUST05261,Standard,799,Monthly,5,2026-04-03
SUB05262,CUST05262,Standard,799,Monthly,5,2025-04-15
SUB05263,CUST05263,Standard,799,Monthly,5,2024-02-27
SUB05264,CUST05264,Basic,499,Monthly,2,2024-07-14
SUB05265,CUST05265,Family,1499,Annual,15,2025-04-21
SUB05266,CUST05266,Premium,1199,Monthly,10,2024-12-16
SUB05267,CUST05267,Standard,799,Quarterly,5,2024-08-16
SUB05268,CUST05268,Premium,1199,Monthly,10,2025-05-01
SUB05269,CUST05269,Family,1499,Annual,15,2025-10-13
SUB05270,CUST05270,Standard,799,Annual,5,2024-01-10
SUB05271,CUST05271,Basic,499,Monthly,2,2024-07-09
SUB05272,CUST05272,Family,1499,Annual,15,2025-12-14
SUB05273,CUST05273,Basic,499,Monthly,2,2025-05-31
SUB05274,CUST05274,Family,1499,Quarterly,15,2025-04-26
SUB05275,CUST05275,Family,1499,Monthly,15,2025-11-21
SUB05276,CUST05276,Basic,499,Monthly,2,2025-08-23
SUB05277,CUST05277,Basic,499,Annual,2,2024-10-31
SUB05278,CUST05278,Family,1499,Monthly,15,2026-02-17
SUB05279,CUST05279,Basic,499,Monthly,2,2024-10-02
SUB05280,CUST05280,Family,1499,Annual,15,2025-11-01
SUB05281,CUST05281,Family,1499,Monthly,15,2025-06-11
SUB05282,CUST05282,Standard,799,Annual,5,2024-03-27
SUB05283,CUST05283,Basic,499,Quarterly,2,2026-02-23
SUB05284,CUST05284,Standard,799,Annual,5,2026-01-07
SUB05285,CUST05285,Standard,799,Monthly,5,2025-12-08
SUB05286,CUST05286,Basic,499,Annual,2,2024-07-26
SUB05287,CUST05287,Family,1499,Annual,15,2024-08-13
SUB05288,CUST05288,Premium,1199,Annual,10,2024-03-01
SUB05289,CUST05289,Family,1499,Monthly,15,2025-05-13
SUB05290,CUST05290,Family,1499,Monthly,15,2025-07-31
SUB05291,CUST05291,Premium,1199,Quarterly,10,2026-04-24
SUB05292,CUST05292,Basic,499,Quarterly,2,2024-07-06
SUB05293,CUST05293,Family,1499,Monthly,15,2024-06-08
SUB05294,CUST05294,Basic,499,Quarterly,2,2024-11-05
SUB05295,CUST05295,Premium,1199,Monthly,10,2025-08-22
SUB05296,CUST05296,Premium,1199,Quarterly,10,2025-03-31
SUB05297,CUST05297,Basic,499,Quarterly,2,2025-06-06
SUB05298,CUST05298,Family,1499,Monthly,15,2025-02-24
SUB05299,CUST05299,Family,1499,Quarterly,15,2026-01-13
SUB05300,CUST05300,Family,1499,Monthly,15,2024-03-29
SUB05301,CUST05301,Premium,1199,Quarterly,10,2025-09-07
SUB05302,CUST05302,Premium,1199,Monthly,10,2025-03-24
SUB05303,CUST05303,Standard,799,Annual,5,2025-03-01
SUB05304,CUST05304,Basic,499,Annual,2,2025-09-14
SUB05305,CUST05305,Standard,799,Annual,5,2025-04-05
SUB05306,CUST05306,Standard,799,Annual,5,2025-08-16
SUB05307,CUST05307,Family,1499,Monthly,15,2025-05-22
SUB05308,CUST05308,Basic,499,Annual,2,2025-04-09
SUB05309,CUST05309,Basic,499,Monthly,2,2026-04-09
SUB05310,CUST05310,Standard,799,Monthly,5,2025-11-11
SUB05311,CUST05311,Standard,799,Monthly,5,2024-02-17
SUB05312,CUST05312,Premium,1199,Quarterly,10,2026-04-13
SUB05313,CUST05313,Standard,799,Annual,5,2024-01-09
SUB05314,CUST05314,Premium,1199,Annual,10,2025-08-10
SUB05315,CUST05315,Family,1499,Monthly,15,2024-03-27
SUB05316,CUST05316,Standard,799,Quarterly,5,2024-07-15
SUB05317,CUST05317,Family,1499,Quarterly,15,2025-11-20
SUB05318,CUST05318,Family,1499,Quarterly,15,2025-06-04
SUB05319,CUST05319,Standard,799,Annual,5,2025-07-21
SUB05320,CUST05320,Basic,499,Monthly,2,2026-02-21
SUB05321,CUST05321,Family,1499,Monthly,15,2024-02-01
SUB05322,CUST05322,Basic,499,Annual,2,2025-02-06
SUB05323,CUST05323,Standard,799,Monthly,5,2024-06-01
SUB05324,CUST05324,Premium,1199,Quarterly,10,2025-07-22
SUB05325,CUST05325,Premium,1199,Monthly,10,2025-10-22
SUB05326,CUST05326,Family,1499,Quarterly,15,2026-04-07
SUB05327,CUST05327,Family,1499,Monthly,15,2024-04-11
SUB05328,CUST05328,Basic,499,Quarterly,2,2025-05-26
SUB05329,CUST05329,Basic,499,Quarterly,2,2025-12-03
SUB05330,CUST05330,Premium,1199,Monthly,10,2024-04-05
SUB05331,CUST05331,Basic,499,Annual,2,2025-05-06
SUB05332,CUST05332,Standard,799,Monthly,5,2024-04-12
SUB05333,CUST05333,Basic,499,Monthly,2,2024-02-20
SUB05334,CUST05334,Basic,499,Quarterly,2,2025-06-13
SUB05335,CUST05335,Standard,799,Monthly,5,2025-12-02
SUB05336,CUST05336,Basic,499,Monthly,2,2024-12-10
SUB05337,CUST05337,Basic,499,Annual,2,2025-09-01
SUB05338,CUST05338,Standard,799,Quarterly,5,2025-09-30
SUB05339,CUST05339,Premium,1199,Annual,10,2024-03-29
SUB05340,CUST05340,Basic,499,Annual,2,2024-06-22
SUB05341,CUST05341,Standard,799,Monthly,5,2024-09-09
SUB05342,CUST05342,Family,1499,Monthly,15,2025-01-19
SUB05343,CUST05343,Family,1499,Annual,15,2025-01-26
SUB05344,CUST05344,Standard,799,Monthly,5,2025-08-18
SUB05345,CUST05345,Basic,499,Quarterly,2,2025-02-25
SUB05346,CUST05346,Premium,1199,Monthly,10,2024-08-06
SUB05347,CUST05347,Family,1499,Annual,15,2025-10-04
SUB05348,CUST05348,Family,1499,Quarterly,15,2026-04-24
SUB05349,CUST05349,Family,1499,Quarterly,15,2024-03-24
SUB05350,CUST05350,Family,1499,Quarterly,15,2025-05-16
SUB05351,CUST05351,Basic,499,Annual,2,2026-04-02
SUB05352,CUST05352,Family,1499,Annual,15,2025-08-17
SUB05353,CUST05353,Standard,799,Monthly,5,2025-08-31
SUB05354,CUST05354,Family,1499,Monthly,15,2025-09-21
SUB05355,CUST05355,Standard,799,Monthly,5,2025-01-08
SUB05356,CUST05356,Standard,799,Quarterly,5,2025-06-01
SUB05357,CUST05357,Premium,1199,Quarterly,10,2024-08-27
SUB05358,CUST05358,Standard,799,Monthly,5,2026-03-23
SUB05359,CUST05359,Premium,1199,Monthly,10,2026-01-07
SUB05360,CUST05360,Standard,799,Monthly,5,2024-03-30
SUB05361,CUST05361,Premium,1199,Monthly,10,2024-12-22
SUB05362,CUST05362,Standard,799,Monthly,5,2026-04-25
SUB05363,CUST05363,Standard,799,Quarterly,5,2025-03-18
SUB05364,CUST05364,Basic,499,Quarterly,2,2024-02-02
SUB05365,CUST05365,Premium,1199,Quarterly,10,2026-04-04
SUB05366,CUST05366,Basic,499,Annual,2,2025-03-21
SUB05367,CUST05367,Family,1499,Monthly,15,2025-11-20
SUB05368,CUST05368,Family,1499,Quarterly,15,2024-07-03
SUB05369,CUST05369,Basic,499,Monthly,2,2024-11-18
SUB05370,CUST05370,Standard,799,Monthly,5,2024-08-25
SUB05371,CUST05371,Premium,1199,Monthly,10,2024-08-13
SUB05372,CUST05372,Standard,799,Quarterly,5,2026-01-17
SUB05373,CUST05373,Family,1499,Monthly,15,2024-04-13
SUB05374,CUST05374,Premium,1199,Quarterly,10,2024-12-02
SUB05375,CUST05375,Basic,499,Annual,2,2024-06-04
SUB05376,CUST05376,Family,1499,Quarterly,15,2025-10-28
SUB05377,CUST05377,Premium,1199,Annual,10,2024-02-24
SUB05378,CUST05378,Basic,499,Annual,2,2024-12-12
SUB05379,CUST05379,Standard,799,Annual,5,2024-12-04
SUB05380,CUST05380,Standard,799,Quarterly,5,2024-08-21
SUB05381,CUST05381,Family,1499,Annual,15,2024-10-03
SUB05382,CUST05382,Standard,799,Quarterly,5,2024-03-29
SUB05383,CUST05383,Basic,499,Quarterly,2,2026-03-31
SUB05384,CUST05384,Premium,1199,Annual,10,2025-09-23
SUB05385,CUST05385,Premium,1199,Monthly,10,2025-11-01
SUB05386,CUST05386,Basic,499,Quarterly,2,2024-05-30
SUB05387,CUST05387,Premium,1199,Monthly,10,2025-05-23
SUB05388,CUST05388,Premium,1199,Monthly,10,2024-07-02
SUB05389,CUST05389,Premium,1199,Monthly,10,2025-08-23
SUB05390,CUST05390,Basic,499,Annual,2,2025-09-14
SUB05391,CUST05391,Standard,799,Quarterly,5,2026-01-21
SUB05392,CUST05392,Premium,1199,Monthly,10,2024-12-13
SUB05393,CUST05393,Premium,1199,Monthly,10,2024-12-25
SUB05394,CUST05394,Standard,799,Monthly,5,2025-08-28
SUB05395,CUST05395,Basic,499,Monthly,2,2024-06-25
SUB05396,CUST05396,Premium,1199,Monthly,10,2026-02-19
SUB05397,CUST05397,Basic,499,Quarterly,2,2024-07-12
SUB05398,CUST05398,Family,1499,Monthly,15,2025-11-03
SUB05399,CUST05399,Family,1499,Monthly,15,2025-11-29
SUB05400,CUST05400,Family,1499,Monthly,15,2025-07-26
SUB05401,CUST05401,Premium,1199,Monthly,10,2025-09-20
SUB05402,CUST05402,Family,1499,Monthly,15,2024-09-10
SUB05403,CUST05403,Standard,799,Quarterly,5,2026-03-22
SUB05404,CUST05404,Premium,1199,Annual,10,2025-01-15
SUB05405,CUST05405,Premium,1199,Monthly,10,2024-01-04
SUB05406,CUST05406,Basic,499,Quarterly,2,2025-08-20
SUB05407,CUST05407,Basic,499,Monthly,2,2025-12-20
SUB05408,CUST05408,Standard,799,Quarterly,5,2026-01-14
SUB05409,CUST05409,Basic,499,Quarterly,2,2025-10-06
SUB05410,CUST05410,Basic,499,Quarterly,2,2024-05-18
SUB05411,CUST05411,Family,1499,Quarterly,15,2026-04-09
SUB05412,CUST05412,Basic,499,Annual,2,2024-09-16
SUB05413,CUST05413,Standard,799,Annual,5,2024-12-29
SUB05414,CUST05414,Basic,499,Monthly,2,2024-07-13
SUB05415,CUST05415,Standard,799,Monthly,5,2025-05-01
SUB05416,CUST05416,Family,1499,Quarterly,15,2025-07-14
SUB05417,CUST05417,Family,1499,Quarterly,15,2026-04-27
SUB05418,CUST05418,Basic,499,Quarterly,2,2024-06-18
SUB05419,CUST05419,Basic,499,Annual,2,2024-11-30
SUB05420,CUST05420,Standard,799,Monthly,5,2025-07-03
SUB05421,CUST05421,Family,1499,Monthly,15,2025-06-04
SUB05422,CUST05422,Standard,799,Monthly,5,2024-03-24
SUB05423,CUST05423,Standard,799,Monthly,5,2025-02-25
SUB05424,CUST05424,Standard,799,Annual,5,2025-12-22
SUB05425,CUST05425,Basic,499,Quarterly,2,2026-03-29
SUB05426,CUST05426,Premium,1199,Quarterly,10,2024-06-18
SUB05427,CUST05427,Standard,799,Monthly,5,2025-04-23
SUB05428,CUST05428,Basic,499,Quarterly,2,2025-03-21
SUB05429,CUST05429,Standard,799,Monthly,5,2025-09-20
SUB05430,CUST05430,Premium,1199,Quarterly,10,2025-05-11
SUB05431,CUST05431,Basic,499,Monthly,2,2024-02-09
SUB05432,CUST05432,Family,1499,Annual,15,2024-09-21
SUB05433,CUST05433,Standard,799,Quarterly,5,2024-02-16
SUB05434,CUST05434,Family,1499,Quarterly,15,2026-04-18
SUB05435,CUST05435,Basic,499,Monthly,2,2025-07-14
SUB05436,CUST05436,Standard,799,Annual,5,2025-04-04
SUB05437,CUST05437,Family,1499,Annual,15,2025-06-02
SUB05438,CUST05438,Basic,499,Monthly,2,2025-08-01
SUB05439,CUST05439,Family,1499,Monthly,15,2025-05-10
SUB05440,CUST05440,Family,1499,Monthly,15,2025-12-25
SUB05441,CUST05441,Family,1499,Annual,15,2024-09-05
SUB05442,CUST05442,Premium,1199,Quarterly,10,2024-11-02
SUB05443,CUST05443,Family,1499,Monthly,15,2026-02-28
SUB05444,CUST05444,Premium,1199,Annual,10,2024-08-20
SUB05445,CUST05445,Family,1499,Monthly,15,2024-01-15
SUB05446,CUST05446,Basic,499,Monthly,2,2025-10-07
SUB05447,CUST05447,Standard,799,Monthly,5,2026-03-06
SUB05448,CUST05448,Family,1499,Annual,15,2025-12-19
SUB05449,CUST05449,Family,1499,Monthly,15,2024-09-24
SUB05450,CUST05450,Basic,499,Monthly,2,2025-02-02
SUB05451,CUST05451,Premium,1199,Monthly,10,2024-04-08
SUB05452,CUST05452,Basic,499,Monthly,2,2026-01-14
SUB05453,CUST05453,Standard,799,Quarterly,5,2025-08-18
SUB05454,CUST05454,Family,1499,Quarterly,15,2024-11-21
SUB05455,CUST05455,Family,1499,Monthly,15,2024-07-25
SUB05456,CUST05456,Family,1499,Monthly,15,2024-12-12
SUB05457,CUST05457,Family,1499,Quarterly,15,2025-08-29
SUB05458,CUST05458,Premium,1199,Quarterly,10,2025-03-03
SUB05459,CUST05459,Basic,499,Monthly,2,2025-11-20
SUB05460,CUST05460,Standard,799,Monthly,5,2024-01-09
SUB05461,CUST05461,Premium,1199,Monthly,10,2025-04-27
SUB05462,CUST05462,Standard,799,Quarterly,5,2024-05-30
SUB05463,CUST05463,Family,1499,Quarterly,15,2024-07-07
SUB05464,CUST05464,Standard,799,Monthly,5,2024-10-17
SUB05465,CUST05465,Family,1499,Monthly,15,2025-04-26
SUB05466,CUST05466,Premium,1199,Monthly,10,2026-01-05
SUB05467,CUST05467,Basic,499,Quarterly,2,2024-08-24
SUB05468,CUST05468,Premium,1199,Monthly,10,2024-06-27
SUB05469,CUST05469,Premium,1199,Monthly,10,2024-08-19
SUB05470,CUST05470,Family,1499,Annual,15,2024-03-22
SUB05471,CUST05471,Family,1499,Monthly,15,2024-12-15
SUB05472,CUST05472,Standard,799,Annual,5,2026-03-26
SUB05473,CUST05473,Premium,1199,Annual,10,2024-11-16
SUB05474,CUST05474,Basic,499,Annual,2,2025-11-06
SUB05475,CUST05475,Family,1499,Quarterly,15,2025-11-15
SUB05476,CUST05476,Standard,799,Quarterly,5,2025-09-08
SUB05477,CUST05477,Premium,1199,Monthly,10,2024-01-01
SUB05478,CUST05478,Family,1499,Monthly,15,2026-01-24
SUB05479,CUST05479,Family,1499,Monthly,15,2025-05-30
SUB05480,CUST05480,Standard,799,Monthly,5,2025-05-20
SUB05481,CUST05481,Basic,499,Monthly,2,2025-11-19
SUB05482,CUST05482,Family,1499,Annual,15,2025-04-05
SUB05483,CUST05483,Standard,799,Monthly,5,2025-04-08
SUB05484,CUST05484,Basic,499,Quarterly,2,2024-10-03
SUB05485,CUST05485,Basic,499,Quarterly,2,2024-10-12
SUB05486,CUST05486,Standard,799,Annual,5,2024-11-30
SUB05487,CUST05487,Family,1499,Monthly,15,2024-04-14
SUB05488,CUST05488,Family,1499,Annual,15,2024-11-13
SUB05489,CUST05489,Standard,799,Quarterly,5,2024-07-14
SUB05490,CUST05490,Standard,799,Quarterly,5,2024-11-16
SUB05491,CUST05491,Family,1499,Annual,15,2024-06-20
SUB05492,CUST05492,Premium,1199,Annual,10,2024-03-23
SUB05493,CUST05493,Basic,499,Monthly,2,2024-08-12
SUB05494,CUST05494,Standard,799,Monthly,5,2025-06-28
SUB05495,CUST05495,Family,1499,Monthly,15,2025-11-13
SUB05496,CUST05496,Family,1499,Monthly,15,2025-12-13
SUB05497,CUST05497,Premium,1199,Monthly,10,2026-01-04
SUB05498,CUST05498,Basic,499,Annual,2,2024-05-26
SUB05499,CUST05499,Standard,799,Monthly,5,2024-01-04
SUB05500,CUST05500,Basic,499,Annual,2,2025-12-18
SUB05501,CUST05501,Premium,1199,Quarterly,10,2025-06-25
SUB05502,CUST05502,Basic,499,Monthly,2,2024-06-18
SUB05503,CUST05503,Standard,799,Quarterly,5,2024-07-08
SUB05504,CUST05504,Family,1499,Monthly,15,2026-01-16
SUB05505,CUST05505,Premium,1199,Annual,10,2024-10-13
SUB05506,CUST05506,Basic,499,Monthly,2,2024-04-14
SUB05507,CUST05507,Family,1499,Monthly,15,2024-05-16
SUB05508,CUST05508,Standard,799,Annual,5,2025-05-18
SUB05509,CUST05509,Family,1499,Annual,15,2025-05-04
SUB05510,CUST05510,Premium,1199,Monthly,10,2024-07-20
SUB05511,CUST05511,Standard,799,Annual,5,2024-07-10
SUB05512,CUST05512,Family,1499,Annual,15,2026-04-26
SUB05513,CUST05513,Basic,499,Annual,2,2025-09-23
SUB05514,CUST05514,Family,1499,Quarterly,15,2024-01-18
SUB05515,CUST05515,Standard,799,Annual,5,2025-03-22
SUB05516,CUST05516,Premium,1199,Quarterly,10,2025-06-09
SUB05517,CUST05517,Premium,1199,Quarterly,10,2024-10-29
SUB05518,CUST05518,Premium,1199,Annual,10,2025-01-21
SUB05519,CUST05519,Premium,1199,Monthly,10,2024-03-18
SUB05520,CUST05520,Premium,1199,Monthly,10,2025-11-26
SUB05521,CUST05521,Premium,1199,Quarterly,10,2024-06-02
SUB05522,CUST05522,Family,1499,Annual,15,2025-10-26
SUB05523,CUST05523,Basic,499,Monthly,2,2025-08-01
SUB05524,CUST05524,Standard,799,Monthly,5,2025-03-09
SUB05525,CUST05525,Premium,1199,Monthly,10,2024-02-08
SUB05526,CUST05526,Family,1499,Annual,15,2026-03-02
SUB05527,CUST05527,Family,1499,Monthly,15,2026-03-18
SUB05528,CUST05528,Standard,799,Monthly,5,2026-03-04
SUB05529,CUST05529,Family,1499,Monthly,15,2024-07-24
SUB05530,CUST05530,Family,1499,Monthly,15,2024-12-14
SUB05531,CUST05531,Standard,799,Quarterly,5,2024-04-16
SUB05532,CUST05532,Family,1499,Monthly,15,2024-09-20
SUB05533,CUST05533,Basic,499,Quarterly,2,2024-11-11
SUB05534,CUST05534,Family,1499,Quarterly,15,2024-10-08
SUB05535,CUST05535,Family,1499,Monthly,15,2026-03-24
SUB05536,CUST05536,Family,1499,Monthly,15,2025-05-28
SUB05537,CUST05537,Family,1499,Monthly,15,2024-08-18
SUB05538,CUST05538,Family,1499,Monthly,15,2024-04-24
SUB05539,CUST05539,Standard,799,Monthly,5,2024-09-29
SUB05540,CUST05540,Premium,1199,Quarterly,10,2026-01-30
SUB05541,CUST05541,Basic,499,Monthly,2,2024-11-12
SUB05542,CUST05542,Standard,799,Annual,5,2025-09-17
SUB05543,CUST05543,Standard,799,Quarterly,5,2026-04-28
SUB05544,CUST05544,Family,1499,Quarterly,15,2025-09-25
SUB05545,CUST05545,Premium,1199,Monthly,10,2024-07-28
SUB05546,CUST05546,Family,1499,Annual,15,2025-02-19
SUB05547,CUST05547,Premium,1199,Monthly,10,2025-12-08
SUB05548,CUST05548,Premium,1199,Monthly,10,2024-11-03
SUB05549,CUST05549,Basic,499,Annual,2,2024-07-13
SUB05550,CUST05550,Family,1499,Annual,15,2025-06-22
SUB05551,CUST05551,Standard,799,Annual,5,2024-01-08
SUB05552,CUST05552,Premium,1199,Annual,10,2025-07-24
SUB05553,CUST05553,Basic,499,Monthly,2,2025-07-01
SUB05554,CUST05554,Premium,1199,Monthly,10,2025-06-12
SUB05555,CUST05555,Basic,499,Monthly,2,2025-10-18
SUB05556,CUST05556,Family,1499,Monthly,15,2024-04-05
SUB05557,CUST05557,Basic,499,Monthly,2,2024-04-10
SUB05558,CUST05558,Premium,1199,Monthly,10,2025-02-18
SUB05559,CUST05559,Premium,1199,Annual,10,2024-06-02
SUB05560,CUST05560,Basic,499,Monthly,2,2025-09-24
SUB05561,CUST05561,Basic,499,Annual,2,2026-03-22
SUB05562,CUST05562,Premium,1199,Monthly,10,2025-02-09
SUB05563,CUST05563,Standard,799,Monthly,5,2026-03-09
SUB05564,CUST05564,Standard,799,Quarterly,5,2025-10-08
SUB05565,CUST05565,Family,1499,Annual,15,2024-07-19
SUB05566,CUST05566,Standard,799,Annual,5,2024-09-16
SUB05567,CUST05567,Standard,799,Annual,5,2024-07-30
SUB05568,CUST05568,Premium,1199,Monthly,10,2024-03-13
SUB05569,CUST05569,Basic,499,Monthly,2,2024-04-14
SUB05570,CUST05570,Premium,1199,Monthly,10,2024-03-18
SUB05571,CUST05571,Basic,499,Monthly,2,2024-11-05
SUB05572,CUST05572,Family,1499,Quarterly,15,2025-12-02
SUB05573,CUST05573,Basic,499,Monthly,2,2024-08-06
SUB05574,CUST05574,Basic,499,Monthly,2,2025-02-21
SUB05575,CUST05575,Standard,799,Monthly,5,2024-01-11
SUB05576,CUST05576,Basic,499,Monthly,2,2026-01-11
SUB05577,CUST05577,Premium,1199,Monthly,10,2024-07-26
SUB05578,CUST05578,Basic,499,Monthly,2,2026-01-12
SUB05579,CUST05579,Family,1499,Quarterly,15,2024-03-26
SUB05580,CUST05580,Basic,499,Annual,2,2026-01-30
SUB05581,CUST05581,Basic,499,Annual,2,2026-02-14
SUB05582,CUST05582,Premium,1199,Monthly,10,2025-05-08
SUB05583,CUST05583,Standard,799,Monthly,5,2024-01-12
SUB05584,CUST05584,Family,1499,Annual,15,2025-03-01
SUB05585,CUST05585,Family,1499,Monthly,15,2025-12-24
SUB05586,CUST05586,Premium,1199,Monthly,10,2026-02-05
SUB05587,CUST05587,Premium,1199,Monthly,10,2024-03-11
SUB05588,CUST05588,Family,1499,Monthly,15,2026-01-09
SUB05589,CUST05589,Standard,799,Monthly,5,2026-03-23
SUB05590,CUST05590,Basic,499,Quarterly,2,2026-04-01
SUB05591,CUST05591,Standard,799,Monthly,5,2025-04-13
SUB05592,CUST05592,Basic,499,Monthly,2,2024-09-06
SUB05593,CUST05593,Standard,799,Annual,5,2025-07-17
SUB05594,CUST05594,Premium,1199,Annual,10,2026-03-09
SUB05595,CUST05595,Family,1499,Quarterly,15,2024-08-15
SUB05596,CUST05596,Standard,799,Monthly,5,2024-06-26
SUB05597,CUST05597,Premium,1199,Monthly,10,2026-03-23
SUB05598,CUST05598,Premium,1199,Monthly,10,2025-01-09
SUB05599,CUST05599,Family,1499,Monthly,15,2025-03-23
SUB05600,CUST05600,Family,1499,Monthly,15,2025-12-29
SUB05601,CUST05601,Standard,799,Annual,5,2025-03-01
SUB05602,CUST05602,Premium,1199,Monthly,10,2024-06-17
SUB05603,CUST05603,Premium,1199,Monthly,10,2024-03-11
SUB05604,CUST05604,Standard,799,Annual,5,2025-08-24
SUB05605,CUST05605,Basic,499,Monthly,2,2025-10-09
SUB05606,CUST05606,Standard,799,Monthly,5,2025-01-05
SUB05607,CUST05607,Basic,499,Monthly,2,2024-07-01
SUB05608,CUST05608,Basic,499,Monthly,2,2025-03-21
SUB05609,CUST05609,Premium,1199,Quarterly,10,2024-01-09
SUB05610,CUST05610,Family,1499,Monthly,15,2026-03-11
SUB05611,CUST05611,Family,1499,Quarterly,15,2025-08-09
SUB05612,CUST05612,Standard,799,Quarterly,5,2026-02-19
SUB05613,CUST05613,Premium,1199,Annual,10,2024-07-24
SUB05614,CUST05614,Basic,499,Monthly,2,2026-04-04
SUB05615,CUST05615,Basic,499,Monthly,2,2024-01-27
SUB05616,CUST05616,Premium,1199,Monthly,10,2025-01-24
SUB05617,CUST05617,Premium,1199,Annual,10,2025-12-09
SUB05618,CUST05618,Family,1499,Annual,15,2024-02-29
SUB05619,CUST05619,Family,1499,Quarterly,15,2026-03-24
SUB05620,CUST05620,Premium,1199,Monthly,10,2025-08-07
SUB05621,CUST05621,Basic,499,Monthly,2,2025-08-28
SUB05622,CUST05622,Premium,1199,Annual,10,2025-12-31
SUB05623,CUST05623,Basic,499,Quarterly,2,2025-03-18
SUB05624,CUST05624,Standard,799,Monthly,5,2025-03-09
SUB05625,CUST05625,Standard,799,Monthly,5,2025-04-03
SUB05626,CUST05626,Standard,799,Monthly,5,2026-01-23
SUB05627,CUST05627,Premium,1199,Quarterly,10,2025-01-30
SUB05628,CUST05628,Premium,1199,Monthly,10,2025-12-20
SUB05629,CUST05629,Standard,799,Monthly,5,2025-09-24
SUB05630,CUST05630,Standard,799,Monthly,5,2025-09-24
SUB05631,CUST05631,Basic,499,Annual,2,2024-08-07
SUB05632,CUST05632,Premium,1199,Annual,10,2025-08-04
SUB05633,CUST05633,Standard,799,Annual,5,2026-04-14
SUB05634,CUST05634,Basic,499,Quarterly,2,2024-09-30
SUB05635,CUST05635,Family,1499,Annual,15,2025-10-03
SUB05636,CUST05636,Standard,799,Annual,5,2025-07-04
SUB05637,CUST05637,Family,1499,Monthly,15,2025-10-20
SUB05638,CUST05638,Family,1499,Quarterly,15,2024-05-26
SUB05639,CUST05639,Premium,1199,Monthly,10,2024-09-23
SUB05640,CUST05640,Premium,1199,Monthly,10,2025-04-08
SUB05641,CUST05641,Family,1499,Monthly,15,2024-05-07
SUB05642,CUST05642,Premium,1199,Monthly,10,2025-10-02
SUB05643,CUST05643,Family,1499,Monthly,15,2024-12-20
SUB05644,CUST05644,Standard,799,Monthly,5,2024-04-27
SUB05645,CUST05645,Standard,799,Monthly,5,2024-06-26
SUB05646,CUST05646,Standard,799,Annual,5,2025-06-15
SUB05647,CUST05647,Basic,499,Monthly,2,2024-02-07
SUB05648,CUST05648,Basic,499,Annual,2,2025-08-08
SUB05649,CUST05649,Premium,1199,Annual,10,2024-07-26
SUB05650,CUST05650,Family,1499,Quarterly,15,2024-11-29
SUB05651,CUST05651,Family,1499,Annual,15,2024-06-08
SUB05652,CUST05652,Premium,1199,Monthly,10,2026-04-04
SUB05653,CUST05653,Premium,1199,Monthly,10,2025-11-10
SUB05654,CUST05654,Basic,499,Monthly,2,2024-07-29
SUB05655,CUST05655,Family,1499,Annual,15,2025-03-15
SUB05656,CUST05656,Family,1499,Annual,15,2024-01-20
SUB05657,CUST05657,Family,1499,Monthly,15,2025-03-06
SUB05658,CUST05658,Premium,1199,Monthly,10,2024-07-27
SUB05659,CUST05659,Premium,1199,Monthly,10,2025-06-06
SUB05660,CUST05660,Premium,1199,Monthly,10,2024-05-07
SUB05661,CUST05661,Basic,499,Annual,2,2026-04-25
SUB05662,CUST05662,Basic,499,Quarterly,2,2025-03-18
SUB05663,CUST05663,Basic,499,Quarterly,2,2025-03-19
SUB05664,CUST05664,Family,1499,Monthly,15,2024-02-03
SUB05665,CUST05665,Premium,1199,Quarterly,10,2024-07-23
SUB05666,CUST05666,Family,1499,Quarterly,15,2024-06-11
SUB05667,CUST05667,Standard,799,Quarterly,5,2026-03-09
SUB05668,CUST05668,Premium,1199,Monthly,10,2024-04-17
SUB05669,CUST05669,Basic,499,Monthly,2,2026-01-19
SUB05670,CUST05670,Basic,499,Quarterly,2,2026-04-12
SUB05671,CUST05671,Family,1499,Monthly,15,2025-06-15
SUB05672,CUST05672,Standard,799,Annual,5,2026-02-28
SUB05673,CUST05673,Premium,1199,Annual,10,2026-02-25
SUB05674,CUST05674,Standard,799,Monthly,5,2025-12-26
SUB05675,CUST05675,Premium,1199,Quarterly,10,2026-02-26
SUB05676,CUST05676,Family,1499,Monthly,15,2024-06-19
SUB05677,CUST05677,Standard,799,Annual,5,2024-03-17
SUB05678,CUST05678,Family,1499,Monthly,15,2024-06-04
SUB05679,CUST05679,Premium,1199,Monthly,10,2024-02-08
SUB05680,CUST05680,Family,1499,Monthly,15,2025-10-09
SUB05681,CUST05681,Standard,799,Quarterly,5,2026-02-19
SUB05682,CUST05682,Premium,1199,Monthly,10,2026-03-10
SUB05683,CUST05683,Premium,1199,Monthly,10,2025-06-27
SUB05684,CUST05684,Basic,499,Monthly,2,2025-11-01
SUB05685,CUST05685,Premium,1199,Annual,10,2024-06-07
SUB05686,CUST05686,Standard,799,Monthly,5,2024-12-14
SUB05687,CUST05687,Standard,799,Monthly,5,2026-01-16
SUB05688,CUST05688,Standard,799,Monthly,5,2024-08-05
SUB05689,CUST05689,Premium,1199,Monthly,10,2024-10-27
SUB05690,CUST05690,Standard,799,Annual,5,2025-06-15
SUB05691,CUST05691,Basic,499,Quarterly,2,2026-03-08
SUB05692,CUST05692,Premium,1199,Quarterly,10,2024-05-04
SUB05693,CUST05693,Premium,1199,Quarterly,10,2025-04-12
SUB05694,CUST05694,Premium,1199,Annual,10,2024-08-28
SUB05695,CUST05695,Standard,799,Annual,5,2024-08-05
SUB05696,CUST05696,Basic,499,Monthly,2,2025-10-16
SUB05697,CUST05697,Premium,1199,Annual,10,2026-04-25
SUB05698,CUST05698,Family,1499,Monthly,15,2026-04-15
SUB05699,CUST05699,Premium,1199,Quarterly,10,2024-06-09
SUB05700,CUST05700,Basic,499,Monthly,2,2025-10-31
SUB05701,CUST05701,Standard,799,Monthly,5,2026-02-01
SUB05702,CUST05702,Basic,499,Monthly,2,2024-12-30
SUB05703,CUST05703,Family,1499,Quarterly,15,2024-01-19
SUB05704,CUST05704,Family,1499,Annual,15,2024-12-02
SUB05705,CUST05705,Basic,499,Quarterly,2,2025-12-30
SUB05706,CUST05706,Family,1499,Annual,15,2024-03-09
SUB05707,CUST05707,Premium,1199,Monthly,10,2024-08-01
SUB05708,CUST05708,Family,1499,Monthly,15,2025-12-04
SUB05709,CUST05709,Family,1499,Monthly,15,2026-02-16
SUB05710,CUST05710,Basic,499,Annual,2,2025-12-26
SUB05711,CUST05711,Family,1499,Quarterly,15,2025-04-16
SUB05712,CUST05712,Basic,499,Quarterly,2,2025-05-24
SUB05713,CUST05713,Premium,1199,Quarterly,10,2024-08-03
SUB05714,CUST05714,Family,1499,Monthly,15,2025-05-31
SUB05715,CUST05715,Basic,499,Monthly,2,2024-10-21
SUB05716,CUST05716,Family,1499,Monthly,15,2025-06-26
SUB05717,CUST05717,Family,1499,Monthly,15,2024-07-25
SUB05718,CUST05718,Family,1499,Monthly,15,2024-03-04
SUB05719,CUST05719,Standard,799,Monthly,5,2024-02-21
SUB05720,CUST05720,Family,1499,Quarterly,15,2025-02-20
SUB05721,CUST05721,Basic,499,Monthly,2,2024-04-28
SUB05722,CUST05722,Family,1499,Monthly,15,2025-11-05
SUB05723,CUST05723,Premium,1199,Annual,10,2024-07-03
SUB05724,CUST05724,Family,1499,Annual,15,2025-07-25
SUB05725,CUST05725,Premium,1199,Quarterly,10,2024-02-22
SUB05726,CUST05726,Premium,1199,Quarterly,10,2024-12-04
SUB05727,CUST05727,Standard,799,Annual,5,2026-02-11
SUB05728,CUST05728,Basic,499,Quarterly,2,2025-12-12
SUB05729,CUST05729,Standard,799,Monthly,5,2025-12-14
SUB05730,CUST05730,Family,1499,Monthly,15,2025-11-29
SUB05731,CUST05731,Premium,1199,Monthly,10,2025-04-01
SUB05732,CUST05732,Family,1499,Monthly,15,2025-06-25
SUB05733,CUST05733,Premium,1199,Annual,10,2025-07-16
SUB05734,CUST05734,Premium,1199,Monthly,10,2025-10-16
SUB05735,CUST05735,Premium,1199,Monthly,10,2025-07-05
SUB05736,CUST05736,Basic,499,Quarterly,2,2024-07-22
SUB05737,CUST05737,Standard,799,Monthly,5,2026-01-19
SUB05738,CUST05738,Basic,499,Quarterly,2,2024-01-11
SUB05739,CUST05739,Premium,1199,Monthly,10,2025-11-17
SUB05740,CUST05740,Basic,499,Monthly,2,2025-11-07
SUB05741,CUST05741,Basic,499,Quarterly,2,2024-12-12
SUB05742,CUST05742,Basic,499,Quarterly,2,2024-02-29
SUB05743,CUST05743,Standard,799,Annual,5,2024-10-01
SUB05744,CUST05744,Family,1499,Quarterly,15,2024-11-20
SUB05745,CUST05745,Premium,1199,Monthly,10,2024-03-17
SUB05746,CUST05746,Basic,499,Monthly,2,2024-12-03
SUB05747,CUST05747,Standard,799,Monthly,5,2024-08-22
SUB05748,CUST05748,Basic,499,Monthly,2,2024-09-12
SUB05749,CUST05749,Premium,1199,Monthly,10,2025-07-06
SUB05750,CUST05750,Premium,1199,Monthly,10,2024-11-02
SUB05751,CUST05751,Premium,1199,Annual,10,2024-02-10
SUB05752,CUST05752,Standard,799,Monthly,5,2025-06-29
SUB05753,CUST05753,Basic,499,Monthly,2,2026-02-27
SUB05754,CUST05754,Premium,1199,Monthly,10,2025-05-03
SUB05755,CUST05755,Premium,1199,Monthly,10,2025-07-24
SUB05756,CUST05756,Standard,799,Quarterly,5,2026-02-26
SUB05757,CUST05757,Family,1499,Monthly,15,2026-04-30
SUB05758,CUST05758,Standard,799,Monthly,5,2025-01-18
SUB05759,CUST05759,Standard,799,Annual,5,2025-04-02
SUB05760,CUST05760,Standard,799,Annual,5,2024-12-06
SUB05761,CUST05761,Standard,799,Monthly,5,2025-01-23
SUB05762,CUST05762,Premium,1199,Monthly,10,2024-08-11
SUB05763,CUST05763,Family,1499,Annual,15,2024-10-05
SUB05764,CUST05764,Basic,499,Monthly,2,2024-05-19
SUB05765,CUST05765,Standard,799,Annual,5,2024-04-02
SUB05766,CUST05766,Premium,1199,Monthly,10,2026-03-09
SUB05767,CUST05767,Premium,1199,Annual,10,2024-10-08
SUB05768,CUST05768,Basic,499,Monthly,2,2026-02-15
SUB05769,CUST05769,Basic,499,Monthly,2,2025-08-07
SUB05770,CUST05770,Family,1499,Monthly,15,2026-04-02
SUB05771,CUST05771,Premium,1199,Monthly,10,2025-02-18
SUB05772,CUST05772,Standard,799,Annual,5,2025-02-10
SUB05773,CUST05773,Family,1499,Monthly,15,2025-08-05
SUB05774,CUST05774,Family,1499,Monthly,15,2025-06-30
SUB05775,CUST05775,Standard,799,Quarterly,5,2025-04-08
SUB05776,CUST05776,Family,1499,Quarterly,15,2025-09-03
SUB05777,CUST05777,Premium,1199,Annual,10,2025-06-02
SUB05778,CUST05778,Basic,499,Annual,2,2024-04-28
SUB05779,CUST05779,Premium,1199,Annual,10,2024-07-21
SUB05780,CUST05780,Standard,799,Monthly,5,2025-06-04
SUB05781,CUST05781,Standard,799,Monthly,5,2025-02-17
SUB05782,CUST05782,Basic,499,Monthly,2,2026-02-09
SUB05783,CUST05783,Family,1499,Monthly,15,2025-07-25
SUB05784,CUST05784,Basic,499,Annual,2,2024-04-14
SUB05785,CUST05785,Standard,799,Monthly,5,2025-08-04
SUB05786,CUST05786,Family,1499,Monthly,15,2024-11-27
SUB05787,CUST05787,Basic,499,Monthly,2,2024-09-01
SUB05788,CUST05788,Family,1499,Monthly,15,2025-07-24
SUB05789,CUST05789,Standard,799,Monthly,5,2025-06-09
SUB05790,CUST05790,Premium,1199,Quarterly,10,2025-04-17
SUB05791,CUST05791,Family,1499,Monthly,15,2024-02-28
SUB05792,CUST05792,Standard,799,Monthly,5,2024-12-03
SUB05793,CUST05793,Basic,499,Quarterly,2,2025-02-27
SUB05794,CUST05794,Family,1499,Monthly,15,2024-09-10
SUB05795,CUST05795,Premium,1199,Annual,10,2025-04-08
SUB05796,CUST05796,Basic,499,Monthly,2,2025-11-14
SUB05797,CUST05797,Standard,799,Annual,5,2024-06-24
SUB05798,CUST05798,Basic,499,Annual,2,2025-07-25
SUB05799,CUST05799,Family,1499,Monthly,15,2025-06-14
SUB05800,CUST05800,Family,1499,Annual,15,2025-09-14
SUB05801,CUST05801,Family,1499,Annual,15,2025-12-22
SUB05802,CUST05802,Basic,499,Monthly,2,2025-01-15
SUB05803,CUST05803,Family,1499,Quarterly,15,2024-01-25
SUB05804,CUST05804,Premium,1199,Monthly,10,2025-04-11
SUB05805,CUST05805,Standard,799,Annual,5,2024-08-12
SUB05806,CUST05806,Basic,499,Quarterly,2,2024-01-11
SUB05807,CUST05807,Premium,1199,Monthly,10,2024-10-04
SUB05808,CUST05808,Premium,1199,Monthly,10,2025-10-31
SUB05809,CUST05809,Premium,1199,Quarterly,10,2024-04-22
SUB05810,CUST05810,Standard,799,Quarterly,5,2025-06-25
SUB05811,CUST05811,Basic,499,Annual,2,2024-08-05
SUB05812,CUST05812,Premium,1199,Monthly,10,2026-02-02
SUB05813,CUST05813,Family,1499,Monthly,15,2024-10-06
SUB05814,CUST05814,Premium,1199,Monthly,10,2024-02-18
SUB05815,CUST05815,Premium,1199,Annual,10,2025-01-05
SUB05816,CUST05816,Standard,799,Monthly,5,2025-12-07
SUB05817,CUST05817,Premium,1199,Quarterly,10,2025-10-28
SUB05818,CUST05818,Premium,1199,Monthly,10,2024-07-18
SUB05819,CUST05819,Basic,499,Annual,2,2024-06-18
SUB05820,CUST05820,Basic,499,Monthly,2,2024-04-13
SUB05821,CUST05821,Standard,799,Monthly,5,2025-07-27
SUB05822,CUST05822,Standard,799,Annual,5,2026-01-26
SUB05823,CUST05823,Premium,1199,Quarterly,10,2024-02-22
SUB05824,CUST05824,Premium,1199,Monthly,10,2025-07-23
SUB05825,CUST05825,Standard,799,Annual,5,2024-02-18
SUB05826,CUST05826,Standard,799,Monthly,5,2025-09-23
SUB05827,CUST05827,Basic,499,Quarterly,2,2025-05-02
SUB05828,CUST05828,Family,1499,Monthly,15,2025-09-11
SUB05829,CUST05829,Family,1499,Monthly,15,2026-03-26
SUB05830,CUST05830,Basic,499,Monthly,2,2024-03-17
SUB05831,CUST05831,Standard,799,Monthly,5,2025-02-17
SUB05832,CUST05832,Family,1499,Quarterly,15,2026-02-13
SUB05833,CUST05833,Premium,1199,Quarterly,10,2024-04-04
SUB05834,CUST05834,Premium,1199,Monthly,10,2025-05-30
SUB05835,CUST05835,Standard,799,Monthly,5,2026-04-15
SUB05836,CUST05836,Standard,799,Annual,5,2024-04-02
SUB05837,CUST05837,Family,1499,Monthly,15,2025-08-28
SUB05838,CUST05838,Premium,1199,Annual,10,2025-07-15
SUB05839,CUST05839,Premium,1199,Monthly,10,2025-11-22
SUB05840,CUST05840,Standard,799,Monthly,5,2026-01-18
SUB05841,CUST05841,Basic,499,Annual,2,2024-10-15
SUB05842,CUST05842,Family,1499,Annual,15,2025-04-20
SUB05843,CUST05843,Standard,799,Quarterly,5,2026-03-17
SUB05844,CUST05844,Premium,1199,Monthly,10,2025-07-30
SUB05845,CUST05845,Family,1499,Quarterly,15,2025-04-27
SUB05846,CUST05846,Standard,799,Annual,5,2025-03-07
SUB05847,CUST05847,Basic,499,Quarterly,2,2025-05-09
SUB05848,CUST05848,Family,1499,Annual,15,2025-01-12
SUB05849,CUST05849,Standard,799,Monthly,5,2026-04-05
SUB05850,CUST05850,Standard,799,Annual,5,2025-12-06
SUB05851,CUST05851,Family,1499,Monthly,15,2024-08-08
SUB05852,CUST05852,Premium,1199,Quarterly,10,2024-09-27
SUB05853,CUST05853,Basic,499,Quarterly,2,2025-11-16
SUB05854,CUST05854,Basic,499,Monthly,2,2024-05-05
SUB05855,CUST05855,Premium,1199,Monthly,10,2025-05-04
SUB05856,CUST05856,Family,1499,Monthly,15,2025-01-08
SUB05857,CUST05857,Basic,499,Monthly,2,2026-01-17
SUB05858,CUST05858,Family,1499,Quarterly,15,2025-09-13
SUB05859,CUST05859,Standard,799,Monthly,5,2024-11-02
SUB05860,CUST05860,Family,1499,Monthly,15,2024-08-17
SUB05861,CUST05861,Family,1499,Quarterly,15,2025-02-11
SUB05862,CUST05862,Premium,1199,Annual,10,2024-12-11
SUB05863,CUST05863,Family,1499,Monthly,15,2026-01-11
SUB05864,CUST05864,Standard,799,Annual,5,2025-07-27
SUB05865,CUST05865,Basic,499,Annual,2,2024-02-06
SUB05866,CUST05866,Premium,1199,Annual,10,2024-05-25
SUB05867,CUST05867,Premium,1199,Annual,10,2024-08-20
SUB05868,CUST05868,Basic,499,Monthly,2,2025-09-25
SUB05869,CUST05869,Basic,499,Monthly,2,2024-12-09
SUB05870,CUST05870,Standard,799,Quarterly,5,2024-04-21
SUB05871,CUST05871,Basic,499,Quarterly,2,2025-09-01
SUB05872,CUST05872,Standard,799,Annual,5,2025-10-08
SUB05873,CUST05873,Premium,1199,Quarterly,10,2025-08-28
SUB05874,CUST05874,Standard,799,Monthly,5,2026-02-05
SUB05875,CUST05875,Premium,1199,Quarterly,10,2025-01-06
SUB05876,CUST05876,Premium,1199,Monthly,10,2026-02-26
SUB05877,CUST05877,Standard,799,Quarterly,5,2024-06-29
SUB05878,CUST05878,Premium,1199,Monthly,10,2024-11-24
SUB05879,CUST05879,Family,1499,Annual,15,2025-06-26
SUB05880,CUST05880,Premium,1199,Monthly,10,2025-03-22
SUB05881,CUST05881,Premium,1199,Annual,10,2024-01-10
SUB05882,CUST05882,Standard,799,Monthly,5,2025-12-01
SUB05883,CUST05883,Standard,799,Monthly,5,2025-01-17
SUB05884,CUST05884,Standard,799,Monthly,5,2025-06-23
SUB05885,CUST05885,Premium,1199,Monthly,10,2026-03-09
SUB05886,CUST05886,Family,1499,Monthly,15,2024-02-11
SUB05887,CUST05887,Standard,799,Monthly,5,2025-10-05
SUB05888,CUST05888,Family,1499,Annual,15,2026-01-22
SUB05889,CUST05889,Standard,799,Quarterly,5,2024-05-26
SUB05890,CUST05890,Premium,1199,Quarterly,10,2026-01-09
SUB05891,CUST05891,Basic,499,Annual,2,2025-02-23
SUB05892,CUST05892,Family,1499,Monthly,15,2024-11-21
SUB05893,CUST05893,Premium,1199,Monthly,10,2025-12-20
SUB05894,CUST05894,Premium,1199,Quarterly,10,2025-09-25
SUB05895,CUST05895,Premium,1199,Monthly,10,2025-05-18
SUB05896,CUST05896,Premium,1199,Monthly,10,2025-06-23
SUB05897,CUST05897,Standard,799,Annual,5,2024-10-27
SUB05898,CUST05898,Basic,499,Quarterly,2,2024-11-27
SUB05899,CUST05899,Standard,799,Annual,5,2024-04-07
SUB05900,CUST05900,Premium,1199,Monthly,10,2025-02-24
SUB05901,CUST05901,Family,1499,Quarterly,15,2025-05-02
SUB05902,CUST05902,Standard,799,Monthly,5,2024-01-20
SUB05903,CUST05903,Premium,1199,Monthly,10,2024-10-06
SUB05904,CUST05904,Family,1499,Monthly,15,2024-02-22
SUB05905,CUST05905,Standard,799,Monthly,5,2024-08-15
SUB05906,CUST05906,Family,1499,Quarterly,15,2024-05-04
SUB05907,CUST05907,Basic,499,Monthly,2,2024-06-28
SUB05908,CUST05908,Family,1499,Quarterly,15,2025-02-05
SUB05909,CUST05909,Family,1499,Monthly,15,2024-10-01
SUB05910,CUST05910,Premium,1199,Quarterly,10,2024-11-09
SUB05911,CUST05911,Family,1499,Monthly,15,2025-02-23
SUB05912,CUST05912,Standard,799,Annual,5,2025-05-06
SUB05913,CUST05913,Basic,499,Monthly,2,2024-06-09
SUB05914,CUST05914,Basic,499,Annual,2,2025-07-13
SUB05915,CUST05915,Basic,499,Monthly,2,2025-04-15
SUB05916,CUST05916,Standard,799,Monthly,5,2024-12-22
SUB05917,CUST05917,Basic,499,Monthly,2,2025-03-05
SUB05918,CUST05918,Basic,499,Quarterly,2,2026-03-20
SUB05919,CUST05919,Premium,1199,Monthly,10,2024-08-19
SUB05920,CUST05920,Standard,799,Annual,5,2024-06-29
SUB05921,CUST05921,Family,1499,Quarterly,15,2025-11-27
SUB05922,CUST05922,Family,1499,Monthly,15,2025-02-05
SUB05923,CUST05923,Premium,1199,Quarterly,10,2024-10-01
SUB05924,CUST05924,Premium,1199,Monthly,10,2026-04-12
SUB05925,CUST05925,Premium,1199,Annual,10,2025-08-07
SUB05926,CUST05926,Basic,499,Monthly,2,2024-08-19
SUB05927,CUST05927,Basic,499,Annual,2,2025-03-23
SUB05928,CUST05928,Premium,1199,Quarterly,10,2025-06-07
SUB05929,CUST05929,Family,1499,Annual,15,2024-12-15
SUB05930,CUST05930,Basic,499,Annual,2,2026-01-23
SUB05931,CUST05931,Basic,499,Monthly,2,2025-02-05
SUB05932,CUST05932,Basic,499,Monthly,2,2026-02-02
SUB05933,CUST05933,Basic,499,Annual,2,2025-11-19
SUB05934,CUST05934,Premium,1199,Quarterly,10,2025-12-20
SUB05935,CUST05935,Standard,799,Quarterly,5,2024-12-02
SUB05936,CUST05936,Premium,1199,Monthly,10,2024-12-29
SUB05937,CUST05937,Standard,799,Quarterly,5,2025-12-25
SUB05938,CUST05938,Premium,1199,Monthly,10,2024-01-04
SUB05939,CUST05939,Family,1499,Annual,15,2024-07-13
SUB05940,CUST05940,Family,1499,Monthly,15,2026-03-07
SUB05941,CUST05941,Premium,1199,Monthly,10,2025-03-09
SUB05942,CUST05942,Basic,499,Monthly,2,2025-02-02
SUB05943,CUST05943,Standard,799,Monthly,5,2024-09-03
SUB05944,CUST05944,Basic,499,Annual,2,2024-04-20
SUB05945,CUST05945,Basic,499,Annual,2,2025-09-10
SUB05946,CUST05946,Basic,499,Quarterly,2,2026-03-25
SUB05947,CUST05947,Premium,1199,Monthly,10,2024-11-01
SUB05948,CUST05948,Standard,799,Monthly,5,2025-09-17
SUB05949,CUST05949,Premium,1199,Monthly,10,2025-07-01
SUB05950,CUST05950,Family,1499,Annual,15,2024-12-06
SUB05951,CUST05951,Premium,1199,Monthly,10,2025-03-21
SUB05952,CUST05952,Basic,499,Monthly,2,2024-08-13
SUB05953,CUST05953,Basic,499,Monthly,2,2025-09-25
SUB05954,CUST05954,Family,1499,Monthly,15,2025-12-31
SUB05955,CUST05955,Family,1499,Monthly,15,2024-01-25
SUB05956,CUST05956,Standard,799,Monthly,5,2025-06-07
SUB05957,CUST05957,Basic,499,Monthly,2,2026-02-18
SUB05958,CUST05958,Basic,499,Quarterly,2,2024-12-22
SUB05959,CUST05959,Premium,1199,Quarterly,10,2024-11-09
SUB05960,CUST05960,Basic,499,Quarterly,2,2024-10-28
SUB05961,CUST05961,Standard,799,Quarterly,5,2025-06-20
SUB05962,CUST05962,Family,1499,Quarterly,15,2025-09-23
SUB05963,CUST05963,Standard,799,Monthly,5,2024-07-09
SUB05964,CUST05964,Standard,799,Annual,5,2024-09-11
SUB05965,CUST05965,Premium,1199,Annual,10,2025-06-23
SUB05966,CUST05966,Basic,499,Quarterly,2,2025-08-26
SUB05967,CUST05967,Premium,1199,Quarterly,10,2024-12-26
SUB05968,CUST05968,Standard,799,Monthly,5,2025-11-02
SUB05969,CUST05969,Family,1499,Monthly,15,2025-02-03
SUB05970,CUST05970,Family,1499,Annual,15,2024-03-03
SUB05971,CUST05971,Basic,499,Monthly,2,2024-04-02
SUB05972,CUST05972,Premium,1199,Quarterly,10,2024-02-07
SUB05973,CUST05973,Premium,1199,Annual,10,2025-02-20
SUB05974,CUST05974,Premium,1199,Monthly,10,2025-01-15
SUB05975,CUST05975,Family,1499,Monthly,15,2026-02-08
SUB05976,CUST05976,Family,1499,Monthly,15,2024-12-18
SUB05977,CUST05977,Premium,1199,Monthly,10,2024-12-12
SUB05978,CUST05978,Family,1499,Monthly,15,2025-10-10
SUB05979,CUST05979,Basic,499,Monthly,2,2025-04-17
SUB05980,CUST05980,Standard,799,Monthly,5,2025-06-08
SUB05981,CUST05981,Family,1499,Annual,15,2024-10-24
SUB05982,CUST05982,Standard,799,Monthly,5,2025-07-06
SUB05983,CUST05983,Basic,499,Quarterly,2,2024-12-03
SUB05984,CUST05984,Basic,499,Quarterly,2,2024-08-04
SUB05985,CUST05985,Basic,499,Monthly,2,2024-01-08
SUB05986,CUST05986,Family,1499,Quarterly,15,2025-10-31
SUB05987,CUST05987,Standard,799,Monthly,5,2025-10-25
SUB05988,CUST05988,Basic,499,Annual,2,2024-08-03
SUB05989,CUST05989,Family,1499,Annual,15,2024-12-13
SUB05990,CUST05990,Premium,1199,Monthly,10,2025-03-15
SUB05991,CUST05991,Family,1499,Monthly,15,2024-08-05
SUB05992,CUST05992,Basic,499,Monthly,2,2026-04-11
SUB05993,CUST05993,Standard,799,Monthly,5,2024-01-17
SUB05994,CUST05994,Premium,1199,Annual,10,2026-01-28
SUB05995,CUST05995,Family,1499,Monthly,15,2025-06-02
SUB05996,CUST05996,Standard,799,Annual,5,2024-02-21
SUB05997,CUST05997,Basic,499,Quarterly,2,2024-10-07
SUB05998,CUST05998,Basic,499,Annual,2,2024-11-13
SUB05999,CUST05999,Basic,499,Annual,2,2024-10-25
SUB06000,CUST06000,Standard,799,Monthly,5,2024-07-27
SUB06001,CUST06001,Basic,499,Monthly,2,2025-05-06
SUB06002,CUST06002,Family,1499,Monthly,15,2024-12-07
SUB06003,CUST06003,Standard,799,Quarterly,5,2026-03-07
SUB06004,CUST06004,Standard,799,Annual,5,2025-06-06
SUB06005,CUST06005,Standard,799,Monthly,5,2024-02-06
SUB06006,CUST06006,Family,1499,Quarterly,15,2025-03-11
SUB06007,CUST06007,Premium,1199,Annual,10,2025-06-11
SUB06008,CUST06008,Premium,1199,Quarterly,10,2025-07-19
SUB06009,CUST06009,Basic,499,Monthly,2,2024-01-23
SUB06010,CUST06010,Premium,1199,Quarterly,10,2024-12-30
SUB06011,CUST06011,Standard,799,Annual,5,2025-05-15
SUB06012,CUST06012,Premium,1199,Quarterly,10,2024-05-27
SUB06013,CUST06013,Premium,1199,Quarterly,10,2025-11-18
SUB06014,CUST06014,Premium,1199,Monthly,10,2025-01-11
SUB06015,CUST06015,Basic,499,Quarterly,2,2025-08-19
SUB06016,CUST06016,Family,1499,Monthly,15,2025-08-04
SUB06017,CUST06017,Basic,499,Monthly,2,2024-03-22
SUB06018,CUST06018,Family,1499,Monthly,15,2025-07-11
SUB06019,CUST06019,Family,1499,Quarterly,15,2026-04-01
SUB06020,CUST06020,Premium,1199,Monthly,10,2024-07-14
SUB06021,CUST06021,Basic,499,Monthly,2,2024-10-23
SUB06022,CUST06022,Basic,499,Annual,2,2025-12-18
SUB06023,CUST06023,Standard,799,Monthly,5,2024-08-08
SUB06024,CUST06024,Family,1499,Monthly,15,2024-09-19
SUB06025,CUST06025,Family,1499,Quarterly,15,2024-11-10
SUB06026,CUST06026,Family,1499,Quarterly,15,2024-10-23
SUB06027,CUST06027,Basic,499,Annual,2,2024-01-25
SUB06028,CUST06028,Family,1499,Monthly,15,2025-11-09
SUB06029,CUST06029,Standard,799,Monthly,5,2025-02-03
SUB06030,CUST06030,Premium,1199,Monthly,10,2024-05-06
SUB06031,CUST06031,Standard,799,Monthly,5,2024-08-22
SUB06032,CUST06032,Family,1499,Annual,15,2024-04-30
SUB06033,CUST06033,Premium,1199,Quarterly,10,2024-05-17
SUB06034,CUST06034,Standard,799,Annual,5,2025-11-17
SUB06035,CUST06035,Standard,799,Monthly,5,2024-12-21
SUB06036,CUST06036,Premium,1199,Monthly,10,2026-04-15
SUB06037,CUST06037,Premium,1199,Monthly,10,2025-01-24
SUB06038,CUST06038,Standard,799,Annual,5,2026-02-22
SUB06039,CUST06039,Premium,1199,Monthly,10,2024-06-23
SUB06040,CUST06040,Basic,499,Monthly,2,2025-05-20
SUB06041,CUST06041,Standard,799,Monthly,5,2025-08-24
SUB06042,CUST06042,Standard,799,Annual,5,2026-02-09
SUB06043,CUST06043,Family,1499,Quarterly,15,2026-03-22
SUB06044,CUST06044,Family,1499,Monthly,15,2026-03-31
SUB06045,CUST06045,Premium,1199,Monthly,10,2025-11-10
SUB06046,CUST06046,Basic,499,Annual,2,2025-10-24
SUB06047,CUST06047,Standard,799,Monthly,5,2026-02-20
SUB06048,CUST06048,Family,1499,Monthly,15,2024-08-18
SUB06049,CUST06049,Standard,799,Monthly,5,2025-11-03
SUB06050,CUST06050,Basic,499,Monthly,2,2026-01-23
SUB06051,CUST06051,Premium,1199,Quarterly,10,2025-03-20
SUB06052,CUST06052,Family,1499,Annual,15,2024-06-24
SUB06053,CUST06053,Standard,799,Monthly,5,2024-12-18
SUB06054,CUST06054,Premium,1199,Quarterly,10,2025-07-10
SUB06055,CUST06055,Family,1499,Annual,15,2025-12-08
SUB06056,CUST06056,Standard,799,Quarterly,5,2024-10-01
SUB06057,CUST06057,Basic,499,Monthly,2,2024-07-09
SUB06058,CUST06058,Basic,499,Monthly,2,2024-11-15
SUB06059,CUST06059,Standard,799,Annual,5,2025-11-29
SUB06060,CUST06060,Standard,799,Monthly,5,2025-08-06
SUB06061,CUST06061,Basic,499,Annual,2,2025-09-03
SUB06062,CUST06062,Basic,499,Quarterly,2,2024-10-14
SUB06063,CUST06063,Standard,799,Monthly,5,2025-12-13
SUB06064,CUST06064,Standard,799,Monthly,5,2025-01-25
SUB06065,CUST06065,Standard,799,Monthly,5,2024-09-02
SUB06066,CUST06066,Basic,499,Annual,2,2024-05-17
SUB06067,CUST06067,Family,1499,Monthly,15,2025-12-17
SUB06068,CUST06068,Standard,799,Quarterly,5,2024-04-09
SUB06069,CUST06069,Basic,499,Quarterly,2,2026-01-07
SUB06070,CUST06070,Basic,499,Monthly,2,2024-07-13
SUB06071,CUST06071,Basic,499,Monthly,2,2024-07-17
SUB06072,CUST06072,Basic,499,Annual,2,2024-08-19
SUB06073,CUST06073,Standard,799,Monthly,5,2024-07-28
SUB06074,CUST06074,Basic,499,Quarterly,2,2025-07-13
SUB06075,CUST06075,Standard,799,Quarterly,5,2025-12-07
SUB06076,CUST06076,Standard,799,Annual,5,2026-04-15
SUB06077,CUST06077,Standard,799,Monthly,5,2025-08-12
SUB06078,CUST06078,Standard,799,Monthly,5,2024-09-02
SUB06079,CUST06079,Family,1499,Monthly,15,2024-05-22
SUB06080,CUST06080,Premium,1199,Monthly,10,2026-02-25
SUB06081,CUST06081,Standard,799,Annual,5,2025-06-02
SUB06082,CUST06082,Standard,799,Quarterly,5,2025-02-16
SUB06083,CUST06083,Premium,1199,Monthly,10,2024-08-11
SUB06084,CUST06084,Family,1499,Quarterly,15,2025-08-24
SUB06085,CUST06085,Basic,499,Annual,2,2024-02-14
SUB06086,CUST06086,Premium,1199,Annual,10,2026-01-27
SUB06087,CUST06087,Standard,799,Annual,5,2024-04-09
SUB06088,CUST06088,Basic,499,Monthly,2,2024-11-02
SUB06089,CUST06089,Family,1499,Monthly,15,2025-06-18
SUB06090,CUST06090,Family,1499,Monthly,15,2025-07-28
SUB06091,CUST06091,Basic,499,Monthly,2,2024-09-13
SUB06092,CUST06092,Basic,499,Monthly,2,2024-05-23
SUB06093,CUST06093,Standard,799,Monthly,5,2024-04-05
SUB06094,CUST06094,Basic,499,Monthly,2,2025-02-18
SUB06095,CUST06095,Family,1499,Quarterly,15,2024-10-18
SUB06096,CUST06096,Standard,799,Monthly,5,2026-03-02
SUB06097,CUST06097,Basic,499,Quarterly,2,2026-04-22
SUB06098,CUST06098,Family,1499,Monthly,15,2025-05-09
SUB06099,CUST06099,Standard,799,Annual,5,2026-01-26
SUB06100,CUST06100,Family,1499,Annual,15,2025-06-24
SUB06101,CUST06101,Family,1499,Monthly,15,2025-03-02
SUB06102,CUST06102,Basic,499,Monthly,2,2025-04-23
SUB06103,CUST06103,Basic,499,Monthly,2,2024-11-19
SUB06104,CUST06104,Standard,799,Quarterly,5,2025-02-14
SUB06105,CUST06105,Family,1499,Monthly,15,2024-10-11
SUB06106,CUST06106,Standard,799,Monthly,5,2024-03-11
SUB06107,CUST06107,Basic,499,Monthly,2,2025-03-19
SUB06108,CUST06108,Standard,799,Monthly,5,2024-07-03
SUB06109,CUST06109,Premium,1199,Quarterly,10,2024-03-10
SUB06110,CUST06110,Premium,1199,Quarterly,10,2024-03-11
SUB06111,CUST06111,Family,1499,Annual,15,2024-07-15
SUB06112,CUST06112,Basic,499,Quarterly,2,2025-05-05
SUB06113,CUST06113,Family,1499,Annual,15,2024-11-26
SUB06114,CUST06114,Family,1499,Annual,15,2026-01-28
SUB06115,CUST06115,Basic,499,Monthly,2,2024-01-16
SUB06116,CUST06116,Premium,1199,Quarterly,10,2026-03-24
SUB06117,CUST06117,Family,1499,Monthly,15,2024-11-11
SUB06118,CUST06118,Standard,799,Quarterly,5,2025-01-14
SUB06119,CUST06119,Basic,499,Annual,2,2025-07-21
SUB06120,CUST06120,Basic,499,Annual,2,2025-04-06
SUB06121,CUST06121,Basic,499,Quarterly,2,2026-04-11
SUB06122,CUST06122,Standard,799,Quarterly,5,2025-01-17
SUB06123,CUST06123,Family,1499,Monthly,15,2024-09-08
SUB06124,CUST06124,Standard,799,Annual,5,2024-07-09
SUB06125,CUST06125,Premium,1199,Monthly,10,2024-07-11
SUB06126,CUST06126,Standard,799,Monthly,5,2025-04-19
SUB06127,CUST06127,Basic,499,Monthly,2,2025-05-25
SUB06128,CUST06128,Family,1499,Monthly,15,2024-11-08
SUB06129,CUST06129,Family,1499,Quarterly,15,2025-01-24
SUB06130,CUST06130,Standard,799,Annual,5,2026-04-01
SUB06131,CUST06131,Basic,499,Monthly,2,2026-01-06
SUB06132,CUST06132,Family,1499,Quarterly,15,2025-02-14
SUB06133,CUST06133,Standard,799,Monthly,5,2024-09-12
SUB06134,CUST06134,Basic,499,Monthly,2,2025-10-21
SUB06135,CUST06135,Basic,499,Monthly,2,2024-04-24
SUB06136,CUST06136,Premium,1199,Annual,10,2025-12-02
SUB06137,CUST06137,Premium,1199,Monthly,10,2024-01-22
SUB06138,CUST06138,Premium,1199,Annual,10,2024-04-26
SUB06139,CUST06139,Basic,499,Quarterly,2,2025-08-14
SUB06140,CUST06140,Premium,1199,Monthly,10,2026-02-09
SUB06141,CUST06141,Basic,499,Quarterly,2,2024-09-29
SUB06142,CUST06142,Family,1499,Quarterly,15,2025-12-03
SUB06143,CUST06143,Standard,799,Annual,5,2025-03-29
SUB06144,CUST06144,Family,1499,Monthly,15,2024-03-26
SUB06145,CUST06145,Basic,499,Monthly,2,2025-10-25
SUB06146,CUST06146,Family,1499,Monthly,15,2025-09-11
SUB06147,CUST06147,Standard,799,Annual,5,2024-02-26
SUB06148,CUST06148,Premium,1199,Quarterly,10,2026-03-22
SUB06149,CUST06149,Standard,799,Monthly,5,2025-11-24
SUB06150,CUST06150,Standard,799,Quarterly,5,2025-01-15
SUB06151,CUST06151,Basic,499,Monthly,2,2024-06-30
SUB06152,CUST06152,Premium,1199,Annual,10,2026-04-17
SUB06153,CUST06153,Family,1499,Annual,15,2024-10-29
SUB06154,CUST06154,Standard,799,Annual,5,2025-03-12
SUB06155,CUST06155,Premium,1199,Monthly,10,2025-06-01
SUB06156,CUST06156,Standard,799,Monthly,5,2024-10-24
SUB06157,CUST06157,Family,1499,Monthly,15,2026-02-12
SUB06158,CUST06158,Standard,799,Quarterly,5,2025-04-24
SUB06159,CUST06159,Basic,499,Monthly,2,2024-06-19
SUB06160,CUST06160,Family,1499,Monthly,15,2025-02-23
SUB06161,CUST06161,Standard,799,Monthly,5,2025-01-21
SUB06162,CUST06162,Standard,799,Annual,5,2025-03-25
SUB06163,CUST06163,Family,1499,Monthly,15,2024-06-28
SUB06164,CUST06164,Family,1499,Monthly,15,2026-02-05
SUB06165,CUST06165,Standard,799,Monthly,5,2025-07-14
SUB06166,CUST06166,Premium,1199,Annual,10,2026-02-01
SUB06167,CUST06167,Standard,799,Monthly,5,2024-03-07
SUB06168,CUST06168,Family,1499,Monthly,15,2024-10-11
SUB06169,CUST06169,Basic,499,Monthly,2,2024-02-24
SUB06170,CUST06170,Family,1499,Quarterly,15,2024-08-05
SUB06171,CUST06171,Family,1499,Monthly,15,2024-03-21
SUB06172,CUST06172,Basic,499,Monthly,2,2025-05-16
SUB06173,CUST06173,Family,1499,Monthly,15,2026-01-01
SUB06174,CUST06174,Premium,1199,Annual,10,2025-09-21
SUB06175,CUST06175,Premium,1199,Monthly,10,2024-07-16
SUB06176,CUST06176,Family,1499,Monthly,15,2025-08-20
SUB06177,CUST06177,Premium,1199,Annual,10,2024-05-06
SUB06178,CUST06178,Basic,499,Quarterly,2,2024-01-03
SUB06179,CUST06179,Premium,1199,Monthly,10,2025-11-17
SUB06180,CUST06180,Basic,499,Monthly,2,2025-01-21
SUB06181,CUST06181,Premium,1199,Monthly,10,2025-03-20
SUB06182,CUST06182,Basic,499,Monthly,2,2025-07-30
SUB06183,CUST06183,Family,1499,Monthly,15,2024-03-06
SUB06184,CUST06184,Standard,799,Monthly,5,2025-09-13
SUB06185,CUST06185,Family,1499,Quarterly,15,2025-01-17
SUB06186,CUST06186,Family,1499,Quarterly,15,2026-03-04
SUB06187,CUST06187,Premium,1199,Quarterly,10,2025-07-21
SUB06188,CUST06188,Basic,499,Quarterly,2,2024-12-17
SUB06189,CUST06189,Basic,499,Monthly,2,2024-05-19
SUB06190,CUST06190,Family,1499,Monthly,15,2024-01-26
SUB06191,CUST06191,Standard,799,Monthly,5,2024-03-14
SUB06192,CUST06192,Standard,799,Monthly,5,2025-01-08
SUB06193,CUST06193,Premium,1199,Monthly,10,2025-03-23
SUB06194,CUST06194,Standard,799,Monthly,5,2024-01-24
SUB06195,CUST06195,Basic,499,Annual,2,2025-06-18
SUB06196,CUST06196,Standard,799,Annual,5,2024-02-23
SUB06197,CUST06197,Premium,1199,Annual,10,2025-05-20
SUB06198,CUST06198,Standard,799,Monthly,5,2025-11-28
SUB06199,CUST06199,Premium,1199,Annual,10,2025-01-28
SUB06200,CUST06200,Premium,1199,Monthly,10,2025-09-16
SUB06201,CUST06201,Premium,1199,Monthly,10,2026-03-27
SUB06202,CUST06202,Premium,1199,Quarterly,10,2024-11-07
SUB06203,CUST06203,Standard,799,Monthly,5,2024-04-19
SUB06204,CUST06204,Premium,1199,Monthly,10,2024-01-24
SUB06205,CUST06205,Family,1499,Monthly,15,2025-10-18
SUB06206,CUST06206,Premium,1199,Monthly,10,2024-02-09
SUB06207,CUST06207,Premium,1199,Annual,10,2025-03-23
SUB06208,CUST06208,Standard,799,Quarterly,5,2024-05-16
SUB06209,CUST06209,Standard,799,Monthly,5,2025-02-22
SUB06210,CUST06210,Basic,499,Quarterly,2,2025-05-28
SUB06211,CUST06211,Premium,1199,Monthly,10,2025-07-26
SUB06212,CUST06212,Premium,1199,Annual,10,2026-01-06
SUB06213,CUST06213,Premium,1199,Monthly,10,2025-07-20
SUB06214,CUST06214,Family,1499,Quarterly,15,2025-09-11
SUB06215,CUST06215,Basic,499,Annual,2,2026-01-30
SUB06216,CUST06216,Standard,799,Monthly,5,2025-07-15
SUB06217,CUST06217,Basic,499,Monthly,2,2024-08-03
SUB06218,CUST06218,Basic,499,Quarterly,2,2025-07-10
SUB06219,CUST06219,Family,1499,Monthly,15,2025-01-17
SUB06220,CUST06220,Premium,1199,Monthly,10,2025-03-23
SUB06221,CUST06221,Standard,799,Monthly,5,2024-08-03
SUB06222,CUST06222,Family,1499,Monthly,15,2024-11-05
SUB06223,CUST06223,Premium,1199,Annual,10,2025-12-12
SUB06224,CUST06224,Basic,499,Quarterly,2,2025-05-11
SUB06225,CUST06225,Basic,499,Monthly,2,2025-06-09
SUB06226,CUST06226,Basic,499,Annual,2,2024-09-08
SUB06227,CUST06227,Family,1499,Monthly,15,2024-08-20
SUB06228,CUST06228,Premium,1199,Quarterly,10,2025-10-11
SUB06229,CUST06229,Standard,799,Monthly,5,2025-03-07
SUB06230,CUST06230,Basic,499,Quarterly,2,2024-06-30
SUB06231,CUST06231,Standard,799,Quarterly,5,2025-01-25
SUB06232,CUST06232,Family,1499,Monthly,15,2024-03-02
SUB06233,CUST06233,Basic,499,Annual,2,2024-10-26
SUB06234,CUST06234,Family,1499,Monthly,15,2024-01-30
SUB06235,CUST06235,Family,1499,Monthly,15,2025-02-20
SUB06236,CUST06236,Standard,799,Monthly,5,2024-05-27
SUB06237,CUST06237,Standard,799,Monthly,5,2026-01-05
SUB06238,CUST06238,Basic,499,Monthly,2,2025-08-29
SUB06239,CUST06239,Premium,1199,Monthly,10,2026-04-24
SUB06240,CUST06240,Premium,1199,Monthly,10,2024-02-01
SUB06241,CUST06241,Family,1499,Monthly,15,2025-01-17
SUB06242,CUST06242,Basic,499,Monthly,2,2026-01-31
SUB06243,CUST06243,Basic,499,Monthly,2,2025-07-12
SUB06244,CUST06244,Premium,1199,Quarterly,10,2024-08-23
SUB06245,CUST06245,Basic,499,Annual,2,2025-10-16
SUB06246,CUST06246,Standard,799,Quarterly,5,2026-02-13
SUB06247,CUST06247,Premium,1199,Quarterly,10,2025-08-08
SUB06248,CUST06248,Family,1499,Monthly,15,2025-01-24
SUB06249,CUST06249,Basic,499,Quarterly,2,2024-08-16
SUB06250,CUST06250,Premium,1199,Monthly,10,2026-04-11
SUB06251,CUST06251,Premium,1199,Monthly,10,2024-03-20
SUB06252,CUST06252,Basic,499,Monthly,2,2025-09-17
SUB06253,CUST06253,Family,1499,Monthly,15,2024-05-22
SUB06254,CUST06254,Standard,799,Annual,5,2024-10-03
SUB06255,CUST06255,Premium,1199,Monthly,10,2024-10-11
SUB06256,CUST06256,Premium,1199,Monthly,10,2026-03-02
SUB06257,CUST06257,Premium,1199,Annual,10,2025-01-05
SUB06258,CUST06258,Premium,1199,Monthly,10,2024-03-13
SUB06259,CUST06259,Family,1499,Quarterly,15,2026-03-02
SUB06260,CUST06260,Family,1499,Annual,15,2025-07-26
SUB06261,CUST06261,Premium,1199,Annual,10,2025-09-18
SUB06262,CUST06262,Premium,1199,Monthly,10,2024-02-17
SUB06263,CUST06263,Family,1499,Monthly,15,2026-03-19
SUB06264,CUST06264,Standard,799,Monthly,5,2024-06-19
SUB06265,CUST06265,Premium,1199,Monthly,10,2024-12-09
SUB06266,CUST06266,Premium,1199,Monthly,10,2025-10-20
SUB06267,CUST06267,Premium,1199,Quarterly,10,2025-12-27
SUB06268,CUST06268,Premium,1199,Monthly,10,2024-01-07
SUB06269,CUST06269,Premium,1199,Monthly,10,2026-02-08
SUB06270,CUST06270,Basic,499,Annual,2,2025-04-22
SUB06271,CUST06271,Family,1499,Annual,15,2025-12-15
SUB06272,CUST06272,Standard,799,Monthly,5,2025-01-12
SUB06273,CUST06273,Premium,1199,Monthly,10,2024-04-19
SUB06274,CUST06274,Basic,499,Monthly,2,2025-04-11
SUB06275,CUST06275,Family,1499,Annual,15,2024-04-18
SUB06276,CUST06276,Basic,499,Monthly,2,2024-08-07
SUB06277,CUST06277,Family,1499,Quarterly,15,2025-04-23
SUB06278,CUST06278,Family,1499,Annual,15,2024-07-13
SUB06279,CUST06279,Basic,499,Annual,2,2024-08-15
SUB06280,CUST06280,Family,1499,Monthly,15,2025-08-12
SUB06281,CUST06281,Standard,799,Monthly,5,2024-07-21
SUB06282,CUST06282,Standard,799,Monthly,5,2026-03-04
SUB06283,CUST06283,Standard,799,Quarterly,5,2026-04-07
SUB06284,CUST06284,Standard,799,Annual,5,2025-11-18
SUB06285,CUST06285,Premium,1199,Monthly,10,2025-01-16
SUB06286,CUST06286,Premium,1199,Quarterly,10,2024-04-18
SUB06287,CUST06287,Family,1499,Monthly,15,2025-11-20
SUB06288,CUST06288,Premium,1199,Quarterly,10,2024-05-23
SUB06289,CUST06289,Standard,799,Monthly,5,2026-03-11
SUB06290,CUST06290,Basic,499,Monthly,2,2025-10-24
SUB06291,CUST06291,Basic,499,Monthly,2,2026-02-15
SUB06292,CUST06292,Family,1499,Monthly,15,2024-10-14
SUB06293,CUST06293,Basic,499,Monthly,2,2024-12-25
SUB06294,CUST06294,Family,1499,Monthly,15,2025-02-10
SUB06295,CUST06295,Premium,1199,Quarterly,10,2025-02-15
SUB06296,CUST06296,Standard,799,Monthly,5,2025-02-21
SUB06297,CUST06297,Family,1499,Annual,15,2025-04-28
SUB06298,CUST06298,Basic,499,Monthly,2,2025-09-25
SUB06299,CUST06299,Basic,499,Monthly,2,2024-02-09
SUB06300,CUST06300,Basic,499,Monthly,2,2025-12-27
SUB06301,CUST06301,Standard,799,Monthly,5,2025-02-02
SUB06302,CUST06302,Basic,499,Quarterly,2,2024-05-30
SUB06303,CUST06303,Basic,499,Annual,2,2025-02-07
SUB06304,CUST06304,Premium,1199,Monthly,10,2024-12-01
SUB06305,CUST06305,Family,1499,Monthly,15,2026-03-24
SUB06306,CUST06306,Premium,1199,Monthly,10,2025-09-03
SUB06307,CUST06307,Standard,799,Annual,5,2025-06-12
SUB06308,CUST06308,Family,1499,Quarterly,15,2025-08-08
SUB06309,CUST06309,Premium,1199,Quarterly,10,2024-10-18
SUB06310,CUST06310,Premium,1199,Annual,10,2024-01-07
SUB06311,CUST06311,Basic,499,Monthly,2,2025-10-09
SUB06312,CUST06312,Standard,799,Monthly,5,2025-08-12
SUB06313,CUST06313,Standard,799,Monthly,5,2024-08-17
SUB06314,CUST06314,Basic,499,Quarterly,2,2025-07-15
SUB06315,CUST06315,Standard,799,Monthly,5,2026-01-31
SUB06316,CUST06316,Family,1499,Annual,15,2025-04-20
SUB06317,CUST06317,Basic,499,Annual,2,2024-02-20
SUB06318,CUST06318,Basic,499,Monthly,2,2025-11-28
SUB06319,CUST06319,Basic,499,Quarterly,2,2024-11-02
SUB06320,CUST06320,Premium,1199,Monthly,10,2025-04-08
SUB06321,CUST06321,Premium,1199,Monthly,10,2024-03-11
SUB06322,CUST06322,Premium,1199,Annual,10,2024-12-28
SUB06323,CUST06323,Basic,499,Monthly,2,2025-10-05
SUB06324,CUST06324,Basic,499,Monthly,2,2025-06-24
SUB06325,CUST06325,Premium,1199,Monthly,10,2026-01-18
SUB06326,CUST06326,Basic,499,Annual,2,2026-02-28
SUB06327,CUST06327,Premium,1199,Monthly,10,2024-03-01
SUB06328,CUST06328,Standard,799,Monthly,5,2024-07-13
SUB06329,CUST06329,Family,1499,Annual,15,2026-01-05
SUB06330,CUST06330,Standard,799,Monthly,5,2024-10-29
SUB06331,CUST06331,Standard,799,Monthly,5,2024-03-07
SUB06332,CUST06332,Premium,1199,Monthly,10,2025-08-07
SUB06333,CUST06333,Premium,1199,Annual,10,2025-12-10
SUB06334,CUST06334,Premium,1199,Monthly,10,2024-12-11
SUB06335,CUST06335,Basic,499,Monthly,2,2025-11-07
SUB06336,CUST06336,Premium,1199,Monthly,10,2024-08-07
SUB06337,CUST06337,Family,1499,Monthly,15,2025-04-30
SUB06338,CUST06338,Standard,799,Quarterly,5,2025-11-07
SUB06339,CUST06339,Family,1499,Monthly,15,2026-02-28
SUB06340,CUST06340,Family,1499,Annual,15,2025-06-03
SUB06341,CUST06341,Standard,799,Annual,5,2024-05-21
SUB06342,CUST06342,Standard,799,Monthly,5,2025-05-09
SUB06343,CUST06343,Standard,799,Quarterly,5,2024-01-17
SUB06344,CUST06344,Basic,499,Monthly,2,2024-01-07
SUB06345,CUST06345,Family,1499,Monthly,15,2024-10-16
SUB06346,CUST06346,Family,1499,Quarterly,15,2024-11-01
SUB06347,CUST06347,Basic,499,Monthly,2,2025-05-01
SUB06348,CUST06348,Premium,1199,Monthly,10,2024-04-09
SUB06349,CUST06349,Premium,1199,Monthly,10,2026-01-23
SUB06350,CUST06350,Family,1499,Quarterly,15,2025-06-25
SUB06351,CUST06351,Premium,1199,Quarterly,10,2025-05-09
SUB06352,CUST06352,Basic,499,Annual,2,2026-03-30
SUB06353,CUST06353,Standard,799,Monthly,5,2024-10-12
SUB06354,CUST06354,Premium,1199,Annual,10,2025-05-12
SUB06355,CUST06355,Premium,1199,Monthly,10,2024-06-14
SUB06356,CUST06356,Family,1499,Annual,15,2024-08-23
SUB06357,CUST06357,Family,1499,Monthly,15,2024-07-10
SUB06358,CUST06358,Premium,1199,Annual,10,2024-06-10
SUB06359,CUST06359,Premium,1199,Quarterly,10,2025-09-08
SUB06360,CUST06360,Basic,499,Monthly,2,2025-02-16
SUB06361,CUST06361,Family,1499,Quarterly,15,2025-10-09
SUB06362,CUST06362,Standard,799,Annual,5,2024-09-21
SUB06363,CUST06363,Basic,499,Monthly,2,2024-03-16
SUB06364,CUST06364,Premium,1199,Monthly,10,2025-06-09
SUB06365,CUST06365,Family,1499,Monthly,15,2026-04-26
SUB06366,CUST06366,Premium,1199,Monthly,10,2024-08-13
SUB06367,CUST06367,Standard,799,Quarterly,5,2024-05-26
SUB06368,CUST06368,Family,1499,Monthly,15,2026-03-19
SUB06369,CUST06369,Basic,499,Monthly,2,2025-09-16
SUB06370,CUST06370,Premium,1199,Annual,10,2025-02-11
SUB06371,CUST06371,Premium,1199,Monthly,10,2024-10-29
SUB06372,CUST06372,Premium,1199,Monthly,10,2024-09-29
SUB06373,CUST06373,Premium,1199,Monthly,10,2025-11-02
SUB06374,CUST06374,Standard,799,Quarterly,5,2025-01-03
SUB06375,CUST06375,Standard,799,Quarterly,5,2024-06-22
SUB06376,CUST06376,Basic,499,Monthly,2,2024-12-18
SUB06377,CUST06377,Standard,799,Annual,5,2025-04-07
SUB06378,CUST06378,Basic,499,Monthly,2,2025-02-16
SUB06379,CUST06379,Premium,1199,Annual,10,2024-01-19
SUB06380,CUST06380,Standard,799,Annual,5,2025-07-17
SUB06381,CUST06381,Family,1499,Monthly,15,2025-09-10
SUB06382,CUST06382,Family,1499,Quarterly,15,2025-07-22
SUB06383,CUST06383,Family,1499,Annual,15,2024-09-04
SUB06384,CUST06384,Basic,499,Monthly,2,2024-09-01
SUB06385,CUST06385,Family,1499,Monthly,15,2024-04-13
SUB06386,CUST06386,Standard,799,Quarterly,5,2024-07-07
SUB06387,CUST06387,Premium,1199,Annual,10,2025-07-15
SUB06388,CUST06388,Premium,1199,Monthly,10,2025-12-04
SUB06389,CUST06389,Standard,799,Annual,5,2024-02-01
SUB06390,CUST06390,Family,1499,Quarterly,15,2024-09-11
SUB06391,CUST06391,Standard,799,Annual,5,2025-11-06
SUB06392,CUST06392,Premium,1199,Quarterly,10,2024-07-17
SUB06393,CUST06393,Basic,499,Quarterly,2,2025-09-06
SUB06394,CUST06394,Premium,1199,Annual,10,2024-03-26
SUB06395,CUST06395,Family,1499,Annual,15,2025-11-29
SUB06396,CUST06396,Standard,799,Quarterly,5,2026-01-08
SUB06397,CUST06397,Basic,499,Annual,2,2024-06-18
SUB06398,CUST06398,Family,1499,Annual,15,2024-07-06
SUB06399,CUST06399,Standard,799,Monthly,5,2025-02-27
SUB06400,CUST06400,Premium,1199,Annual,10,2024-04-14
SUB06401,CUST06401,Premium,1199,Monthly,10,2025-11-16
SUB06402,CUST06402,Standard,799,Annual,5,2025-03-10
SUB06403,CUST06403,Standard,799,Quarterly,5,2025-08-08
SUB06404,CUST06404,Basic,499,Quarterly,2,2026-01-15
SUB06405,CUST06405,Basic,499,Annual,2,2024-09-28
SUB06406,CUST06406,Basic,499,Monthly,2,2025-10-18
SUB06407,CUST06407,Premium,1199,Annual,10,2025-03-14
SUB06408,CUST06408,Family,1499,Quarterly,15,2024-07-15
SUB06409,CUST06409,Premium,1199,Annual,10,2025-06-18
SUB06410,CUST06410,Standard,799,Annual,5,2024-10-21
SUB06411,CUST06411,Basic,499,Annual,2,2024-06-09
SUB06412,CUST06412,Family,1499,Monthly,15,2025-05-04
SUB06413,CUST06413,Premium,1199,Monthly,10,2024-05-28
SUB06414,CUST06414,Premium,1199,Annual,10,2025-02-25
SUB06415,CUST06415,Family,1499,Monthly,15,2025-01-20
SUB06416,CUST06416,Premium,1199,Annual,10,2025-11-17
SUB06417,CUST06417,Family,1499,Annual,15,2025-09-24
SUB06418,CUST06418,Basic,499,Monthly,2,2024-07-08
SUB06419,CUST06419,Family,1499,Annual,15,2024-01-21
SUB06420,CUST06420,Standard,799,Quarterly,5,2024-03-07
SUB06421,CUST06421,Premium,1199,Monthly,10,2025-05-23
SUB06422,CUST06422,Basic,499,Monthly,2,2025-02-24
SUB06423,CUST06423,Premium,1199,Monthly,10,2024-04-08
SUB06424,CUST06424,Basic,499,Annual,2,2024-01-27
SUB06425,CUST06425,Family,1499,Monthly,15,2026-04-11
SUB06426,CUST06426,Basic,499,Monthly,2,2025-11-07
SUB06427,CUST06427,Family,1499,Annual,15,2024-05-22
SUB06428,CUST06428,Premium,1199,Monthly,10,2025-12-05
SUB06429,CUST06429,Basic,499,Monthly,2,2025-11-11
SUB06430,CUST06430,Standard,799,Quarterly,5,2024-07-21
SUB06431,CUST06431,Basic,499,Monthly,2,2025-04-06
SUB06432,CUST06432,Basic,499,Annual,2,2026-04-16
SUB06433,CUST06433,Family,1499,Annual,15,2025-06-21
SUB06434,CUST06434,Basic,499,Quarterly,2,2025-12-10
SUB06435,CUST06435,Basic,499,Monthly,2,2024-12-02
SUB06436,CUST06436,Family,1499,Monthly,15,2025-12-26
SUB06437,CUST06437,Standard,799,Monthly,5,2025-07-22
SUB06438,CUST06438,Standard,799,Monthly,5,2024-04-20
SUB06439,CUST06439,Family,1499,Monthly,15,2025-02-11
SUB06440,CUST06440,Standard,799,Monthly,5,2025-03-23
SUB06441,CUST06441,Family,1499,Annual,15,2024-09-05
SUB06442,CUST06442,Family,1499,Monthly,15,2026-02-25
SUB06443,CUST06443,Standard,799,Monthly,5,2024-08-31
SUB06444,CUST06444,Premium,1199,Monthly,10,2025-08-27
SUB06445,CUST06445,Basic,499,Quarterly,2,2026-04-03
SUB06446,CUST06446,Standard,799,Monthly,5,2025-10-20
SUB06447,CUST06447,Family,1499,Monthly,15,2024-07-11
SUB06448,CUST06448,Family,1499,Monthly,15,2024-11-04
SUB06449,CUST06449,Premium,1199,Quarterly,10,2025-09-16
SUB06450,CUST06450,Standard,799,Annual,5,2025-02-15
SUB06451,CUST06451,Family,1499,Quarterly,15,2026-02-11
SUB06452,CUST06452,Basic,499,Quarterly,2,2024-11-14
SUB06453,CUST06453,Premium,1199,Quarterly,10,2025-09-03
SUB06454,CUST06454,Standard,799,Monthly,5,2026-01-04
SUB06455,CUST06455,Basic,499,Monthly,2,2025-02-13
SUB06456,CUST06456,Premium,1199,Monthly,10,2026-04-23
SUB06457,CUST06457,Basic,499,Monthly,2,2025-02-05
SUB06458,CUST06458,Family,1499,Monthly,15,2025-04-29
SUB06459,CUST06459,Family,1499,Quarterly,15,2026-04-04
SUB06460,CUST06460,Premium,1199,Monthly,10,2025-10-30
SUB06461,CUST06461,Family,1499,Quarterly,15,2024-02-01
SUB06462,CUST06462,Premium,1199,Monthly,10,2026-03-02
SUB06463,CUST06463,Standard,799,Annual,5,2025-06-14
SUB06464,CUST06464,Basic,499,Annual,2,2025-07-23
SUB06465,CUST06465,Premium,1199,Quarterly,10,2024-02-21
SUB06466,CUST06466,Basic,499,Monthly,2,2025-02-01
SUB06467,CUST06467,Premium,1199,Quarterly,10,2024-03-14
SUB06468,CUST06468,Family,1499,Monthly,15,2025-10-22
SUB06469,CUST06469,Standard,799,Monthly,5,2025-02-25
SUB06470,CUST06470,Premium,1199,Annual,10,2025-09-06
SUB06471,CUST06471,Standard,799,Annual,5,2024-10-31
SUB06472,CUST06472,Family,1499,Quarterly,15,2025-06-15
SUB06473,CUST06473,Premium,1199,Monthly,10,2024-09-24
SUB06474,CUST06474,Premium,1199,Monthly,10,2024-11-09
SUB06475,CUST06475,Standard,799,Monthly,5,2025-06-06
SUB06476,CUST06476,Family,1499,Monthly,15,2024-07-18
SUB06477,CUST06477,Standard,799,Monthly,5,2024-10-10
SUB06478,CUST06478,Standard,799,Monthly,5,2025-03-21
SUB06479,CUST06479,Standard,799,Monthly,5,2024-10-12
SUB06480,CUST06480,Standard,799,Annual,5,2026-04-30
SUB06481,CUST06481,Standard,799,Annual,5,2024-02-07
SUB06482,CUST06482,Basic,499,Monthly,2,2024-12-23
SUB06483,CUST06483,Basic,499,Annual,2,2026-02-27
SUB06484,CUST06484,Basic,499,Annual,2,2024-01-20
SUB06485,CUST06485,Basic,499,Annual,2,2025-08-25
SUB06486,CUST06486,Family,1499,Monthly,15,2026-04-07
SUB06487,CUST06487,Basic,499,Monthly,2,2024-08-20
SUB06488,CUST06488,Basic,499,Monthly,2,2025-05-05
SUB06489,CUST06489,Standard,799,Monthly,5,2024-11-07
SUB06490,CUST06490,Standard,799,Quarterly,5,2025-06-05
SUB06491,CUST06491,Standard,799,Quarterly,5,2026-04-26
SUB06492,CUST06492,Family,1499,Annual,15,2025-09-03
SUB06493,CUST06493,Standard,799,Monthly,5,2026-02-25
SUB06494,CUST06494,Basic,499,Monthly,2,2024-07-07
SUB06495,CUST06495,Family,1499,Annual,15,2025-02-08
SUB06496,CUST06496,Standard,799,Annual,5,2026-01-09
SUB06497,CUST06497,Standard,799,Annual,5,2025-09-15
SUB06498,CUST06498,Premium,1199,Monthly,10,2025-03-02
SUB06499,CUST06499,Premium,1199,Monthly,10,2024-06-19
SUB06500,CUST06500,Basic,499,Monthly,2,2026-01-12
SUB06501,CUST06501,Standard,799,Monthly,5,2024-10-10
SUB06502,CUST06502,Family,1499,Monthly,15,2024-05-27
SUB06503,CUST06503,Family,1499,Quarterly,15,2024-09-22
SUB06504,CUST06504,Family,1499,Monthly,15,2025-12-23
SUB06505,CUST06505,Family,1499,Monthly,15,2025-10-25
SUB06506,CUST06506,Family,1499,Monthly,15,2024-02-21
SUB06507,CUST06507,Basic,499,Quarterly,2,2025-08-03
SUB06508,CUST06508,Premium,1199,Quarterly,10,2025-03-15
SUB06509,CUST06509,Basic,499,Annual,2,2026-04-24
SUB06510,CUST06510,Basic,499,Monthly,2,2025-12-07
SUB06511,CUST06511,Family,1499,Quarterly,15,2026-04-13
SUB06512,CUST06512,Premium,1199,Annual,10,2025-10-14
SUB06513,CUST06513,Basic,499,Annual,2,2025-07-21
SUB06514,CUST06514,Basic,499,Monthly,2,2024-04-12
SUB06515,CUST06515,Family,1499,Monthly,15,2026-02-05
SUB06516,CUST06516,Basic,499,Monthly,2,2024-04-05
SUB06517,CUST06517,Family,1499,Annual,15,2024-04-09
SUB06518,CUST06518,Family,1499,Monthly,15,2024-12-24
SUB06519,CUST06519,Basic,499,Monthly,2,2024-10-03
SUB06520,CUST06520,Family,1499,Annual,15,2025-05-01
SUB06521,CUST06521,Family,1499,Monthly,15,2024-07-14
SUB06522,CUST06522,Family,1499,Quarterly,15,2024-05-24
SUB06523,CUST06523,Standard,799,Annual,5,2024-02-02
SUB06524,CUST06524,Family,1499,Monthly,15,2025-04-10
SUB06525,CUST06525,Family,1499,Annual,15,2024-08-25
SUB06526,CUST06526,Basic,499,Quarterly,2,2024-12-11
SUB06527,CUST06527,Standard,799,Quarterly,5,2025-03-02
SUB06528,CUST06528,Standard,799,Monthly,5,2025-12-06
SUB06529,CUST06529,Standard,799,Annual,5,2025-02-17
SUB06530,CUST06530,Family,1499,Monthly,15,2025-02-11
SUB06531,CUST06531,Family,1499,Monthly,15,2025-03-22
SUB06532,CUST06532,Premium,1199,Monthly,10,2025-04-14
SUB06533,CUST06533,Basic,499,Annual,2,2026-04-15
SUB06534,CUST06534,Family,1499,Monthly,15,2024-10-24
SUB06535,CUST06535,Basic,499,Annual,2,2024-02-28
SUB06536,CUST06536,Standard,799,Quarterly,5,2026-04-09
SUB06537,CUST06537,Standard,799,Quarterly,5,2025-06-15
SUB06538,CUST06538,Basic,499,Monthly,2,2024-09-28
SUB06539,CUST06539,Standard,799,Annual,5,2026-03-21
SUB06540,CUST06540,Basic,499,Monthly,2,2024-09-20
SUB06541,CUST06541,Basic,499,Annual,2,2026-04-08
SUB06542,CUST06542,Standard,799,Quarterly,5,2026-03-09
SUB06543,CUST06543,Standard,799,Monthly,5,2025-10-27
SUB06544,CUST06544,Standard,799,Monthly,5,2025-01-19
SUB06545,CUST06545,Premium,1199,Monthly,10,2024-02-16
SUB06546,CUST06546,Basic,499,Quarterly,2,2025-05-31
SUB06547,CUST06547,Standard,799,Monthly,5,2024-12-29
SUB06548,CUST06548,Premium,1199,Monthly,10,2025-02-14
SUB06549,CUST06549,Premium,1199,Quarterly,10,2026-01-19
SUB06550,CUST06550,Family,1499,Quarterly,15,2025-10-10
SUB06551,CUST06551,Premium,1199,Annual,10,2025-12-27
SUB06552,CUST06552,Premium,1199,Annual,10,2024-04-01
SUB06553,CUST06553,Basic,499,Monthly,2,2024-10-13
SUB06554,CUST06554,Standard,799,Monthly,5,2026-02-05
SUB06555,CUST06555,Basic,499,Monthly,2,2025-02-01
SUB06556,CUST06556,Premium,1199,Monthly,10,2024-06-12
SUB06557,CUST06557,Basic,499,Quarterly,2,2025-07-02
SUB06558,CUST06558,Premium,1199,Monthly,10,2024-01-03
SUB06559,CUST06559,Family,1499,Monthly,15,2025-09-26
SUB06560,CUST06560,Basic,499,Monthly,2,2025-09-29
SUB06561,CUST06561,Family,1499,Annual,15,2025-12-27
SUB06562,CUST06562,Premium,1199,Quarterly,10,2026-02-07
SUB06563,CUST06563,Standard,799,Monthly,5,2024-12-19
SUB06564,CUST06564,Standard,799,Monthly,5,2024-04-27
SUB06565,CUST06565,Family,1499,Annual,15,2026-01-19
SUB06566,CUST06566,Basic,499,Quarterly,2,2026-04-08
SUB06567,CUST06567,Family,1499,Annual,15,2024-10-18
SUB06568,CUST06568,Standard,799,Monthly,5,2024-09-21
SUB06569,CUST06569,Basic,499,Quarterly,2,2025-08-13
SUB06570,CUST06570,Standard,799,Monthly,5,2025-10-14
SUB06571,CUST06571,Basic,499,Quarterly,2,2024-02-27
SUB06572,CUST06572,Basic,499,Annual,2,2025-11-06
SUB06573,CUST06573,Basic,499,Annual,2,2025-08-28
SUB06574,CUST06574,Basic,499,Annual,2,2025-09-24
SUB06575,CUST06575,Basic,499,Monthly,2,2025-12-23
SUB06576,CUST06576,Premium,1199,Annual,10,2026-04-16
SUB06577,CUST06577,Premium,1199,Monthly,10,2024-02-07
SUB06578,CUST06578,Basic,499,Monthly,2,2025-08-07
SUB06579,CUST06579,Standard,799,Monthly,5,2026-03-27
SUB06580,CUST06580,Family,1499,Annual,15,2024-08-09
SUB06581,CUST06581,Basic,499,Annual,2,2024-03-29
SUB06582,CUST06582,Premium,1199,Monthly,10,2025-10-29
SUB06583,CUST06583,Family,1499,Quarterly,15,2024-08-30
SUB06584,CUST06584,Premium,1199,Monthly,10,2026-04-30
SUB06585,CUST06585,Family,1499,Annual,15,2024-07-16
SUB06586,CUST06586,Basic,499,Monthly,2,2025-09-21
SUB06587,CUST06587,Basic,499,Quarterly,2,2024-05-16
SUB06588,CUST06588,Family,1499,Monthly,15,2025-07-25
SUB06589,CUST06589,Standard,799,Monthly,5,2024-07-24
SUB06590,CUST06590,Basic,499,Annual,2,2024-02-19
SUB06591,CUST06591,Standard,799,Monthly,5,2024-11-27
SUB06592,CUST06592,Standard,799,Quarterly,5,2025-01-25
SUB06593,CUST06593,Family,1499,Annual,15,2024-04-11
SUB06594,CUST06594,Premium,1199,Monthly,10,2025-02-09
SUB06595,CUST06595,Standard,799,Annual,5,2024-07-20
SUB06596,CUST06596,Standard,799,Monthly,5,2024-05-26
SUB06597,CUST06597,Standard,799,Monthly,5,2025-06-23
SUB06598,CUST06598,Premium,1199,Monthly,10,2026-03-26
SUB06599,CUST06599,Family,1499,Monthly,15,2024-09-11
SUB06600,CUST06600,Standard,799,Annual,5,2025-09-29
SUB06601,CUST06601,Basic,499,Monthly,2,2025-03-14
SUB06602,CUST06602,Premium,1199,Monthly,10,2024-03-31
SUB06603,CUST06603,Basic,499,Monthly,2,2026-04-11
SUB06604,CUST06604,Basic,499,Monthly,2,2025-12-16
SUB06605,CUST06605,Premium,1199,Monthly,10,2025-10-06
SUB06606,CUST06606,Family,1499,Quarterly,15,2025-12-05
SUB06607,CUST06607,Family,1499,Monthly,15,2025-10-23
SUB06608,CUST06608,Basic,499,Monthly,2,2025-01-21
SUB06609,CUST06609,Basic,499,Monthly,2,2026-04-29
SUB06610,CUST06610,Basic,499,Annual,2,2025-04-21
SUB06611,CUST06611,Premium,1199,Monthly,10,2025-11-30
SUB06612,CUST06612,Premium,1199,Annual,10,2026-02-25
SUB06613,CUST06613,Basic,499,Annual,2,2025-12-22
SUB06614,CUST06614,Standard,799,Quarterly,5,2024-01-11
SUB06615,CUST06615,Basic,499,Monthly,2,2024-05-01
SUB06616,CUST06616,Basic,499,Monthly,2,2026-03-30
SUB06617,CUST06617,Basic,499,Annual,2,2025-07-30
SUB06618,CUST06618,Standard,799,Monthly,5,2025-07-16
SUB06619,CUST06619,Standard,799,Annual,5,2024-11-28
SUB06620,CUST06620,Standard,799,Quarterly,5,2025-01-12
SUB06621,CUST06621,Basic,499,Monthly,2,2024-04-30
SUB06622,CUST06622,Standard,799,Annual,5,2024-10-16
SUB06623,CUST06623,Family,1499,Monthly,15,2025-07-30
SUB06624,CUST06624,Premium,1199,Monthly,10,2025-03-29
SUB06625,CUST06625,Premium,1199,Monthly,10,2024-01-27
SUB06626,CUST06626,Basic,499,Annual,2,2024-07-25
SUB06627,CUST06627,Family,1499,Monthly,15,2024-10-14
SUB06628,CUST06628,Premium,1199,Monthly,10,2025-04-05
SUB06629,CUST06629,Premium,1199,Quarterly,10,2025-10-25
SUB06630,CUST06630,Standard,799,Annual,5,2026-01-28
SUB06631,CUST06631,Premium,1199,Annual,10,2025-12-22
SUB06632,CUST06632,Family,1499,Annual,15,2024-09-05
SUB06633,CUST06633,Standard,799,Quarterly,5,2026-03-02
SUB06634,CUST06634,Basic,499,Annual,2,2025-12-22
SUB06635,CUST06635,Standard,799,Monthly,5,2024-10-12
SUB06636,CUST06636,Basic,499,Monthly,2,2024-11-20
SUB06637,CUST06637,Premium,1199,Monthly,10,2025-02-28
SUB06638,CUST06638,Basic,499,Monthly,2,2025-05-24
SUB06639,CUST06639,Premium,1199,Monthly,10,2025-02-02
SUB06640,CUST06640,Premium,1199,Annual,10,2024-05-28
SUB06641,CUST06641,Basic,499,Monthly,2,2025-06-22
SUB06642,CUST06642,Premium,1199,Monthly,10,2025-04-19
SUB06643,CUST06643,Premium,1199,Annual,10,2024-03-27
SUB06644,CUST06644,Premium,1199,Monthly,10,2024-12-15
SUB06645,CUST06645,Family,1499,Monthly,15,2024-10-03
SUB06646,CUST06646,Premium,1199,Monthly,10,2025-04-10
SUB06647,CUST06647,Basic,499,Monthly,2,2024-05-06
SUB06648,CUST06648,Premium,1199,Annual,10,2024-02-08
SUB06649,CUST06649,Premium,1199,Monthly,10,2026-03-29
SUB06650,CUST06650,Premium,1199,Monthly,10,2025-02-18
SUB06651,CUST06651,Family,1499,Monthly,15,2025-03-19
SUB06652,CUST06652,Premium,1199,Annual,10,2025-11-24
SUB06653,CUST06653,Standard,799,Quarterly,5,2026-03-27
SUB06654,CUST06654,Premium,1199,Annual,10,2024-06-01
SUB06655,CUST06655,Standard,799,Monthly,5,2024-10-20
SUB06656,CUST06656,Standard,799,Monthly,5,2025-11-28
SUB06657,CUST06657,Premium,1199,Monthly,10,2025-01-29
SUB06658,CUST06658,Basic,499,Monthly,2,2024-11-17
SUB06659,CUST06659,Premium,1199,Annual,10,2024-05-09
SUB06660,CUST06660,Standard,799,Quarterly,5,2026-02-22
SUB06661,CUST06661,Premium,1199,Quarterly,10,2024-06-26
SUB06662,CUST06662,Basic,499,Annual,2,2025-01-11
SUB06663,CUST06663,Standard,799,Monthly,5,2025-11-10
SUB06664,CUST06664,Family,1499,Monthly,15,2024-12-15
SUB06665,CUST06665,Family,1499,Quarterly,15,2024-11-08
SUB06666,CUST06666,Basic,499,Annual,2,2026-01-29
SUB06667,CUST06667,Standard,799,Quarterly,5,2024-11-17
SUB06668,CUST06668,Standard,799,Quarterly,5,2024-06-22
SUB06669,CUST06669,Basic,499,Annual,2,2026-01-21
SUB06670,CUST06670,Family,1499,Annual,15,2024-05-06
SUB06671,CUST06671,Premium,1199,Monthly,10,2024-06-09
SUB06672,CUST06672,Standard,799,Quarterly,5,2026-03-14
SUB06673,CUST06673,Basic,499,Annual,2,2024-02-11
SUB06674,CUST06674,Premium,1199,Monthly,10,2024-07-20
SUB06675,CUST06675,Premium,1199,Monthly,10,2025-11-16
SUB06676,CUST06676,Premium,1199,Annual,10,2024-09-01
SUB06677,CUST06677,Basic,499,Quarterly,2,2024-09-12
SUB06678,CUST06678,Family,1499,Monthly,15,2024-01-06
SUB06679,CUST06679,Standard,799,Monthly,5,2025-11-30
SUB06680,CUST06680,Basic,499,Monthly,2,2026-03-16
SUB06681,CUST06681,Family,1499,Monthly,15,2026-04-06
SUB06682,CUST06682,Premium,1199,Annual,10,2025-07-20
SUB06683,CUST06683,Standard,799,Quarterly,5,2025-10-10
SUB06684,CUST06684,Premium,1199,Annual,10,2025-04-08
SUB06685,CUST06685,Premium,1199,Monthly,10,2025-12-13
SUB06686,CUST06686,Standard,799,Annual,5,2025-07-06
SUB06687,CUST06687,Standard,799,Annual,5,2025-11-10
SUB06688,CUST06688,Standard,799,Quarterly,5,2025-01-18
SUB06689,CUST06689,Basic,499,Quarterly,2,2024-06-13
SUB06690,CUST06690,Standard,799,Annual,5,2024-12-18
SUB06691,CUST06691,Standard,799,Monthly,5,2024-11-05
SUB06692,CUST06692,Basic,499,Monthly,2,2026-03-28
SUB06693,CUST06693,Basic,499,Quarterly,2,2025-08-12
SUB06694,CUST06694,Standard,799,Annual,5,2024-03-02
SUB06695,CUST06695,Family,1499,Quarterly,15,2024-12-02
SUB06696,CUST06696,Premium,1199,Annual,10,2026-03-12
SUB06697,CUST06697,Family,1499,Monthly,15,2025-03-27
SUB06698,CUST06698,Standard,799,Monthly,5,2025-11-17
SUB06699,CUST06699,Standard,799,Monthly,5,2024-06-06
SUB06700,CUST06700,Basic,499,Monthly,2,2025-05-12
SUB06701,CUST06701,Premium,1199,Annual,10,2025-02-16
SUB06702,CUST06702,Premium,1199,Annual,10,2025-04-26
SUB06703,CUST06703,Basic,499,Annual,2,2026-02-28
SUB06704,CUST06704,Basic,499,Quarterly,2,2024-02-19
SUB06705,CUST06705,Standard,799,Monthly,5,2024-07-09
SUB06706,CUST06706,Basic,499,Monthly,2,2025-11-22
SUB06707,CUST06707,Standard,799,Quarterly,5,2024-10-21
SUB06708,CUST06708,Premium,1199,Monthly,10,2025-04-21
SUB06709,CUST06709,Standard,799,Annual,5,2026-03-19
SUB06710,CUST06710,Basic,499,Monthly,2,2025-10-09
SUB06711,CUST06711,Standard,799,Monthly,5,2026-02-19
SUB06712,CUST06712,Family,1499,Annual,15,2025-12-24
SUB06713,CUST06713,Family,1499,Annual,15,2024-07-06
SUB06714,CUST06714,Family,1499,Annual,15,2024-05-01
SUB06715,CUST06715,Standard,799,Quarterly,5,2025-11-01
SUB06716,CUST06716,Premium,1199,Monthly,10,2026-03-27
SUB06717,CUST06717,Basic,499,Monthly,2,2025-02-09
SUB06718,CUST06718,Standard,799,Quarterly,5,2026-04-08
SUB06719,CUST06719,Basic,499,Annual,2,2026-02-22
SUB06720,CUST06720,Family,1499,Monthly,15,2025-09-20
SUB06721,CUST06721,Standard,799,Monthly,5,2025-07-20
SUB06722,CUST06722,Basic,499,Monthly,2,2026-03-01
SUB06723,CUST06723,Standard,799,Monthly,5,2024-12-25
SUB06724,CUST06724,Family,1499,Monthly,15,2025-03-12
SUB06725,CUST06725,Basic,499,Monthly,2,2026-04-07
SUB06726,CUST06726,Premium,1199,Monthly,10,2024-01-10
SUB06727,CUST06727,Premium,1199,Quarterly,10,2025-02-21
SUB06728,CUST06728,Premium,1199,Annual,10,2025-03-21
SUB06729,CUST06729,Family,1499,Monthly,15,2025-11-09
SUB06730,CUST06730,Family,1499,Quarterly,15,2024-11-05
SUB06731,CUST06731,Premium,1199,Quarterly,10,2025-05-21
SUB06732,CUST06732,Standard,799,Quarterly,5,2024-02-18
SUB06733,CUST06733,Family,1499,Monthly,15,2024-03-29
SUB06734,CUST06734,Premium,1199,Monthly,10,2025-09-24
SUB06735,CUST06735,Standard,799,Monthly,5,2025-11-22
SUB06736,CUST06736,Family,1499,Monthly,15,2026-01-25
SUB06737,CUST06737,Basic,499,Monthly,2,2024-02-10
SUB06738,CUST06738,Family,1499,Monthly,15,2025-10-13
SUB06739,CUST06739,Basic,499,Annual,2,2025-06-03
SUB06740,CUST06740,Family,1499,Annual,15,2025-11-09
SUB06741,CUST06741,Standard,799,Annual,5,2024-05-19
SUB06742,CUST06742,Family,1499,Monthly,15,2026-02-14
SUB06743,CUST06743,Family,1499,Monthly,15,2024-05-20
SUB06744,CUST06744,Standard,799,Annual,5,2025-06-09
SUB06745,CUST06745,Premium,1199,Quarterly,10,2025-02-19
SUB06746,CUST06746,Standard,799,Monthly,5,2024-01-19
SUB06747,CUST06747,Family,1499,Monthly,15,2025-03-05
SUB06748,CUST06748,Basic,499,Monthly,2,2026-04-09
SUB06749,CUST06749,Standard,799,Monthly,5,2025-02-03
SUB06750,CUST06750,Basic,499,Quarterly,2,2025-07-11
SUB06751,CUST06751,Family,1499,Monthly,15,2024-03-02
SUB06752,CUST06752,Basic,499,Monthly,2,2024-01-16
SUB06753,CUST06753,Family,1499,Quarterly,15,2024-08-19
SUB06754,CUST06754,Premium,1199,Annual,10,2024-12-14
SUB06755,CUST06755,Standard,799,Monthly,5,2025-08-05
SUB06756,CUST06756,Family,1499,Monthly,15,2025-11-21
SUB06757,CUST06757,Premium,1199,Monthly,10,2024-07-23
SUB06758,CUST06758,Basic,499,Annual,2,2026-01-31
SUB06759,CUST06759,Family,1499,Monthly,15,2024-06-17
SUB06760,CUST06760,Standard,799,Annual,5,2024-10-27
SUB06761,CUST06761,Family,1499,Monthly,15,2025-10-25
SUB06762,CUST06762,Standard,799,Quarterly,5,2025-12-04
SUB06763,CUST06763,Family,1499,Annual,15,2024-01-06
SUB06764,CUST06764,Family,1499,Annual,15,2024-05-04
SUB06765,CUST06765,Standard,799,Annual,5,2025-01-31
SUB06766,CUST06766,Standard,799,Monthly,5,2026-02-01
SUB06767,CUST06767,Family,1499,Monthly,15,2025-03-30
SUB06768,CUST06768,Standard,799,Annual,5,2024-06-26
SUB06769,CUST06769,Family,1499,Annual,15,2025-11-28
SUB06770,CUST06770,Family,1499,Annual,15,2025-05-28
SUB06771,CUST06771,Family,1499,Annual,15,2024-01-15
SUB06772,CUST06772,Family,1499,Quarterly,15,2024-04-05
SUB06773,CUST06773,Basic,499,Monthly,2,2025-11-14
SUB06774,CUST06774,Standard,799,Annual,5,2025-10-17
SUB06775,CUST06775,Standard,799,Monthly,5,2025-01-31
SUB06776,CUST06776,Premium,1199,Monthly,10,2026-04-26
SUB06777,CUST06777,Basic,499,Monthly,2,2026-01-04
SUB06778,CUST06778,Basic,499,Quarterly,2,2025-09-27
SUB06779,CUST06779,Family,1499,Quarterly,15,2025-08-29
SUB06780,CUST06780,Premium,1199,Annual,10,2025-04-27
SUB06781,CUST06781,Standard,799,Monthly,5,2025-11-03
SUB06782,CUST06782,Basic,499,Monthly,2,2025-05-22
SUB06783,CUST06783,Standard,799,Annual,5,2025-06-04
SUB06784,CUST06784,Premium,1199,Quarterly,10,2025-09-12
SUB06785,CUST06785,Basic,499,Monthly,2,2025-01-17
SUB06786,CUST06786,Premium,1199,Quarterly,10,2025-10-24
SUB06787,CUST06787,Family,1499,Annual,15,2025-07-27
SUB06788,CUST06788,Basic,499,Quarterly,2,2024-03-06
SUB06789,CUST06789,Standard,799,Quarterly,5,2024-10-04
SUB06790,CUST06790,Standard,799,Monthly,5,2025-05-19
SUB06791,CUST06791,Family,1499,Quarterly,15,2024-02-05
SUB06792,CUST06792,Premium,1199,Annual,10,2024-08-05
SUB06793,CUST06793,Basic,499,Monthly,2,2024-08-31
SUB06794,CUST06794,Standard,799,Monthly,5,2024-01-22
SUB06795,CUST06795,Standard,799,Annual,5,2026-03-09
SUB06796,CUST06796,Family,1499,Quarterly,15,2024-09-27
SUB06797,CUST06797,Standard,799,Monthly,5,2026-04-04
SUB06798,CUST06798,Standard,799,Monthly,5,2025-06-11
SUB06799,CUST06799,Family,1499,Monthly,15,2025-03-28
SUB06800,CUST06800,Premium,1199,Monthly,10,2026-03-13
SUB06801,CUST06801,Basic,499,Monthly,2,2024-03-24
SUB06802,CUST06802,Basic,499,Monthly,2,2024-09-09
SUB06803,CUST06803,Standard,799,Monthly,5,2025-06-05
SUB06804,CUST06804,Basic,499,Annual,2,2025-12-02
SUB06805,CUST06805,Family,1499,Annual,15,2025-09-28
SUB06806,CUST06806,Basic,499,Annual,2,2026-01-06
SUB06807,CUST06807,Family,1499,Monthly,15,2025-12-09
SUB06808,CUST06808,Basic,499,Quarterly,2,2024-08-25
SUB06809,CUST06809,Standard,799,Monthly,5,2026-04-18
SUB06810,CUST06810,Premium,1199,Monthly,10,2024-02-18
SUB06811,CUST06811,Premium,1199,Monthly,10,2025-12-04
SUB06812,CUST06812,Basic,499,Quarterly,2,2025-10-05
SUB06813,CUST06813,Family,1499,Annual,15,2026-02-26
SUB06814,CUST06814,Family,1499,Monthly,15,2025-11-12
SUB06815,CUST06815,Standard,799,Annual,5,2025-11-25
SUB06816,CUST06816,Family,1499,Annual,15,2024-10-28
SUB06817,CUST06817,Standard,799,Quarterly,5,2025-07-18
SUB06818,CUST06818,Standard,799,Monthly,5,2025-12-11
SUB06819,CUST06819,Basic,499,Monthly,2,2025-07-22
SUB06820,CUST06820,Standard,799,Monthly,5,2025-09-15
SUB06821,CUST06821,Standard,799,Monthly,5,2025-01-24
SUB06822,CUST06822,Premium,1199,Monthly,10,2025-07-14
SUB06823,CUST06823,Premium,1199,Quarterly,10,2025-03-15
SUB06824,CUST06824,Basic,499,Annual,2,2025-10-14
SUB06825,CUST06825,Standard,799,Monthly,5,2025-03-04
SUB06826,CUST06826,Family,1499,Quarterly,15,2024-03-11
SUB06827,CUST06827,Family,1499,Annual,15,2025-01-06
SUB06828,CUST06828,Standard,799,Monthly,5,2026-04-20
SUB06829,CUST06829,Premium,1199,Monthly,10,2024-06-10
SUB06830,CUST06830,Standard,799,Annual,5,2024-08-07
SUB06831,CUST06831,Standard,799,Monthly,5,2025-10-01
SUB06832,CUST06832,Family,1499,Annual,15,2025-07-07
SUB06833,CUST06833,Premium,1199,Annual,10,2025-01-14
SUB06834,CUST06834,Basic,499,Monthly,2,2024-08-21
SUB06835,CUST06835,Standard,799,Monthly,5,2025-03-31
SUB06836,CUST06836,Standard,799,Monthly,5,2024-08-20
SUB06837,CUST06837,Premium,1199,Annual,10,2025-09-06
SUB06838,CUST06838,Premium,1199,Annual,10,2024-11-12
SUB06839,CUST06839,Basic,499,Annual,2,2024-05-10
SUB06840,CUST06840,Family,1499,Monthly,15,2024-05-31
SUB06841,CUST06841,Standard,799,Quarterly,5,2024-03-02
SUB06842,CUST06842,Family,1499,Annual,15,2025-09-27
SUB06843,CUST06843,Basic,499,Monthly,2,2025-06-15
SUB06844,CUST06844,Premium,1199,Monthly,10,2024-08-09
SUB06845,CUST06845,Basic,499,Quarterly,2,2026-04-26
SUB06846,CUST06846,Family,1499,Annual,15,2025-12-18
SUB06847,CUST06847,Premium,1199,Annual,10,2024-03-26
SUB06848,CUST06848,Premium,1199,Quarterly,10,2026-03-25
SUB06849,CUST06849,Family,1499,Quarterly,15,2026-01-18
SUB06850,CUST06850,Family,1499,Monthly,15,2025-11-13
SUB06851,CUST06851,Standard,799,Monthly,5,2024-09-22
SUB06852,CUST06852,Standard,799,Monthly,5,2026-01-10
SUB06853,CUST06853,Standard,799,Monthly,5,2026-04-09
SUB06854,CUST06854,Premium,1199,Monthly,10,2025-10-13
SUB06855,CUST06855,Family,1499,Monthly,15,2025-11-18
SUB06856,CUST06856,Standard,799,Monthly,5,2024-04-12
SUB06857,CUST06857,Basic,499,Monthly,2,2025-06-07
SUB06858,CUST06858,Standard,799,Monthly,5,2024-06-23
SUB06859,CUST06859,Standard,799,Monthly,5,2024-11-26
SUB06860,CUST06860,Family,1499,Quarterly,15,2025-11-22
SUB06861,CUST06861,Premium,1199,Annual,10,2024-02-13
SUB06862,CUST06862,Standard,799,Monthly,5,2024-09-22
SUB06863,CUST06863,Family,1499,Monthly,15,2024-09-30
SUB06864,CUST06864,Basic,499,Monthly,2,2025-10-13
SUB06865,CUST06865,Premium,1199,Monthly,10,2025-12-12
SUB06866,CUST06866,Family,1499,Monthly,15,2024-06-08
SUB06867,CUST06867,Basic,499,Annual,2,2025-06-10
SUB06868,CUST06868,Family,1499,Monthly,15,2025-05-21
SUB06869,CUST06869,Premium,1199,Monthly,10,2024-03-05
SUB06870,CUST06870,Family,1499,Monthly,15,2024-08-18
SUB06871,CUST06871,Premium,1199,Monthly,10,2024-08-11
SUB06872,CUST06872,Basic,499,Quarterly,2,2025-11-20
SUB06873,CUST06873,Family,1499,Annual,15,2024-06-03
SUB06874,CUST06874,Basic,499,Monthly,2,2025-12-06
SUB06875,CUST06875,Family,1499,Annual,15,2024-01-01
SUB06876,CUST06876,Basic,499,Monthly,2,2024-06-07
SUB06877,CUST06877,Standard,799,Monthly,5,2024-07-11
SUB06878,CUST06878,Family,1499,Monthly,15,2024-04-10
SUB06879,CUST06879,Family,1499,Monthly,15,2024-05-15
SUB06880,CUST06880,Standard,799,Monthly,5,2025-05-21
SUB06881,CUST06881,Standard,799,Monthly,5,2025-01-30
SUB06882,CUST06882,Family,1499,Quarterly,15,2025-04-13
SUB06883,CUST06883,Premium,1199,Monthly,10,2024-03-13
SUB06884,CUST06884,Family,1499,Annual,15,2025-11-30
SUB06885,CUST06885,Standard,799,Annual,5,2025-09-19
SUB06886,CUST06886,Premium,1199,Quarterly,10,2025-09-09
SUB06887,CUST06887,Family,1499,Monthly,15,2025-11-03
SUB06888,CUST06888,Family,1499,Annual,15,2025-04-26
SUB06889,CUST06889,Basic,499,Monthly,2,2025-06-04
SUB06890,CUST06890,Basic,499,Monthly,2,2025-09-02
SUB06891,CUST06891,Standard,799,Monthly,5,2024-12-13
SUB06892,CUST06892,Basic,499,Quarterly,2,2025-10-02
SUB06893,CUST06893,Premium,1199,Monthly,10,2024-11-29
SUB06894,CUST06894,Basic,499,Quarterly,2,2026-01-10
SUB06895,CUST06895,Family,1499,Monthly,15,2026-04-04
SUB06896,CUST06896,Premium,1199,Monthly,10,2024-04-09
SUB06897,CUST06897,Premium,1199,Monthly,10,2026-01-20
SUB06898,CUST06898,Standard,799,Quarterly,5,2025-05-14
SUB06899,CUST06899,Premium,1199,Monthly,10,2024-07-15
SUB06900,CUST06900,Basic,499,Annual,2,2024-05-22
SUB06901,CUST06901,Premium,1199,Monthly,10,2025-03-19
SUB06902,CUST06902,Premium,1199,Monthly,10,2025-12-03
SUB06903,CUST06903,Basic,499,Monthly,2,2025-11-22
SUB06904,CUST06904,Premium,1199,Quarterly,10,2024-04-22
SUB06905,CUST06905,Basic,499,Annual,2,2025-04-17
SUB06906,CUST06906,Family,1499,Annual,15,2025-07-22
SUB06907,CUST06907,Basic,499,Monthly,2,2024-03-01
SUB06908,CUST06908,Premium,1199,Annual,10,2025-02-25
SUB06909,CUST06909,Standard,799,Monthly,5,2025-05-17
SUB06910,CUST06910,Basic,499,Monthly,2,2025-08-17
SUB06911,CUST06911,Family,1499,Monthly,15,2024-01-05
SUB06912,CUST06912,Family,1499,Quarterly,15,2024-03-08
SUB06913,CUST06913,Basic,499,Annual,2,2025-03-16
SUB06914,CUST06914,Family,1499,Monthly,15,2025-09-21
SUB06915,CUST06915,Premium,1199,Annual,10,2024-02-07
SUB06916,CUST06916,Family,1499,Monthly,15,2026-03-28
SUB06917,CUST06917,Premium,1199,Annual,10,2025-04-19
SUB06918,CUST06918,Basic,499,Monthly,2,2024-09-19
SUB06919,CUST06919,Basic,499,Monthly,2,2026-01-31
SUB06920,CUST06920,Family,1499,Annual,15,2024-04-28
SUB06921,CUST06921,Family,1499,Monthly,15,2025-11-02
SUB06922,CUST06922,Premium,1199,Monthly,10,2025-01-10
SUB06923,CUST06923,Family,1499,Monthly,15,2024-12-26
SUB06924,CUST06924,Premium,1199,Annual,10,2025-02-27
SUB06925,CUST06925,Premium,1199,Quarterly,10,2024-11-16
SUB06926,CUST06926,Standard,799,Annual,5,2025-10-27
SUB06927,CUST06927,Premium,1199,Annual,10,2024-04-01
SUB06928,CUST06928,Family,1499,Annual,15,2025-02-22
SUB06929,CUST06929,Family,1499,Monthly,15,2024-12-21
SUB06930,CUST06930,Family,1499,Monthly,15,2026-02-21
SUB06931,CUST06931,Family,1499,Annual,15,2025-05-07
SUB06932,CUST06932,Basic,499,Quarterly,2,2024-04-17
SUB06933,CUST06933,Standard,799,Monthly,5,2024-03-28
SUB06934,CUST06934,Premium,1199,Monthly,10,2025-06-17
SUB06935,CUST06935,Family,1499,Annual,15,2025-09-17
SUB06936,CUST06936,Family,1499,Monthly,15,2025-12-20
SUB06937,CUST06937,Standard,799,Annual,5,2025-08-28
SUB06938,CUST06938,Premium,1199,Quarterly,10,2025-02-22
SUB06939,CUST06939,Standard,799,Monthly,5,2024-10-04
SUB06940,CUST06940,Family,1499,Monthly,15,2024-06-25
SUB06941,CUST06941,Family,1499,Monthly,15,2024-12-23
SUB06942,CUST06942,Family,1499,Monthly,15,2026-02-08
SUB06943,CUST06943,Basic,499,Monthly,2,2024-08-24
SUB06944,CUST06944,Premium,1199,Annual,10,2025-02-26
SUB06945,CUST06945,Standard,799,Monthly,5,2025-09-26
SUB06946,CUST06946,Standard,799,Annual,5,2026-01-04
SUB06947,CUST06947,Family,1499,Monthly,15,2024-01-05
SUB06948,CUST06948,Family,1499,Annual,15,2026-01-15
SUB06949,CUST06949,Standard,799,Annual,5,2025-07-06
SUB06950,CUST06950,Premium,1199,Quarterly,10,2024-12-02
SUB06951,CUST06951,Family,1499,Monthly,15,2025-08-22
SUB06952,CUST06952,Basic,499,Monthly,2,2024-06-21
SUB06953,CUST06953,Standard,799,Annual,5,2025-07-27
SUB06954,CUST06954,Premium,1199,Annual,10,2024-06-20
SUB06955,CUST06955,Standard,799,Quarterly,5,2025-02-26
SUB06956,CUST06956,Basic,499,Annual,2,2024-11-19
SUB06957,CUST06957,Family,1499,Monthly,15,2025-05-22
SUB06958,CUST06958,Standard,799,Monthly,5,2024-03-21
SUB06959,CUST06959,Basic,499,Monthly,2,2026-03-28
SUB06960,CUST06960,Basic,499,Monthly,2,2024-12-07
SUB06961,CUST06961,Premium,1199,Annual,10,2024-07-16
SUB06962,CUST06962,Basic,499,Annual,2,2025-08-21
SUB06963,CUST06963,Family,1499,Quarterly,15,2024-07-13
SUB06964,CUST06964,Family,1499,Annual,15,2024-02-09
SUB06965,CUST06965,Family,1499,Annual,15,2024-01-27
SUB06966,CUST06966,Standard,799,Annual,5,2025-01-01
SUB06967,CUST06967,Basic,499,Monthly,2,2026-04-24
SUB06968,CUST06968,Family,1499,Quarterly,15,2025-05-22
SUB06969,CUST06969,Premium,1199,Monthly,10,2024-09-09
SUB06970,CUST06970,Family,1499,Quarterly,15,2025-04-15
SUB06971,CUST06971,Family,1499,Monthly,15,2024-07-16
SUB06972,CUST06972,Premium,1199,Annual,10,2025-06-28
SUB06973,CUST06973,Family,1499,Annual,15,2024-12-05
SUB06974,CUST06974,Basic,499,Quarterly,2,2024-09-27
SUB06975,CUST06975,Standard,799,Monthly,5,2024-07-13
SUB06976,CUST06976,Standard,799,Annual,5,2025-07-11
SUB06977,CUST06977,Premium,1199,Quarterly,10,2024-07-26
SUB06978,CUST06978,Basic,499,Monthly,2,2024-05-09
SUB06979,CUST06979,Premium,1199,Monthly,10,2024-10-11
SUB06980,CUST06980,Standard,799,Annual,5,2025-03-27
SUB06981,CUST06981,Basic,499,Monthly,2,2026-02-26
SUB06982,CUST06982,Basic,499,Quarterly,2,2026-04-19
SUB06983,CUST06983,Basic,499,Annual,2,2024-09-20
SUB06984,CUST06984,Standard,799,Monthly,5,2025-03-07
SUB06985,CUST06985,Family,1499,Annual,15,2024-02-21
SUB06986,CUST06986,Family,1499,Monthly,15,2025-08-06
SUB06987,CUST06987,Standard,799,Monthly,5,2025-09-06
SUB06988,CUST06988,Premium,1199,Monthly,10,2024-04-04
SUB06989,CUST06989,Basic,499,Annual,2,2024-01-15
SUB06990,CUST06990,Standard,799,Quarterly,5,2024-10-08
SUB06991,CUST06991,Family,1499,Quarterly,15,2025-04-08
SUB06992,CUST06992,Standard,799,Monthly,5,2025-08-17
SUB06993,CUST06993,Basic,499,Quarterly,2,2024-11-27
SUB06994,CUST06994,Standard,799,Monthly,5,2026-04-24
SUB06995,CUST06995,Basic,499,Monthly,2,2025-11-07
SUB06996,CUST06996,Standard,799,Monthly,5,2025-12-13
SUB06997,CUST06997,Basic,499,Monthly,2,2025-12-02
SUB06998,CUST06998,Family,1499,Monthly,15,2024-04-21
SUB06999,CUST06999,Premium,1199,Quarterly,10,2026-01-20
SUB07000,CUST07000,Family,1499,Monthly,15,2025-10-12
SUB07001,CUST07001,Basic,499,Monthly,2,2024-05-14
SUB07002,CUST07002,Basic,499,Monthly,2,2024-12-19
SUB07003,CUST07003,Family,1499,Annual,15,2024-02-24
SUB07004,CUST07004,Premium,1199,Annual,10,2025-02-26
SUB07005,CUST07005,Family,1499,Monthly,15,2025-12-01
SUB07006,CUST07006,Basic,499,Quarterly,2,2024-06-28
SUB07007,CUST07007,Premium,1199,Annual,10,2024-04-09
SUB07008,CUST07008,Standard,799,Quarterly,5,2025-09-14
SUB07009,CUST07009,Basic,499,Monthly,2,2025-06-12
SUB07010,CUST07010,Standard,799,Monthly,5,2025-12-26
SUB07011,CUST07011,Basic,499,Quarterly,2,2024-04-03
SUB07012,CUST07012,Premium,1199,Annual,10,2025-09-28
SUB07013,CUST07013,Standard,799,Monthly,5,2024-06-22
SUB07014,CUST07014,Premium,1199,Annual,10,2025-03-10
SUB07015,CUST07015,Basic,499,Annual,2,2026-03-05
SUB07016,CUST07016,Standard,799,Monthly,5,2024-09-22
SUB07017,CUST07017,Basic,499,Monthly,2,2026-02-04
SUB07018,CUST07018,Family,1499,Quarterly,15,2024-02-08
SUB07019,CUST07019,Family,1499,Monthly,15,2025-09-19
SUB07020,CUST07020,Family,1499,Monthly,15,2025-02-11
SUB07021,CUST07021,Standard,799,Monthly,5,2025-03-17
SUB07022,CUST07022,Basic,499,Quarterly,2,2024-04-03
SUB07023,CUST07023,Basic,499,Monthly,2,2026-03-04
SUB07024,CUST07024,Premium,1199,Annual,10,2024-12-25
SUB07025,CUST07025,Basic,499,Monthly,2,2025-02-11
SUB07026,CUST07026,Family,1499,Monthly,15,2025-02-17
SUB07027,CUST07027,Premium,1199,Quarterly,10,2026-02-28
SUB07028,CUST07028,Standard,799,Monthly,5,2024-03-15
SUB07029,CUST07029,Family,1499,Monthly,15,2024-04-13
SUB07030,CUST07030,Basic,499,Monthly,2,2024-06-11
SUB07031,CUST07031,Basic,499,Monthly,2,2024-06-17
SUB07032,CUST07032,Family,1499,Monthly,15,2024-06-01
SUB07033,CUST07033,Premium,1199,Monthly,10,2026-04-16
SUB07034,CUST07034,Standard,799,Monthly,5,2024-07-04
SUB07035,CUST07035,Family,1499,Monthly,15,2025-06-11
SUB07036,CUST07036,Standard,799,Monthly,5,2025-06-22
SUB07037,CUST07037,Basic,499,Quarterly,2,2025-04-19
SUB07038,CUST07038,Premium,1199,Monthly,10,2024-09-24
SUB07039,CUST07039,Premium,1199,Quarterly,10,2026-01-08
SUB07040,CUST07040,Premium,1199,Monthly,10,2024-01-19
SUB07041,CUST07041,Family,1499,Monthly,15,2024-10-16
SUB07042,CUST07042,Premium,1199,Monthly,10,2026-04-10
SUB07043,CUST07043,Standard,799,Monthly,5,2025-10-19
SUB07044,CUST07044,Standard,799,Annual,5,2024-11-11
SUB07045,CUST07045,Family,1499,Quarterly,15,2026-03-24
SUB07046,CUST07046,Basic,499,Monthly,2,2025-03-07
SUB07047,CUST07047,Family,1499,Monthly,15,2025-09-13
SUB07048,CUST07048,Premium,1199,Monthly,10,2025-04-12
SUB07049,CUST07049,Standard,799,Annual,5,2025-09-19
SUB07050,CUST07050,Basic,499,Monthly,2,2025-10-15
SUB07051,CUST07051,Basic,499,Monthly,2,2024-07-20
SUB07052,CUST07052,Basic,499,Quarterly,2,2025-11-03
SUB07053,CUST07053,Basic,499,Quarterly,2,2025-08-09
SUB07054,CUST07054,Family,1499,Quarterly,15,2024-12-29
SUB07055,CUST07055,Basic,499,Quarterly,2,2024-02-12
SUB07056,CUST07056,Basic,499,Quarterly,2,2024-02-29
SUB07057,CUST07057,Premium,1199,Monthly,10,2026-01-26
SUB07058,CUST07058,Basic,499,Monthly,2,2026-04-10
SUB07059,CUST07059,Standard,799,Annual,5,2024-02-02
SUB07060,CUST07060,Family,1499,Monthly,15,2024-08-08
SUB07061,CUST07061,Basic,499,Annual,2,2025-06-28
SUB07062,CUST07062,Family,1499,Annual,15,2026-04-21
SUB07063,CUST07063,Standard,799,Monthly,5,2025-12-02
SUB07064,CUST07064,Standard,799,Annual,5,2025-08-05
SUB07065,CUST07065,Family,1499,Monthly,15,2026-01-11
SUB07066,CUST07066,Basic,499,Monthly,2,2024-10-24
SUB07067,CUST07067,Basic,499,Annual,2,2025-07-05
SUB07068,CUST07068,Basic,499,Annual,2,2025-02-18
SUB07069,CUST07069,Basic,499,Annual,2,2024-11-03
SUB07070,CUST07070,Basic,499,Monthly,2,2024-03-17
SUB07071,CUST07071,Standard,799,Monthly,5,2026-04-03
SUB07072,CUST07072,Basic,499,Quarterly,2,2024-01-23
SUB07073,CUST07073,Premium,1199,Annual,10,2024-05-23
SUB07074,CUST07074,Basic,499,Quarterly,2,2024-11-28
SUB07075,CUST07075,Family,1499,Annual,15,2024-12-17
SUB07076,CUST07076,Basic,499,Monthly,2,2024-06-18
SUB07077,CUST07077,Family,1499,Monthly,15,2024-03-21
SUB07078,CUST07078,Basic,499,Monthly,2,2025-05-05
SUB07079,CUST07079,Family,1499,Quarterly,15,2025-11-21
SUB07080,CUST07080,Family,1499,Monthly,15,2024-12-23
SUB07081,CUST07081,Basic,499,Monthly,2,2024-05-19
SUB07082,CUST07082,Standard,799,Monthly,5,2026-04-22
SUB07083,CUST07083,Family,1499,Quarterly,15,2025-02-04
SUB07084,CUST07084,Standard,799,Monthly,5,2025-01-17
SUB07085,CUST07085,Standard,799,Annual,5,2025-12-16
SUB07086,CUST07086,Premium,1199,Quarterly,10,2025-05-17
SUB07087,CUST07087,Basic,499,Annual,2,2025-05-30
SUB07088,CUST07088,Family,1499,Monthly,15,2026-01-25
SUB07089,CUST07089,Family,1499,Quarterly,15,2024-06-02
SUB07090,CUST07090,Family,1499,Monthly,15,2025-03-12
SUB07091,CUST07091,Basic,499,Annual,2,2026-04-24
SUB07092,CUST07092,Family,1499,Quarterly,15,2025-10-01
SUB07093,CUST07093,Standard,799,Annual,5,2024-12-19
SUB07094,CUST07094,Basic,499,Monthly,2,2026-04-24
SUB07095,CUST07095,Basic,499,Monthly,2,2025-06-14
SUB07096,CUST07096,Standard,799,Quarterly,5,2025-06-28
SUB07097,CUST07097,Family,1499,Quarterly,15,2025-08-30
SUB07098,CUST07098,Standard,799,Monthly,5,2024-07-02
SUB07099,CUST07099,Family,1499,Monthly,15,2024-11-02
SUB07100,CUST07100,Standard,799,Annual,5,2026-03-09
SUB07101,CUST07101,Basic,499,Monthly,2,2025-08-27
SUB07102,CUST07102,Basic,499,Monthly,2,2026-01-05
SUB07103,CUST07103,Premium,1199,Monthly,10,2025-05-26
SUB07104,CUST07104,Basic,499,Annual,2,2025-04-09
SUB07105,CUST07105,Standard,799,Monthly,5,2026-02-01
SUB07106,CUST07106,Standard,799,Monthly,5,2024-05-11
SUB07107,CUST07107,Family,1499,Monthly,15,2024-02-28
SUB07108,CUST07108,Standard,799,Annual,5,2025-06-25
SUB07109,CUST07109,Family,1499,Monthly,15,2024-11-17
SUB07110,CUST07110,Family,1499,Annual,15,2024-09-11
SUB07111,CUST07111,Basic,499,Monthly,2,2024-05-22
SUB07112,CUST07112,Standard,799,Monthly,5,2025-02-01
SUB07113,CUST07113,Premium,1199,Quarterly,10,2026-02-02
SUB07114,CUST07114,Standard,799,Monthly,5,2024-04-19
SUB07115,CUST07115,Basic,499,Annual,2,2024-09-25
SUB07116,CUST07116,Premium,1199,Monthly,10,2024-04-10
SUB07117,CUST07117,Standard,799,Monthly,5,2024-09-20
SUB07118,CUST07118,Standard,799,Monthly,5,2024-10-03
SUB07119,CUST07119,Family,1499,Monthly,15,2024-10-11
SUB07120,CUST07120,Premium,1199,Monthly,10,2024-04-23
SUB07121,CUST07121,Premium,1199,Monthly,10,2026-01-13
SUB07122,CUST07122,Family,1499,Quarterly,15,2024-09-22
SUB07123,CUST07123,Standard,799,Annual,5,2024-09-25
SUB07124,CUST07124,Basic,499,Monthly,2,2024-08-31
SUB07125,CUST07125,Standard,799,Monthly,5,2026-03-05
SUB07126,CUST07126,Family,1499,Monthly,15,2025-11-05
SUB07127,CUST07127,Premium,1199,Monthly,10,2025-11-23
SUB07128,CUST07128,Standard,799,Monthly,5,2024-02-24
SUB07129,CUST07129,Standard,799,Monthly,5,2026-02-11
SUB07130,CUST07130,Premium,1199,Annual,10,2025-08-07
SUB07131,CUST07131,Family,1499,Monthly,15,2025-06-24
SUB07132,CUST07132,Basic,499,Annual,2,2026-03-08
SUB07133,CUST07133,Basic,499,Quarterly,2,2024-10-18
SUB07134,CUST07134,Standard,799,Monthly,5,2024-07-16
SUB07135,CUST07135,Standard,799,Monthly,5,2024-04-24
SUB07136,CUST07136,Standard,799,Monthly,5,2024-02-26
SUB07137,CUST07137,Premium,1199,Annual,10,2025-10-09
SUB07138,CUST07138,Family,1499,Monthly,15,2025-04-30
SUB07139,CUST07139,Family,1499,Monthly,15,2024-03-23
SUB07140,CUST07140,Premium,1199,Monthly,10,2025-03-10
SUB07141,CUST07141,Basic,499,Monthly,2,2024-10-09
SUB07142,CUST07142,Family,1499,Monthly,15,2024-08-15
SUB07143,CUST07143,Premium,1199,Monthly,10,2024-05-30
SUB07144,CUST07144,Premium,1199,Annual,10,2024-08-25
SUB07145,CUST07145,Premium,1199,Quarterly,10,2026-04-16
SUB07146,CUST07146,Basic,499,Monthly,2,2024-11-12
SUB07147,CUST07147,Standard,799,Monthly,5,2025-07-31
SUB07148,CUST07148,Premium,1199,Quarterly,10,2026-02-27
SUB07149,CUST07149,Standard,799,Quarterly,5,2024-05-06
SUB07150,CUST07150,Standard,799,Quarterly,5,2025-04-23
SUB07151,CUST07151,Family,1499,Monthly,15,2024-07-02
SUB07152,CUST07152,Premium,1199,Monthly,10,2024-04-17
SUB07153,CUST07153,Premium,1199,Monthly,10,2026-03-12
SUB07154,CUST07154,Premium,1199,Monthly,10,2026-04-25
SUB07155,CUST07155,Standard,799,Monthly,5,2025-07-13
SUB07156,CUST07156,Basic,499,Monthly,2,2024-03-15
SUB07157,CUST07157,Basic,499,Monthly,2,2026-01-08
SUB07158,CUST07158,Standard,799,Annual,5,2025-02-06
SUB07159,CUST07159,Family,1499,Quarterly,15,2024-08-11
SUB07160,CUST07160,Family,1499,Monthly,15,2025-05-01
SUB07161,CUST07161,Family,1499,Annual,15,2025-06-15
SUB07162,CUST07162,Basic,499,Quarterly,2,2024-12-04
SUB07163,CUST07163,Basic,499,Annual,2,2024-04-04
SUB07164,CUST07164,Standard,799,Quarterly,5,2025-02-01
SUB07165,CUST07165,Basic,499,Quarterly,2,2025-02-27
SUB07166,CUST07166,Premium,1199,Annual,10,2025-06-10
SUB07167,CUST07167,Family,1499,Monthly,15,2024-05-13
SUB07168,CUST07168,Standard,799,Annual,5,2025-07-07
SUB07169,CUST07169,Basic,499,Monthly,2,2026-04-17
SUB07170,CUST07170,Family,1499,Quarterly,15,2025-06-14
SUB07171,CUST07171,Basic,499,Monthly,2,2024-01-03
SUB07172,CUST07172,Basic,499,Annual,2,2025-08-06
SUB07173,CUST07173,Family,1499,Monthly,15,2024-03-08
SUB07174,CUST07174,Premium,1199,Annual,10,2024-12-16
SUB07175,CUST07175,Standard,799,Quarterly,5,2024-09-27
SUB07176,CUST07176,Family,1499,Monthly,15,2024-05-22
SUB07177,CUST07177,Basic,499,Monthly,2,2024-09-14
SUB07178,CUST07178,Standard,799,Monthly,5,2024-09-28
SUB07179,CUST07179,Standard,799,Quarterly,5,2024-02-16
SUB07180,CUST07180,Standard,799,Annual,5,2025-08-11
SUB07181,CUST07181,Premium,1199,Monthly,10,2025-05-09
SUB07182,CUST07182,Standard,799,Annual,5,2024-09-18
SUB07183,CUST07183,Premium,1199,Monthly,10,2025-12-10
SUB07184,CUST07184,Family,1499,Monthly,15,2024-12-29
SUB07185,CUST07185,Standard,799,Monthly,5,2025-08-11
SUB07186,CUST07186,Basic,499,Monthly,2,2026-03-14
SUB07187,CUST07187,Family,1499,Monthly,15,2024-06-25
SUB07188,CUST07188,Basic,499,Monthly,2,2025-08-15
SUB07189,CUST07189,Basic,499,Annual,2,2025-10-01
SUB07190,CUST07190,Premium,1199,Monthly,10,2024-08-23
SUB07191,CUST07191,Standard,799,Monthly,5,2024-12-25
SUB07192,CUST07192,Premium,1199,Monthly,10,2025-08-02
SUB07193,CUST07193,Standard,799,Quarterly,5,2025-08-08
SUB07194,CUST07194,Family,1499,Monthly,15,2025-04-10
SUB07195,CUST07195,Standard,799,Monthly,5,2024-03-24
SUB07196,CUST07196,Standard,799,Monthly,5,2024-02-23
SUB07197,CUST07197,Standard,799,Monthly,5,2024-11-26
SUB07198,CUST07198,Standard,799,Monthly,5,2025-03-01
SUB07199,CUST07199,Standard,799,Monthly,5,2025-08-31
SUB07200,CUST07200,Standard,799,Annual,5,2025-03-17
SUB07201,CUST07201,Standard,799,Monthly,5,2026-04-01
SUB07202,CUST07202,Basic,499,Annual,2,2025-08-04
SUB07203,CUST07203,Standard,799,Monthly,5,2024-07-09
SUB07204,CUST07204,Standard,799,Quarterly,5,2025-04-19
SUB07205,CUST07205,Premium,1199,Monthly,10,2024-08-15
SUB07206,CUST07206,Premium,1199,Quarterly,10,2024-03-15
SUB07207,CUST07207,Standard,799,Monthly,5,2025-10-21
SUB07208,CUST07208,Family,1499,Quarterly,15,2025-02-07
SUB07209,CUST07209,Basic,499,Monthly,2,2025-07-07
SUB07210,CUST07210,Family,1499,Annual,15,2024-07-12
SUB07211,CUST07211,Family,1499,Monthly,15,2025-05-11
SUB07212,CUST07212,Standard,799,Monthly,5,2024-10-15
SUB07213,CUST07213,Standard,799,Monthly,5,2024-01-02
SUB07214,CUST07214,Premium,1199,Monthly,10,2025-03-13
SUB07215,CUST07215,Premium,1199,Monthly,10,2024-02-19
SUB07216,CUST07216,Standard,799,Monthly,5,2024-02-23
SUB07217,CUST07217,Standard,799,Monthly,5,2024-06-30
SUB07218,CUST07218,Premium,1199,Monthly,10,2025-10-27
SUB07219,CUST07219,Standard,799,Quarterly,5,2025-05-26
SUB07220,CUST07220,Basic,499,Quarterly,2,2025-10-20
SUB07221,CUST07221,Standard,799,Monthly,5,2025-05-10
SUB07222,CUST07222,Family,1499,Quarterly,15,2024-09-13
SUB07223,CUST07223,Basic,499,Monthly,2,2025-09-08
SUB07224,CUST07224,Premium,1199,Monthly,10,2024-05-05
SUB07225,CUST07225,Basic,499,Monthly,2,2024-10-18
SUB07226,CUST07226,Standard,799,Quarterly,5,2025-05-22
SUB07227,CUST07227,Standard,799,Monthly,5,2024-03-26
SUB07228,CUST07228,Premium,1199,Monthly,10,2025-12-23
SUB07229,CUST07229,Standard,799,Annual,5,2024-05-30
SUB07230,CUST07230,Premium,1199,Annual,10,2024-11-30
SUB07231,CUST07231,Family,1499,Monthly,15,2026-01-09
SUB07232,CUST07232,Premium,1199,Monthly,10,2026-01-06
SUB07233,CUST07233,Basic,499,Monthly,2,2026-02-04
SUB07234,CUST07234,Premium,1199,Monthly,10,2025-06-08
SUB07235,CUST07235,Basic,499,Monthly,2,2024-05-23
SUB07236,CUST07236,Standard,799,Monthly,5,2025-04-27
SUB07237,CUST07237,Family,1499,Annual,15,2024-09-16
SUB07238,CUST07238,Basic,499,Monthly,2,2024-07-17
SUB07239,CUST07239,Basic,499,Annual,2,2026-02-20
SUB07240,CUST07240,Premium,1199,Quarterly,10,2025-01-22
SUB07241,CUST07241,Premium,1199,Monthly,10,2025-04-05
SUB07242,CUST07242,Standard,799,Monthly,5,2025-03-22
SUB07243,CUST07243,Premium,1199,Monthly,10,2024-05-25
SUB07244,CUST07244,Basic,499,Monthly,2,2026-02-23
SUB07245,CUST07245,Family,1499,Annual,15,2025-11-28
SUB07246,CUST07246,Family,1499,Monthly,15,2024-02-09
SUB07247,CUST07247,Standard,799,Monthly,5,2025-04-10
SUB07248,CUST07248,Standard,799,Monthly,5,2024-10-17
SUB07249,CUST07249,Standard,799,Monthly,5,2025-05-05
SUB07250,CUST07250,Premium,1199,Quarterly,10,2024-12-02
SUB07251,CUST07251,Premium,1199,Monthly,10,2024-08-12
SUB07252,CUST07252,Basic,499,Monthly,2,2024-01-15
SUB07253,CUST07253,Premium,1199,Annual,10,2025-09-30
SUB07254,CUST07254,Basic,499,Monthly,2,2024-05-17
SUB07255,CUST07255,Family,1499,Annual,15,2024-03-19
SUB07256,CUST07256,Family,1499,Monthly,15,2025-07-05
SUB07257,CUST07257,Basic,499,Monthly,2,2025-01-27
SUB07258,CUST07258,Standard,799,Monthly,5,2024-04-16
SUB07259,CUST07259,Premium,1199,Quarterly,10,2026-02-01
SUB07260,CUST07260,Premium,1199,Monthly,10,2024-03-08
SUB07261,CUST07261,Basic,499,Monthly,2,2025-10-08
SUB07262,CUST07262,Family,1499,Monthly,15,2024-11-03
SUB07263,CUST07263,Family,1499,Quarterly,15,2024-12-18
SUB07264,CUST07264,Basic,499,Quarterly,2,2024-06-25
SUB07265,CUST07265,Standard,799,Monthly,5,2024-08-17
SUB07266,CUST07266,Family,1499,Annual,15,2025-08-07
SUB07267,CUST07267,Family,1499,Monthly,15,2024-07-28
SUB07268,CUST07268,Premium,1199,Annual,10,2025-06-22
SUB07269,CUST07269,Premium,1199,Quarterly,10,2025-05-12
SUB07270,CUST07270,Premium,1199,Monthly,10,2024-02-16
SUB07271,CUST07271,Family,1499,Annual,15,2026-02-10
SUB07272,CUST07272,Family,1499,Quarterly,15,2024-12-31
SUB07273,CUST07273,Family,1499,Annual,15,2024-01-11
SUB07274,CUST07274,Premium,1199,Quarterly,10,2025-10-07
SUB07275,CUST07275,Standard,799,Quarterly,5,2025-05-08
SUB07276,CUST07276,Family,1499,Monthly,15,2024-04-28
SUB07277,CUST07277,Standard,799,Quarterly,5,2024-07-14
SUB07278,CUST07278,Premium,1199,Monthly,10,2024-09-02
SUB07279,CUST07279,Family,1499,Quarterly,15,2025-11-19
SUB07280,CUST07280,Basic,499,Monthly,2,2025-11-10
SUB07281,CUST07281,Basic,499,Monthly,2,2024-04-18
SUB07282,CUST07282,Premium,1199,Monthly,10,2024-02-29
SUB07283,CUST07283,Premium,1199,Quarterly,10,2025-11-02
SUB07284,CUST07284,Family,1499,Monthly,15,2024-05-14
SUB07285,CUST07285,Basic,499,Monthly,2,2025-07-17
SUB07286,CUST07286,Basic,499,Monthly,2,2025-12-27
SUB07287,CUST07287,Basic,499,Monthly,2,2024-08-03
SUB07288,CUST07288,Premium,1199,Monthly,10,2025-10-30
SUB07289,CUST07289,Family,1499,Monthly,15,2024-05-23
SUB07290,CUST07290,Family,1499,Monthly,15,2024-07-18
SUB07291,CUST07291,Standard,799,Monthly,5,2026-02-26
SUB07292,CUST07292,Family,1499,Monthly,15,2024-12-17
SUB07293,CUST07293,Basic,499,Monthly,2,2024-07-07
SUB07294,CUST07294,Standard,799,Quarterly,5,2026-03-26
SUB07295,CUST07295,Premium,1199,Monthly,10,2024-11-23
SUB07296,CUST07296,Family,1499,Monthly,15,2024-10-15
SUB07297,CUST07297,Family,1499,Monthly,15,2024-09-11
SUB07298,CUST07298,Family,1499,Quarterly,15,2024-12-25
SUB07299,CUST07299,Standard,799,Annual,5,2025-10-31
SUB07300,CUST07300,Standard,799,Annual,5,2024-09-15
SUB07301,CUST07301,Premium,1199,Monthly,10,2024-03-23
SUB07302,CUST07302,Basic,499,Annual,2,2024-03-17
SUB07303,CUST07303,Basic,499,Quarterly,2,2026-01-17
SUB07304,CUST07304,Family,1499,Monthly,15,2025-02-20
SUB07305,CUST07305,Standard,799,Monthly,5,2024-08-09
SUB07306,CUST07306,Basic,499,Monthly,2,2024-09-14
SUB07307,CUST07307,Premium,1199,Monthly,10,2026-02-20
SUB07308,CUST07308,Basic,499,Quarterly,2,2025-04-14
SUB07309,CUST07309,Basic,499,Monthly,2,2024-01-27
SUB07310,CUST07310,Premium,1199,Monthly,10,2024-05-05
SUB07311,CUST07311,Standard,799,Annual,5,2026-03-19
SUB07312,CUST07312,Standard,799,Monthly,5,2025-11-24
SUB07313,CUST07313,Premium,1199,Monthly,10,2024-01-13
SUB07314,CUST07314,Basic,499,Monthly,2,2025-07-20
SUB07315,CUST07315,Premium,1199,Quarterly,10,2024-07-04
SUB07316,CUST07316,Premium,1199,Monthly,10,2024-02-20
SUB07317,CUST07317,Family,1499,Monthly,15,2025-09-01
SUB07318,CUST07318,Family,1499,Monthly,15,2024-04-26
SUB07319,CUST07319,Basic,499,Annual,2,2025-12-21
SUB07320,CUST07320,Family,1499,Quarterly,15,2024-02-01
SUB07321,CUST07321,Premium,1199,Monthly,10,2024-07-22
SUB07322,CUST07322,Premium,1199,Monthly,10,2024-08-19
SUB07323,CUST07323,Basic,499,Monthly,2,2026-03-28
SUB07324,CUST07324,Standard,799,Quarterly,5,2025-02-06
SUB07325,CUST07325,Premium,1199,Monthly,10,2024-11-05
SUB07326,CUST07326,Family,1499,Quarterly,15,2024-03-06
SUB07327,CUST07327,Premium,1199,Monthly,10,2024-12-05
SUB07328,CUST07328,Premium,1199,Monthly,10,2025-10-16
SUB07329,CUST07329,Basic,499,Quarterly,2,2025-11-20
SUB07330,CUST07330,Standard,799,Annual,5,2024-03-22
SUB07331,CUST07331,Standard,799,Monthly,5,2025-06-26
SUB07332,CUST07332,Standard,799,Monthly,5,2024-01-17
SUB07333,CUST07333,Standard,799,Monthly,5,2024-06-28
SUB07334,CUST07334,Premium,1199,Monthly,10,2024-10-10
SUB07335,CUST07335,Basic,499,Quarterly,2,2026-02-27
SUB07336,CUST07336,Basic,499,Annual,2,2024-09-26
SUB07337,CUST07337,Family,1499,Monthly,15,2025-09-20
SUB07338,CUST07338,Premium,1199,Monthly,10,2024-10-04
SUB07339,CUST07339,Basic,499,Monthly,2,2026-04-29
SUB07340,CUST07340,Standard,799,Quarterly,5,2024-09-08
SUB07341,CUST07341,Family,1499,Monthly,15,2025-03-24
SUB07342,CUST07342,Basic,499,Annual,2,2025-10-27
SUB07343,CUST07343,Family,1499,Monthly,15,2024-05-30
SUB07344,CUST07344,Standard,799,Monthly,5,2024-07-25
SUB07345,CUST07345,Standard,799,Monthly,5,2024-11-26
SUB07346,CUST07346,Premium,1199,Annual,10,2024-01-02
SUB07347,CUST07347,Basic,499,Annual,2,2024-01-31
SUB07348,CUST07348,Standard,799,Monthly,5,2025-03-23
SUB07349,CUST07349,Family,1499,Annual,15,2025-01-15
SUB07350,CUST07350,Standard,799,Monthly,5,2024-07-10
SUB07351,CUST07351,Standard,799,Monthly,5,2026-04-01
SUB07352,CUST07352,Premium,1199,Monthly,10,2026-02-18
SUB07353,CUST07353,Standard,799,Monthly,5,2024-10-15
SUB07354,CUST07354,Standard,799,Monthly,5,2024-07-09
SUB07355,CUST07355,Premium,1199,Annual,10,2025-10-30
SUB07356,CUST07356,Premium,1199,Annual,10,2024-09-22
SUB07357,CUST07357,Basic,499,Monthly,2,2026-01-01
SUB07358,CUST07358,Standard,799,Monthly,5,2025-05-27
SUB07359,CUST07359,Basic,499,Monthly,2,2025-05-07
SUB07360,CUST07360,Basic,499,Monthly,2,2026-01-09
SUB07361,CUST07361,Family,1499,Monthly,15,2024-04-22
SUB07362,CUST07362,Premium,1199,Annual,10,2025-12-03
SUB07363,CUST07363,Standard,799,Monthly,5,2024-12-21
SUB07364,CUST07364,Standard,799,Monthly,5,2025-10-13
SUB07365,CUST07365,Standard,799,Monthly,5,2025-05-04
SUB07366,CUST07366,Family,1499,Monthly,15,2024-07-24
SUB07367,CUST07367,Standard,799,Monthly,5,2026-02-19
SUB07368,CUST07368,Standard,799,Annual,5,2024-08-12
SUB07369,CUST07369,Basic,499,Monthly,2,2026-01-01
SUB07370,CUST07370,Premium,1199,Quarterly,10,2025-02-22
SUB07371,CUST07371,Premium,1199,Monthly,10,2025-03-27
SUB07372,CUST07372,Family,1499,Quarterly,15,2024-02-04
SUB07373,CUST07373,Basic,499,Monthly,2,2025-06-04
SUB07374,CUST07374,Standard,799,Annual,5,2024-10-29
SUB07375,CUST07375,Standard,799,Annual,5,2025-03-29
SUB07376,CUST07376,Family,1499,Annual,15,2024-04-02
SUB07377,CUST07377,Basic,499,Quarterly,2,2024-07-24
SUB07378,CUST07378,Basic,499,Monthly,2,2025-08-21
SUB07379,CUST07379,Family,1499,Quarterly,15,2024-12-20
SUB07380,CUST07380,Premium,1199,Monthly,10,2024-12-03
SUB07381,CUST07381,Basic,499,Monthly,2,2024-04-19
SUB07382,CUST07382,Standard,799,Monthly,5,2025-05-01
SUB07383,CUST07383,Family,1499,Monthly,15,2024-10-16
SUB07384,CUST07384,Premium,1199,Monthly,10,2024-03-06
SUB07385,CUST07385,Premium,1199,Annual,10,2025-02-11
SUB07386,CUST07386,Standard,799,Monthly,5,2025-11-19
SUB07387,CUST07387,Premium,1199,Quarterly,10,2025-07-28
SUB07388,CUST07388,Basic,499,Monthly,2,2025-01-28
SUB07389,CUST07389,Family,1499,Monthly,15,2024-11-29
SUB07390,CUST07390,Basic,499,Monthly,2,2025-07-15
SUB07391,CUST07391,Family,1499,Monthly,15,2025-05-06
SUB07392,CUST07392,Premium,1199,Annual,10,2024-02-23
SUB07393,CUST07393,Family,1499,Annual,15,2025-02-10
SUB07394,CUST07394,Standard,799,Quarterly,5,2024-12-06
SUB07395,CUST07395,Standard,799,Monthly,5,2025-11-26
SUB07396,CUST07396,Family,1499,Annual,15,2025-11-25
SUB07397,CUST07397,Standard,799,Monthly,5,2025-02-26
SUB07398,CUST07398,Basic,499,Monthly,2,2024-03-08
SUB07399,CUST07399,Premium,1199,Annual,10,2025-03-20
SUB07400,CUST07400,Premium,1199,Quarterly,10,2025-05-23
SUB07401,CUST07401,Family,1499,Quarterly,15,2024-09-04
SUB07402,CUST07402,Basic,499,Monthly,2,2026-02-23
SUB07403,CUST07403,Basic,499,Monthly,2,2024-05-12
SUB07404,CUST07404,Family,1499,Monthly,15,2025-11-07
SUB07405,CUST07405,Family,1499,Annual,15,2025-08-06
SUB07406,CUST07406,Family,1499,Quarterly,15,2024-05-23
SUB07407,CUST07407,Premium,1199,Annual,10,2025-04-25
SUB07408,CUST07408,Basic,499,Annual,2,2025-03-31
SUB07409,CUST07409,Family,1499,Monthly,15,2024-09-23
SUB07410,CUST07410,Standard,799,Quarterly,5,2025-10-08
SUB07411,CUST07411,Family,1499,Annual,15,2025-04-01
SUB07412,CUST07412,Family,1499,Quarterly,15,2024-03-07
SUB07413,CUST07413,Standard,799,Monthly,5,2025-12-19
SUB07414,CUST07414,Basic,499,Quarterly,2,2024-01-25
SUB07415,CUST07415,Basic,499,Quarterly,2,2025-07-18
SUB07416,CUST07416,Basic,499,Quarterly,2,2026-02-03
SUB07417,CUST07417,Basic,499,Monthly,2,2026-03-24
SUB07418,CUST07418,Standard,799,Monthly,5,2025-05-11
SUB07419,CUST07419,Basic,499,Annual,2,2025-09-27
SUB07420,CUST07420,Family,1499,Annual,15,2024-02-02
SUB07421,CUST07421,Premium,1199,Monthly,10,2024-06-06
SUB07422,CUST07422,Basic,499,Monthly,2,2024-05-27
SUB07423,CUST07423,Standard,799,Quarterly,5,2026-04-19
SUB07424,CUST07424,Standard,799,Monthly,5,2025-10-20
SUB07425,CUST07425,Premium,1199,Monthly,10,2024-07-29
SUB07426,CUST07426,Standard,799,Monthly,5,2026-03-12
SUB07427,CUST07427,Premium,1199,Annual,10,2026-01-15
SUB07428,CUST07428,Basic,499,Quarterly,2,2025-04-19
SUB07429,CUST07429,Standard,799,Quarterly,5,2026-04-23
SUB07430,CUST07430,Premium,1199,Monthly,10,2025-10-28
SUB07431,CUST07431,Premium,1199,Annual,10,2026-04-17
SUB07432,CUST07432,Standard,799,Monthly,5,2024-01-15
SUB07433,CUST07433,Basic,499,Monthly,2,2024-03-26
SUB07434,CUST07434,Premium,1199,Monthly,10,2025-07-11
SUB07435,CUST07435,Basic,499,Monthly,2,2024-01-30
SUB07436,CUST07436,Family,1499,Annual,15,2024-06-24
SUB07437,CUST07437,Family,1499,Annual,15,2025-11-19
SUB07438,CUST07438,Premium,1199,Monthly,10,2024-09-26
SUB07439,CUST07439,Standard,799,Quarterly,5,2025-05-21
SUB07440,CUST07440,Family,1499,Quarterly,15,2024-09-14
SUB07441,CUST07441,Family,1499,Monthly,15,2025-08-05
SUB07442,CUST07442,Premium,1199,Quarterly,10,2025-12-23
SUB07443,CUST07443,Premium,1199,Monthly,10,2025-04-10
SUB07444,CUST07444,Standard,799,Monthly,5,2024-09-15
SUB07445,CUST07445,Standard,799,Monthly,5,2025-02-07
SUB07446,CUST07446,Standard,799,Monthly,5,2025-05-18
SUB07447,CUST07447,Premium,1199,Monthly,10,2024-10-12
SUB07448,CUST07448,Family,1499,Monthly,15,2024-04-13
SUB07449,CUST07449,Standard,799,Quarterly,5,2025-06-26
SUB07450,CUST07450,Standard,799,Monthly,5,2024-01-29
SUB07451,CUST07451,Family,1499,Annual,15,2025-04-16
SUB07452,CUST07452,Standard,799,Monthly,5,2024-05-20
SUB07453,CUST07453,Family,1499,Monthly,15,2024-05-05
SUB07454,CUST07454,Standard,799,Monthly,5,2024-10-18
SUB07455,CUST07455,Basic,499,Monthly,2,2025-04-05
SUB07456,CUST07456,Standard,799,Monthly,5,2024-12-20
SUB07457,CUST07457,Basic,499,Quarterly,2,2024-02-16
SUB07458,CUST07458,Family,1499,Monthly,15,2026-03-19
SUB07459,CUST07459,Family,1499,Annual,15,2024-06-05
SUB07460,CUST07460,Family,1499,Monthly,15,2024-09-05
SUB07461,CUST07461,Family,1499,Annual,15,2024-11-08
SUB07462,CUST07462,Family,1499,Quarterly,15,2025-05-18
SUB07463,CUST07463,Basic,499,Quarterly,2,2024-11-15
SUB07464,CUST07464,Basic,499,Monthly,2,2025-08-06
SUB07465,CUST07465,Basic,499,Monthly,2,2024-03-17
SUB07466,CUST07466,Family,1499,Monthly,15,2025-09-07
SUB07467,CUST07467,Standard,799,Quarterly,5,2024-01-21
SUB07468,CUST07468,Standard,799,Annual,5,2024-11-01
SUB07469,CUST07469,Standard,799,Monthly,5,2024-09-20
SUB07470,CUST07470,Basic,499,Monthly,2,2026-04-20
SUB07471,CUST07471,Premium,1199,Quarterly,10,2024-08-19
SUB07472,CUST07472,Basic,499,Monthly,2,2025-03-29
SUB07473,CUST07473,Standard,799,Monthly,5,2024-11-12
SUB07474,CUST07474,Premium,1199,Quarterly,10,2024-04-09
SUB07475,CUST07475,Basic,499,Monthly,2,2024-03-28
SUB07476,CUST07476,Family,1499,Monthly,15,2025-09-03
SUB07477,CUST07477,Family,1499,Monthly,15,2024-10-31
SUB07478,CUST07478,Basic,499,Monthly,2,2026-02-25
SUB07479,CUST07479,Standard,799,Quarterly,5,2024-01-14
SUB07480,CUST07480,Family,1499,Monthly,15,2024-03-27
SUB07481,CUST07481,Standard,799,Monthly,5,2024-11-07
SUB07482,CUST07482,Premium,1199,Monthly,10,2025-03-10
SUB07483,CUST07483,Family,1499,Annual,15,2024-09-06
SUB07484,CUST07484,Standard,799,Monthly,5,2024-12-14
SUB07485,CUST07485,Premium,1199,Annual,10,2024-11-24
SUB07486,CUST07486,Basic,499,Annual,2,2024-10-14
SUB07487,CUST07487,Family,1499,Annual,15,2024-08-15
SUB07488,CUST07488,Basic,499,Annual,2,2025-11-14
SUB07489,CUST07489,Premium,1199,Quarterly,10,2024-05-23
SUB07490,CUST07490,Basic,499,Monthly,2,2024-11-13
SUB07491,CUST07491,Standard,799,Annual,5,2026-02-27
SUB07492,CUST07492,Standard,799,Annual,5,2026-01-17
SUB07493,CUST07493,Family,1499,Monthly,15,2026-02-11
SUB07494,CUST07494,Standard,799,Monthly,5,2026-01-26
SUB07495,CUST07495,Premium,1199,Annual,10,2024-07-24
SUB07496,CUST07496,Family,1499,Monthly,15,2024-03-22
SUB07497,CUST07497,Standard,799,Quarterly,5,2025-04-20
SUB07498,CUST07498,Premium,1199,Monthly,10,2024-06-30
SUB07499,CUST07499,Premium,1199,Annual,10,2024-09-11
SUB07500,CUST07500,Premium,1199,Monthly,10,2024-08-03
SUB07501,CUST07501,Family,1499,Monthly,15,2024-04-15
SUB07502,CUST07502,Standard,799,Quarterly,5,2026-04-22
SUB07503,CUST07503,Basic,499,Monthly,2,2026-02-15
SUB07504,CUST07504,Standard,799,Quarterly,5,2025-09-02
SUB07505,CUST07505,Basic,499,Annual,2,2025-03-15
SUB07506,CUST07506,Standard,799,Monthly,5,2025-04-12
SUB07507,CUST07507,Standard,799,Quarterly,5,2024-11-22
SUB07508,CUST07508,Basic,499,Monthly,2,2024-10-24
SUB07509,CUST07509,Family,1499,Monthly,15,2026-02-26
SUB07510,CUST07510,Basic,499,Annual,2,2024-10-28
SUB07511,CUST07511,Standard,799,Monthly,5,2025-08-06
SUB07512,CUST07512,Family,1499,Annual,15,2026-01-28
SUB07513,CUST07513,Standard,799,Monthly,5,2026-03-28
SUB07514,CUST07514,Premium,1199,Monthly,10,2024-05-14
SUB07515,CUST07515,Basic,499,Monthly,2,2024-05-27
SUB07516,CUST07516,Basic,499,Monthly,2,2024-02-15
SUB07517,CUST07517,Basic,499,Quarterly,2,2025-07-02
SUB07518,CUST07518,Family,1499,Quarterly,15,2025-08-06
SUB07519,CUST07519,Standard,799,Quarterly,5,2024-09-02
SUB07520,CUST07520,Family,1499,Monthly,15,2024-04-23
SUB07521,CUST07521,Family,1499,Monthly,15,2024-09-30
SUB07522,CUST07522,Standard,799,Monthly,5,2026-01-22
SUB07523,CUST07523,Standard,799,Annual,5,2025-09-25
SUB07524,CUST07524,Family,1499,Annual,15,2025-01-04
SUB07525,CUST07525,Premium,1199,Quarterly,10,2024-02-18
SUB07526,CUST07526,Premium,1199,Annual,10,2024-08-09
SUB07527,CUST07527,Premium,1199,Quarterly,10,2024-08-10
SUB07528,CUST07528,Premium,1199,Monthly,10,2026-04-13
SUB07529,CUST07529,Premium,1199,Quarterly,10,2026-04-13
SUB07530,CUST07530,Basic,499,Monthly,2,2026-04-10
SUB07531,CUST07531,Standard,799,Monthly,5,2025-05-08
SUB07532,CUST07532,Family,1499,Quarterly,15,2024-05-29
SUB07533,CUST07533,Basic,499,Annual,2,2024-05-17
SUB07534,CUST07534,Basic,499,Monthly,2,2026-04-17
SUB07535,CUST07535,Basic,499,Monthly,2,2025-12-12
SUB07536,CUST07536,Basic,499,Quarterly,2,2024-06-10
SUB07537,CUST07537,Basic,499,Quarterly,2,2026-02-10
SUB07538,CUST07538,Premium,1199,Monthly,10,2025-07-03
SUB07539,CUST07539,Family,1499,Monthly,15,2026-01-25
SUB07540,CUST07540,Basic,499,Annual,2,2024-10-27
SUB07541,CUST07541,Basic,499,Annual,2,2024-07-16
SUB07542,CUST07542,Basic,499,Monthly,2,2024-12-14
SUB07543,CUST07543,Premium,1199,Quarterly,10,2026-04-19
SUB07544,CUST07544,Premium,1199,Annual,10,2024-07-02
SUB07545,CUST07545,Family,1499,Monthly,15,2024-06-01
SUB07546,CUST07546,Standard,799,Annual,5,2025-10-03
SUB07547,CUST07547,Standard,799,Monthly,5,2024-08-11
SUB07548,CUST07548,Basic,499,Monthly,2,2026-04-22
SUB07549,CUST07549,Family,1499,Annual,15,2025-04-12
SUB07550,CUST07550,Standard,799,Quarterly,5,2026-01-21
SUB07551,CUST07551,Standard,799,Annual,5,2025-10-30
SUB07552,CUST07552,Family,1499,Monthly,15,2024-01-15
SUB07553,CUST07553,Family,1499,Monthly,15,2024-03-19
SUB07554,CUST07554,Family,1499,Monthly,15,2024-07-16
SUB07555,CUST07555,Standard,799,Monthly,5,2025-02-16
SUB07556,CUST07556,Family,1499,Monthly,15,2024-01-24
SUB07557,CUST07557,Family,1499,Annual,15,2024-09-20
SUB07558,CUST07558,Basic,499,Monthly,2,2024-08-02
SUB07559,CUST07559,Family,1499,Quarterly,15,2025-02-14
SUB07560,CUST07560,Basic,499,Annual,2,2024-05-05
SUB07561,CUST07561,Family,1499,Quarterly,15,2024-02-11
SUB07562,CUST07562,Family,1499,Monthly,15,2025-01-28
SUB07563,CUST07563,Basic,499,Annual,2,2026-02-14
SUB07564,CUST07564,Family,1499,Quarterly,15,2025-08-12
SUB07565,CUST07565,Premium,1199,Quarterly,10,2024-04-30
SUB07566,CUST07566,Family,1499,Annual,15,2025-01-10
SUB07567,CUST07567,Family,1499,Annual,15,2024-11-24
SUB07568,CUST07568,Standard,799,Annual,5,2024-12-14
SUB07569,CUST07569,Standard,799,Monthly,5,2025-05-23
SUB07570,CUST07570,Premium,1199,Monthly,10,2024-06-28
SUB07571,CUST07571,Family,1499,Annual,15,2024-09-01
SUB07572,CUST07572,Premium,1199,Annual,10,2024-08-31
SUB07573,CUST07573,Standard,799,Quarterly,5,2025-03-19
SUB07574,CUST07574,Standard,799,Annual,5,2026-04-20
SUB07575,CUST07575,Basic,499,Quarterly,2,2025-02-01
SUB07576,CUST07576,Family,1499,Monthly,15,2024-07-16
SUB07577,CUST07577,Premium,1199,Monthly,10,2024-05-07
SUB07578,CUST07578,Standard,799,Monthly,5,2024-05-27
SUB07579,CUST07579,Family,1499,Monthly,15,2025-10-21
SUB07580,CUST07580,Premium,1199,Monthly,10,2024-08-02
SUB07581,CUST07581,Family,1499,Monthly,15,2025-11-17
SUB07582,CUST07582,Premium,1199,Monthly,10,2026-04-18
SUB07583,CUST07583,Family,1499,Monthly,15,2024-08-15
SUB07584,CUST07584,Basic,499,Monthly,2,2024-04-01
SUB07585,CUST07585,Family,1499,Annual,15,2024-09-05
SUB07586,CUST07586,Standard,799,Quarterly,5,2025-03-29
SUB07587,CUST07587,Premium,1199,Monthly,10,2025-10-08
SUB07588,CUST07588,Basic,499,Annual,2,2024-07-22
SUB07589,CUST07589,Basic,499,Quarterly,2,2025-04-14
SUB07590,CUST07590,Basic,499,Monthly,2,2025-10-26
SUB07591,CUST07591,Family,1499,Quarterly,15,2026-03-19
SUB07592,CUST07592,Basic,499,Monthly,2,2025-12-15
SUB07593,CUST07593,Basic,499,Annual,2,2024-10-31
SUB07594,CUST07594,Basic,499,Annual,2,2025-01-06
SUB07595,CUST07595,Premium,1199,Monthly,10,2026-01-29
SUB07596,CUST07596,Standard,799,Monthly,5,2024-11-24
SUB07597,CUST07597,Premium,1199,Monthly,10,2026-03-17
SUB07598,CUST07598,Family,1499,Annual,15,2025-04-11
SUB07599,CUST07599,Standard,799,Annual,5,2026-02-21
SUB07600,CUST07600,Family,1499,Annual,15,2025-11-14
SUB07601,CUST07601,Standard,799,Monthly,5,2024-01-13
SUB07602,CUST07602,Family,1499,Monthly,15,2024-11-29
SUB07603,CUST07603,Premium,1199,Monthly,10,2026-03-19
SUB07604,CUST07604,Basic,499,Monthly,2,2025-08-14
SUB07605,CUST07605,Family,1499,Monthly,15,2024-04-26
SUB07606,CUST07606,Family,1499,Annual,15,2024-06-30
SUB07607,CUST07607,Standard,799,Annual,5,2025-08-09
SUB07608,CUST07608,Basic,499,Monthly,2,2025-06-15
SUB07609,CUST07609,Standard,799,Quarterly,5,2025-08-16
SUB07610,CUST07610,Premium,1199,Quarterly,10,2024-01-02
SUB07611,CUST07611,Basic,499,Annual,2,2025-06-16
SUB07612,CUST07612,Premium,1199,Annual,10,2025-12-18
SUB07613,CUST07613,Standard,799,Quarterly,5,2024-06-26
SUB07614,CUST07614,Family,1499,Annual,15,2025-06-11
SUB07615,CUST07615,Family,1499,Monthly,15,2024-07-30
SUB07616,CUST07616,Premium,1199,Quarterly,10,2026-03-21
SUB07617,CUST07617,Basic,499,Quarterly,2,2025-08-15
SUB07618,CUST07618,Standard,799,Monthly,5,2024-03-09
SUB07619,CUST07619,Standard,799,Monthly,5,2024-02-26
SUB07620,CUST07620,Basic,499,Monthly,2,2024-05-25
SUB07621,CUST07621,Premium,1199,Monthly,10,2025-10-28
SUB07622,CUST07622,Basic,499,Monthly,2,2024-02-08
SUB07623,CUST07623,Family,1499,Monthly,15,2025-06-07
SUB07624,CUST07624,Basic,499,Monthly,2,2026-04-11
SUB07625,CUST07625,Premium,1199,Annual,10,2024-11-17
SUB07626,CUST07626,Standard,799,Monthly,5,2025-05-25
SUB07627,CUST07627,Premium,1199,Monthly,10,2024-03-27
SUB07628,CUST07628,Premium,1199,Annual,10,2024-09-15
SUB07629,CUST07629,Family,1499,Quarterly,15,2024-10-21
SUB07630,CUST07630,Standard,799,Monthly,5,2025-01-04
SUB07631,CUST07631,Basic,499,Monthly,2,2025-01-10
SUB07632,CUST07632,Standard,799,Quarterly,5,2024-04-30
SUB07633,CUST07633,Standard,799,Monthly,5,2025-12-08
SUB07634,CUST07634,Basic,499,Quarterly,2,2024-09-08
SUB07635,CUST07635,Basic,499,Monthly,2,2025-04-12
SUB07636,CUST07636,Family,1499,Monthly,15,2025-04-07
SUB07637,CUST07637,Premium,1199,Quarterly,10,2024-07-08
SUB07638,CUST07638,Family,1499,Monthly,15,2026-01-17
SUB07639,CUST07639,Basic,499,Monthly,2,2024-10-15
SUB07640,CUST07640,Premium,1199,Monthly,10,2025-10-25
SUB07641,CUST07641,Basic,499,Annual,2,2024-05-19
SUB07642,CUST07642,Premium,1199,Annual,10,2024-06-03
SUB07643,CUST07643,Standard,799,Quarterly,5,2026-01-23
SUB07644,CUST07644,Standard,799,Quarterly,5,2025-03-13
SUB07645,CUST07645,Family,1499,Monthly,15,2025-10-25
SUB07646,CUST07646,Premium,1199,Monthly,10,2026-03-19
SUB07647,CUST07647,Premium,1199,Monthly,10,2026-02-13
SUB07648,CUST07648,Premium,1199,Quarterly,10,2024-11-27
SUB07649,CUST07649,Premium,1199,Monthly,10,2025-05-21
SUB07650,CUST07650,Standard,799,Monthly,5,2026-03-30
SUB07651,CUST07651,Standard,799,Monthly,5,2024-07-21
SUB07652,CUST07652,Family,1499,Quarterly,15,2024-06-21
SUB07653,CUST07653,Premium,1199,Annual,10,2026-04-26
SUB07654,CUST07654,Standard,799,Monthly,5,2026-03-26
SUB07655,CUST07655,Basic,499,Annual,2,2025-09-28
SUB07656,CUST07656,Premium,1199,Monthly,10,2024-03-17
SUB07657,CUST07657,Premium,1199,Quarterly,10,2025-06-29
SUB07658,CUST07658,Family,1499,Monthly,15,2025-06-06
SUB07659,CUST07659,Premium,1199,Quarterly,10,2025-09-09
SUB07660,CUST07660,Family,1499,Annual,15,2026-01-23
SUB07661,CUST07661,Basic,499,Quarterly,2,2025-07-30
SUB07662,CUST07662,Family,1499,Monthly,15,2025-07-02
SUB07663,CUST07663,Basic,499,Annual,2,2024-06-09
SUB07664,CUST07664,Standard,799,Monthly,5,2025-06-09
SUB07665,CUST07665,Standard,799,Monthly,5,2025-04-01
SUB07666,CUST07666,Premium,1199,Annual,10,2024-09-23
SUB07667,CUST07667,Standard,799,Monthly,5,2025-01-24
SUB07668,CUST07668,Basic,499,Annual,2,2025-02-17
SUB07669,CUST07669,Standard,799,Quarterly,5,2025-10-24
SUB07670,CUST07670,Basic,499,Monthly,2,2025-12-15
SUB07671,CUST07671,Standard,799,Quarterly,5,2025-09-19
SUB07672,CUST07672,Family,1499,Monthly,15,2025-09-06
SUB07673,CUST07673,Premium,1199,Quarterly,10,2025-04-02
SUB07674,CUST07674,Standard,799,Monthly,5,2025-08-06
SUB07675,CUST07675,Basic,499,Annual,2,2026-01-15
SUB07676,CUST07676,Basic,499,Quarterly,2,2024-01-17
SUB07677,CUST07677,Premium,1199,Monthly,10,2024-06-10
SUB07678,CUST07678,Standard,799,Monthly,5,2024-11-08
SUB07679,CUST07679,Standard,799,Monthly,5,2025-06-28
SUB07680,CUST07680,Premium,1199,Monthly,10,2025-09-06
SUB07681,CUST07681,Standard,799,Monthly,5,2024-04-23
SUB07682,CUST07682,Basic,499,Monthly,2,2025-08-02
SUB07683,CUST07683,Family,1499,Annual,15,2025-11-15
SUB07684,CUST07684,Premium,1199,Monthly,10,2026-01-25
SUB07685,CUST07685,Standard,799,Monthly,5,2024-12-11
SUB07686,CUST07686,Basic,499,Monthly,2,2025-07-05
SUB07687,CUST07687,Family,1499,Quarterly,15,2026-03-06
SUB07688,CUST07688,Standard,799,Monthly,5,2025-02-15
SUB07689,CUST07689,Standard,799,Monthly,5,2025-12-18
SUB07690,CUST07690,Standard,799,Annual,5,2024-05-15
SUB07691,CUST07691,Standard,799,Monthly,5,2024-12-12
SUB07692,CUST07692,Basic,499,Annual,2,2026-04-24
SUB07693,CUST07693,Standard,799,Monthly,5,2025-12-17
SUB07694,CUST07694,Basic,499,Annual,2,2024-08-16
SUB07695,CUST07695,Basic,499,Monthly,2,2026-02-24
SUB07696,CUST07696,Standard,799,Annual,5,2024-09-03
SUB07697,CUST07697,Standard,799,Monthly,5,2024-07-12
SUB07698,CUST07698,Standard,799,Annual,5,2024-11-01
SUB07699,CUST07699,Family,1499,Quarterly,15,2025-03-31
SUB07700,CUST07700,Standard,799,Monthly,5,2025-09-25
SUB07701,CUST07701,Family,1499,Monthly,15,2024-02-22
SUB07702,CUST07702,Standard,799,Monthly,5,2025-08-30
SUB07703,CUST07703,Family,1499,Monthly,15,2025-09-07
SUB07704,CUST07704,Standard,799,Monthly,5,2025-02-19
SUB07705,CUST07705,Standard,799,Annual,5,2024-02-06
SUB07706,CUST07706,Premium,1199,Monthly,10,2025-11-17
SUB07707,CUST07707,Standard,799,Annual,5,2024-03-29
SUB07708,CUST07708,Basic,499,Annual,2,2024-04-09
SUB07709,CUST07709,Family,1499,Monthly,15,2024-05-31
SUB07710,CUST07710,Basic,499,Monthly,2,2025-04-20
SUB07711,CUST07711,Standard,799,Monthly,5,2026-01-28
SUB07712,CUST07712,Family,1499,Monthly,15,2024-03-18
SUB07713,CUST07713,Family,1499,Quarterly,15,2025-09-25
SUB07714,CUST07714,Family,1499,Quarterly,15,2024-08-30
SUB07715,CUST07715,Family,1499,Annual,15,2025-12-24
SUB07716,CUST07716,Standard,799,Annual,5,2026-03-14
SUB07717,CUST07717,Family,1499,Monthly,15,2025-06-11
SUB07718,CUST07718,Basic,499,Monthly,2,2025-01-31
SUB07719,CUST07719,Premium,1199,Annual,10,2025-03-22
SUB07720,CUST07720,Family,1499,Quarterly,15,2025-11-16
SUB07721,CUST07721,Family,1499,Monthly,15,2026-03-30
SUB07722,CUST07722,Premium,1199,Monthly,10,2025-08-01
SUB07723,CUST07723,Standard,799,Monthly,5,2025-01-28
SUB07724,CUST07724,Family,1499,Monthly,15,2024-11-28
SUB07725,CUST07725,Premium,1199,Quarterly,10,2025-04-09
SUB07726,CUST07726,Premium,1199,Monthly,10,2024-06-25
SUB07727,CUST07727,Premium,1199,Annual,10,2025-04-05
SUB07728,CUST07728,Family,1499,Monthly,15,2024-10-04
SUB07729,CUST07729,Standard,799,Monthly,5,2025-08-29
SUB07730,CUST07730,Family,1499,Quarterly,15,2026-01-15
SUB07731,CUST07731,Basic,499,Monthly,2,2024-05-23
SUB07732,CUST07732,Basic,499,Monthly,2,2025-07-12
SUB07733,CUST07733,Standard,799,Monthly,5,2025-01-04
SUB07734,CUST07734,Premium,1199,Monthly,10,2026-03-13
SUB07735,CUST07735,Family,1499,Quarterly,15,2025-06-23
SUB07736,CUST07736,Family,1499,Annual,15,2024-08-21
SUB07737,CUST07737,Standard,799,Monthly,5,2026-01-20
SUB07738,CUST07738,Standard,799,Annual,5,2024-11-10
SUB07739,CUST07739,Standard,799,Monthly,5,2025-07-30
SUB07740,CUST07740,Premium,1199,Annual,10,2024-08-01
SUB07741,CUST07741,Family,1499,Monthly,15,2024-04-09
SUB07742,CUST07742,Basic,499,Monthly,2,2024-05-09
SUB07743,CUST07743,Basic,499,Annual,2,2025-07-10
SUB07744,CUST07744,Family,1499,Monthly,15,2025-12-11
SUB07745,CUST07745,Basic,499,Annual,2,2026-04-17
SUB07746,CUST07746,Premium,1199,Annual,10,2025-02-24
SUB07747,CUST07747,Standard,799,Quarterly,5,2024-10-27
SUB07748,CUST07748,Family,1499,Annual,15,2024-02-04
SUB07749,CUST07749,Basic,499,Quarterly,2,2024-06-27
SUB07750,CUST07750,Premium,1199,Annual,10,2025-01-04
SUB07751,CUST07751,Premium,1199,Quarterly,10,2024-06-05
SUB07752,CUST07752,Family,1499,Monthly,15,2025-01-10
SUB07753,CUST07753,Standard,799,Monthly,5,2025-02-11
SUB07754,CUST07754,Premium,1199,Annual,10,2026-03-13
SUB07755,CUST07755,Standard,799,Quarterly,5,2026-01-12
SUB07756,CUST07756,Basic,499,Annual,2,2026-02-17
SUB07757,CUST07757,Premium,1199,Monthly,10,2024-10-17
SUB07758,CUST07758,Basic,499,Monthly,2,2026-03-24
SUB07759,CUST07759,Family,1499,Monthly,15,2025-02-25
SUB07760,CUST07760,Premium,1199,Monthly,10,2026-02-15
SUB07761,CUST07761,Family,1499,Monthly,15,2025-04-13
SUB07762,CUST07762,Standard,799,Monthly,5,2024-12-03
SUB07763,CUST07763,Standard,799,Monthly,5,2024-12-10
SUB07764,CUST07764,Family,1499,Monthly,15,2024-04-24
SUB07765,CUST07765,Basic,499,Monthly,2,2024-01-02
SUB07766,CUST07766,Basic,499,Monthly,2,2025-09-26
SUB07767,CUST07767,Family,1499,Monthly,15,2025-09-10
SUB07768,CUST07768,Premium,1199,Annual,10,2024-04-29
SUB07769,CUST07769,Premium,1199,Monthly,10,2025-10-02
SUB07770,CUST07770,Premium,1199,Annual,10,2024-07-10
SUB07771,CUST07771,Basic,499,Monthly,2,2024-08-07
SUB07772,CUST07772,Standard,799,Annual,5,2024-10-05
SUB07773,CUST07773,Premium,1199,Annual,10,2024-04-30
SUB07774,CUST07774,Family,1499,Annual,15,2024-11-13
SUB07775,CUST07775,Premium,1199,Monthly,10,2024-04-12
SUB07776,CUST07776,Family,1499,Annual,15,2025-05-27
SUB07777,CUST07777,Basic,499,Annual,2,2024-04-13
SUB07778,CUST07778,Standard,799,Annual,5,2025-09-11
SUB07779,CUST07779,Basic,499,Annual,2,2025-02-10
SUB07780,CUST07780,Family,1499,Monthly,15,2025-08-16
SUB07781,CUST07781,Basic,499,Monthly,2,2024-01-11
SUB07782,CUST07782,Basic,499,Annual,2,2024-08-24
SUB07783,CUST07783,Basic,499,Monthly,2,2024-11-15
SUB07784,CUST07784,Premium,1199,Monthly,10,2024-11-05
SUB07785,CUST07785,Standard,799,Quarterly,5,2024-09-14
SUB07786,CUST07786,Premium,1199,Quarterly,10,2026-01-27
SUB07787,CUST07787,Premium,1199,Monthly,10,2026-01-22
SUB07788,CUST07788,Premium,1199,Quarterly,10,2025-08-23
SUB07789,CUST07789,Basic,499,Monthly,2,2025-02-07
SUB07790,CUST07790,Premium,1199,Quarterly,10,2025-07-19
SUB07791,CUST07791,Family,1499,Quarterly,15,2025-06-27
SUB07792,CUST07792,Basic,499,Monthly,2,2025-01-22
SUB07793,CUST07793,Standard,799,Quarterly,5,2024-12-07
SUB07794,CUST07794,Basic,499,Annual,2,2024-05-09
SUB07795,CUST07795,Basic,499,Monthly,2,2025-04-09
SUB07796,CUST07796,Premium,1199,Monthly,10,2024-12-07
SUB07797,CUST07797,Premium,1199,Quarterly,10,2024-12-30
SUB07798,CUST07798,Family,1499,Monthly,15,2024-03-22
SUB07799,CUST07799,Standard,799,Annual,5,2024-05-13
SUB07800,CUST07800,Premium,1199,Quarterly,10,2024-08-07
SUB07801,CUST07801,Basic,499,Monthly,2,2025-12-12
SUB07802,CUST07802,Family,1499,Quarterly,15,2025-02-27
SUB07803,CUST07803,Standard,799,Monthly,5,2025-11-19
SUB07804,CUST07804,Basic,499,Quarterly,2,2025-03-14
SUB07805,CUST07805,Standard,799,Monthly,5,2024-08-27
SUB07806,CUST07806,Standard,799,Quarterly,5,2024-07-27
SUB07807,CUST07807,Basic,499,Annual,2,2024-01-03
SUB07808,CUST07808,Premium,1199,Monthly,10,2025-04-22
SUB07809,CUST07809,Family,1499,Monthly,15,2024-06-06
SUB07810,CUST07810,Basic,499,Monthly,2,2025-12-17
SUB07811,CUST07811,Premium,1199,Quarterly,10,2026-03-09
SUB07812,CUST07812,Family,1499,Quarterly,15,2026-02-14
SUB07813,CUST07813,Premium,1199,Quarterly,10,2025-07-04
SUB07814,CUST07814,Premium,1199,Monthly,10,2025-03-17
SUB07815,CUST07815,Family,1499,Monthly,15,2025-07-13
SUB07816,CUST07816,Standard,799,Monthly,5,2024-11-11
SUB07817,CUST07817,Premium,1199,Monthly,10,2025-07-29
SUB07818,CUST07818,Family,1499,Annual,15,2024-11-27
SUB07819,CUST07819,Family,1499,Annual,15,2025-10-11
SUB07820,CUST07820,Basic,499,Monthly,2,2024-06-29
SUB07821,CUST07821,Premium,1199,Monthly,10,2025-06-14
SUB07822,CUST07822,Basic,499,Monthly,2,2026-03-22
SUB07823,CUST07823,Premium,1199,Monthly,10,2026-04-01
SUB07824,CUST07824,Standard,799,Monthly,5,2026-01-09
SUB07825,CUST07825,Basic,499,Monthly,2,2024-01-30
SUB07826,CUST07826,Premium,1199,Monthly,10,2024-04-09
SUB07827,CUST07827,Premium,1199,Quarterly,10,2024-10-18
SUB07828,CUST07828,Standard,799,Quarterly,5,2026-04-10
SUB07829,CUST07829,Premium,1199,Annual,10,2024-09-18
SUB07830,CUST07830,Family,1499,Quarterly,15,2025-11-25
SUB07831,CUST07831,Premium,1199,Quarterly,10,2024-05-25
SUB07832,CUST07832,Family,1499,Monthly,15,2024-02-15
SUB07833,CUST07833,Standard,799,Quarterly,5,2024-01-24
SUB07834,CUST07834,Basic,499,Quarterly,2,2026-04-02
SUB07835,CUST07835,Premium,1199,Monthly,10,2026-03-25
SUB07836,CUST07836,Family,1499,Quarterly,15,2026-01-10
SUB07837,CUST07837,Family,1499,Quarterly,15,2025-11-04
SUB07838,CUST07838,Premium,1199,Quarterly,10,2025-08-12
SUB07839,CUST07839,Standard,799,Monthly,5,2025-04-23
SUB07840,CUST07840,Premium,1199,Monthly,10,2025-02-01
SUB07841,CUST07841,Premium,1199,Monthly,10,2025-05-11
SUB07842,CUST07842,Family,1499,Monthly,15,2025-02-24
SUB07843,CUST07843,Premium,1199,Monthly,10,2024-01-24
SUB07844,CUST07844,Family,1499,Annual,15,2025-12-07
SUB07845,CUST07845,Standard,799,Monthly,5,2024-02-26
SUB07846,CUST07846,Family,1499,Annual,15,2024-12-15
SUB07847,CUST07847,Family,1499,Monthly,15,2025-05-29
SUB07848,CUST07848,Standard,799,Monthly,5,2025-12-05
SUB07849,CUST07849,Standard,799,Annual,5,2024-08-07
SUB07850,CUST07850,Premium,1199,Quarterly,10,2025-12-17
SUB07851,CUST07851,Family,1499,Annual,15,2024-09-08
SUB07852,CUST07852,Premium,1199,Annual,10,2024-11-27
SUB07853,CUST07853,Family,1499,Monthly,15,2026-04-17
SUB07854,CUST07854,Family,1499,Monthly,15,2025-01-19
SUB07855,CUST07855,Basic,499,Monthly,2,2024-06-25
SUB07856,CUST07856,Family,1499,Annual,15,2024-04-11
SUB07857,CUST07857,Family,1499,Monthly,15,2024-10-09
SUB07858,CUST07858,Family,1499,Annual,15,2024-01-03
SUB07859,CUST07859,Basic,499,Quarterly,2,2024-07-21
SUB07860,CUST07860,Family,1499,Monthly,15,2025-02-14
SUB07861,CUST07861,Basic,499,Monthly,2,2025-12-19
SUB07862,CUST07862,Basic,499,Monthly,2,2025-04-11
SUB07863,CUST07863,Premium,1199,Annual,10,2024-07-29
SUB07864,CUST07864,Basic,499,Monthly,2,2025-02-22
SUB07865,CUST07865,Premium,1199,Annual,10,2025-03-14
SUB07866,CUST07866,Family,1499,Quarterly,15,2024-08-31
SUB07867,CUST07867,Basic,499,Quarterly,2,2024-08-17
SUB07868,CUST07868,Premium,1199,Monthly,10,2025-07-26
SUB07869,CUST07869,Premium,1199,Monthly,10,2026-04-08
SUB07870,CUST07870,Premium,1199,Annual,10,2024-11-16
SUB07871,CUST07871,Basic,499,Quarterly,2,2024-07-06
SUB07872,CUST07872,Premium,1199,Monthly,10,2025-05-02
SUB07873,CUST07873,Basic,499,Monthly,2,2025-04-25
SUB07874,CUST07874,Family,1499,Annual,15,2025-06-20
SUB07875,CUST07875,Family,1499,Monthly,15,2024-08-05
SUB07876,CUST07876,Basic,499,Monthly,2,2026-01-20
SUB07877,CUST07877,Premium,1199,Monthly,10,2024-05-31
SUB07878,CUST07878,Premium,1199,Annual,10,2024-06-10
SUB07879,CUST07879,Standard,799,Monthly,5,2025-07-11
SUB07880,CUST07880,Premium,1199,Monthly,10,2024-03-30
SUB07881,CUST07881,Premium,1199,Quarterly,10,2025-03-15
SUB07882,CUST07882,Family,1499,Annual,15,2024-09-18
SUB07883,CUST07883,Family,1499,Monthly,15,2025-12-26
SUB07884,CUST07884,Premium,1199,Monthly,10,2024-10-01
SUB07885,CUST07885,Basic,499,Quarterly,2,2024-04-18
SUB07886,CUST07886,Standard,799,Monthly,5,2025-07-07
SUB07887,CUST07887,Family,1499,Monthly,15,2026-04-05
SUB07888,CUST07888,Basic,499,Quarterly,2,2024-08-28
SUB07889,CUST07889,Family,1499,Quarterly,15,2024-03-06
SUB07890,CUST07890,Premium,1199,Quarterly,10,2024-06-02
SUB07891,CUST07891,Basic,499,Monthly,2,2025-10-18
SUB07892,CUST07892,Premium,1199,Monthly,10,2025-04-07
SUB07893,CUST07893,Basic,499,Quarterly,2,2024-02-11
SUB07894,CUST07894,Family,1499,Monthly,15,2025-07-13
SUB07895,CUST07895,Premium,1199,Monthly,10,2026-02-21
SUB07896,CUST07896,Basic,499,Monthly,2,2024-03-25
SUB07897,CUST07897,Standard,799,Monthly,5,2024-07-18
SUB07898,CUST07898,Standard,799,Annual,5,2025-03-11
SUB07899,CUST07899,Family,1499,Quarterly,15,2024-08-25
SUB07900,CUST07900,Standard,799,Annual,5,2024-09-08
SUB07901,CUST07901,Family,1499,Quarterly,15,2025-11-24
SUB07902,CUST07902,Basic,499,Quarterly,2,2024-11-01
SUB07903,CUST07903,Family,1499,Monthly,15,2025-11-21
SUB07904,CUST07904,Standard,799,Annual,5,2026-03-25
SUB07905,CUST07905,Standard,799,Monthly,5,2024-01-28
SUB07906,CUST07906,Basic,499,Annual,2,2024-12-11
SUB07907,CUST07907,Premium,1199,Quarterly,10,2025-05-05
SUB07908,CUST07908,Standard,799,Monthly,5,2024-12-19
SUB07909,CUST07909,Standard,799,Annual,5,2025-09-20
SUB07910,CUST07910,Family,1499,Annual,15,2024-03-26
SUB07911,CUST07911,Premium,1199,Annual,10,2026-03-10
SUB07912,CUST07912,Premium,1199,Quarterly,10,2026-04-08
SUB07913,CUST07913,Family,1499,Monthly,15,2025-10-29
SUB07914,CUST07914,Family,1499,Monthly,15,2024-12-10
SUB07915,CUST07915,Family,1499,Quarterly,15,2025-10-12
SUB07916,CUST07916,Standard,799,Quarterly,5,2024-11-23
SUB07917,CUST07917,Standard,799,Annual,5,2024-05-09
SUB07918,CUST07918,Family,1499,Quarterly,15,2024-09-22
SUB07919,CUST07919,Standard,799,Annual,5,2025-02-13
SUB07920,CUST07920,Family,1499,Annual,15,2026-03-29
SUB07921,CUST07921,Basic,499,Annual,2,2025-01-08
SUB07922,CUST07922,Family,1499,Annual,15,2025-02-01
SUB07923,CUST07923,Premium,1199,Quarterly,10,2024-04-27
SUB07924,CUST07924,Family,1499,Annual,15,2025-09-20
SUB07925,CUST07925,Family,1499,Monthly,15,2024-12-10
SUB07926,CUST07926,Standard,799,Monthly,5,2026-02-08
SUB07927,CUST07927,Standard,799,Quarterly,5,2024-11-05
SUB07928,CUST07928,Standard,799,Monthly,5,2024-07-17
SUB07929,CUST07929,Standard,799,Annual,5,2025-10-04
SUB07930,CUST07930,Standard,799,Annual,5,2024-02-15
SUB07931,CUST07931,Basic,499,Quarterly,2,2025-10-09
SUB07932,CUST07932,Basic,499,Monthly,2,2025-09-24
SUB07933,CUST07933,Standard,799,Annual,5,2024-06-24
SUB07934,CUST07934,Standard,799,Monthly,5,2026-01-01
SUB07935,CUST07935,Family,1499,Monthly,15,2025-01-25
SUB07936,CUST07936,Premium,1199,Monthly,10,2024-10-02
SUB07937,CUST07937,Standard,799,Quarterly,5,2025-12-13
SUB07938,CUST07938,Standard,799,Annual,5,2026-03-13
SUB07939,CUST07939,Premium,1199,Quarterly,10,2025-06-12
SUB07940,CUST07940,Standard,799,Annual,5,2024-06-05
SUB07941,CUST07941,Standard,799,Annual,5,2025-05-09
SUB07942,CUST07942,Standard,799,Monthly,5,2024-01-02
SUB07943,CUST07943,Standard,799,Annual,5,2026-02-01
SUB07944,CUST07944,Family,1499,Quarterly,15,2025-06-16
SUB07945,CUST07945,Basic,499,Monthly,2,2025-05-13
SUB07946,CUST07946,Standard,799,Monthly,5,2024-12-27
SUB07947,CUST07947,Basic,499,Annual,2,2025-01-27
SUB07948,CUST07948,Standard,799,Quarterly,5,2024-04-22
SUB07949,CUST07949,Basic,499,Quarterly,2,2024-03-24
SUB07950,CUST07950,Basic,499,Quarterly,2,2025-07-07
SUB07951,CUST07951,Family,1499,Quarterly,15,2024-10-03
SUB07952,CUST07952,Standard,799,Annual,5,2024-12-22
SUB07953,CUST07953,Basic,499,Monthly,2,2024-08-29
SUB07954,CUST07954,Basic,499,Annual,2,2026-01-23
SUB07955,CUST07955,Basic,499,Monthly,2,2025-07-10
SUB07956,CUST07956,Premium,1199,Monthly,10,2024-03-20
SUB07957,CUST07957,Basic,499,Quarterly,2,2024-10-30
SUB07958,CUST07958,Family,1499,Monthly,15,2024-04-22
SUB07959,CUST07959,Premium,1199,Monthly,10,2024-04-17
SUB07960,CUST07960,Family,1499,Monthly,15,2025-08-26
SUB07961,CUST07961,Premium,1199,Monthly,10,2025-12-31
SUB07962,CUST07962,Family,1499,Monthly,15,2025-01-01
SUB07963,CUST07963,Premium,1199,Monthly,10,2025-02-04
SUB07964,CUST07964,Basic,499,Monthly,2,2026-01-30
SUB07965,CUST07965,Standard,799,Monthly,5,2025-01-29
SUB07966,CUST07966,Standard,799,Annual,5,2024-07-21
SUB07967,CUST07967,Premium,1199,Quarterly,10,2024-08-24
SUB07968,CUST07968,Family,1499,Monthly,15,2026-01-11
SUB07969,CUST07969,Family,1499,Monthly,15,2025-07-12
SUB07970,CUST07970,Premium,1199,Monthly,10,2026-04-20
SUB07971,CUST07971,Premium,1199,Monthly,10,2026-03-14
SUB07972,CUST07972,Family,1499,Monthly,15,2025-09-18
SUB07973,CUST07973,Premium,1199,Monthly,10,2024-12-24
SUB07974,CUST07974,Standard,799,Monthly,5,2024-10-01
SUB07975,CUST07975,Family,1499,Monthly,15,2025-08-16
SUB07976,CUST07976,Family,1499,Monthly,15,2024-02-04
SUB07977,CUST07977,Standard,799,Quarterly,5,2024-09-30
SUB07978,CUST07978,Basic,499,Monthly,2,2024-01-06
SUB07979,CUST07979,Family,1499,Quarterly,15,2026-01-13
SUB07980,CUST07980,Basic,499,Monthly,2,2025-12-15
SUB07981,CUST07981,Basic,499,Monthly,2,2024-03-20
SUB07982,CUST07982,Family,1499,Annual,15,2025-10-29
SUB07983,CUST07983,Family,1499,Monthly,15,2024-01-16
SUB07984,CUST07984,Basic,499,Annual,2,2025-11-24
SUB07985,CUST07985,Standard,799,Quarterly,5,2025-02-24
SUB07986,CUST07986,Standard,799,Annual,5,2024-09-17
SUB07987,CUST07987,Standard,799,Monthly,5,2024-12-14
SUB07988,CUST07988,Premium,1199,Monthly,10,2024-04-15
SUB07989,CUST07989,Standard,799,Annual,5,2024-08-05
SUB07990,CUST07990,Basic,499,Annual,2,2025-02-19
SUB07991,CUST07991,Basic,499,Quarterly,2,2025-01-14
SUB07992,CUST07992,Basic,499,Monthly,2,2024-12-11
SUB07993,CUST07993,Premium,1199,Monthly,10,2026-02-18
SUB07994,CUST07994,Basic,499,Monthly,2,2024-08-22
SUB07995,CUST07995,Premium,1199,Quarterly,10,2025-02-14
SUB07996,CUST07996,Premium,1199,Annual,10,2024-06-13
SUB07997,CUST07997,Family,1499,Monthly,15,2024-10-15
SUB07998,CUST07998,Premium,1199,Monthly,10,2024-01-06
SUB07999,CUST07999,Family,1499,Annual,15,2025-04-04
SUB08000,CUST08000,Basic,499,Monthly,2,2026-02-09
SUB08001,CUST08001,Premium,1199,Monthly,10,2025-04-30
SUB08002,CUST08002,Premium,1199,Monthly,10,2026-01-25
SUB08003,CUST08003,Premium,1199,Monthly,10,2025-09-28
SUB08004,CUST08004,Premium,1199,Annual,10,2026-01-04
SUB08005,CUST08005,Basic,499,Quarterly,2,2025-07-20
SUB08006,CUST08006,Standard,799,Monthly,5,2025-09-21
SUB08007,CUST08007,Standard,799,Monthly,5,2025-03-20
SUB08008,CUST08008,Family,1499,Monthly,15,2025-04-25
SUB08009,CUST08009,Standard,799,Annual,5,2024-01-10
SUB08010,CUST08010,Family,1499,Annual,15,2024-07-31
SUB08011,CUST08011,Standard,799,Annual,5,2025-07-04
SUB08012,CUST08012,Basic,499,Quarterly,2,2024-06-09
SUB08013,CUST08013,Premium,1199,Monthly,10,2025-12-18
SUB08014,CUST08014,Premium,1199,Monthly,10,2024-06-03
SUB08015,CUST08015,Family,1499,Monthly,15,2025-05-07
SUB08016,CUST08016,Standard,799,Annual,5,2024-08-12
SUB08017,CUST08017,Basic,499,Monthly,2,2024-08-08
SUB08018,CUST08018,Standard,799,Annual,5,2025-09-15
SUB08019,CUST08019,Family,1499,Monthly,15,2024-06-11
SUB08020,CUST08020,Premium,1199,Quarterly,10,2024-04-18
SUB08021,CUST08021,Family,1499,Annual,15,2025-07-20
SUB08022,CUST08022,Premium,1199,Monthly,10,2024-01-23
SUB08023,CUST08023,Basic,499,Monthly,2,2025-09-17
SUB08024,CUST08024,Premium,1199,Monthly,10,2025-07-04
SUB08025,CUST08025,Family,1499,Annual,15,2024-06-28
SUB08026,CUST08026,Premium,1199,Monthly,10,2024-04-29
SUB08027,CUST08027,Family,1499,Monthly,15,2025-08-08
SUB08028,CUST08028,Family,1499,Monthly,15,2024-10-26
SUB08029,CUST08029,Basic,499,Annual,2,2026-01-27
SUB08030,CUST08030,Basic,499,Monthly,2,2025-05-16
SUB08031,CUST08031,Premium,1199,Monthly,10,2024-06-09
SUB08032,CUST08032,Family,1499,Monthly,15,2025-03-31
SUB08033,CUST08033,Basic,499,Annual,2,2024-03-11
SUB08034,CUST08034,Basic,499,Monthly,2,2026-01-17
SUB08035,CUST08035,Family,1499,Annual,15,2025-06-08
SUB08036,CUST08036,Basic,499,Quarterly,2,2026-01-08
SUB08037,CUST08037,Standard,799,Quarterly,5,2024-08-22
SUB08038,CUST08038,Premium,1199,Monthly,10,2024-05-16
SUB08039,CUST08039,Premium,1199,Annual,10,2025-09-22
SUB08040,CUST08040,Premium,1199,Annual,10,2025-03-25
SUB08041,CUST08041,Standard,799,Quarterly,5,2024-05-12
SUB08042,CUST08042,Family,1499,Monthly,15,2024-02-14
SUB08043,CUST08043,Basic,499,Monthly,2,2025-09-11
SUB08044,CUST08044,Premium,1199,Monthly,10,2024-11-21
SUB08045,CUST08045,Standard,799,Monthly,5,2025-03-22
SUB08046,CUST08046,Standard,799,Monthly,5,2025-09-30
SUB08047,CUST08047,Basic,499,Monthly,2,2026-04-19
SUB08048,CUST08048,Family,1499,Monthly,15,2025-10-16
SUB08049,CUST08049,Standard,799,Annual,5,2026-02-04
SUB08050,CUST08050,Standard,799,Annual,5,2025-05-30
SUB08051,CUST08051,Basic,499,Annual,2,2025-10-29
SUB08052,CUST08052,Standard,799,Quarterly,5,2025-03-27
SUB08053,CUST08053,Basic,499,Monthly,2,2025-09-14
SUB08054,CUST08054,Premium,1199,Quarterly,10,2024-02-09
SUB08055,CUST08055,Premium,1199,Monthly,10,2025-05-04
SUB08056,CUST08056,Standard,799,Annual,5,2024-03-11
SUB08057,CUST08057,Basic,499,Monthly,2,2025-04-13
SUB08058,CUST08058,Premium,1199,Quarterly,10,2025-11-09
SUB08059,CUST08059,Standard,799,Monthly,5,2024-02-28
SUB08060,CUST08060,Premium,1199,Monthly,10,2024-05-25
SUB08061,CUST08061,Premium,1199,Annual,10,2024-05-10
SUB08062,CUST08062,Family,1499,Annual,15,2024-02-14
SUB08063,CUST08063,Standard,799,Annual,5,2024-02-03
SUB08064,CUST08064,Basic,499,Annual,2,2024-04-17
SUB08065,CUST08065,Premium,1199,Monthly,10,2026-02-05
SUB08066,CUST08066,Family,1499,Quarterly,15,2024-05-09
SUB08067,CUST08067,Premium,1199,Quarterly,10,2024-06-11
SUB08068,CUST08068,Standard,799,Annual,5,2025-03-17
SUB08069,CUST08069,Family,1499,Quarterly,15,2024-07-18
SUB08070,CUST08070,Standard,799,Monthly,5,2025-06-17
SUB08071,CUST08071,Family,1499,Monthly,15,2024-03-06
SUB08072,CUST08072,Family,1499,Monthly,15,2024-05-24
SUB08073,CUST08073,Family,1499,Monthly,15,2025-03-23
SUB08074,CUST08074,Family,1499,Monthly,15,2024-09-06
SUB08075,CUST08075,Basic,499,Quarterly,2,2025-09-15
SUB08076,CUST08076,Premium,1199,Monthly,10,2026-02-03
SUB08077,CUST08077,Standard,799,Monthly,5,2025-12-04
SUB08078,CUST08078,Family,1499,Monthly,15,2026-03-01
SUB08079,CUST08079,Premium,1199,Quarterly,10,2024-11-21
SUB08080,CUST08080,Family,1499,Monthly,15,2026-04-15
SUB08081,CUST08081,Premium,1199,Annual,10,2024-10-20
SUB08082,CUST08082,Family,1499,Annual,15,2025-05-19
SUB08083,CUST08083,Standard,799,Quarterly,5,2024-08-05
SUB08084,CUST08084,Family,1499,Quarterly,15,2024-10-11
SUB08085,CUST08085,Premium,1199,Monthly,10,2024-05-21
SUB08086,CUST08086,Family,1499,Annual,15,2024-08-05
SUB08087,CUST08087,Basic,499,Monthly,2,2024-09-19
SUB08088,CUST08088,Family,1499,Monthly,15,2026-02-09
SUB08089,CUST08089,Basic,499,Monthly,2,2025-04-14
SUB08090,CUST08090,Family,1499,Monthly,15,2025-11-22
SUB08091,CUST08091,Premium,1199,Monthly,10,2025-04-03
SUB08092,CUST08092,Premium,1199,Monthly,10,2024-07-17
SUB08093,CUST08093,Basic,499,Monthly,2,2025-07-19
SUB08094,CUST08094,Basic,499,Quarterly,2,2025-11-07
SUB08095,CUST08095,Premium,1199,Monthly,10,2024-05-29
SUB08096,CUST08096,Standard,799,Monthly,5,2025-03-19
SUB08097,CUST08097,Standard,799,Quarterly,5,2024-05-16
SUB08098,CUST08098,Standard,799,Annual,5,2025-01-26
SUB08099,CUST08099,Standard,799,Quarterly,5,2026-03-18
SUB08100,CUST08100,Standard,799,Monthly,5,2025-01-10
SUB08101,CUST08101,Basic,499,Quarterly,2,2024-04-01
SUB08102,CUST08102,Premium,1199,Quarterly,10,2025-12-31
SUB08103,CUST08103,Standard,799,Monthly,5,2025-06-10
SUB08104,CUST08104,Basic,499,Monthly,2,2025-01-19
SUB08105,CUST08105,Family,1499,Monthly,15,2025-09-13
SUB08106,CUST08106,Standard,799,Monthly,5,2024-04-03
SUB08107,CUST08107,Premium,1199,Monthly,10,2025-12-20
SUB08108,CUST08108,Family,1499,Monthly,15,2025-09-15
SUB08109,CUST08109,Basic,499,Annual,2,2025-01-30
SUB08110,CUST08110,Family,1499,Monthly,15,2025-08-05
SUB08111,CUST08111,Basic,499,Monthly,2,2026-04-06
SUB08112,CUST08112,Standard,799,Quarterly,5,2024-03-29
SUB08113,CUST08113,Basic,499,Annual,2,2024-01-26
SUB08114,CUST08114,Standard,799,Quarterly,5,2024-10-17
SUB08115,CUST08115,Standard,799,Quarterly,5,2024-07-17
SUB08116,CUST08116,Standard,799,Monthly,5,2024-04-30
SUB08117,CUST08117,Standard,799,Annual,5,2025-09-22
SUB08118,CUST08118,Premium,1199,Monthly,10,2024-07-24
SUB08119,CUST08119,Basic,499,Annual,2,2026-01-24
SUB08120,CUST08120,Premium,1199,Monthly,10,2025-04-05
SUB08121,CUST08121,Premium,1199,Monthly,10,2024-03-12
SUB08122,CUST08122,Standard,799,Monthly,5,2026-03-22
SUB08123,CUST08123,Premium,1199,Monthly,10,2024-10-09
SUB08124,CUST08124,Basic,499,Monthly,2,2025-01-08
SUB08125,CUST08125,Standard,799,Annual,5,2025-10-27
SUB08126,CUST08126,Basic,499,Monthly,2,2026-04-13
SUB08127,CUST08127,Basic,499,Monthly,2,2025-07-04
SUB08128,CUST08128,Basic,499,Annual,2,2025-03-15
SUB08129,CUST08129,Basic,499,Monthly,2,2024-10-08
SUB08130,CUST08130,Basic,499,Monthly,2,2024-06-02
SUB08131,CUST08131,Basic,499,Quarterly,2,2026-01-25
SUB08132,CUST08132,Standard,799,Monthly,5,2025-11-15
SUB08133,CUST08133,Standard,799,Quarterly,5,2025-06-08
SUB08134,CUST08134,Basic,499,Annual,2,2025-05-02
SUB08135,CUST08135,Basic,499,Quarterly,2,2025-09-07
SUB08136,CUST08136,Basic,499,Monthly,2,2025-01-30
SUB08137,CUST08137,Family,1499,Monthly,15,2026-01-15
SUB08138,CUST08138,Basic,499,Monthly,2,2025-07-02
SUB08139,CUST08139,Family,1499,Quarterly,15,2024-11-12
SUB08140,CUST08140,Standard,799,Monthly,5,2024-12-09
SUB08141,CUST08141,Family,1499,Monthly,15,2026-01-12
SUB08142,CUST08142,Basic,499,Monthly,2,2024-02-28
SUB08143,CUST08143,Family,1499,Monthly,15,2024-07-28
SUB08144,CUST08144,Family,1499,Quarterly,15,2024-06-15
SUB08145,CUST08145,Basic,499,Monthly,2,2025-06-09
SUB08146,CUST08146,Premium,1199,Annual,10,2025-01-19
SUB08147,CUST08147,Family,1499,Monthly,15,2025-07-26
SUB08148,CUST08148,Standard,799,Quarterly,5,2024-02-04
SUB08149,CUST08149,Standard,799,Monthly,5,2025-04-12
SUB08150,CUST08150,Premium,1199,Annual,10,2024-06-09
SUB08151,CUST08151,Standard,799,Monthly,5,2024-12-17
SUB08152,CUST08152,Premium,1199,Annual,10,2025-10-02
SUB08153,CUST08153,Basic,499,Annual,2,2024-01-04
SUB08154,CUST08154,Standard,799,Annual,5,2025-02-17
SUB08155,CUST08155,Premium,1199,Monthly,10,2024-10-21
SUB08156,CUST08156,Standard,799,Monthly,5,2024-09-20
SUB08157,CUST08157,Standard,799,Monthly,5,2025-08-28
SUB08158,CUST08158,Basic,499,Annual,2,2026-04-18
SUB08159,CUST08159,Family,1499,Annual,15,2025-11-08
SUB08160,CUST08160,Family,1499,Quarterly,15,2024-08-24
SUB08161,CUST08161,Standard,799,Annual,5,2025-03-13
SUB08162,CUST08162,Premium,1199,Monthly,10,2026-03-11
SUB08163,CUST08163,Standard,799,Monthly,5,2026-03-16
SUB08164,CUST08164,Standard,799,Monthly,5,2024-12-07
SUB08165,CUST08165,Family,1499,Monthly,15,2025-05-26
SUB08166,CUST08166,Family,1499,Annual,15,2026-01-13
SUB08167,CUST08167,Family,1499,Annual,15,2025-02-27
SUB08168,CUST08168,Premium,1199,Quarterly,10,2026-01-19
SUB08169,CUST08169,Basic,499,Monthly,2,2024-09-07
SUB08170,CUST08170,Standard,799,Monthly,5,2024-01-07
SUB08171,CUST08171,Basic,499,Monthly,2,2024-05-01
SUB08172,CUST08172,Basic,499,Monthly,2,2024-08-10
SUB08173,CUST08173,Family,1499,Monthly,15,2025-12-14
SUB08174,CUST08174,Premium,1199,Monthly,10,2025-05-16
SUB08175,CUST08175,Basic,499,Monthly,2,2025-10-27
SUB08176,CUST08176,Premium,1199,Monthly,10,2025-05-16
SUB08177,CUST08177,Basic,499,Annual,2,2025-03-14
SUB08178,CUST08178,Premium,1199,Monthly,10,2024-05-13
SUB08179,CUST08179,Family,1499,Monthly,15,2026-01-15
SUB08180,CUST08180,Premium,1199,Annual,10,2024-11-14
SUB08181,CUST08181,Premium,1199,Monthly,10,2024-10-06
SUB08182,CUST08182,Standard,799,Annual,5,2025-05-20
SUB08183,CUST08183,Basic,499,Annual,2,2026-04-09
SUB08184,CUST08184,Basic,499,Annual,2,2025-08-22
SUB08185,CUST08185,Basic,499,Monthly,2,2024-11-07
SUB08186,CUST08186,Family,1499,Monthly,15,2026-02-16
SUB08187,CUST08187,Family,1499,Annual,15,2026-01-17
SUB08188,CUST08188,Standard,799,Quarterly,5,2025-03-25
SUB08189,CUST08189,Basic,499,Monthly,2,2024-01-26
SUB08190,CUST08190,Family,1499,Quarterly,15,2025-07-28
SUB08191,CUST08191,Premium,1199,Monthly,10,2025-10-06
SUB08192,CUST08192,Family,1499,Monthly,15,2024-11-15
SUB08193,CUST08193,Family,1499,Monthly,15,2024-01-10
SUB08194,CUST08194,Standard,799,Quarterly,5,2025-01-23
SUB08195,CUST08195,Family,1499,Annual,15,2025-11-03
SUB08196,CUST08196,Family,1499,Quarterly,15,2024-10-19
SUB08197,CUST08197,Premium,1199,Quarterly,10,2025-06-01
SUB08198,CUST08198,Standard,799,Annual,5,2024-06-30
SUB08199,CUST08199,Premium,1199,Monthly,10,2024-02-12
SUB08200,CUST08200,Family,1499,Monthly,15,2024-08-25
SUB08201,CUST08201,Premium,1199,Monthly,10,2024-11-16
SUB08202,CUST08202,Standard,799,Monthly,5,2026-02-26
SUB08203,CUST08203,Standard,799,Monthly,5,2025-02-14
SUB08204,CUST08204,Premium,1199,Monthly,10,2025-03-20
SUB08205,CUST08205,Premium,1199,Monthly,10,2025-12-13
SUB08206,CUST08206,Basic,499,Annual,2,2025-03-23
SUB08207,CUST08207,Standard,799,Annual,5,2024-09-10
SUB08208,CUST08208,Basic,499,Monthly,2,2025-02-25
SUB08209,CUST08209,Standard,799,Annual,5,2024-01-24
SUB08210,CUST08210,Basic,499,Annual,2,2025-08-24
SUB08211,CUST08211,Premium,1199,Annual,10,2026-04-01
SUB08212,CUST08212,Premium,1199,Monthly,10,2024-01-08
SUB08213,CUST08213,Standard,799,Annual,5,2024-03-16
SUB08214,CUST08214,Standard,799,Quarterly,5,2025-08-19
SUB08215,CUST08215,Family,1499,Annual,15,2025-03-10
SUB08216,CUST08216,Standard,799,Monthly,5,2025-08-26
SUB08217,CUST08217,Standard,799,Monthly,5,2025-03-29
SUB08218,CUST08218,Family,1499,Quarterly,15,2024-08-31
SUB08219,CUST08219,Family,1499,Annual,15,2025-01-27
SUB08220,CUST08220,Standard,799,Monthly,5,2025-02-18
SUB08221,CUST08221,Basic,499,Monthly,2,2024-07-30
SUB08222,CUST08222,Basic,499,Monthly,2,2025-05-29
SUB08223,CUST08223,Premium,1199,Quarterly,10,2025-03-28
SUB08224,CUST08224,Family,1499,Annual,15,2024-09-23
SUB08225,CUST08225,Basic,499,Monthly,2,2025-05-17
SUB08226,CUST08226,Basic,499,Monthly,2,2024-11-04
SUB08227,CUST08227,Basic,499,Monthly,2,2024-06-13
SUB08228,CUST08228,Basic,499,Annual,2,2025-12-25
SUB08229,CUST08229,Standard,799,Quarterly,5,2025-11-17
SUB08230,CUST08230,Basic,499,Monthly,2,2024-04-22
SUB08231,CUST08231,Family,1499,Quarterly,15,2025-01-31
SUB08232,CUST08232,Standard,799,Annual,5,2024-11-01
SUB08233,CUST08233,Basic,499,Monthly,2,2025-10-29
SUB08234,CUST08234,Basic,499,Quarterly,2,2024-09-21
SUB08235,CUST08235,Basic,499,Quarterly,2,2026-04-26
SUB08236,CUST08236,Standard,799,Monthly,5,2025-12-07
SUB08237,CUST08237,Premium,1199,Monthly,10,2024-12-06
SUB08238,CUST08238,Family,1499,Monthly,15,2025-01-10
SUB08239,CUST08239,Basic,499,Monthly,2,2024-10-22
SUB08240,CUST08240,Family,1499,Annual,15,2025-04-21
SUB08241,CUST08241,Basic,499,Monthly,2,2024-11-28
SUB08242,CUST08242,Premium,1199,Quarterly,10,2024-03-28
SUB08243,CUST08243,Basic,499,Annual,2,2024-11-05
SUB08244,CUST08244,Standard,799,Annual,5,2025-08-06
SUB08245,CUST08245,Family,1499,Monthly,15,2025-09-17
SUB08246,CUST08246,Basic,499,Monthly,2,2026-03-18
SUB08247,CUST08247,Standard,799,Annual,5,2024-08-07
SUB08248,CUST08248,Family,1499,Quarterly,15,2026-04-30
SUB08249,CUST08249,Standard,799,Monthly,5,2024-03-13
SUB08250,CUST08250,Basic,499,Annual,2,2024-07-14
SUB08251,CUST08251,Family,1499,Annual,15,2024-09-23
SUB08252,CUST08252,Family,1499,Monthly,15,2025-08-15
SUB08253,CUST08253,Family,1499,Monthly,15,2025-04-15
SUB08254,CUST08254,Standard,799,Annual,5,2025-12-07
SUB08255,CUST08255,Basic,499,Quarterly,2,2024-05-20
SUB08256,CUST08256,Premium,1199,Annual,10,2024-12-13
SUB08257,CUST08257,Basic,499,Annual,2,2025-11-13
SUB08258,CUST08258,Basic,499,Annual,2,2024-10-04
SUB08259,CUST08259,Standard,799,Annual,5,2025-05-16
SUB08260,CUST08260,Premium,1199,Monthly,10,2024-09-13
SUB08261,CUST08261,Basic,499,Monthly,2,2025-06-15
SUB08262,CUST08262,Standard,799,Monthly,5,2024-12-01
SUB08263,CUST08263,Standard,799,Monthly,5,2024-06-08
SUB08264,CUST08264,Premium,1199,Quarterly,10,2024-03-06
SUB08265,CUST08265,Basic,499,Annual,2,2025-10-12
SUB08266,CUST08266,Family,1499,Monthly,15,2024-05-16
SUB08267,CUST08267,Standard,799,Annual,5,2024-12-29
SUB08268,CUST08268,Basic,499,Monthly,2,2025-10-13
SUB08269,CUST08269,Family,1499,Monthly,15,2024-06-15
SUB08270,CUST08270,Standard,799,Monthly,5,2025-03-24
SUB08271,CUST08271,Family,1499,Annual,15,2024-07-26
SUB08272,CUST08272,Basic,499,Monthly,2,2024-06-26
SUB08273,CUST08273,Premium,1199,Monthly,10,2024-05-24
SUB08274,CUST08274,Family,1499,Monthly,15,2025-11-17
SUB08275,CUST08275,Basic,499,Monthly,2,2025-07-25
SUB08276,CUST08276,Premium,1199,Monthly,10,2024-02-27
SUB08277,CUST08277,Premium,1199,Quarterly,10,2026-01-22
SUB08278,CUST08278,Family,1499,Annual,15,2026-01-04
SUB08279,CUST08279,Standard,799,Monthly,5,2024-04-04
SUB08280,CUST08280,Premium,1199,Monthly,10,2026-04-08
SUB08281,CUST08281,Basic,499,Quarterly,2,2024-12-23
SUB08282,CUST08282,Basic,499,Monthly,2,2024-12-15
SUB08283,CUST08283,Premium,1199,Monthly,10,2024-10-18
SUB08284,CUST08284,Standard,799,Quarterly,5,2024-10-24
SUB08285,CUST08285,Standard,799,Monthly,5,2026-02-28
SUB08286,CUST08286,Basic,499,Quarterly,2,2024-06-29
SUB08287,CUST08287,Standard,799,Monthly,5,2024-08-12
SUB08288,CUST08288,Family,1499,Quarterly,15,2026-03-21
SUB08289,CUST08289,Basic,499,Monthly,2,2024-07-17
SUB08290,CUST08290,Basic,499,Monthly,2,2025-04-06
SUB08291,CUST08291,Standard,799,Annual,5,2024-07-02
SUB08292,CUST08292,Basic,499,Monthly,2,2026-04-24
SUB08293,CUST08293,Standard,799,Monthly,5,2024-08-19
SUB08294,CUST08294,Basic,499,Monthly,2,2024-08-08
SUB08295,CUST08295,Premium,1199,Quarterly,10,2025-12-10
SUB08296,CUST08296,Premium,1199,Monthly,10,2024-05-18
SUB08297,CUST08297,Basic,499,Monthly,2,2024-03-24
SUB08298,CUST08298,Premium,1199,Monthly,10,2024-12-22
SUB08299,CUST08299,Family,1499,Annual,15,2024-05-15
SUB08300,CUST08300,Basic,499,Annual,2,2024-09-07
SUB08301,CUST08301,Standard,799,Monthly,5,2024-05-11
SUB08302,CUST08302,Premium,1199,Monthly,10,2025-12-04
SUB08303,CUST08303,Standard,799,Monthly,5,2024-01-18
SUB08304,CUST08304,Basic,499,Monthly,2,2024-05-06
SUB08305,CUST08305,Family,1499,Monthly,15,2024-01-14
SUB08306,CUST08306,Premium,1199,Monthly,10,2025-07-17
SUB08307,CUST08307,Basic,499,Annual,2,2024-12-21
SUB08308,CUST08308,Family,1499,Quarterly,15,2024-08-30
SUB08309,CUST08309,Family,1499,Annual,15,2024-09-22
SUB08310,CUST08310,Standard,799,Annual,5,2025-02-17
SUB08311,CUST08311,Standard,799,Annual,5,2024-10-23
SUB08312,CUST08312,Standard,799,Annual,5,2025-09-16
SUB08313,CUST08313,Standard,799,Monthly,5,2025-12-27
SUB08314,CUST08314,Basic,499,Monthly,2,2025-06-01
SUB08315,CUST08315,Basic,499,Monthly,2,2026-02-14
SUB08316,CUST08316,Family,1499,Monthly,15,2026-03-21
SUB08317,CUST08317,Standard,799,Quarterly,5,2025-05-27
SUB08318,CUST08318,Standard,799,Annual,5,2024-04-20
SUB08319,CUST08319,Premium,1199,Monthly,10,2024-03-01
SUB08320,CUST08320,Basic,499,Monthly,2,2025-01-03
SUB08321,CUST08321,Premium,1199,Monthly,10,2025-04-20
SUB08322,CUST08322,Family,1499,Quarterly,15,2025-09-04
SUB08323,CUST08323,Family,1499,Annual,15,2025-09-14
SUB08324,CUST08324,Premium,1199,Monthly,10,2024-02-25
SUB08325,CUST08325,Family,1499,Annual,15,2024-01-29
SUB08326,CUST08326,Premium,1199,Annual,10,2025-12-17
SUB08327,CUST08327,Basic,499,Quarterly,2,2025-05-08
SUB08328,CUST08328,Basic,499,Monthly,2,2024-10-09
SUB08329,CUST08329,Standard,799,Monthly,5,2024-09-29
SUB08330,CUST08330,Standard,799,Monthly,5,2024-02-15
SUB08331,CUST08331,Premium,1199,Quarterly,10,2024-09-21
SUB08332,CUST08332,Standard,799,Monthly,5,2025-07-25
SUB08333,CUST08333,Basic,499,Quarterly,2,2024-09-06
SUB08334,CUST08334,Basic,499,Monthly,2,2024-11-11
SUB08335,CUST08335,Premium,1199,Monthly,10,2024-01-20
SUB08336,CUST08336,Basic,499,Monthly,2,2024-02-28
SUB08337,CUST08337,Standard,799,Annual,5,2024-08-12
SUB08338,CUST08338,Premium,1199,Monthly,10,2025-06-01
SUB08339,CUST08339,Premium,1199,Monthly,10,2026-04-16
SUB08340,CUST08340,Premium,1199,Monthly,10,2026-03-31
SUB08341,CUST08341,Standard,799,Annual,5,2025-03-26
SUB08342,CUST08342,Basic,499,Monthly,2,2024-03-29
SUB08343,CUST08343,Basic,499,Monthly,2,2025-02-22
SUB08344,CUST08344,Premium,1199,Monthly,10,2024-09-28
SUB08345,CUST08345,Premium,1199,Monthly,10,2025-04-16
SUB08346,CUST08346,Premium,1199,Monthly,10,2025-03-12
SUB08347,CUST08347,Premium,1199,Quarterly,10,2025-03-24
SUB08348,CUST08348,Basic,499,Monthly,2,2024-10-22
SUB08349,CUST08349,Basic,499,Annual,2,2025-05-26
SUB08350,CUST08350,Premium,1199,Monthly,10,2026-04-06
SUB08351,CUST08351,Basic,499,Monthly,2,2025-02-19
SUB08352,CUST08352,Family,1499,Annual,15,2025-09-19
SUB08353,CUST08353,Basic,499,Monthly,2,2026-03-15
SUB08354,CUST08354,Family,1499,Monthly,15,2024-11-05
SUB08355,CUST08355,Premium,1199,Annual,10,2024-03-18
SUB08356,CUST08356,Premium,1199,Quarterly,10,2026-01-14
SUB08357,CUST08357,Family,1499,Monthly,15,2024-01-03
SUB08358,CUST08358,Family,1499,Annual,15,2025-08-14
SUB08359,CUST08359,Premium,1199,Annual,10,2025-07-21
SUB08360,CUST08360,Family,1499,Annual,15,2024-03-17
SUB08361,CUST08361,Standard,799,Monthly,5,2024-10-16
SUB08362,CUST08362,Family,1499,Monthly,15,2024-01-23
SUB08363,CUST08363,Standard,799,Quarterly,5,2025-08-01
SUB08364,CUST08364,Premium,1199,Monthly,10,2025-06-26
SUB08365,CUST08365,Family,1499,Monthly,15,2024-05-24
SUB08366,CUST08366,Premium,1199,Annual,10,2025-06-12
SUB08367,CUST08367,Premium,1199,Monthly,10,2025-07-08
SUB08368,CUST08368,Family,1499,Monthly,15,2024-11-03
SUB08369,CUST08369,Basic,499,Monthly,2,2024-07-26
SUB08370,CUST08370,Basic,499,Monthly,2,2024-05-31
SUB08371,CUST08371,Premium,1199,Monthly,10,2024-04-29
SUB08372,CUST08372,Standard,799,Monthly,5,2024-01-22
SUB08373,CUST08373,Standard,799,Monthly,5,2026-02-09
SUB08374,CUST08374,Premium,1199,Monthly,10,2024-05-14
SUB08375,CUST08375,Premium,1199,Monthly,10,2026-04-10
SUB08376,CUST08376,Premium,1199,Annual,10,2025-05-20
SUB08377,CUST08377,Basic,499,Quarterly,2,2025-02-04
SUB08378,CUST08378,Standard,799,Monthly,5,2024-06-22
SUB08379,CUST08379,Premium,1199,Monthly,10,2024-10-15
SUB08380,CUST08380,Standard,799,Monthly,5,2025-11-13
SUB08381,CUST08381,Family,1499,Quarterly,15,2024-03-03
SUB08382,CUST08382,Premium,1199,Quarterly,10,2024-08-10
SUB08383,CUST08383,Family,1499,Monthly,15,2025-06-24
SUB08384,CUST08384,Family,1499,Quarterly,15,2025-08-27
SUB08385,CUST08385,Standard,799,Monthly,5,2026-02-23
SUB08386,CUST08386,Basic,499,Annual,2,2024-06-07
SUB08387,CUST08387,Basic,499,Monthly,2,2024-11-18
SUB08388,CUST08388,Premium,1199,Monthly,10,2026-01-23
SUB08389,CUST08389,Family,1499,Monthly,15,2026-03-31
SUB08390,CUST08390,Premium,1199,Quarterly,10,2024-08-17
SUB08391,CUST08391,Standard,799,Monthly,5,2025-07-12
SUB08392,CUST08392,Family,1499,Monthly,15,2025-03-30
SUB08393,CUST08393,Premium,1199,Monthly,10,2024-10-23
SUB08394,CUST08394,Basic,499,Monthly,2,2025-07-31
SUB08395,CUST08395,Premium,1199,Monthly,10,2026-01-02
SUB08396,CUST08396,Basic,499,Monthly,2,2024-09-15
SUB08397,CUST08397,Standard,799,Annual,5,2025-10-04
SUB08398,CUST08398,Basic,499,Annual,2,2026-04-07
SUB08399,CUST08399,Standard,799,Monthly,5,2025-04-05
SUB08400,CUST08400,Basic,499,Monthly,2,2025-09-23
SUB08401,CUST08401,Family,1499,Quarterly,15,2025-08-17
SUB08402,CUST08402,Premium,1199,Monthly,10,2024-05-10
SUB08403,CUST08403,Basic,499,Monthly,2,2024-06-13
SUB08404,CUST08404,Standard,799,Monthly,5,2024-03-15
SUB08405,CUST08405,Premium,1199,Monthly,10,2024-02-11
SUB08406,CUST08406,Standard,799,Quarterly,5,2024-09-26
SUB08407,CUST08407,Family,1499,Quarterly,15,2024-02-17
SUB08408,CUST08408,Family,1499,Quarterly,15,2024-11-30
SUB08409,CUST08409,Standard,799,Annual,5,2024-07-17
SUB08410,CUST08410,Basic,499,Monthly,2,2025-02-03
SUB08411,CUST08411,Family,1499,Monthly,15,2025-12-25
SUB08412,CUST08412,Premium,1199,Monthly,10,2025-04-30
SUB08413,CUST08413,Premium,1199,Quarterly,10,2024-08-28
SUB08414,CUST08414,Premium,1199,Monthly,10,2024-01-03
SUB08415,CUST08415,Premium,1199,Annual,10,2024-05-21
SUB08416,CUST08416,Family,1499,Quarterly,15,2025-12-03
SUB08417,CUST08417,Basic,499,Monthly,2,2024-01-22
SUB08418,CUST08418,Premium,1199,Monthly,10,2026-02-24
SUB08419,CUST08419,Standard,799,Monthly,5,2026-03-08
SUB08420,CUST08420,Basic,499,Monthly,2,2024-08-21
SUB08421,CUST08421,Premium,1199,Monthly,10,2024-11-02
SUB08422,CUST08422,Premium,1199,Annual,10,2024-10-08
SUB08423,CUST08423,Basic,499,Monthly,2,2025-06-19
SUB08424,CUST08424,Family,1499,Quarterly,15,2025-06-12
SUB08425,CUST08425,Family,1499,Monthly,15,2026-03-13
SUB08426,CUST08426,Standard,799,Monthly,5,2025-12-18
SUB08427,CUST08427,Family,1499,Monthly,15,2024-11-28
SUB08428,CUST08428,Basic,499,Monthly,2,2025-01-08
SUB08429,CUST08429,Family,1499,Monthly,15,2024-06-20
SUB08430,CUST08430,Basic,499,Monthly,2,2024-05-23
SUB08431,CUST08431,Family,1499,Quarterly,15,2025-06-29
SUB08432,CUST08432,Standard,799,Annual,5,2024-03-08
SUB08433,CUST08433,Family,1499,Annual,15,2024-11-08
SUB08434,CUST08434,Premium,1199,Monthly,10,2024-09-14
SUB08435,CUST08435,Premium,1199,Monthly,10,2025-01-15
SUB08436,CUST08436,Premium,1199,Annual,10,2026-02-12
SUB08437,CUST08437,Standard,799,Annual,5,2025-05-19
SUB08438,CUST08438,Premium,1199,Quarterly,10,2025-03-16
SUB08439,CUST08439,Premium,1199,Quarterly,10,2024-01-23
SUB08440,CUST08440,Family,1499,Annual,15,2025-10-12
SUB08441,CUST08441,Basic,499,Quarterly,2,2026-04-24
SUB08442,CUST08442,Standard,799,Annual,5,2025-02-22
SUB08443,CUST08443,Premium,1199,Monthly,10,2024-04-03
SUB08444,CUST08444,Standard,799,Monthly,5,2024-03-09
SUB08445,CUST08445,Family,1499,Monthly,15,2024-02-22
SUB08446,CUST08446,Family,1499,Monthly,15,2024-04-22
SUB08447,CUST08447,Premium,1199,Annual,10,2025-12-11
SUB08448,CUST08448,Premium,1199,Monthly,10,2026-02-11
SUB08449,CUST08449,Premium,1199,Quarterly,10,2025-08-01
SUB08450,CUST08450,Standard,799,Monthly,5,2024-04-26
SUB08451,CUST08451,Standard,799,Annual,5,2024-09-09
SUB08452,CUST08452,Family,1499,Quarterly,15,2024-04-29
SUB08453,CUST08453,Premium,1199,Annual,10,2024-07-09
SUB08454,CUST08454,Premium,1199,Monthly,10,2025-11-27
SUB08455,CUST08455,Family,1499,Monthly,15,2026-03-21
SUB08456,CUST08456,Standard,799,Quarterly,5,2025-10-29
SUB08457,CUST08457,Basic,499,Monthly,2,2025-05-30
SUB08458,CUST08458,Basic,499,Annual,2,2024-10-25
SUB08459,CUST08459,Standard,799,Monthly,5,2024-11-23
SUB08460,CUST08460,Standard,799,Monthly,5,2024-08-07
SUB08461,CUST08461,Family,1499,Monthly,15,2024-12-05
SUB08462,CUST08462,Family,1499,Monthly,15,2024-12-28
SUB08463,CUST08463,Premium,1199,Monthly,10,2025-10-08
SUB08464,CUST08464,Premium,1199,Monthly,10,2024-08-24
SUB08465,CUST08465,Standard,799,Monthly,5,2025-08-17
SUB08466,CUST08466,Basic,499,Monthly,2,2024-05-08
SUB08467,CUST08467,Basic,499,Quarterly,2,2025-02-26
SUB08468,CUST08468,Family,1499,Monthly,15,2025-09-24
SUB08469,CUST08469,Basic,499,Monthly,2,2024-12-01
SUB08470,CUST08470,Family,1499,Monthly,15,2025-04-28
SUB08471,CUST08471,Basic,499,Monthly,2,2024-08-07
SUB08472,CUST08472,Basic,499,Monthly,2,2026-02-26
SUB08473,CUST08473,Basic,499,Monthly,2,2026-03-01
SUB08474,CUST08474,Family,1499,Quarterly,15,2025-10-31
SUB08475,CUST08475,Premium,1199,Quarterly,10,2024-01-25
SUB08476,CUST08476,Premium,1199,Monthly,10,2025-06-01
SUB08477,CUST08477,Standard,799,Monthly,5,2024-12-08
SUB08478,CUST08478,Family,1499,Monthly,15,2026-01-09
SUB08479,CUST08479,Standard,799,Quarterly,5,2025-07-06
SUB08480,CUST08480,Premium,1199,Monthly,10,2025-10-31
SUB08481,CUST08481,Standard,799,Quarterly,5,2024-09-24
SUB08482,CUST08482,Family,1499,Quarterly,15,2025-07-23
SUB08483,CUST08483,Premium,1199,Monthly,10,2024-08-29
SUB08484,CUST08484,Family,1499,Monthly,15,2025-10-05
SUB08485,CUST08485,Basic,499,Annual,2,2024-11-03
SUB08486,CUST08486,Family,1499,Quarterly,15,2024-01-24
SUB08487,CUST08487,Family,1499,Annual,15,2025-03-28
SUB08488,CUST08488,Standard,799,Quarterly,5,2025-08-29
SUB08489,CUST08489,Premium,1199,Annual,10,2024-08-16
SUB08490,CUST08490,Basic,499,Monthly,2,2025-12-20
SUB08491,CUST08491,Basic,499,Monthly,2,2026-01-31
SUB08492,CUST08492,Premium,1199,Annual,10,2025-03-06
SUB08493,CUST08493,Family,1499,Monthly,15,2024-11-04
SUB08494,CUST08494,Standard,799,Monthly,5,2026-03-31
SUB08495,CUST08495,Basic,499,Quarterly,2,2025-11-05
SUB08496,CUST08496,Family,1499,Monthly,15,2026-01-20
SUB08497,CUST08497,Premium,1199,Monthly,10,2025-12-31
SUB08498,CUST08498,Family,1499,Annual,15,2024-12-10
SUB08499,CUST08499,Family,1499,Monthly,15,2025-09-17
SUB08500,CUST08500,Family,1499,Monthly,15,2025-05-23
SUB08501,CUST08501,Premium,1199,Monthly,10,2026-04-28
SUB08502,CUST08502,Premium,1199,Annual,10,2024-12-20
SUB08503,CUST08503,Standard,799,Monthly,5,2024-11-24
SUB08504,CUST08504,Basic,499,Annual,2,2026-02-16
SUB08505,CUST08505,Basic,499,Monthly,2,2024-01-15
SUB08506,CUST08506,Family,1499,Monthly,15,2024-09-18
SUB08507,CUST08507,Basic,499,Monthly,2,2026-02-05
SUB08508,CUST08508,Premium,1199,Monthly,10,2024-12-15
SUB08509,CUST08509,Premium,1199,Monthly,10,2024-12-16
SUB08510,CUST08510,Family,1499,Monthly,15,2025-10-21
SUB08511,CUST08511,Basic,499,Quarterly,2,2025-02-27
SUB08512,CUST08512,Standard,799,Annual,5,2024-06-29
SUB08513,CUST08513,Standard,799,Quarterly,5,2024-10-23
SUB08514,CUST08514,Standard,799,Monthly,5,2026-03-22
SUB08515,CUST08515,Standard,799,Annual,5,2024-06-17
SUB08516,CUST08516,Premium,1199,Monthly,10,2026-04-24
SUB08517,CUST08517,Family,1499,Monthly,15,2025-08-24
SUB08518,CUST08518,Basic,499,Monthly,2,2025-04-02
SUB08519,CUST08519,Premium,1199,Monthly,10,2025-12-17
SUB08520,CUST08520,Standard,799,Quarterly,5,2024-10-21
SUB08521,CUST08521,Premium,1199,Annual,10,2025-12-10
SUB08522,CUST08522,Basic,499,Annual,2,2024-01-17
SUB08523,CUST08523,Basic,499,Monthly,2,2025-05-20
SUB08524,CUST08524,Premium,1199,Annual,10,2025-09-13
SUB08525,CUST08525,Family,1499,Monthly,15,2025-12-25
SUB08526,CUST08526,Basic,499,Quarterly,2,2024-05-27
SUB08527,CUST08527,Premium,1199,Annual,10,2024-05-17
SUB08528,CUST08528,Family,1499,Monthly,15,2026-04-04
SUB08529,CUST08529,Family,1499,Quarterly,15,2024-12-12
SUB08530,CUST08530,Basic,499,Monthly,2,2026-04-20
SUB08531,CUST08531,Premium,1199,Annual,10,2025-02-21
SUB08532,CUST08532,Family,1499,Annual,15,2024-04-07
SUB08533,CUST08533,Premium,1199,Annual,10,2025-03-06
SUB08534,CUST08534,Basic,499,Monthly,2,2024-05-16
SUB08535,CUST08535,Standard,799,Annual,5,2026-01-24
SUB08536,CUST08536,Family,1499,Annual,15,2024-03-12
SUB08537,CUST08537,Standard,799,Monthly,5,2025-08-29
SUB08538,CUST08538,Basic,499,Quarterly,2,2024-10-17
SUB08539,CUST08539,Premium,1199,Monthly,10,2026-02-10
SUB08540,CUST08540,Basic,499,Monthly,2,2025-09-20
SUB08541,CUST08541,Family,1499,Monthly,15,2025-06-03
SUB08542,CUST08542,Standard,799,Monthly,5,2024-08-19
SUB08543,CUST08543,Premium,1199,Annual,10,2026-04-21
SUB08544,CUST08544,Family,1499,Monthly,15,2025-12-22
SUB08545,CUST08545,Premium,1199,Annual,10,2026-04-17
SUB08546,CUST08546,Basic,499,Annual,2,2024-11-23
SUB08547,CUST08547,Basic,499,Monthly,2,2025-01-04
SUB08548,CUST08548,Premium,1199,Annual,10,2025-03-31
SUB08549,CUST08549,Basic,499,Quarterly,2,2025-10-14
SUB08550,CUST08550,Family,1499,Monthly,15,2025-06-21
SUB08551,CUST08551,Family,1499,Monthly,15,2025-02-27
SUB08552,CUST08552,Premium,1199,Quarterly,10,2026-02-20
SUB08553,CUST08553,Premium,1199,Monthly,10,2024-04-01
SUB08554,CUST08554,Standard,799,Annual,5,2026-02-02
SUB08555,CUST08555,Premium,1199,Monthly,10,2024-10-02
SUB08556,CUST08556,Basic,499,Quarterly,2,2025-03-28
SUB08557,CUST08557,Family,1499,Quarterly,15,2025-01-03
SUB08558,CUST08558,Basic,499,Monthly,2,2025-01-13
SUB08559,CUST08559,Family,1499,Monthly,15,2025-12-29
SUB08560,CUST08560,Premium,1199,Monthly,10,2024-08-21
SUB08561,CUST08561,Family,1499,Monthly,15,2025-09-24
SUB08562,CUST08562,Basic,499,Annual,2,2025-05-26
SUB08563,CUST08563,Standard,799,Monthly,5,2025-12-02
SUB08564,CUST08564,Family,1499,Monthly,15,2024-06-15
SUB08565,CUST08565,Family,1499,Monthly,15,2024-11-29
SUB08566,CUST08566,Premium,1199,Monthly,10,2025-05-02
SUB08567,CUST08567,Premium,1199,Annual,10,2024-08-07
SUB08568,CUST08568,Basic,499,Quarterly,2,2025-11-13
SUB08569,CUST08569,Basic,499,Monthly,2,2024-05-27
SUB08570,CUST08570,Premium,1199,Monthly,10,2026-01-26
SUB08571,CUST08571,Family,1499,Quarterly,15,2025-02-12
SUB08572,CUST08572,Family,1499,Monthly,15,2025-06-24
SUB08573,CUST08573,Basic,499,Monthly,2,2024-10-03
SUB08574,CUST08574,Family,1499,Monthly,15,2026-04-14
SUB08575,CUST08575,Standard,799,Annual,5,2024-01-12
SUB08576,CUST08576,Family,1499,Monthly,15,2025-05-30
SUB08577,CUST08577,Premium,1199,Annual,10,2026-01-17
SUB08578,CUST08578,Family,1499,Quarterly,15,2024-07-15
SUB08579,CUST08579,Family,1499,Annual,15,2025-09-06
SUB08580,CUST08580,Standard,799,Monthly,5,2025-08-14
SUB08581,CUST08581,Premium,1199,Annual,10,2026-04-13
SUB08582,CUST08582,Premium,1199,Quarterly,10,2025-10-23
SUB08583,CUST08583,Basic,499,Monthly,2,2025-08-29
SUB08584,CUST08584,Premium,1199,Quarterly,10,2024-12-27
SUB08585,CUST08585,Premium,1199,Monthly,10,2026-01-20
SUB08586,CUST08586,Family,1499,Annual,15,2025-03-26
SUB08587,CUST08587,Standard,799,Annual,5,2026-02-09
SUB08588,CUST08588,Family,1499,Annual,15,2024-08-08
SUB08589,CUST08589,Premium,1199,Annual,10,2025-08-07
SUB08590,CUST08590,Standard,799,Quarterly,5,2025-03-03
SUB08591,CUST08591,Basic,499,Monthly,2,2026-01-30
SUB08592,CUST08592,Basic,499,Quarterly,2,2026-01-16
SUB08593,CUST08593,Basic,499,Annual,2,2025-09-08
SUB08594,CUST08594,Standard,799,Quarterly,5,2024-09-24
SUB08595,CUST08595,Basic,499,Quarterly,2,2025-04-15
SUB08596,CUST08596,Standard,799,Monthly,5,2024-08-24
SUB08597,CUST08597,Family,1499,Monthly,15,2025-01-17
SUB08598,CUST08598,Family,1499,Annual,15,2024-07-31
SUB08599,CUST08599,Basic,499,Monthly,2,2026-01-17
SUB08600,CUST08600,Family,1499,Annual,15,2025-04-22
SUB08601,CUST08601,Premium,1199,Monthly,10,2025-04-01
SUB08602,CUST08602,Standard,799,Monthly,5,2025-03-31
SUB08603,CUST08603,Standard,799,Quarterly,5,2025-07-19
SUB08604,CUST08604,Basic,499,Quarterly,2,2025-03-06
SUB08605,CUST08605,Family,1499,Annual,15,2024-01-19
SUB08606,CUST08606,Family,1499,Quarterly,15,2025-01-27
SUB08607,CUST08607,Premium,1199,Annual,10,2026-02-20
SUB08608,CUST08608,Premium,1199,Monthly,10,2026-04-19
SUB08609,CUST08609,Standard,799,Monthly,5,2024-01-13
SUB08610,CUST08610,Family,1499,Annual,15,2024-11-20
SUB08611,CUST08611,Basic,499,Annual,2,2025-10-25
SUB08612,CUST08612,Premium,1199,Quarterly,10,2025-06-29
SUB08613,CUST08613,Premium,1199,Monthly,10,2024-04-30
SUB08614,CUST08614,Family,1499,Annual,15,2026-04-11
SUB08615,CUST08615,Standard,799,Monthly,5,2024-11-07
SUB08616,CUST08616,Basic,499,Annual,2,2026-01-13
SUB08617,CUST08617,Standard,799,Annual,5,2026-04-08
SUB08618,CUST08618,Premium,1199,Monthly,10,2025-08-02
SUB08619,CUST08619,Family,1499,Monthly,15,2024-06-18
SUB08620,CUST08620,Basic,499,Monthly,2,2025-08-17
SUB08621,CUST08621,Family,1499,Monthly,15,2025-08-13
SUB08622,CUST08622,Standard,799,Monthly,5,2024-11-12
SUB08623,CUST08623,Standard,799,Monthly,5,2024-04-24
SUB08624,CUST08624,Family,1499,Quarterly,15,2026-03-06
SUB08625,CUST08625,Family,1499,Annual,15,2025-03-15
SUB08626,CUST08626,Standard,799,Monthly,5,2025-05-23
SUB08627,CUST08627,Premium,1199,Monthly,10,2025-10-21
SUB08628,CUST08628,Family,1499,Monthly,15,2025-08-17
SUB08629,CUST08629,Premium,1199,Monthly,10,2024-11-29
SUB08630,CUST08630,Basic,499,Monthly,2,2024-08-03
SUB08631,CUST08631,Family,1499,Monthly,15,2026-02-13
SUB08632,CUST08632,Basic,499,Annual,2,2024-08-29
SUB08633,CUST08633,Family,1499,Monthly,15,2025-01-09
SUB08634,CUST08634,Family,1499,Monthly,15,2024-04-09
SUB08635,CUST08635,Basic,499,Quarterly,2,2025-03-11
SUB08636,CUST08636,Family,1499,Monthly,15,2024-12-31
SUB08637,CUST08637,Family,1499,Monthly,15,2025-05-21
SUB08638,CUST08638,Basic,499,Quarterly,2,2024-03-05
SUB08639,CUST08639,Premium,1199,Monthly,10,2026-02-23
SUB08640,CUST08640,Family,1499,Annual,15,2024-07-25
SUB08641,CUST08641,Basic,499,Quarterly,2,2025-06-06
SUB08642,CUST08642,Standard,799,Monthly,5,2025-03-15
SUB08643,CUST08643,Premium,1199,Annual,10,2025-05-16
SUB08644,CUST08644,Premium,1199,Monthly,10,2025-04-28
SUB08645,CUST08645,Premium,1199,Quarterly,10,2025-05-18
SUB08646,CUST08646,Basic,499,Annual,2,2024-05-14
SUB08647,CUST08647,Basic,499,Monthly,2,2024-06-18
SUB08648,CUST08648,Premium,1199,Annual,10,2025-07-11
SUB08649,CUST08649,Basic,499,Annual,2,2024-01-04
SUB08650,CUST08650,Family,1499,Monthly,15,2026-04-06
SUB08651,CUST08651,Basic,499,Monthly,2,2026-01-02
SUB08652,CUST08652,Standard,799,Monthly,5,2024-12-11
SUB08653,CUST08653,Premium,1199,Quarterly,10,2025-10-07
SUB08654,CUST08654,Family,1499,Quarterly,15,2025-12-13
SUB08655,CUST08655,Standard,799,Monthly,5,2025-02-15
SUB08656,CUST08656,Basic,499,Monthly,2,2024-05-19
SUB08657,CUST08657,Basic,499,Monthly,2,2025-08-21
SUB08658,CUST08658,Basic,499,Annual,2,2024-02-23
SUB08659,CUST08659,Premium,1199,Monthly,10,2024-06-20
SUB08660,CUST08660,Standard,799,Monthly,5,2026-04-05
SUB08661,CUST08661,Family,1499,Monthly,15,2025-02-23
SUB08662,CUST08662,Basic,499,Monthly,2,2024-03-07
SUB08663,CUST08663,Standard,799,Monthly,5,2026-01-29
SUB08664,CUST08664,Family,1499,Annual,15,2024-12-30
SUB08665,CUST08665,Standard,799,Monthly,5,2024-03-10
SUB08666,CUST08666,Basic,499,Monthly,2,2026-04-06
SUB08667,CUST08667,Basic,499,Quarterly,2,2025-12-03
SUB08668,CUST08668,Family,1499,Annual,15,2024-02-17
SUB08669,CUST08669,Premium,1199,Monthly,10,2025-08-22
SUB08670,CUST08670,Standard,799,Quarterly,5,2025-04-07
SUB08671,CUST08671,Family,1499,Monthly,15,2024-04-13
SUB08672,CUST08672,Premium,1199,Monthly,10,2025-05-10
SUB08673,CUST08673,Premium,1199,Monthly,10,2025-09-27
SUB08674,CUST08674,Basic,499,Monthly,2,2024-12-02
SUB08675,CUST08675,Family,1499,Monthly,15,2025-12-13
SUB08676,CUST08676,Family,1499,Monthly,15,2025-04-18
SUB08677,CUST08677,Family,1499,Monthly,15,2025-07-14
SUB08678,CUST08678,Premium,1199,Monthly,10,2026-04-27
SUB08679,CUST08679,Premium,1199,Monthly,10,2025-06-13
SUB08680,CUST08680,Premium,1199,Monthly,10,2025-11-24
SUB08681,CUST08681,Standard,799,Monthly,5,2025-01-03
SUB08682,CUST08682,Standard,799,Monthly,5,2024-01-27
SUB08683,CUST08683,Premium,1199,Annual,10,2024-11-07
SUB08684,CUST08684,Standard,799,Monthly,5,2026-03-10
SUB08685,CUST08685,Family,1499,Monthly,15,2025-07-07
SUB08686,CUST08686,Standard,799,Annual,5,2025-01-03
SUB08687,CUST08687,Premium,1199,Quarterly,10,2026-03-29
SUB08688,CUST08688,Family,1499,Annual,15,2025-07-03
SUB08689,CUST08689,Basic,499,Quarterly,2,2026-01-13
SUB08690,CUST08690,Standard,799,Monthly,5,2025-05-22
SUB08691,CUST08691,Premium,1199,Monthly,10,2024-07-25
SUB08692,CUST08692,Family,1499,Quarterly,15,2025-09-20
SUB08693,CUST08693,Standard,799,Monthly,5,2025-12-17
SUB08694,CUST08694,Premium,1199,Monthly,10,2026-04-23
SUB08695,CUST08695,Basic,499,Annual,2,2025-01-19
SUB08696,CUST08696,Basic,499,Monthly,2,2025-01-31
SUB08697,CUST08697,Premium,1199,Monthly,10,2024-12-19
SUB08698,CUST08698,Basic,499,Quarterly,2,2024-05-09
SUB08699,CUST08699,Family,1499,Monthly,15,2024-10-06
SUB08700,CUST08700,Standard,799,Annual,5,2025-05-24
SUB08701,CUST08701,Premium,1199,Annual,10,2025-01-05
SUB08702,CUST08702,Standard,799,Monthly,5,2025-10-21
SUB08703,CUST08703,Family,1499,Monthly,15,2026-02-06
SUB08704,CUST08704,Premium,1199,Monthly,10,2025-10-18
SUB08705,CUST08705,Premium,1199,Annual,10,2025-09-19
SUB08706,CUST08706,Standard,799,Annual,5,2025-01-23
SUB08707,CUST08707,Family,1499,Quarterly,15,2025-02-25
SUB08708,CUST08708,Family,1499,Quarterly,15,2026-04-24
SUB08709,CUST08709,Premium,1199,Annual,10,2026-04-17
SUB08710,CUST08710,Family,1499,Quarterly,15,2025-05-31
SUB08711,CUST08711,Premium,1199,Monthly,10,2025-04-05
SUB08712,CUST08712,Premium,1199,Annual,10,2024-12-19
SUB08713,CUST08713,Premium,1199,Quarterly,10,2025-02-21
SUB08714,CUST08714,Standard,799,Monthly,5,2024-01-09
SUB08715,CUST08715,Premium,1199,Annual,10,2025-01-13
SUB08716,CUST08716,Family,1499,Monthly,15,2024-04-18
SUB08717,CUST08717,Family,1499,Annual,15,2024-07-25
SUB08718,CUST08718,Family,1499,Monthly,15,2026-02-20
SUB08719,CUST08719,Family,1499,Annual,15,2025-03-20
SUB08720,CUST08720,Family,1499,Monthly,15,2026-01-25
SUB08721,CUST08721,Family,1499,Monthly,15,2025-07-15
SUB08722,CUST08722,Basic,499,Monthly,2,2025-12-20
SUB08723,CUST08723,Basic,499,Monthly,2,2025-02-28
SUB08724,CUST08724,Family,1499,Annual,15,2024-09-13
SUB08725,CUST08725,Standard,799,Annual,5,2024-02-15
SUB08726,CUST08726,Family,1499,Quarterly,15,2024-03-27
SUB08727,CUST08727,Family,1499,Annual,15,2024-09-21
SUB08728,CUST08728,Family,1499,Quarterly,15,2024-10-20
SUB08729,CUST08729,Premium,1199,Annual,10,2025-12-29
SUB08730,CUST08730,Standard,799,Annual,5,2026-01-03
SUB08731,CUST08731,Basic,499,Monthly,2,2025-10-12
SUB08732,CUST08732,Standard,799,Monthly,5,2025-05-12
SUB08733,CUST08733,Family,1499,Monthly,15,2025-07-08
SUB08734,CUST08734,Standard,799,Monthly,5,2026-04-23
SUB08735,CUST08735,Standard,799,Monthly,5,2025-11-27
SUB08736,CUST08736,Family,1499,Monthly,15,2025-03-10
SUB08737,CUST08737,Family,1499,Monthly,15,2024-01-19
SUB08738,CUST08738,Family,1499,Monthly,15,2025-04-15
SUB08739,CUST08739,Basic,499,Monthly,2,2026-03-07
SUB08740,CUST08740,Family,1499,Monthly,15,2024-10-07
SUB08741,CUST08741,Standard,799,Quarterly,5,2025-02-28
SUB08742,CUST08742,Basic,499,Annual,2,2024-11-19
SUB08743,CUST08743,Premium,1199,Quarterly,10,2024-04-30
SUB08744,CUST08744,Basic,499,Annual,2,2024-06-29
SUB08745,CUST08745,Standard,799,Monthly,5,2024-03-16
SUB08746,CUST08746,Basic,499,Quarterly,2,2025-08-31
SUB08747,CUST08747,Standard,799,Monthly,5,2024-09-16
SUB08748,CUST08748,Standard,799,Monthly,5,2025-09-28
SUB08749,CUST08749,Basic,499,Quarterly,2,2025-08-08
SUB08750,CUST08750,Standard,799,Monthly,5,2025-10-23
SUB08751,CUST08751,Standard,799,Annual,5,2025-02-23
SUB08752,CUST08752,Premium,1199,Quarterly,10,2024-12-30
SUB08753,CUST08753,Premium,1199,Monthly,10,2024-07-02
SUB08754,CUST08754,Family,1499,Monthly,15,2024-04-10
SUB08755,CUST08755,Standard,799,Quarterly,5,2025-02-26
SUB08756,CUST08756,Basic,499,Monthly,2,2024-12-31
SUB08757,CUST08757,Premium,1199,Monthly,10,2026-04-24
SUB08758,CUST08758,Standard,799,Quarterly,5,2026-01-19
SUB08759,CUST08759,Standard,799,Monthly,5,2025-03-04
SUB08760,CUST08760,Basic,499,Monthly,2,2025-11-06
SUB08761,CUST08761,Family,1499,Annual,15,2025-03-26
SUB08762,CUST08762,Family,1499,Monthly,15,2026-01-03
SUB08763,CUST08763,Standard,799,Monthly,5,2024-04-03
SUB08764,CUST08764,Premium,1199,Monthly,10,2025-02-23
SUB08765,CUST08765,Basic,499,Monthly,2,2025-08-06
SUB08766,CUST08766,Family,1499,Monthly,15,2025-10-17
SUB08767,CUST08767,Premium,1199,Annual,10,2025-03-12
SUB08768,CUST08768,Basic,499,Monthly,2,2024-04-13
SUB08769,CUST08769,Premium,1199,Annual,10,2025-01-17
SUB08770,CUST08770,Family,1499,Annual,15,2025-09-09
SUB08771,CUST08771,Basic,499,Monthly,2,2024-03-05
SUB08772,CUST08772,Premium,1199,Annual,10,2025-03-25
SUB08773,CUST08773,Family,1499,Quarterly,15,2025-12-02
SUB08774,CUST08774,Premium,1199,Annual,10,2024-03-29
SUB08775,CUST08775,Family,1499,Quarterly,15,2024-12-11
SUB08776,CUST08776,Standard,799,Monthly,5,2025-10-05
SUB08777,CUST08777,Basic,499,Annual,2,2024-06-30
SUB08778,CUST08778,Premium,1199,Monthly,10,2025-07-23
SUB08779,CUST08779,Premium,1199,Annual,10,2024-06-04
SUB08780,CUST08780,Premium,1199,Monthly,10,2025-01-17
SUB08781,CUST08781,Premium,1199,Quarterly,10,2024-05-23
SUB08782,CUST08782,Standard,799,Monthly,5,2026-04-07
SUB08783,CUST08783,Premium,1199,Annual,10,2026-04-24
SUB08784,CUST08784,Family,1499,Quarterly,15,2024-07-10
SUB08785,CUST08785,Family,1499,Quarterly,15,2025-11-02
SUB08786,CUST08786,Basic,499,Monthly,2,2025-08-28
SUB08787,CUST08787,Standard,799,Annual,5,2024-07-29
SUB08788,CUST08788,Premium,1199,Monthly,10,2026-04-17
SUB08789,CUST08789,Basic,499,Annual,2,2024-03-29
SUB08790,CUST08790,Premium,1199,Monthly,10,2024-12-15
SUB08791,CUST08791,Standard,799,Monthly,5,2024-04-03
SUB08792,CUST08792,Premium,1199,Quarterly,10,2024-03-09
SUB08793,CUST08793,Standard,799,Quarterly,5,2026-02-08
SUB08794,CUST08794,Family,1499,Quarterly,15,2025-09-06
SUB08795,CUST08795,Premium,1199,Monthly,10,2025-10-08
SUB08796,CUST08796,Family,1499,Monthly,15,2025-12-29
SUB08797,CUST08797,Premium,1199,Monthly,10,2024-04-17
SUB08798,CUST08798,Family,1499,Monthly,15,2026-01-03
SUB08799,CUST08799,Standard,799,Monthly,5,2024-11-20
SUB08800,CUST08800,Premium,1199,Monthly,10,2024-12-19
SUB08801,CUST08801,Premium,1199,Annual,10,2026-03-12
SUB08802,CUST08802,Family,1499,Monthly,15,2024-09-27
SUB08803,CUST08803,Basic,499,Annual,2,2024-12-18
SUB08804,CUST08804,Standard,799,Monthly,5,2025-06-17
SUB08805,CUST08805,Premium,1199,Annual,10,2025-04-03
SUB08806,CUST08806,Basic,499,Monthly,2,2025-10-02
SUB08807,CUST08807,Standard,799,Quarterly,5,2025-08-27
SUB08808,CUST08808,Premium,1199,Quarterly,10,2025-03-23
SUB08809,CUST08809,Basic,499,Quarterly,2,2024-06-05
SUB08810,CUST08810,Premium,1199,Monthly,10,2025-05-11
SUB08811,CUST08811,Standard,799,Annual,5,2024-02-02
SUB08812,CUST08812,Premium,1199,Quarterly,10,2024-09-27
SUB08813,CUST08813,Premium,1199,Monthly,10,2024-10-18
SUB08814,CUST08814,Premium,1199,Monthly,10,2025-01-30
SUB08815,CUST08815,Premium,1199,Quarterly,10,2024-03-21
SUB08816,CUST08816,Standard,799,Annual,5,2025-03-31
SUB08817,CUST08817,Family,1499,Monthly,15,2024-05-22
SUB08818,CUST08818,Premium,1199,Monthly,10,2024-01-27
SUB08819,CUST08819,Premium,1199,Annual,10,2026-01-21
SUB08820,CUST08820,Premium,1199,Monthly,10,2026-03-30
SUB08821,CUST08821,Basic,499,Quarterly,2,2026-01-17
SUB08822,CUST08822,Standard,799,Annual,5,2026-02-25
SUB08823,CUST08823,Basic,499,Quarterly,2,2025-05-04
SUB08824,CUST08824,Standard,799,Annual,5,2025-01-20
SUB08825,CUST08825,Family,1499,Quarterly,15,2025-09-26
SUB08826,CUST08826,Basic,499,Monthly,2,2025-04-25
SUB08827,CUST08827,Standard,799,Monthly,5,2024-10-06
SUB08828,CUST08828,Basic,499,Quarterly,2,2024-05-18
SUB08829,CUST08829,Basic,499,Quarterly,2,2026-04-02
SUB08830,CUST08830,Premium,1199,Monthly,10,2024-09-21
SUB08831,CUST08831,Premium,1199,Quarterly,10,2024-05-25
SUB08832,CUST08832,Basic,499,Monthly,2,2024-03-01
SUB08833,CUST08833,Family,1499,Quarterly,15,2025-09-09
SUB08834,CUST08834,Standard,799,Quarterly,5,2024-02-08
SUB08835,CUST08835,Basic,499,Quarterly,2,2024-08-17
SUB08836,CUST08836,Premium,1199,Monthly,10,2025-10-28
SUB08837,CUST08837,Premium,1199,Monthly,10,2026-02-08
SUB08838,CUST08838,Family,1499,Monthly,15,2024-11-16
SUB08839,CUST08839,Family,1499,Monthly,15,2024-10-22
SUB08840,CUST08840,Premium,1199,Monthly,10,2025-06-21
SUB08841,CUST08841,Premium,1199,Annual,10,2025-11-11
SUB08842,CUST08842,Standard,799,Annual,5,2026-04-11
SUB08843,CUST08843,Standard,799,Quarterly,5,2024-09-28
SUB08844,CUST08844,Premium,1199,Quarterly,10,2024-09-26
SUB08845,CUST08845,Standard,799,Annual,5,2024-09-02
SUB08846,CUST08846,Basic,499,Annual,2,2025-08-03
SUB08847,CUST08847,Standard,799,Monthly,5,2026-04-18
SUB08848,CUST08848,Standard,799,Monthly,5,2025-12-25
SUB08849,CUST08849,Basic,499,Monthly,2,2026-01-13
SUB08850,CUST08850,Family,1499,Monthly,15,2024-06-09
SUB08851,CUST08851,Family,1499,Annual,15,2024-01-07
SUB08852,CUST08852,Standard,799,Monthly,5,2025-05-24
SUB08853,CUST08853,Premium,1199,Annual,10,2026-02-13
SUB08854,CUST08854,Standard,799,Monthly,5,2024-12-26
SUB08855,CUST08855,Premium,1199,Quarterly,10,2025-03-08
SUB08856,CUST08856,Standard,799,Quarterly,5,2025-02-02
SUB08857,CUST08857,Basic,499,Annual,2,2025-08-26
SUB08858,CUST08858,Standard,799,Annual,5,2025-10-25
SUB08859,CUST08859,Basic,499,Monthly,2,2025-12-11
SUB08860,CUST08860,Premium,1199,Annual,10,2025-07-17
SUB08861,CUST08861,Family,1499,Monthly,15,2026-01-14
SUB08862,CUST08862,Family,1499,Monthly,15,2024-10-03
SUB08863,CUST08863,Standard,799,Monthly,5,2025-06-02
SUB08864,CUST08864,Premium,1199,Monthly,10,2025-10-01
SUB08865,CUST08865,Premium,1199,Monthly,10,2024-03-12
SUB08866,CUST08866,Premium,1199,Monthly,10,2025-08-27
SUB08867,CUST08867,Family,1499,Quarterly,15,2024-04-21
SUB08868,CUST08868,Family,1499,Monthly,15,2025-05-28
SUB08869,CUST08869,Basic,499,Monthly,2,2026-04-23
SUB08870,CUST08870,Basic,499,Monthly,2,2026-01-08
SUB08871,CUST08871,Basic,499,Annual,2,2026-04-07
SUB08872,CUST08872,Family,1499,Quarterly,15,2025-12-24
SUB08873,CUST08873,Standard,799,Monthly,5,2024-03-07
SUB08874,CUST08874,Standard,799,Quarterly,5,2025-04-23
SUB08875,CUST08875,Basic,499,Annual,2,2024-11-05
SUB08876,CUST08876,Basic,499,Annual,2,2024-02-09
SUB08877,CUST08877,Standard,799,Quarterly,5,2025-04-05
SUB08878,CUST08878,Premium,1199,Quarterly,10,2024-05-02
SUB08879,CUST08879,Basic,499,Annual,2,2025-09-22
SUB08880,CUST08880,Family,1499,Monthly,15,2025-05-19
SUB08881,CUST08881,Basic,499,Annual,2,2024-12-30
SUB08882,CUST08882,Premium,1199,Annual,10,2025-04-15
SUB08883,CUST08883,Premium,1199,Quarterly,10,2024-06-14
SUB08884,CUST08884,Family,1499,Quarterly,15,2026-04-21
SUB08885,CUST08885,Premium,1199,Quarterly,10,2024-09-03
SUB08886,CUST08886,Premium,1199,Quarterly,10,2024-01-24
SUB08887,CUST08887,Basic,499,Quarterly,2,2026-02-18
SUB08888,CUST08888,Premium,1199,Quarterly,10,2025-02-23
SUB08889,CUST08889,Standard,799,Monthly,5,2024-03-02
SUB08890,CUST08890,Standard,799,Monthly,5,2024-08-14
SUB08891,CUST08891,Family,1499,Quarterly,15,2026-03-02
SUB08892,CUST08892,Basic,499,Quarterly,2,2024-03-31
SUB08893,CUST08893,Basic,499,Monthly,2,2024-10-10
SUB08894,CUST08894,Family,1499,Monthly,15,2024-05-08
SUB08895,CUST08895,Family,1499,Monthly,15,2024-05-14
SUB08896,CUST08896,Basic,499,Annual,2,2026-01-18
SUB08897,CUST08897,Standard,799,Annual,5,2025-11-22
SUB08898,CUST08898,Premium,1199,Quarterly,10,2025-09-27
SUB08899,CUST08899,Premium,1199,Annual,10,2024-10-24
SUB08900,CUST08900,Basic,499,Monthly,2,2025-04-13
SUB08901,CUST08901,Standard,799,Monthly,5,2024-08-05
SUB08902,CUST08902,Premium,1199,Monthly,10,2024-10-19
SUB08903,CUST08903,Premium,1199,Annual,10,2024-02-16
SUB08904,CUST08904,Basic,499,Quarterly,2,2025-12-27
SUB08905,CUST08905,Family,1499,Annual,15,2024-09-19
SUB08906,CUST08906,Family,1499,Monthly,15,2024-07-09
SUB08907,CUST08907,Premium,1199,Monthly,10,2025-12-23
SUB08908,CUST08908,Family,1499,Annual,15,2026-04-02
SUB08909,CUST08909,Premium,1199,Quarterly,10,2024-12-22
SUB08910,CUST08910,Family,1499,Monthly,15,2026-03-03
SUB08911,CUST08911,Basic,499,Annual,2,2024-12-05
SUB08912,CUST08912,Basic,499,Annual,2,2024-06-21
SUB08913,CUST08913,Standard,799,Quarterly,5,2024-02-04
SUB08914,CUST08914,Basic,499,Monthly,2,2024-10-07
SUB08915,CUST08915,Basic,499,Monthly,2,2025-02-24
SUB08916,CUST08916,Family,1499,Monthly,15,2024-07-16
SUB08917,CUST08917,Basic,499,Monthly,2,2025-11-10
SUB08918,CUST08918,Premium,1199,Monthly,10,2025-12-15
SUB08919,CUST08919,Premium,1199,Monthly,10,2024-10-31
SUB08920,CUST08920,Family,1499,Monthly,15,2026-04-30
SUB08921,CUST08921,Standard,799,Annual,5,2025-02-26
SUB08922,CUST08922,Family,1499,Monthly,15,2025-04-17
SUB08923,CUST08923,Premium,1199,Monthly,10,2025-07-13
SUB08924,CUST08924,Premium,1199,Monthly,10,2024-11-22
SUB08925,CUST08925,Standard,799,Annual,5,2024-07-28
SUB08926,CUST08926,Standard,799,Quarterly,5,2024-06-22
SUB08927,CUST08927,Standard,799,Annual,5,2024-11-09
SUB08928,CUST08928,Family,1499,Monthly,15,2025-03-13
SUB08929,CUST08929,Standard,799,Monthly,5,2025-09-23
SUB08930,CUST08930,Premium,1199,Quarterly,10,2025-04-25
SUB08931,CUST08931,Family,1499,Monthly,15,2025-06-03
SUB08932,CUST08932,Standard,799,Monthly,5,2025-12-07
SUB08933,CUST08933,Basic,499,Monthly,2,2024-09-10
SUB08934,CUST08934,Basic,499,Monthly,2,2024-08-20
SUB08935,CUST08935,Standard,799,Monthly,5,2024-04-13
SUB08936,CUST08936,Standard,799,Quarterly,5,2024-07-06
SUB08937,CUST08937,Standard,799,Monthly,5,2025-02-17
SUB08938,CUST08938,Premium,1199,Annual,10,2025-12-27
SUB08939,CUST08939,Family,1499,Monthly,15,2024-09-11
SUB08940,CUST08940,Basic,499,Annual,2,2025-09-15
SUB08941,CUST08941,Basic,499,Quarterly,2,2024-11-05
SUB08942,CUST08942,Family,1499,Annual,15,2024-08-04
SUB08943,CUST08943,Basic,499,Monthly,2,2025-01-15
SUB08944,CUST08944,Premium,1199,Monthly,10,2025-11-26
SUB08945,CUST08945,Standard,799,Monthly,5,2025-04-03
SUB08946,CUST08946,Standard,799,Annual,5,2025-07-07
SUB08947,CUST08947,Premium,1199,Quarterly,10,2025-07-01
SUB08948,CUST08948,Premium,1199,Monthly,10,2026-02-20
SUB08949,CUST08949,Premium,1199,Monthly,10,2024-07-25
SUB08950,CUST08950,Premium,1199,Quarterly,10,2024-01-23
SUB08951,CUST08951,Basic,499,Annual,2,2024-08-04
SUB08952,CUST08952,Premium,1199,Monthly,10,2025-12-19
SUB08953,CUST08953,Premium,1199,Monthly,10,2025-04-18
SUB08954,CUST08954,Family,1499,Annual,15,2025-09-08
SUB08955,CUST08955,Basic,499,Quarterly,2,2025-01-11
SUB08956,CUST08956,Basic,499,Monthly,2,2024-09-19
SUB08957,CUST08957,Premium,1199,Monthly,10,2026-03-04
SUB08958,CUST08958,Basic,499,Monthly,2,2025-07-27
SUB08959,CUST08959,Basic,499,Quarterly,2,2025-10-23
SUB08960,CUST08960,Premium,1199,Monthly,10,2025-02-15
SUB08961,CUST08961,Premium,1199,Quarterly,10,2024-10-18
SUB08962,CUST08962,Premium,1199,Monthly,10,2024-11-16
SUB08963,CUST08963,Standard,799,Monthly,5,2026-04-07
SUB08964,CUST08964,Family,1499,Monthly,15,2025-03-29
SUB08965,CUST08965,Standard,799,Quarterly,5,2025-12-18
SUB08966,CUST08966,Family,1499,Monthly,15,2025-07-12
SUB08967,CUST08967,Basic,499,Monthly,2,2024-03-26
SUB08968,CUST08968,Family,1499,Quarterly,15,2025-04-16
SUB08969,CUST08969,Standard,799,Quarterly,5,2026-02-12
SUB08970,CUST08970,Family,1499,Annual,15,2024-11-26
SUB08971,CUST08971,Standard,799,Annual,5,2025-06-12
SUB08972,CUST08972,Family,1499,Monthly,15,2024-02-24
SUB08973,CUST08973,Standard,799,Annual,5,2024-05-12
SUB08974,CUST08974,Standard,799,Quarterly,5,2026-01-19
SUB08975,CUST08975,Premium,1199,Monthly,10,2025-02-28
SUB08976,CUST08976,Family,1499,Monthly,15,2025-02-02
SUB08977,CUST08977,Basic,499,Monthly,2,2025-06-01
SUB08978,CUST08978,Basic,499,Quarterly,2,2024-01-23
SUB08979,CUST08979,Premium,1199,Quarterly,10,2025-06-01
SUB08980,CUST08980,Family,1499,Monthly,15,2025-05-04
SUB08981,CUST08981,Family,1499,Monthly,15,2025-04-08
SUB08982,CUST08982,Premium,1199,Monthly,10,2025-06-14
SUB08983,CUST08983,Basic,499,Monthly,2,2026-04-05
SUB08984,CUST08984,Family,1499,Quarterly,15,2026-02-17
SUB08985,CUST08985,Premium,1199,Monthly,10,2024-04-11
SUB08986,CUST08986,Premium,1199,Annual,10,2024-05-18
SUB08987,CUST08987,Family,1499,Monthly,15,2025-03-23
SUB08988,CUST08988,Family,1499,Annual,15,2024-01-20
SUB08989,CUST08989,Standard,799,Quarterly,5,2024-10-13
SUB08990,CUST08990,Standard,799,Monthly,5,2024-04-12
SUB08991,CUST08991,Basic,499,Quarterly,2,2024-07-21
SUB08992,CUST08992,Basic,499,Monthly,2,2025-01-09
SUB08993,CUST08993,Standard,799,Monthly,5,2026-04-23
SUB08994,CUST08994,Basic,499,Annual,2,2024-06-03
SUB08995,CUST08995,Basic,499,Monthly,2,2024-10-03
SUB08996,CUST08996,Family,1499,Monthly,15,2024-09-05
SUB08997,CUST08997,Standard,799,Monthly,5,2024-04-04
SUB08998,CUST08998,Basic,499,Annual,2,2025-06-19
SUB08999,CUST08999,Standard,799,Monthly,5,2026-03-16
SUB09000,CUST09000,Premium,1199,Monthly,10,2025-12-05
SUB09001,CUST09001,Basic,499,Annual,2,2024-04-27
SUB09002,CUST09002,Standard,799,Monthly,5,2025-02-08
SUB09003,CUST09003,Premium,1199,Monthly,10,2025-11-06
SUB09004,CUST09004,Family,1499,Annual,15,2025-12-21
SUB09005,CUST09005,Premium,1199,Annual,10,2026-04-18
SUB09006,CUST09006,Premium,1199,Monthly,10,2025-04-08
SUB09007,CUST09007,Premium,1199,Monthly,10,2024-06-15
SUB09008,CUST09008,Family,1499,Monthly,15,2024-04-27
SUB09009,CUST09009,Basic,499,Monthly,2,2025-11-04
SUB09010,CUST09010,Premium,1199,Annual,10,2026-02-09
SUB09011,CUST09011,Premium,1199,Quarterly,10,2025-12-01
SUB09012,CUST09012,Family,1499,Annual,15,2025-04-20
SUB09013,CUST09013,Basic,499,Monthly,2,2026-01-01
SUB09014,CUST09014,Standard,799,Monthly,5,2024-08-12
SUB09015,CUST09015,Standard,799,Monthly,5,2025-06-09
SUB09016,CUST09016,Standard,799,Monthly,5,2024-04-03
SUB09017,CUST09017,Premium,1199,Monthly,10,2024-08-11
SUB09018,CUST09018,Family,1499,Annual,15,2025-06-11
SUB09019,CUST09019,Standard,799,Monthly,5,2025-01-10
SUB09020,CUST09020,Basic,499,Annual,2,2025-08-26
SUB09021,CUST09021,Family,1499,Monthly,15,2025-10-23
SUB09022,CUST09022,Basic,499,Annual,2,2026-04-03
SUB09023,CUST09023,Family,1499,Quarterly,15,2025-03-08
SUB09024,CUST09024,Standard,799,Quarterly,5,2025-07-28
SUB09025,CUST09025,Basic,499,Monthly,2,2025-10-18
SUB09026,CUST09026,Premium,1199,Monthly,10,2024-07-04
SUB09027,CUST09027,Premium,1199,Monthly,10,2025-11-30
SUB09028,CUST09028,Premium,1199,Monthly,10,2025-01-29
SUB09029,CUST09029,Premium,1199,Annual,10,2026-04-30
SUB09030,CUST09030,Family,1499,Monthly,15,2024-06-21
SUB09031,CUST09031,Premium,1199,Monthly,10,2026-01-22
SUB09032,CUST09032,Family,1499,Annual,15,2025-06-16
SUB09033,CUST09033,Premium,1199,Annual,10,2025-02-06
SUB09034,CUST09034,Standard,799,Quarterly,5,2025-09-22
SUB09035,CUST09035,Family,1499,Monthly,15,2024-02-22
SUB09036,CUST09036,Basic,499,Annual,2,2024-01-19
SUB09037,CUST09037,Basic,499,Monthly,2,2025-12-17
SUB09038,CUST09038,Standard,799,Annual,5,2025-10-29
SUB09039,CUST09039,Basic,499,Annual,2,2026-03-16
SUB09040,CUST09040,Family,1499,Quarterly,15,2025-05-16
SUB09041,CUST09041,Standard,799,Monthly,5,2024-12-31
SUB09042,CUST09042,Family,1499,Annual,15,2025-05-27
SUB09043,CUST09043,Standard,799,Monthly,5,2025-08-07
SUB09044,CUST09044,Basic,499,Monthly,2,2025-02-10
SUB09045,CUST09045,Basic,499,Quarterly,2,2025-01-30
SUB09046,CUST09046,Basic,499,Annual,2,2025-09-16
SUB09047,CUST09047,Basic,499,Quarterly,2,2026-02-26
SUB09048,CUST09048,Standard,799,Monthly,5,2025-06-09
SUB09049,CUST09049,Basic,499,Monthly,2,2024-11-18
SUB09050,CUST09050,Premium,1199,Monthly,10,2025-07-13
SUB09051,CUST09051,Premium,1199,Annual,10,2025-04-24
SUB09052,CUST09052,Premium,1199,Quarterly,10,2024-06-10
SUB09053,CUST09053,Basic,499,Monthly,2,2025-03-04
SUB09054,CUST09054,Basic,499,Quarterly,2,2024-03-08
SUB09055,CUST09055,Standard,799,Quarterly,5,2025-03-07
SUB09056,CUST09056,Standard,799,Annual,5,2026-03-03
SUB09057,CUST09057,Basic,499,Monthly,2,2025-03-17
SUB09058,CUST09058,Premium,1199,Monthly,10,2024-08-18
SUB09059,CUST09059,Standard,799,Annual,5,2025-05-20
SUB09060,CUST09060,Basic,499,Monthly,2,2024-05-08
SUB09061,CUST09061,Basic,499,Monthly,2,2025-10-09
SUB09062,CUST09062,Basic,499,Monthly,2,2024-12-05
SUB09063,CUST09063,Family,1499,Annual,15,2024-03-02
SUB09064,CUST09064,Standard,799,Annual,5,2024-06-13
SUB09065,CUST09065,Family,1499,Monthly,15,2026-02-13
SUB09066,CUST09066,Basic,499,Monthly,2,2024-10-15
SUB09067,CUST09067,Basic,499,Monthly,2,2026-01-22
SUB09068,CUST09068,Family,1499,Annual,15,2024-11-02
SUB09069,CUST09069,Family,1499,Quarterly,15,2025-09-07
SUB09070,CUST09070,Family,1499,Monthly,15,2024-03-07
SUB09071,CUST09071,Family,1499,Annual,15,2024-10-15
SUB09072,CUST09072,Family,1499,Quarterly,15,2025-12-10
SUB09073,CUST09073,Family,1499,Annual,15,2024-08-12
SUB09074,CUST09074,Standard,799,Monthly,5,2026-02-05
SUB09075,CUST09075,Standard,799,Quarterly,5,2024-10-02
SUB09076,CUST09076,Family,1499,Annual,15,2025-07-15
SUB09077,CUST09077,Family,1499,Quarterly,15,2025-09-09
SUB09078,CUST09078,Standard,799,Monthly,5,2025-10-12
SUB09079,CUST09079,Basic,499,Monthly,2,2024-10-01
SUB09080,CUST09080,Family,1499,Monthly,15,2025-02-04
SUB09081,CUST09081,Standard,799,Annual,5,2024-08-12
SUB09082,CUST09082,Premium,1199,Annual,10,2025-06-26
SUB09083,CUST09083,Family,1499,Annual,15,2024-12-20
SUB09084,CUST09084,Family,1499,Annual,15,2024-11-19
SUB09085,CUST09085,Family,1499,Monthly,15,2025-10-01
SUB09086,CUST09086,Basic,499,Monthly,2,2024-02-24
SUB09087,CUST09087,Premium,1199,Monthly,10,2025-06-03
SUB09088,CUST09088,Premium,1199,Monthly,10,2024-11-25
SUB09089,CUST09089,Family,1499,Monthly,15,2024-12-17
SUB09090,CUST09090,Premium,1199,Monthly,10,2024-11-16
SUB09091,CUST09091,Family,1499,Monthly,15,2024-06-30
SUB09092,CUST09092,Family,1499,Quarterly,15,2024-10-24
SUB09093,CUST09093,Family,1499,Quarterly,15,2025-07-02
SUB09094,CUST09094,Basic,499,Monthly,2,2025-10-11
SUB09095,CUST09095,Standard,799,Annual,5,2024-01-08
SUB09096,CUST09096,Basic,499,Monthly,2,2024-08-25
SUB09097,CUST09097,Family,1499,Monthly,15,2025-04-09
SUB09098,CUST09098,Basic,499,Quarterly,2,2026-02-16
SUB09099,CUST09099,Premium,1199,Quarterly,10,2025-04-01
SUB09100,CUST09100,Standard,799,Monthly,5,2025-08-21
SUB09101,CUST09101,Basic,499,Monthly,2,2025-09-16
SUB09102,CUST09102,Family,1499,Monthly,15,2024-01-05
SUB09103,CUST09103,Premium,1199,Monthly,10,2024-10-18
SUB09104,CUST09104,Family,1499,Monthly,15,2026-02-07
SUB09105,CUST09105,Premium,1199,Monthly,10,2024-09-06
SUB09106,CUST09106,Family,1499,Monthly,15,2026-01-13
SUB09107,CUST09107,Basic,499,Monthly,2,2025-08-18
SUB09108,CUST09108,Standard,799,Monthly,5,2024-05-13
SUB09109,CUST09109,Basic,499,Annual,2,2025-06-12
SUB09110,CUST09110,Standard,799,Quarterly,5,2025-04-22
SUB09111,CUST09111,Basic,499,Annual,2,2024-11-28
SUB09112,CUST09112,Basic,499,Annual,2,2024-06-22
SUB09113,CUST09113,Premium,1199,Annual,10,2025-06-27
SUB09114,CUST09114,Premium,1199,Quarterly,10,2025-05-10
SUB09115,CUST09115,Family,1499,Monthly,15,2026-01-23
SUB09116,CUST09116,Standard,799,Monthly,5,2025-09-25
SUB09117,CUST09117,Standard,799,Annual,5,2024-04-18
SUB09118,CUST09118,Family,1499,Monthly,15,2026-03-01
SUB09119,CUST09119,Basic,499,Quarterly,2,2024-09-12
SUB09120,CUST09120,Basic,499,Monthly,2,2024-04-30
SUB09121,CUST09121,Standard,799,Monthly,5,2025-07-11
SUB09122,CUST09122,Standard,799,Monthly,5,2025-10-17
SUB09123,CUST09123,Standard,799,Monthly,5,2024-04-12
SUB09124,CUST09124,Basic,499,Monthly,2,2025-05-13
SUB09125,CUST09125,Family,1499,Monthly,15,2024-04-30
SUB09126,CUST09126,Premium,1199,Monthly,10,2025-09-23
SUB09127,CUST09127,Family,1499,Quarterly,15,2025-07-21
SUB09128,CUST09128,Basic,499,Monthly,2,2025-10-11
SUB09129,CUST09129,Family,1499,Quarterly,15,2024-05-22
SUB09130,CUST09130,Standard,799,Monthly,5,2024-10-08
SUB09131,CUST09131,Family,1499,Monthly,15,2024-10-03
SUB09132,CUST09132,Standard,799,Monthly,5,2025-06-16
SUB09133,CUST09133,Family,1499,Monthly,15,2025-01-08
SUB09134,CUST09134,Basic,499,Annual,2,2024-06-16
SUB09135,CUST09135,Standard,799,Quarterly,5,2025-05-20
SUB09136,CUST09136,Standard,799,Quarterly,5,2025-01-02
SUB09137,CUST09137,Standard,799,Monthly,5,2024-08-25
SUB09138,CUST09138,Premium,1199,Quarterly,10,2026-02-13
SUB09139,CUST09139,Premium,1199,Monthly,10,2026-04-21
SUB09140,CUST09140,Family,1499,Monthly,15,2025-04-21
SUB09141,CUST09141,Premium,1199,Quarterly,10,2025-06-04
SUB09142,CUST09142,Family,1499,Annual,15,2024-06-02
SUB09143,CUST09143,Basic,499,Annual,2,2024-03-14
SUB09144,CUST09144,Basic,499,Quarterly,2,2024-02-22
SUB09145,CUST09145,Premium,1199,Monthly,10,2025-10-23
SUB09146,CUST09146,Premium,1199,Monthly,10,2024-04-15
SUB09147,CUST09147,Premium,1199,Annual,10,2026-01-29
SUB09148,CUST09148,Standard,799,Quarterly,5,2026-03-30
SUB09149,CUST09149,Basic,499,Quarterly,2,2025-01-08
SUB09150,CUST09150,Basic,499,Annual,2,2025-02-12
SUB09151,CUST09151,Premium,1199,Monthly,10,2024-12-27
SUB09152,CUST09152,Premium,1199,Annual,10,2024-07-01
SUB09153,CUST09153,Premium,1199,Quarterly,10,2026-01-19
SUB09154,CUST09154,Premium,1199,Monthly,10,2025-05-04
SUB09155,CUST09155,Standard,799,Monthly,5,2024-04-05
SUB09156,CUST09156,Family,1499,Quarterly,15,2024-07-29
SUB09157,CUST09157,Family,1499,Monthly,15,2024-02-25
SUB09158,CUST09158,Premium,1199,Quarterly,10,2026-03-09
SUB09159,CUST09159,Premium,1199,Quarterly,10,2025-08-15
SUB09160,CUST09160,Basic,499,Monthly,2,2026-01-28
SUB09161,CUST09161,Basic,499,Monthly,2,2025-10-02
SUB09162,CUST09162,Family,1499,Quarterly,15,2025-02-05
SUB09163,CUST09163,Premium,1199,Annual,10,2025-09-04
SUB09164,CUST09164,Standard,799,Quarterly,5,2025-11-29
SUB09165,CUST09165,Basic,499,Monthly,2,2025-11-07
SUB09166,CUST09166,Family,1499,Monthly,15,2024-08-02
SUB09167,CUST09167,Family,1499,Monthly,15,2025-06-01
SUB09168,CUST09168,Standard,799,Monthly,5,2024-04-07
SUB09169,CUST09169,Family,1499,Monthly,15,2025-05-12
SUB09170,CUST09170,Basic,499,Monthly,2,2025-08-20
SUB09171,CUST09171,Family,1499,Quarterly,15,2025-02-28
SUB09172,CUST09172,Family,1499,Quarterly,15,2025-12-28
SUB09173,CUST09173,Standard,799,Quarterly,5,2024-10-02
SUB09174,CUST09174,Premium,1199,Quarterly,10,2024-04-09
SUB09175,CUST09175,Family,1499,Monthly,15,2024-10-03
SUB09176,CUST09176,Standard,799,Annual,5,2024-02-04
SUB09177,CUST09177,Standard,799,Monthly,5,2024-10-21
SUB09178,CUST09178,Basic,499,Monthly,2,2026-01-23
SUB09179,CUST09179,Basic,499,Monthly,2,2025-12-24
SUB09180,CUST09180,Standard,799,Monthly,5,2026-04-23
SUB09181,CUST09181,Premium,1199,Annual,10,2025-03-06
SUB09182,CUST09182,Standard,799,Annual,5,2024-12-21
SUB09183,CUST09183,Family,1499,Monthly,15,2024-10-23
SUB09184,CUST09184,Basic,499,Annual,2,2024-12-19
SUB09185,CUST09185,Family,1499,Annual,15,2025-03-21
SUB09186,CUST09186,Basic,499,Monthly,2,2025-06-07
SUB09187,CUST09187,Standard,799,Monthly,5,2025-10-04
SUB09188,CUST09188,Family,1499,Monthly,15,2025-07-07
SUB09189,CUST09189,Family,1499,Monthly,15,2024-12-26
SUB09190,CUST09190,Family,1499,Annual,15,2024-03-20
SUB09191,CUST09191,Premium,1199,Quarterly,10,2025-07-30
SUB09192,CUST09192,Family,1499,Annual,15,2024-03-06
SUB09193,CUST09193,Standard,799,Annual,5,2024-09-18
SUB09194,CUST09194,Premium,1199,Monthly,10,2025-04-26
SUB09195,CUST09195,Standard,799,Quarterly,5,2026-04-07
SUB09196,CUST09196,Basic,499,Annual,2,2024-06-29
SUB09197,CUST09197,Family,1499,Monthly,15,2026-03-07
SUB09198,CUST09198,Premium,1199,Annual,10,2026-03-16
SUB09199,CUST09199,Basic,499,Annual,2,2026-01-06
SUB09200,CUST09200,Family,1499,Quarterly,15,2025-04-24
SUB09201,CUST09201,Premium,1199,Monthly,10,2025-10-28
SUB09202,CUST09202,Standard,799,Quarterly,5,2025-11-18
SUB09203,CUST09203,Family,1499,Monthly,15,2025-12-30
SUB09204,CUST09204,Premium,1199,Monthly,10,2024-09-28
SUB09205,CUST09205,Family,1499,Monthly,15,2024-01-03
SUB09206,CUST09206,Standard,799,Monthly,5,2026-03-13
SUB09207,CUST09207,Basic,499,Quarterly,2,2024-09-11
SUB09208,CUST09208,Basic,499,Monthly,2,2024-06-17
SUB09209,CUST09209,Premium,1199,Monthly,10,2025-02-01
SUB09210,CUST09210,Basic,499,Annual,2,2026-03-05
SUB09211,CUST09211,Premium,1199,Quarterly,10,2024-07-15
SUB09212,CUST09212,Family,1499,Monthly,15,2025-11-01
SUB09213,CUST09213,Standard,799,Monthly,5,2025-02-21
SUB09214,CUST09214,Basic,499,Monthly,2,2025-04-24
SUB09215,CUST09215,Family,1499,Annual,15,2026-01-10
SUB09216,CUST09216,Premium,1199,Annual,10,2024-10-22
SUB09217,CUST09217,Premium,1199,Monthly,10,2025-03-08
SUB09218,CUST09218,Basic,499,Quarterly,2,2025-12-21
SUB09219,CUST09219,Basic,499,Annual,2,2025-08-28
SUB09220,CUST09220,Standard,799,Monthly,5,2024-02-12
SUB09221,CUST09221,Family,1499,Quarterly,15,2026-02-21
SUB09222,CUST09222,Family,1499,Annual,15,2024-06-07
SUB09223,CUST09223,Premium,1199,Monthly,10,2024-12-16
SUB09224,CUST09224,Standard,799,Quarterly,5,2025-01-29
SUB09225,CUST09225,Family,1499,Monthly,15,2025-01-06
SUB09226,CUST09226,Family,1499,Annual,15,2024-12-16
SUB09227,CUST09227,Standard,799,Annual,5,2024-12-31
SUB09228,CUST09228,Premium,1199,Monthly,10,2025-05-09
SUB09229,CUST09229,Premium,1199,Annual,10,2025-04-04
SUB09230,CUST09230,Premium,1199,Monthly,10,2025-01-18
SUB09231,CUST09231,Premium,1199,Monthly,10,2024-04-10
SUB09232,CUST09232,Basic,499,Monthly,2,2025-05-07
SUB09233,CUST09233,Premium,1199,Annual,10,2025-09-11
SUB09234,CUST09234,Premium,1199,Annual,10,2026-04-18
SUB09235,CUST09235,Standard,799,Monthly,5,2025-08-13
SUB09236,CUST09236,Family,1499,Monthly,15,2025-12-21
SUB09237,CUST09237,Basic,499,Monthly,2,2024-03-23
SUB09238,CUST09238,Basic,499,Monthly,2,2025-11-17
SUB09239,CUST09239,Standard,799,Annual,5,2024-04-06
SUB09240,CUST09240,Premium,1199,Quarterly,10,2025-11-17
SUB09241,CUST09241,Basic,499,Quarterly,2,2024-09-25
SUB09242,CUST09242,Family,1499,Annual,15,2024-05-20
SUB09243,CUST09243,Family,1499,Quarterly,15,2025-02-28
SUB09244,CUST09244,Basic,499,Annual,2,2024-10-15
SUB09245,CUST09245,Standard,799,Monthly,5,2024-11-22
SUB09246,CUST09246,Basic,499,Monthly,2,2024-06-10
SUB09247,CUST09247,Basic,499,Monthly,2,2026-02-09
SUB09248,CUST09248,Standard,799,Quarterly,5,2024-11-18
SUB09249,CUST09249,Basic,499,Monthly,2,2024-02-16
SUB09250,CUST09250,Basic,499,Monthly,2,2025-05-18
SUB09251,CUST09251,Family,1499,Annual,15,2025-10-17
SUB09252,CUST09252,Family,1499,Monthly,15,2025-03-30
SUB09253,CUST09253,Premium,1199,Monthly,10,2025-04-30
SUB09254,CUST09254,Premium,1199,Quarterly,10,2024-05-09
SUB09255,CUST09255,Premium,1199,Monthly,10,2025-05-08
SUB09256,CUST09256,Basic,499,Quarterly,2,2024-07-12
SUB09257,CUST09257,Standard,799,Monthly,5,2024-10-08
SUB09258,CUST09258,Basic,499,Monthly,2,2025-04-28
SUB09259,CUST09259,Family,1499,Monthly,15,2025-09-21
SUB09260,CUST09260,Premium,1199,Monthly,10,2025-09-18
SUB09261,CUST09261,Premium,1199,Monthly,10,2024-05-26
SUB09262,CUST09262,Premium,1199,Monthly,10,2024-07-06
SUB09263,CUST09263,Premium,1199,Annual,10,2024-06-22
SUB09264,CUST09264,Basic,499,Monthly,2,2024-08-24
SUB09265,CUST09265,Premium,1199,Monthly,10,2024-11-21
SUB09266,CUST09266,Family,1499,Monthly,15,2026-03-29
SUB09267,CUST09267,Family,1499,Monthly,15,2024-12-02
SUB09268,CUST09268,Premium,1199,Annual,10,2025-08-01
SUB09269,CUST09269,Basic,499,Annual,2,2026-04-29
SUB09270,CUST09270,Premium,1199,Monthly,10,2025-03-13
SUB09271,CUST09271,Premium,1199,Monthly,10,2026-01-09
SUB09272,CUST09272,Standard,799,Monthly,5,2024-02-01
SUB09273,CUST09273,Standard,799,Monthly,5,2026-04-27
SUB09274,CUST09274,Premium,1199,Annual,10,2025-02-04
SUB09275,CUST09275,Basic,499,Monthly,2,2025-01-04
SUB09276,CUST09276,Premium,1199,Quarterly,10,2025-07-16
SUB09277,CUST09277,Standard,799,Monthly,5,2025-05-06
SUB09278,CUST09278,Premium,1199,Annual,10,2026-01-31
SUB09279,CUST09279,Standard,799,Monthly,5,2025-03-11
SUB09280,CUST09280,Standard,799,Monthly,5,2025-11-01
SUB09281,CUST09281,Premium,1199,Annual,10,2025-03-24
SUB09282,CUST09282,Family,1499,Annual,15,2026-01-12
SUB09283,CUST09283,Standard,799,Monthly,5,2024-09-19
SUB09284,CUST09284,Basic,499,Quarterly,2,2024-12-11
SUB09285,CUST09285,Standard,799,Quarterly,5,2025-02-02
SUB09286,CUST09286,Basic,499,Monthly,2,2026-01-07
SUB09287,CUST09287,Standard,799,Quarterly,5,2024-04-02
SUB09288,CUST09288,Standard,799,Monthly,5,2024-06-24
SUB09289,CUST09289,Basic,499,Quarterly,2,2024-05-30
SUB09290,CUST09290,Standard,799,Annual,5,2024-08-09
SUB09291,CUST09291,Premium,1199,Monthly,10,2024-01-22
SUB09292,CUST09292,Standard,799,Annual,5,2025-07-27
SUB09293,CUST09293,Family,1499,Monthly,15,2025-10-03
SUB09294,CUST09294,Basic,499,Monthly,2,2025-03-09
SUB09295,CUST09295,Standard,799,Monthly,5,2025-11-12
SUB09296,CUST09296,Premium,1199,Monthly,10,2025-11-27
SUB09297,CUST09297,Standard,799,Quarterly,5,2026-04-19
SUB09298,CUST09298,Family,1499,Monthly,15,2026-04-22
SUB09299,CUST09299,Standard,799,Monthly,5,2025-06-01
SUB09300,CUST09300,Family,1499,Monthly,15,2024-12-11
SUB09301,CUST09301,Standard,799,Annual,5,2025-01-19
SUB09302,CUST09302,Basic,499,Quarterly,2,2024-03-02
SUB09303,CUST09303,Premium,1199,Annual,10,2024-07-31
SUB09304,CUST09304,Basic,499,Quarterly,2,2025-07-23
SUB09305,CUST09305,Premium,1199,Monthly,10,2024-12-19
SUB09306,CUST09306,Premium,1199,Quarterly,10,2024-07-06
SUB09307,CUST09307,Family,1499,Annual,15,2025-12-15
SUB09308,CUST09308,Standard,799,Annual,5,2026-04-26
SUB09309,CUST09309,Family,1499,Monthly,15,2025-03-09
SUB09310,CUST09310,Standard,799,Annual,5,2024-08-13
SUB09311,CUST09311,Family,1499,Monthly,15,2025-06-22
SUB09312,CUST09312,Premium,1199,Quarterly,10,2025-11-30
SUB09313,CUST09313,Family,1499,Monthly,15,2026-01-28
SUB09314,CUST09314,Premium,1199,Quarterly,10,2024-04-08
SUB09315,CUST09315,Standard,799,Monthly,5,2024-06-27
SUB09316,CUST09316,Family,1499,Monthly,15,2025-03-13
SUB09317,CUST09317,Family,1499,Monthly,15,2024-09-09
SUB09318,CUST09318,Family,1499,Monthly,15,2024-03-09
SUB09319,CUST09319,Family,1499,Quarterly,15,2025-01-03
SUB09320,CUST09320,Basic,499,Annual,2,2025-02-09
SUB09321,CUST09321,Standard,799,Monthly,5,2024-12-26
SUB09322,CUST09322,Basic,499,Monthly,2,2025-01-08
SUB09323,CUST09323,Family,1499,Monthly,15,2024-08-17
SUB09324,CUST09324,Basic,499,Monthly,2,2025-10-24
SUB09325,CUST09325,Family,1499,Monthly,15,2025-04-20
SUB09326,CUST09326,Standard,799,Monthly,5,2025-12-21
SUB09327,CUST09327,Basic,499,Quarterly,2,2024-06-06
SUB09328,CUST09328,Family,1499,Quarterly,15,2024-05-28
SUB09329,CUST09329,Premium,1199,Monthly,10,2025-12-13
SUB09330,CUST09330,Premium,1199,Quarterly,10,2024-07-18
SUB09331,CUST09331,Basic,499,Monthly,2,2025-10-09
SUB09332,CUST09332,Premium,1199,Annual,10,2025-07-16
SUB09333,CUST09333,Family,1499,Monthly,15,2025-09-13
SUB09334,CUST09334,Family,1499,Monthly,15,2026-03-31
SUB09335,CUST09335,Family,1499,Monthly,15,2025-09-27
SUB09336,CUST09336,Standard,799,Monthly,5,2024-02-06
SUB09337,CUST09337,Basic,499,Monthly,2,2025-05-14
SUB09338,CUST09338,Basic,499,Quarterly,2,2024-08-28
SUB09339,CUST09339,Basic,499,Monthly,2,2025-03-14
SUB09340,CUST09340,Basic,499,Quarterly,2,2024-02-21
SUB09341,CUST09341,Basic,499,Monthly,2,2026-02-23
SUB09342,CUST09342,Standard,799,Monthly,5,2025-06-26
SUB09343,CUST09343,Standard,799,Monthly,5,2024-11-23
SUB09344,CUST09344,Standard,799,Quarterly,5,2025-12-02
SUB09345,CUST09345,Family,1499,Monthly,15,2024-07-03
SUB09346,CUST09346,Premium,1199,Monthly,10,2026-04-07
SUB09347,CUST09347,Standard,799,Monthly,5,2024-02-06
SUB09348,CUST09348,Standard,799,Quarterly,5,2026-02-26
SUB09349,CUST09349,Premium,1199,Quarterly,10,2025-05-28
SUB09350,CUST09350,Family,1499,Monthly,15,2024-09-25
SUB09351,CUST09351,Standard,799,Monthly,5,2025-06-03
SUB09352,CUST09352,Standard,799,Monthly,5,2024-10-14
SUB09353,CUST09353,Family,1499,Annual,15,2025-09-23
SUB09354,CUST09354,Premium,1199,Annual,10,2024-12-13
SUB09355,CUST09355,Family,1499,Monthly,15,2024-10-11
SUB09356,CUST09356,Basic,499,Quarterly,2,2024-08-10
SUB09357,CUST09357,Basic,499,Quarterly,2,2025-08-25
SUB09358,CUST09358,Family,1499,Monthly,15,2025-10-28
SUB09359,CUST09359,Standard,799,Annual,5,2025-04-03
SUB09360,CUST09360,Premium,1199,Monthly,10,2024-12-25
SUB09361,CUST09361,Basic,499,Annual,2,2025-09-12
SUB09362,CUST09362,Premium,1199,Monthly,10,2024-07-12
SUB09363,CUST09363,Premium,1199,Monthly,10,2024-12-16
SUB09364,CUST09364,Standard,799,Monthly,5,2026-02-16
SUB09365,CUST09365,Family,1499,Monthly,15,2026-01-17
SUB09366,CUST09366,Basic,499,Annual,2,2025-04-11
SUB09367,CUST09367,Premium,1199,Monthly,10,2025-06-22
SUB09368,CUST09368,Premium,1199,Quarterly,10,2025-10-07
SUB09369,CUST09369,Premium,1199,Monthly,10,2025-06-19
SUB09370,CUST09370,Family,1499,Monthly,15,2024-12-28
SUB09371,CUST09371,Family,1499,Monthly,15,2025-02-27
SUB09372,CUST09372,Family,1499,Monthly,15,2024-02-02
SUB09373,CUST09373,Basic,499,Monthly,2,2024-09-21
SUB09374,CUST09374,Basic,499,Monthly,2,2025-12-08
SUB09375,CUST09375,Family,1499,Quarterly,15,2024-10-13
SUB09376,CUST09376,Family,1499,Annual,15,2026-03-22
SUB09377,CUST09377,Standard,799,Quarterly,5,2025-04-09
SUB09378,CUST09378,Standard,799,Monthly,5,2025-11-07
SUB09379,CUST09379,Standard,799,Monthly,5,2025-07-20
SUB09380,CUST09380,Basic,499,Monthly,2,2024-02-08
SUB09381,CUST09381,Standard,799,Monthly,5,2024-10-04
SUB09382,CUST09382,Family,1499,Monthly,15,2024-10-30
SUB09383,CUST09383,Standard,799,Monthly,5,2025-03-24
SUB09384,CUST09384,Standard,799,Monthly,5,2025-08-31
SUB09385,CUST09385,Family,1499,Monthly,15,2025-07-13
SUB09386,CUST09386,Basic,499,Annual,2,2025-07-15
SUB09387,CUST09387,Standard,799,Monthly,5,2025-06-29
SUB09388,CUST09388,Basic,499,Monthly,2,2024-03-16
SUB09389,CUST09389,Premium,1199,Monthly,10,2025-11-25
SUB09390,CUST09390,Standard,799,Annual,5,2026-04-04
SUB09391,CUST09391,Family,1499,Monthly,15,2024-04-13
SUB09392,CUST09392,Basic,499,Monthly,2,2024-02-13
SUB09393,CUST09393,Standard,799,Quarterly,5,2026-03-23
SUB09394,CUST09394,Basic,499,Monthly,2,2025-05-24
SUB09395,CUST09395,Family,1499,Monthly,15,2024-10-27
SUB09396,CUST09396,Basic,499,Quarterly,2,2024-04-21
SUB09397,CUST09397,Premium,1199,Monthly,10,2024-10-11
SUB09398,CUST09398,Premium,1199,Quarterly,10,2025-09-22
SUB09399,CUST09399,Standard,799,Quarterly,5,2025-01-14
SUB09400,CUST09400,Basic,499,Annual,2,2024-04-26
SUB09401,CUST09401,Premium,1199,Quarterly,10,2025-09-18
SUB09402,CUST09402,Basic,499,Annual,2,2024-06-23
SUB09403,CUST09403,Family,1499,Monthly,15,2024-11-01
SUB09404,CUST09404,Basic,499,Annual,2,2024-07-22
SUB09405,CUST09405,Premium,1199,Monthly,10,2025-01-16
SUB09406,CUST09406,Standard,799,Quarterly,5,2024-10-05
SUB09407,CUST09407,Family,1499,Quarterly,15,2024-03-14
SUB09408,CUST09408,Family,1499,Annual,15,2025-07-03
SUB09409,CUST09409,Standard,799,Monthly,5,2025-04-13
SUB09410,CUST09410,Basic,499,Monthly,2,2025-02-15
SUB09411,CUST09411,Family,1499,Monthly,15,2024-11-01
SUB09412,CUST09412,Family,1499,Quarterly,15,2024-01-08
SUB09413,CUST09413,Premium,1199,Monthly,10,2024-04-06
SUB09414,CUST09414,Premium,1199,Quarterly,10,2026-04-16
SUB09415,CUST09415,Standard,799,Monthly,5,2026-01-27
SUB09416,CUST09416,Family,1499,Quarterly,15,2026-04-16
SUB09417,CUST09417,Basic,499,Monthly,2,2024-10-23
SUB09418,CUST09418,Family,1499,Monthly,15,2025-03-12
SUB09419,CUST09419,Family,1499,Monthly,15,2026-01-08
SUB09420,CUST09420,Premium,1199,Monthly,10,2024-09-09
SUB09421,CUST09421,Basic,499,Quarterly,2,2024-10-12
SUB09422,CUST09422,Standard,799,Monthly,5,2025-11-10
SUB09423,CUST09423,Premium,1199,Annual,10,2024-01-10
SUB09424,CUST09424,Family,1499,Quarterly,15,2024-10-26
SUB09425,CUST09425,Premium,1199,Quarterly,10,2025-04-12
SUB09426,CUST09426,Basic,499,Monthly,2,2025-04-15
SUB09427,CUST09427,Premium,1199,Monthly,10,2026-01-28
SUB09428,CUST09428,Basic,499,Quarterly,2,2026-03-25
SUB09429,CUST09429,Standard,799,Monthly,5,2026-01-04
SUB09430,CUST09430,Basic,499,Quarterly,2,2025-12-11
SUB09431,CUST09431,Standard,799,Monthly,5,2025-04-12
SUB09432,CUST09432,Standard,799,Quarterly,5,2025-07-22
SUB09433,CUST09433,Standard,799,Annual,5,2024-01-18
SUB09434,CUST09434,Basic,499,Annual,2,2024-07-02
SUB09435,CUST09435,Premium,1199,Quarterly,10,2025-03-09
SUB09436,CUST09436,Family,1499,Monthly,15,2025-04-27
SUB09437,CUST09437,Standard,799,Annual,5,2025-01-27
SUB09438,CUST09438,Premium,1199,Monthly,10,2024-11-05
SUB09439,CUST09439,Family,1499,Monthly,15,2025-10-24
SUB09440,CUST09440,Standard,799,Monthly,5,2024-01-16
SUB09441,CUST09441,Family,1499,Monthly,15,2025-11-08
SUB09442,CUST09442,Standard,799,Quarterly,5,2024-04-23
SUB09443,CUST09443,Family,1499,Monthly,15,2024-06-19
SUB09444,CUST09444,Basic,499,Monthly,2,2025-10-15
SUB09445,CUST09445,Premium,1199,Quarterly,10,2025-07-04
SUB09446,CUST09446,Standard,799,Monthly,5,2026-03-22
SUB09447,CUST09447,Family,1499,Annual,15,2024-04-18
SUB09448,CUST09448,Standard,799,Annual,5,2024-08-06
SUB09449,CUST09449,Premium,1199,Quarterly,10,2024-09-01
SUB09450,CUST09450,Standard,799,Quarterly,5,2025-03-15
SUB09451,CUST09451,Basic,499,Monthly,2,2025-03-17
SUB09452,CUST09452,Premium,1199,Annual,10,2024-02-03
SUB09453,CUST09453,Standard,799,Annual,5,2025-02-12
SUB09454,CUST09454,Basic,499,Monthly,2,2025-06-19
SUB09455,CUST09455,Premium,1199,Annual,10,2025-09-28
SUB09456,CUST09456,Basic,499,Monthly,2,2025-06-16
SUB09457,CUST09457,Standard,799,Monthly,5,2025-11-23
SUB09458,CUST09458,Basic,499,Monthly,2,2024-08-26
SUB09459,CUST09459,Basic,499,Monthly,2,2025-11-17
SUB09460,CUST09460,Premium,1199,Annual,10,2024-02-19
SUB09461,CUST09461,Standard,799,Monthly,5,2025-04-02
SUB09462,CUST09462,Standard,799,Monthly,5,2026-02-14
SUB09463,CUST09463,Standard,799,Monthly,5,2024-01-06
SUB09464,CUST09464,Premium,1199,Quarterly,10,2025-01-08
SUB09465,CUST09465,Family,1499,Quarterly,15,2025-01-10
SUB09466,CUST09466,Premium,1199,Monthly,10,2025-11-20
SUB09467,CUST09467,Family,1499,Quarterly,15,2025-08-28
SUB09468,CUST09468,Basic,499,Annual,2,2025-06-11
SUB09469,CUST09469,Family,1499,Monthly,15,2024-01-10
SUB09470,CUST09470,Family,1499,Monthly,15,2024-09-07
SUB09471,CUST09471,Standard,799,Quarterly,5,2024-12-29
SUB09472,CUST09472,Family,1499,Annual,15,2024-03-13
SUB09473,CUST09473,Family,1499,Monthly,15,2024-12-07
SUB09474,CUST09474,Family,1499,Monthly,15,2025-11-28
SUB09475,CUST09475,Basic,499,Annual,2,2025-11-07
SUB09476,CUST09476,Family,1499,Quarterly,15,2024-11-21
SUB09477,CUST09477,Standard,799,Monthly,5,2024-05-11
SUB09478,CUST09478,Premium,1199,Annual,10,2024-03-23
SUB09479,CUST09479,Family,1499,Monthly,15,2025-07-08
SUB09480,CUST09480,Standard,799,Monthly,5,2025-11-14
SUB09481,CUST09481,Standard,799,Annual,5,2024-01-26
SUB09482,CUST09482,Family,1499,Monthly,15,2025-09-17
SUB09483,CUST09483,Standard,799,Monthly,5,2026-02-06
SUB09484,CUST09484,Standard,799,Quarterly,5,2024-06-30
SUB09485,CUST09485,Basic,499,Monthly,2,2024-12-20
SUB09486,CUST09486,Family,1499,Annual,15,2026-04-24
SUB09487,CUST09487,Premium,1199,Annual,10,2024-12-31
SUB09488,CUST09488,Standard,799,Monthly,5,2024-11-09
SUB09489,CUST09489,Premium,1199,Monthly,10,2024-06-19
SUB09490,CUST09490,Basic,499,Monthly,2,2026-04-04
SUB09491,CUST09491,Standard,799,Monthly,5,2025-02-01
SUB09492,CUST09492,Basic,499,Monthly,2,2024-11-17
SUB09493,CUST09493,Basic,499,Annual,2,2024-09-02
SUB09494,CUST09494,Family,1499,Quarterly,15,2026-01-13
SUB09495,CUST09495,Basic,499,Monthly,2,2024-09-14
SUB09496,CUST09496,Premium,1199,Annual,10,2024-08-16
SUB09497,CUST09497,Premium,1199,Quarterly,10,2025-12-28
SUB09498,CUST09498,Basic,499,Monthly,2,2024-02-16
SUB09499,CUST09499,Family,1499,Monthly,15,2024-03-22
SUB09500,CUST09500,Family,1499,Quarterly,15,2024-06-13
SUB09501,CUST09501,Family,1499,Monthly,15,2024-01-29
SUB09502,CUST09502,Standard,799,Annual,5,2025-04-01
SUB09503,CUST09503,Standard,799,Annual,5,2026-02-25
SUB09504,CUST09504,Standard,799,Quarterly,5,2024-12-09
SUB09505,CUST09505,Premium,1199,Monthly,10,2025-12-27
SUB09506,CUST09506,Family,1499,Monthly,15,2025-11-02
SUB09507,CUST09507,Family,1499,Monthly,15,2024-12-31
SUB09508,CUST09508,Family,1499,Quarterly,15,2025-06-02
SUB09509,CUST09509,Basic,499,Annual,2,2024-12-10
SUB09510,CUST09510,Standard,799,Monthly,5,2024-03-22
SUB09511,CUST09511,Premium,1199,Annual,10,2024-05-08
SUB09512,CUST09512,Standard,799,Quarterly,5,2025-03-23
SUB09513,CUST09513,Premium,1199,Monthly,10,2024-01-10
SUB09514,CUST09514,Premium,1199,Quarterly,10,2024-07-30
SUB09515,CUST09515,Premium,1199,Monthly,10,2026-02-24
SUB09516,CUST09516,Family,1499,Monthly,15,2025-02-17
SUB09517,CUST09517,Standard,799,Monthly,5,2025-05-14
SUB09518,CUST09518,Family,1499,Monthly,15,2024-04-02
SUB09519,CUST09519,Basic,499,Quarterly,2,2025-05-27
SUB09520,CUST09520,Premium,1199,Monthly,10,2026-03-02
SUB09521,CUST09521,Premium,1199,Monthly,10,2025-11-24
SUB09522,CUST09522,Basic,499,Annual,2,2025-06-29
SUB09523,CUST09523,Premium,1199,Monthly,10,2024-11-19
SUB09524,CUST09524,Family,1499,Monthly,15,2024-04-23
SUB09525,CUST09525,Premium,1199,Quarterly,10,2024-11-03
SUB09526,CUST09526,Family,1499,Annual,15,2025-03-22
SUB09527,CUST09527,Basic,499,Monthly,2,2025-04-03
SUB09528,CUST09528,Basic,499,Quarterly,2,2024-01-27
SUB09529,CUST09529,Standard,799,Monthly,5,2025-11-27
SUB09530,CUST09530,Family,1499,Monthly,15,2024-03-18
SUB09531,CUST09531,Basic,499,Annual,2,2024-03-26
SUB09532,CUST09532,Standard,799,Monthly,5,2024-05-01
SUB09533,CUST09533,Basic,499,Monthly,2,2025-05-09
SUB09534,CUST09534,Family,1499,Annual,15,2025-06-29
SUB09535,CUST09535,Premium,1199,Annual,10,2024-04-03
SUB09536,CUST09536,Standard,799,Monthly,5,2024-10-07
SUB09537,CUST09537,Family,1499,Monthly,15,2025-10-21
SUB09538,CUST09538,Premium,1199,Monthly,10,2024-07-11
SUB09539,CUST09539,Basic,499,Monthly,2,2024-11-06
SUB09540,CUST09540,Premium,1199,Quarterly,10,2025-07-08
SUB09541,CUST09541,Premium,1199,Monthly,10,2026-01-08
SUB09542,CUST09542,Basic,499,Annual,2,2024-04-11
SUB09543,CUST09543,Standard,799,Monthly,5,2024-02-01
SUB09544,CUST09544,Premium,1199,Monthly,10,2025-05-22
SUB09545,CUST09545,Basic,499,Quarterly,2,2024-07-03
SUB09546,CUST09546,Premium,1199,Annual,10,2026-02-25
SUB09547,CUST09547,Family,1499,Quarterly,15,2025-09-12
SUB09548,CUST09548,Premium,1199,Annual,10,2024-10-06
SUB09549,CUST09549,Basic,499,Annual,2,2026-03-19
SUB09550,CUST09550,Family,1499,Quarterly,15,2025-07-19
SUB09551,CUST09551,Basic,499,Annual,2,2025-11-20
SUB09552,CUST09552,Premium,1199,Monthly,10,2025-05-01
SUB09553,CUST09553,Basic,499,Monthly,2,2026-01-06
SUB09554,CUST09554,Standard,799,Annual,5,2024-11-22
SUB09555,CUST09555,Basic,499,Annual,2,2025-07-25
SUB09556,CUST09556,Premium,1199,Monthly,10,2025-11-11
SUB09557,CUST09557,Family,1499,Monthly,15,2026-02-03
SUB09558,CUST09558,Standard,799,Annual,5,2026-03-12
SUB09559,CUST09559,Premium,1199,Annual,10,2025-09-30
SUB09560,CUST09560,Family,1499,Annual,15,2026-03-09
SUB09561,CUST09561,Premium,1199,Quarterly,10,2024-02-05
SUB09562,CUST09562,Premium,1199,Monthly,10,2025-05-26
SUB09563,CUST09563,Premium,1199,Monthly,10,2024-10-16
SUB09564,CUST09564,Basic,499,Monthly,2,2024-08-16
SUB09565,CUST09565,Premium,1199,Quarterly,10,2024-05-14
SUB09566,CUST09566,Basic,499,Annual,2,2025-01-10
SUB09567,CUST09567,Standard,799,Monthly,5,2024-08-19
SUB09568,CUST09568,Family,1499,Monthly,15,2025-02-08
SUB09569,CUST09569,Family,1499,Quarterly,15,2024-05-15
SUB09570,CUST09570,Standard,799,Monthly,5,2024-01-08
SUB09571,CUST09571,Standard,799,Monthly,5,2024-07-01
SUB09572,CUST09572,Standard,799,Annual,5,2024-05-24
SUB09573,CUST09573,Premium,1199,Quarterly,10,2024-05-22
SUB09574,CUST09574,Basic,499,Monthly,2,2025-06-17
SUB09575,CUST09575,Basic,499,Quarterly,2,2026-02-26
SUB09576,CUST09576,Premium,1199,Monthly,10,2025-08-04
SUB09577,CUST09577,Family,1499,Monthly,15,2024-07-08
SUB09578,CUST09578,Basic,499,Annual,2,2025-06-30
SUB09579,CUST09579,Standard,799,Quarterly,5,2026-04-02
SUB09580,CUST09580,Family,1499,Monthly,15,2026-04-06
SUB09581,CUST09581,Basic,499,Annual,2,2024-07-14
SUB09582,CUST09582,Standard,799,Annual,5,2026-01-09
SUB09583,CUST09583,Basic,499,Quarterly,2,2024-10-21
SUB09584,CUST09584,Premium,1199,Monthly,10,2025-12-29
SUB09585,CUST09585,Standard,799,Quarterly,5,2025-05-21
SUB09586,CUST09586,Basic,499,Monthly,2,2026-01-02
SUB09587,CUST09587,Family,1499,Annual,15,2024-09-11
SUB09588,CUST09588,Premium,1199,Annual,10,2024-08-16
SUB09589,CUST09589,Family,1499,Monthly,15,2024-12-03
SUB09590,CUST09590,Standard,799,Monthly,5,2024-02-12
SUB09591,CUST09591,Standard,799,Annual,5,2026-03-06
SUB09592,CUST09592,Family,1499,Quarterly,15,2024-03-17
SUB09593,CUST09593,Family,1499,Quarterly,15,2024-06-20
SUB09594,CUST09594,Family,1499,Monthly,15,2026-03-06
SUB09595,CUST09595,Family,1499,Monthly,15,2025-11-11
SUB09596,CUST09596,Premium,1199,Monthly,10,2025-06-26
SUB09597,CUST09597,Standard,799,Annual,5,2025-10-16
SUB09598,CUST09598,Basic,499,Quarterly,2,2025-12-21
SUB09599,CUST09599,Premium,1199,Annual,10,2024-02-22
SUB09600,CUST09600,Premium,1199,Quarterly,10,2024-03-07
SUB09601,CUST09601,Premium,1199,Monthly,10,2024-01-18
SUB09602,CUST09602,Premium,1199,Quarterly,10,2026-03-31
SUB09603,CUST09603,Basic,499,Quarterly,2,2024-10-05
SUB09604,CUST09604,Basic,499,Monthly,2,2025-02-03
SUB09605,CUST09605,Premium,1199,Monthly,10,2024-08-10
SUB09606,CUST09606,Premium,1199,Monthly,10,2024-05-18
SUB09607,CUST09607,Premium,1199,Monthly,10,2025-07-31
SUB09608,CUST09608,Basic,499,Annual,2,2024-09-08
SUB09609,CUST09609,Standard,799,Monthly,5,2024-03-22
SUB09610,CUST09610,Premium,1199,Monthly,10,2025-04-26
SUB09611,CUST09611,Family,1499,Annual,15,2025-09-29
SUB09612,CUST09612,Family,1499,Monthly,15,2026-01-24
SUB09613,CUST09613,Standard,799,Monthly,5,2025-11-06
SUB09614,CUST09614,Premium,1199,Annual,10,2025-08-29
SUB09615,CUST09615,Basic,499,Annual,2,2024-01-04
SUB09616,CUST09616,Basic,499,Annual,2,2025-08-24
SUB09617,CUST09617,Basic,499,Monthly,2,2026-01-01
SUB09618,CUST09618,Standard,799,Monthly,5,2026-04-07
SUB09619,CUST09619,Standard,799,Annual,5,2025-02-12
SUB09620,CUST09620,Basic,499,Monthly,2,2025-09-18
SUB09621,CUST09621,Family,1499,Monthly,15,2025-09-29
SUB09622,CUST09622,Family,1499,Monthly,15,2025-10-15
SUB09623,CUST09623,Premium,1199,Monthly,10,2025-12-19
SUB09624,CUST09624,Premium,1199,Monthly,10,2025-05-11
SUB09625,CUST09625,Premium,1199,Quarterly,10,2024-11-16
SUB09626,CUST09626,Premium,1199,Annual,10,2024-07-13
SUB09627,CUST09627,Premium,1199,Monthly,10,2025-12-27
SUB09628,CUST09628,Family,1499,Monthly,15,2024-12-03
SUB09629,CUST09629,Basic,499,Monthly,2,2024-03-15
SUB09630,CUST09630,Family,1499,Monthly,15,2024-11-15
SUB09631,CUST09631,Family,1499,Monthly,15,2024-10-14
SUB09632,CUST09632,Premium,1199,Monthly,10,2024-03-26
SUB09633,CUST09633,Family,1499,Quarterly,15,2024-06-17
SUB09634,CUST09634,Family,1499,Annual,15,2024-05-09
SUB09635,CUST09635,Standard,799,Monthly,5,2024-02-24
SUB09636,CUST09636,Family,1499,Monthly,15,2026-02-16
SUB09637,CUST09637,Premium,1199,Monthly,10,2026-02-09
SUB09638,CUST09638,Basic,499,Quarterly,2,2025-01-19
SUB09639,CUST09639,Family,1499,Monthly,15,2025-04-23
SUB09640,CUST09640,Premium,1199,Monthly,10,2024-05-06
SUB09641,CUST09641,Basic,499,Annual,2,2025-03-16
SUB09642,CUST09642,Basic,499,Monthly,2,2024-05-05
SUB09643,CUST09643,Standard,799,Monthly,5,2024-08-31
SUB09644,CUST09644,Standard,799,Monthly,5,2024-09-20
SUB09645,CUST09645,Family,1499,Monthly,15,2024-08-10
SUB09646,CUST09646,Premium,1199,Quarterly,10,2024-05-22
SUB09647,CUST09647,Family,1499,Monthly,15,2025-12-11
SUB09648,CUST09648,Premium,1199,Monthly,10,2024-12-17
SUB09649,CUST09649,Premium,1199,Annual,10,2024-07-18
SUB09650,CUST09650,Premium,1199,Annual,10,2024-03-02
SUB09651,CUST09651,Family,1499,Monthly,15,2024-07-22
SUB09652,CUST09652,Family,1499,Annual,15,2025-11-30
SUB09653,CUST09653,Standard,799,Monthly,5,2025-11-12
SUB09654,CUST09654,Standard,799,Quarterly,5,2026-01-27
SUB09655,CUST09655,Basic,499,Quarterly,2,2024-10-21
SUB09656,CUST09656,Family,1499,Monthly,15,2024-07-22
SUB09657,CUST09657,Standard,799,Annual,5,2024-07-10
SUB09658,CUST09658,Family,1499,Monthly,15,2024-01-02
SUB09659,CUST09659,Premium,1199,Annual,10,2024-05-25
SUB09660,CUST09660,Basic,499,Monthly,2,2024-11-28
SUB09661,CUST09661,Standard,799,Monthly,5,2024-05-20
SUB09662,CUST09662,Family,1499,Quarterly,15,2024-08-31
SUB09663,CUST09663,Basic,499,Monthly,2,2024-06-03
SUB09664,CUST09664,Family,1499,Monthly,15,2024-03-30
SUB09665,CUST09665,Standard,799,Monthly,5,2024-11-12
SUB09666,CUST09666,Family,1499,Annual,15,2024-02-29
SUB09667,CUST09667,Premium,1199,Monthly,10,2024-04-08
SUB09668,CUST09668,Standard,799,Quarterly,5,2025-08-11
SUB09669,CUST09669,Standard,799,Monthly,5,2024-11-26
SUB09670,CUST09670,Premium,1199,Annual,10,2024-02-04
SUB09671,CUST09671,Premium,1199,Quarterly,10,2025-09-20
SUB09672,CUST09672,Family,1499,Quarterly,15,2024-08-20
SUB09673,CUST09673,Family,1499,Monthly,15,2025-06-19
SUB09674,CUST09674,Family,1499,Monthly,15,2025-05-15
SUB09675,CUST09675,Basic,499,Annual,2,2025-12-01
SUB09676,CUST09676,Family,1499,Quarterly,15,2024-04-06
SUB09677,CUST09677,Family,1499,Monthly,15,2025-05-12
SUB09678,CUST09678,Premium,1199,Monthly,10,2025-03-29
SUB09679,CUST09679,Basic,499,Monthly,2,2024-09-02
SUB09680,CUST09680,Basic,499,Monthly,2,2024-12-08
SUB09681,CUST09681,Standard,799,Annual,5,2025-05-24
SUB09682,CUST09682,Basic,499,Monthly,2,2024-09-07
SUB09683,CUST09683,Standard,799,Annual,5,2025-04-06
SUB09684,CUST09684,Premium,1199,Monthly,10,2026-01-03
SUB09685,CUST09685,Basic,499,Quarterly,2,2024-12-27
SUB09686,CUST09686,Family,1499,Monthly,15,2024-04-04
SUB09687,CUST09687,Basic,499,Monthly,2,2026-01-10
SUB09688,CUST09688,Family,1499,Monthly,15,2025-09-16
SUB09689,CUST09689,Standard,799,Monthly,5,2024-05-27
SUB09690,CUST09690,Basic,499,Annual,2,2025-11-01
SUB09691,CUST09691,Standard,799,Annual,5,2024-12-14
SUB09692,CUST09692,Premium,1199,Monthly,10,2025-10-04
SUB09693,CUST09693,Premium,1199,Monthly,10,2024-10-21
SUB09694,CUST09694,Basic,499,Monthly,2,2024-09-27
SUB09695,CUST09695,Standard,799,Monthly,5,2025-06-28
SUB09696,CUST09696,Family,1499,Monthly,15,2025-12-11
SUB09697,CUST09697,Standard,799,Quarterly,5,2025-02-26
SUB09698,CUST09698,Standard,799,Quarterly,5,2024-12-13
SUB09699,CUST09699,Family,1499,Annual,15,2025-06-04
SUB09700,CUST09700,Basic,499,Annual,2,2025-05-05
SUB09701,CUST09701,Family,1499,Quarterly,15,2024-01-29
SUB09702,CUST09702,Premium,1199,Monthly,10,2026-01-24
SUB09703,CUST09703,Basic,499,Monthly,2,2025-07-11
SUB09704,CUST09704,Basic,499,Annual,2,2024-09-27
SUB09705,CUST09705,Family,1499,Monthly,15,2025-01-01
SUB09706,CUST09706,Family,1499,Monthly,15,2025-09-28
SUB09707,CUST09707,Family,1499,Quarterly,15,2024-09-01
SUB09708,CUST09708,Standard,799,Monthly,5,2024-10-17
SUB09709,CUST09709,Standard,799,Annual,5,2025-07-17
SUB09710,CUST09710,Family,1499,Monthly,15,2025-03-17
SUB09711,CUST09711,Premium,1199,Annual,10,2025-11-30
SUB09712,CUST09712,Standard,799,Annual,5,2025-01-14
SUB09713,CUST09713,Family,1499,Annual,15,2025-05-26
SUB09714,CUST09714,Family,1499,Quarterly,15,2024-11-25
SUB09715,CUST09715,Premium,1199,Annual,10,2024-08-27
SUB09716,CUST09716,Basic,499,Monthly,2,2026-01-08
SUB09717,CUST09717,Standard,799,Annual,5,2024-06-26
SUB09718,CUST09718,Basic,499,Monthly,2,2026-02-21
SUB09719,CUST09719,Standard,799,Annual,5,2024-04-25
SUB09720,CUST09720,Basic,499,Annual,2,2025-11-16
SUB09721,CUST09721,Family,1499,Monthly,15,2024-11-27
SUB09722,CUST09722,Premium,1199,Monthly,10,2024-12-04
SUB09723,CUST09723,Family,1499,Monthly,15,2025-03-19
SUB09724,CUST09724,Basic,499,Monthly,2,2024-07-07
SUB09725,CUST09725,Standard,799,Monthly,5,2024-08-03
SUB09726,CUST09726,Basic,499,Monthly,2,2026-02-08
SUB09727,CUST09727,Standard,799,Annual,5,2025-11-01
SUB09728,CUST09728,Premium,1199,Monthly,10,2025-04-06
SUB09729,CUST09729,Premium,1199,Quarterly,10,2024-05-22
SUB09730,CUST09730,Premium,1199,Monthly,10,2025-07-28
SUB09731,CUST09731,Basic,499,Annual,2,2026-04-12
SUB09732,CUST09732,Standard,799,Annual,5,2025-01-18
SUB09733,CUST09733,Standard,799,Monthly,5,2026-03-18
SUB09734,CUST09734,Family,1499,Monthly,15,2025-05-22
SUB09735,CUST09735,Standard,799,Annual,5,2025-06-14
SUB09736,CUST09736,Basic,499,Annual,2,2024-08-16
SUB09737,CUST09737,Premium,1199,Annual,10,2026-02-26
SUB09738,CUST09738,Basic,499,Monthly,2,2024-01-30
SUB09739,CUST09739,Premium,1199,Monthly,10,2025-01-13
SUB09740,CUST09740,Family,1499,Annual,15,2024-05-06
SUB09741,CUST09741,Standard,799,Quarterly,5,2024-11-29
SUB09742,CUST09742,Standard,799,Annual,5,2024-12-25
SUB09743,CUST09743,Standard,799,Annual,5,2024-05-04
SUB09744,CUST09744,Family,1499,Monthly,15,2025-01-20
SUB09745,CUST09745,Standard,799,Annual,5,2025-05-27
SUB09746,CUST09746,Basic,499,Annual,2,2024-04-03
SUB09747,CUST09747,Standard,799,Monthly,5,2026-01-24
SUB09748,CUST09748,Premium,1199,Monthly,10,2026-04-30
SUB09749,CUST09749,Standard,799,Annual,5,2024-04-13
SUB09750,CUST09750,Premium,1199,Annual,10,2025-09-19
SUB09751,CUST09751,Family,1499,Monthly,15,2025-03-10
SUB09752,CUST09752,Basic,499,Monthly,2,2025-02-22
SUB09753,CUST09753,Standard,799,Monthly,5,2024-04-26
SUB09754,CUST09754,Basic,499,Monthly,2,2025-06-24
SUB09755,CUST09755,Premium,1199,Monthly,10,2025-04-19
SUB09756,CUST09756,Premium,1199,Quarterly,10,2024-11-10
SUB09757,CUST09757,Family,1499,Monthly,15,2024-01-07
SUB09758,CUST09758,Standard,799,Annual,5,2025-08-12
SUB09759,CUST09759,Family,1499,Monthly,15,2024-03-17
SUB09760,CUST09760,Premium,1199,Annual,10,2024-12-05
SUB09761,CUST09761,Basic,499,Monthly,2,2026-04-27
SUB09762,CUST09762,Family,1499,Monthly,15,2026-03-02
SUB09763,CUST09763,Family,1499,Annual,15,2024-03-23
SUB09764,CUST09764,Family,1499,Quarterly,15,2025-07-15
SUB09765,CUST09765,Premium,1199,Annual,10,2024-11-12
SUB09766,CUST09766,Premium,1199,Annual,10,2025-02-04
SUB09767,CUST09767,Standard,799,Annual,5,2024-06-23
SUB09768,CUST09768,Premium,1199,Monthly,10,2025-12-03
SUB09769,CUST09769,Basic,499,Annual,2,2025-02-27
SUB09770,CUST09770,Standard,799,Monthly,5,2026-02-17
SUB09771,CUST09771,Basic,499,Quarterly,2,2024-09-11
SUB09772,CUST09772,Premium,1199,Monthly,10,2025-05-03
SUB09773,CUST09773,Premium,1199,Quarterly,10,2025-04-06
SUB09774,CUST09774,Standard,799,Monthly,5,2024-09-02
SUB09775,CUST09775,Basic,499,Monthly,2,2024-07-28
SUB09776,CUST09776,Family,1499,Monthly,15,2024-06-01
SUB09777,CUST09777,Basic,499,Annual,2,2024-11-17
SUB09778,CUST09778,Family,1499,Monthly,15,2024-05-09
SUB09779,CUST09779,Basic,499,Annual,2,2025-03-14
SUB09780,CUST09780,Standard,799,Quarterly,5,2024-05-06
SUB09781,CUST09781,Basic,499,Monthly,2,2025-12-28
SUB09782,CUST09782,Standard,799,Monthly,5,2024-02-28
SUB09783,CUST09783,Standard,799,Annual,5,2024-07-27
SUB09784,CUST09784,Basic,499,Annual,2,2024-11-01
SUB09785,CUST09785,Family,1499,Monthly,15,2024-06-27
SUB09786,CUST09786,Basic,499,Monthly,2,2024-11-22
SUB09787,CUST09787,Family,1499,Monthly,15,2026-01-21
SUB09788,CUST09788,Family,1499,Monthly,15,2024-04-18
SUB09789,CUST09789,Basic,499,Monthly,2,2026-02-10
SUB09790,CUST09790,Family,1499,Annual,15,2025-12-26
SUB09791,CUST09791,Standard,799,Annual,5,2025-10-30
SUB09792,CUST09792,Premium,1199,Quarterly,10,2025-05-17
SUB09793,CUST09793,Premium,1199,Monthly,10,2024-07-21
SUB09794,CUST09794,Standard,799,Quarterly,5,2024-07-31
SUB09795,CUST09795,Standard,799,Monthly,5,2025-11-23
SUB09796,CUST09796,Family,1499,Monthly,15,2024-09-30
SUB09797,CUST09797,Standard,799,Monthly,5,2025-01-09
SUB09798,CUST09798,Premium,1199,Annual,10,2025-10-26
SUB09799,CUST09799,Basic,499,Monthly,2,2025-06-19
SUB09800,CUST09800,Basic,499,Monthly,2,2024-08-18
SUB09801,CUST09801,Standard,799,Monthly,5,2025-09-22
SUB09802,CUST09802,Family,1499,Monthly,15,2025-08-12
SUB09803,CUST09803,Premium,1199,Annual,10,2024-06-15
SUB09804,CUST09804,Family,1499,Monthly,15,2024-05-31
SUB09805,CUST09805,Family,1499,Annual,15,2024-01-08
SUB09806,CUST09806,Premium,1199,Monthly,10,2024-09-01
SUB09807,CUST09807,Standard,799,Monthly,5,2024-08-31
SUB09808,CUST09808,Standard,799,Quarterly,5,2024-12-04
SUB09809,CUST09809,Standard,799,Quarterly,5,2024-07-15
SUB09810,CUST09810,Premium,1199,Quarterly,10,2024-03-03
SUB09811,CUST09811,Basic,499,Monthly,2,2024-08-14
SUB09812,CUST09812,Standard,799,Monthly,5,2024-04-05
SUB09813,CUST09813,Basic,499,Monthly,2,2024-08-11
SUB09814,CUST09814,Standard,799,Monthly,5,2024-06-14
SUB09815,CUST09815,Premium,1199,Monthly,10,2025-07-23
SUB09816,CUST09816,Standard,799,Annual,5,2025-01-17
SUB09817,CUST09817,Family,1499,Monthly,15,2024-10-26
SUB09818,CUST09818,Premium,1199,Monthly,10,2024-05-08
SUB09819,CUST09819,Basic,499,Monthly,2,2025-01-24
SUB09820,CUST09820,Standard,799,Monthly,5,2024-06-11
SUB09821,CUST09821,Premium,1199,Monthly,10,2025-09-15
SUB09822,CUST09822,Basic,499,Quarterly,2,2024-02-04
SUB09823,CUST09823,Family,1499,Annual,15,2024-03-22
SUB09824,CUST09824,Basic,499,Monthly,2,2025-11-25
SUB09825,CUST09825,Premium,1199,Monthly,10,2025-06-23
SUB09826,CUST09826,Standard,799,Monthly,5,2024-07-25
SUB09827,CUST09827,Premium,1199,Quarterly,10,2024-04-04
SUB09828,CUST09828,Standard,799,Annual,5,2026-03-28
SUB09829,CUST09829,Basic,499,Monthly,2,2025-09-09
SUB09830,CUST09830,Premium,1199,Quarterly,10,2025-12-19
SUB09831,CUST09831,Family,1499,Quarterly,15,2024-03-16
SUB09832,CUST09832,Premium,1199,Monthly,10,2025-08-01
SUB09833,CUST09833,Basic,499,Monthly,2,2025-09-11
SUB09834,CUST09834,Basic,499,Quarterly,2,2024-01-16
SUB09835,CUST09835,Standard,799,Annual,5,2026-03-29
SUB09836,CUST09836,Premium,1199,Monthly,10,2025-01-28
SUB09837,CUST09837,Basic,499,Monthly,2,2025-08-30
SUB09838,CUST09838,Premium,1199,Monthly,10,2025-07-02
SUB09839,CUST09839,Premium,1199,Quarterly,10,2024-02-06
SUB09840,CUST09840,Basic,499,Monthly,2,2025-12-19
SUB09841,CUST09841,Premium,1199,Monthly,10,2025-07-03
SUB09842,CUST09842,Family,1499,Annual,15,2025-01-08
SUB09843,CUST09843,Premium,1199,Annual,10,2025-10-28
SUB09844,CUST09844,Basic,499,Monthly,2,2025-02-23
SUB09845,CUST09845,Premium,1199,Monthly,10,2025-10-27
SUB09846,CUST09846,Standard,799,Monthly,5,2026-03-21
SUB09847,CUST09847,Standard,799,Annual,5,2024-08-06
SUB09848,CUST09848,Premium,1199,Annual,10,2025-09-13
SUB09849,CUST09849,Basic,499,Quarterly,2,2025-11-03
SUB09850,CUST09850,Basic,499,Quarterly,2,2024-09-25
SUB09851,CUST09851,Basic,499,Quarterly,2,2024-04-22
SUB09852,CUST09852,Basic,499,Monthly,2,2025-07-30
SUB09853,CUST09853,Basic,499,Monthly,2,2025-03-13
SUB09854,CUST09854,Basic,499,Annual,2,2026-03-12
SUB09855,CUST09855,Basic,499,Annual,2,2024-11-26
SUB09856,CUST09856,Basic,499,Monthly,2,2024-10-29
SUB09857,CUST09857,Basic,499,Quarterly,2,2025-12-08
SUB09858,CUST09858,Standard,799,Annual,5,2026-02-14
SUB09859,CUST09859,Basic,499,Annual,2,2024-04-11
SUB09860,CUST09860,Basic,499,Monthly,2,2024-02-01
SUB09861,CUST09861,Family,1499,Monthly,15,2025-04-26
SUB09862,CUST09862,Standard,799,Monthly,5,2024-06-18
SUB09863,CUST09863,Premium,1199,Monthly,10,2026-02-14
SUB09864,CUST09864,Family,1499,Annual,15,2026-04-09
SUB09865,CUST09865,Basic,499,Monthly,2,2025-07-18
SUB09866,CUST09866,Family,1499,Quarterly,15,2024-04-12
SUB09867,CUST09867,Family,1499,Annual,15,2024-09-10
SUB09868,CUST09868,Family,1499,Annual,15,2025-11-23
SUB09869,CUST09869,Family,1499,Monthly,15,2025-07-07
SUB09870,CUST09870,Premium,1199,Monthly,10,2024-05-30
SUB09871,CUST09871,Premium,1199,Monthly,10,2026-03-26
SUB09872,CUST09872,Standard,799,Monthly,5,2025-01-19
SUB09873,CUST09873,Basic,499,Annual,2,2024-08-02
SUB09874,CUST09874,Standard,799,Monthly,5,2024-11-19
SUB09875,CUST09875,Family,1499,Annual,15,2025-06-30
SUB09876,CUST09876,Family,1499,Annual,15,2025-11-27
SUB09877,CUST09877,Standard,799,Annual,5,2024-04-06
SUB09878,CUST09878,Basic,499,Monthly,2,2024-11-18
SUB09879,CUST09879,Basic,499,Quarterly,2,2024-08-02
SUB09880,CUST09880,Premium,1199,Monthly,10,2026-01-18
SUB09881,CUST09881,Family,1499,Monthly,15,2024-12-19
SUB09882,CUST09882,Basic,499,Monthly,2,2024-03-02
SUB09883,CUST09883,Premium,1199,Quarterly,10,2026-02-21
SUB09884,CUST09884,Premium,1199,Monthly,10,2024-04-17
SUB09885,CUST09885,Standard,799,Quarterly,5,2026-03-26
SUB09886,CUST09886,Premium,1199,Monthly,10,2024-05-15
SUB09887,CUST09887,Basic,499,Monthly,2,2026-04-15
SUB09888,CUST09888,Premium,1199,Monthly,10,2025-08-23
SUB09889,CUST09889,Standard,799,Monthly,5,2026-01-22
SUB09890,CUST09890,Premium,1199,Annual,10,2026-01-21
SUB09891,CUST09891,Basic,499,Monthly,2,2024-04-13
SUB09892,CUST09892,Basic,499,Monthly,2,2026-03-20
SUB09893,CUST09893,Premium,1199,Monthly,10,2025-08-19
SUB09894,CUST09894,Basic,499,Quarterly,2,2024-04-07
SUB09895,CUST09895,Basic,499,Monthly,2,2025-04-14
SUB09896,CUST09896,Standard,799,Annual,5,2025-12-21
SUB09897,CUST09897,Family,1499,Monthly,15,2024-03-25
SUB09898,CUST09898,Family,1499,Monthly,15,2026-02-02
SUB09899,CUST09899,Basic,499,Monthly,2,2024-03-22
SUB09900,CUST09900,Basic,499,Annual,2,2025-10-31
SUB09901,CUST09901,Premium,1199,Quarterly,10,2025-06-13
SUB09902,CUST09902,Standard,799,Monthly,5,2025-05-10
SUB09903,CUST09903,Basic,499,Monthly,2,2024-04-21
SUB09904,CUST09904,Basic,499,Annual,2,2025-01-24
SUB09905,CUST09905,Basic,499,Quarterly,2,2024-11-27
SUB09906,CUST09906,Premium,1199,Monthly,10,2024-11-07
SUB09907,CUST09907,Premium,1199,Monthly,10,2025-01-31
SUB09908,CUST09908,Premium,1199,Annual,10,2025-04-26
SUB09909,CUST09909,Family,1499,Monthly,15,2025-06-20
SUB09910,CUST09910,Standard,799,Monthly,5,2026-03-09
SUB09911,CUST09911,Basic,499,Monthly,2,2025-07-08
SUB09912,CUST09912,Family,1499,Annual,15,2024-12-04
SUB09913,CUST09913,Premium,1199,Monthly,10,2024-06-13
SUB09914,CUST09914,Premium,1199,Annual,10,2024-10-02
SUB09915,CUST09915,Family,1499,Annual,15,2024-11-22
SUB09916,CUST09916,Basic,499,Monthly,2,2024-07-02
SUB09917,CUST09917,Standard,799,Monthly,5,2025-12-05
SUB09918,CUST09918,Premium,1199,Monthly,10,2025-07-07
SUB09919,CUST09919,Premium,1199,Monthly,10,2024-08-03
SUB09920,CUST09920,Family,1499,Annual,15,2026-01-30
SUB09921,CUST09921,Standard,799,Quarterly,5,2024-04-27
SUB09922,CUST09922,Family,1499,Quarterly,15,2025-03-01
SUB09923,CUST09923,Family,1499,Monthly,15,2025-07-06
SUB09924,CUST09924,Standard,799,Annual,5,2024-03-04
SUB09925,CUST09925,Premium,1199,Monthly,10,2025-07-13
SUB09926,CUST09926,Standard,799,Monthly,5,2024-03-18
SUB09927,CUST09927,Basic,499,Monthly,2,2024-11-02
SUB09928,CUST09928,Standard,799,Annual,5,2026-02-14
SUB09929,CUST09929,Premium,1199,Monthly,10,2024-12-29
SUB09930,CUST09930,Family,1499,Annual,15,2024-05-17
SUB09931,CUST09931,Standard,799,Monthly,5,2025-10-12
SUB09932,CUST09932,Standard,799,Annual,5,2025-06-20
SUB09933,CUST09933,Family,1499,Monthly,15,2024-11-16
SUB09934,CUST09934,Basic,499,Annual,2,2025-06-16
SUB09935,CUST09935,Premium,1199,Annual,10,2024-06-07
SUB09936,CUST09936,Standard,799,Annual,5,2026-04-14
SUB09937,CUST09937,Standard,799,Annual,5,2025-10-29
SUB09938,CUST09938,Family,1499,Monthly,15,2024-08-09
SUB09939,CUST09939,Basic,499,Monthly,2,2024-05-25
SUB09940,CUST09940,Family,1499,Quarterly,15,2024-04-13
SUB09941,CUST09941,Basic,499,Monthly,2,2025-06-18
SUB09942,CUST09942,Standard,799,Monthly,5,2024-07-04
SUB09943,CUST09943,Premium,1199,Quarterly,10,2024-05-23
SUB09944,CUST09944,Standard,799,Monthly,5,2025-09-13
SUB09945,CUST09945,Family,1499,Monthly,15,2025-07-22
SUB09946,CUST09946,Family,1499,Monthly,15,2025-10-04
SUB09947,CUST09947,Standard,799,Quarterly,5,2026-01-19
SUB09948,CUST09948,Family,1499,Quarterly,15,2025-07-05
SUB09949,CUST09949,Premium,1199,Annual,10,2024-02-12
SUB09950,CUST09950,Standard,799,Monthly,5,2025-03-26
SUB09951,CUST09951,Basic,499,Monthly,2,2024-02-05
SUB09952,CUST09952,Standard,799,Monthly,5,2025-05-30
SUB09953,CUST09953,Premium,1199,Monthly,10,2024-11-14
SUB09954,CUST09954,Standard,799,Monthly,5,2026-04-02
SUB09955,CUST09955,Basic,499,Monthly,2,2026-04-29
SUB09956,CUST09956,Premium,1199,Annual,10,2025-02-11
SUB09957,CUST09957,Premium,1199,Monthly,10,2024-12-05
SUB09958,CUST09958,Basic,499,Monthly,2,2024-05-02
SUB09959,CUST09959,Basic,499,Annual,2,2025-06-22
SUB09960,CUST09960,Family,1499,Annual,15,2024-07-10
SUB09961,CUST09961,Family,1499,Monthly,15,2026-01-21
SUB09962,CUST09962,Standard,799,Monthly,5,2025-09-11
SUB09963,CUST09963,Basic,499,Monthly,2,2024-12-14
SUB09964,CUST09964,Family,1499,Annual,15,2026-02-24
SUB09965,CUST09965,Basic,499,Quarterly,2,2024-07-21
SUB09966,CUST09966,Family,1499,Monthly,15,2024-01-02
SUB09967,CUST09967,Premium,1199,Monthly,10,2025-06-09
SUB09968,CUST09968,Standard,799,Annual,5,2025-09-24
SUB09969,CUST09969,Premium,1199,Monthly,10,2025-03-26
SUB09970,CUST09970,Family,1499,Quarterly,15,2024-10-19
SUB09971,CUST09971,Family,1499,Annual,15,2024-09-17
SUB09972,CUST09972,Family,1499,Quarterly,15,2025-11-18
SUB09973,CUST09973,Basic,499,Monthly,2,2024-03-18
SUB09974,CUST09974,Family,1499,Monthly,15,2026-04-29
SUB09975,CUST09975,Standard,799,Annual,5,2025-12-28
SUB09976,CUST09976,Standard,799,Annual,5,2024-03-13
SUB09977,CUST09977,Standard,799,Monthly,5,2024-12-22
SUB09978,CUST09978,Basic,499,Quarterly,2,2025-03-07
SUB09979,CUST09979,Basic,499,Quarterly,2,2025-02-19
SUB09980,CUST09980,Standard,799,Quarterly,5,2024-12-20
SUB09981,CUST09981,Premium,1199,Monthly,10,2024-10-06
SUB09982,CUST09982,Family,1499,Quarterly,15,2024-05-12
SUB09983,CUST09983,Family,1499,Monthly,15,2025-03-09
SUB09984,CUST09984,Standard,799,Quarterly,5,2026-02-01
SUB09985,CUST09985,Basic,499,Annual,2,2025-07-11
SUB09986,CUST09986,Premium,1199,Annual,10,2025-03-03
SUB09987,CUST09987,Premium,1199,Monthly,10,2024-09-30
SUB09988,CUST09988,Family,1499,Monthly,15,2024-06-15
SUB09989,CUST09989,Basic,499,Monthly,2,2024-11-16
SUB09990,CUST09990,Standard,799,Monthly,5,2025-04-29
SUB09991,CUST09991,Basic,499,Monthly,2,2024-07-18
SUB09992,CUST09992,Premium,1199,Quarterly,10,2025-08-17
SUB09993,CUST09993,Basic,499,Annual,2,2024-10-08
SUB09994,CUST09994,Basic,499,Annual,2,2026-02-10
SUB09995,CUST09995,Standard,799,Monthly,5,2025-01-31
SUB09996,CUST09996,Basic,499,Monthly,2,2024-07-30
SUB09997,CUST09997,Standard,799,Annual,5,2025-01-06
SUB09998,CUST09998,Standard,799,Annual,5,2026-01-09
SUB09999,CUST09999,Family,1499,Annual,15,2025-11-25
SUB10000,CUST10000,Premium,1199,Monthly,10,2024-02-01
SUB10001,CUST10001,Family,1499,Monthly,15,2024-03-30
SUB10002,CUST10002,Standard,799,Monthly,5,2025-07-21
SUB10003,CUST10003,Basic,499,Monthly,2,2024-09-12
SUB10004,CUST10004,Standard,799,Quarterly,5,2025-11-12
SUB10005,CUST10005,Premium,1199,Quarterly,10,2026-03-14
SUB10006,CUST10006,Premium,1199,Annual,10,2025-06-12
SUB10007,CUST10007,Family,1499,Annual,15,2024-11-24
SUB10008,CUST10008,Basic,499,Quarterly,2,2026-04-09
SUB10009,CUST10009,Family,1499,Quarterly,15,2024-03-01
SUB10010,CUST10010,Family,1499,Annual,15,2024-02-07
SUB10011,CUST10011,Standard,799,Monthly,5,2024-08-20
SUB10012,CUST10012,Family,1499,Monthly,15,2024-10-27
SUB10013,CUST10013,Basic,499,Monthly,2,2025-03-22
SUB10014,CUST10014,Premium,1199,Annual,10,2026-03-13
SUB10015,CUST10015,Premium,1199,Quarterly,10,2025-04-07
SUB10016,CUST10016,Standard,799,Monthly,5,2025-09-26
SUB10017,CUST10017,Standard,799,Annual,5,2024-05-29
SUB10018,CUST10018,Basic,499,Monthly,2,2024-11-17
SUB10019,CUST10019,Basic,499,Monthly,2,2024-03-17
SUB10020,CUST10020,Standard,799,Annual,5,2024-06-12
SUB10021,CUST10021,Premium,1199,Monthly,10,2025-10-02
SUB10022,CUST10022,Family,1499,Monthly,15,2025-08-12
SUB10023,CUST10023,Basic,499,Quarterly,2,2025-08-31
SUB10024,CUST10024,Standard,799,Monthly,5,2024-10-16
SUB10025,CUST10025,Basic,499,Monthly,2,2026-02-11
SUB10026,CUST10026,Family,1499,Monthly,15,2025-08-11
SUB10027,CUST10027,Family,1499,Monthly,15,2025-03-10
SUB10028,CUST10028,Standard,799,Annual,5,2025-09-10
SUB10029,CUST10029,Basic,499,Monthly,2,2024-06-12
SUB10030,CUST10030,Basic,499,Monthly,2,2025-05-26
SUB10031,CUST10031,Basic,499,Monthly,2,2025-03-22
SUB10032,CUST10032,Basic,499,Annual,2,2024-03-19
SUB10033,CUST10033,Standard,799,Monthly,5,2026-03-07
SUB10034,CUST10034,Premium,1199,Monthly,10,2024-04-12
SUB10035,CUST10035,Standard,799,Monthly,5,2025-01-24
SUB10036,CUST10036,Family,1499,Monthly,15,2026-02-06
SUB10037,CUST10037,Basic,499,Monthly,2,2025-05-21
SUB10038,CUST10038,Family,1499,Monthly,15,2025-04-19
SUB10039,CUST10039,Premium,1199,Annual,10,2026-02-26
SUB10040,CUST10040,Standard,799,Annual,5,2025-06-21
SUB10041,CUST10041,Basic,499,Quarterly,2,2024-12-15
SUB10042,CUST10042,Basic,499,Monthly,2,2025-01-09
SUB10043,CUST10043,Standard,799,Quarterly,5,2024-08-16
SUB10044,CUST10044,Standard,799,Quarterly,5,2024-07-19
SUB10045,CUST10045,Premium,1199,Monthly,10,2024-04-24
SUB10046,CUST10046,Basic,499,Annual,2,2026-04-23
SUB10047,CUST10047,Premium,1199,Quarterly,10,2025-02-16
SUB10048,CUST10048,Premium,1199,Monthly,10,2026-04-05
SUB10049,CUST10049,Basic,499,Monthly,2,2024-01-24
SUB10050,CUST10050,Basic,499,Annual,2,2025-09-04
SUB10051,CUST10051,Basic,499,Monthly,2,2025-10-23
SUB10052,CUST10052,Standard,799,Annual,5,2024-04-06
SUB10053,CUST10053,Standard,799,Annual,5,2026-01-05
SUB10054,CUST10054,Premium,1199,Monthly,10,2026-04-29
SUB10055,CUST10055,Premium,1199,Annual,10,2024-12-28
SUB10056,CUST10056,Premium,1199,Monthly,10,2024-04-17
SUB10057,CUST10057,Standard,799,Quarterly,5,2025-06-01
SUB10058,CUST10058,Premium,1199,Monthly,10,2025-02-20
SUB10059,CUST10059,Family,1499,Monthly,15,2025-05-06
SUB10060,CUST10060,Standard,799,Annual,5,2025-10-23
SUB10061,CUST10061,Premium,1199,Annual,10,2025-10-21
SUB10062,CUST10062,Premium,1199,Monthly,10,2024-01-20
SUB10063,CUST10063,Basic,499,Monthly,2,2025-06-05
SUB10064,CUST10064,Family,1499,Monthly,15,2026-01-12
SUB10065,CUST10065,Family,1499,Quarterly,15,2025-05-12
SUB10066,CUST10066,Basic,499,Annual,2,2024-12-02
SUB10067,CUST10067,Premium,1199,Annual,10,2025-05-03
SUB10068,CUST10068,Basic,499,Monthly,2,2025-02-11
SUB10069,CUST10069,Standard,799,Annual,5,2026-01-20
SUB10070,CUST10070,Standard,799,Monthly,5,2025-08-13
SUB10071,CUST10071,Premium,1199,Monthly,10,2025-04-16
SUB10072,CUST10072,Premium,1199,Quarterly,10,2024-06-03
SUB10073,CUST10073,Standard,799,Annual,5,2025-06-16
SUB10074,CUST10074,Standard,799,Annual,5,2025-01-20
SUB10075,CUST10075,Basic,499,Annual,2,2025-02-11
SUB10076,CUST10076,Basic,499,Quarterly,2,2024-01-24
SUB10077,CUST10077,Family,1499,Quarterly,15,2024-02-13
SUB10078,CUST10078,Family,1499,Quarterly,15,2025-07-07
SUB10079,CUST10079,Premium,1199,Annual,10,2025-05-28
SUB10080,CUST10080,Standard,799,Monthly,5,2024-08-31
SUB10081,CUST10081,Premium,1199,Annual,10,2024-06-13
SUB10082,CUST10082,Family,1499,Monthly,15,2024-11-27
SUB10083,CUST10083,Premium,1199,Quarterly,10,2024-10-25
SUB10084,CUST10084,Premium,1199,Monthly,10,2026-01-24
SUB10085,CUST10085,Family,1499,Quarterly,15,2024-01-14
SUB10086,CUST10086,Family,1499,Monthly,15,2024-01-15
SUB10087,CUST10087,Basic,499,Quarterly,2,2025-07-17
SUB10088,CUST10088,Basic,499,Monthly,2,2026-01-06
SUB10089,CUST10089,Basic,499,Quarterly,2,2024-04-03
SUB10090,CUST10090,Family,1499,Quarterly,15,2026-03-18
SUB10091,CUST10091,Premium,1199,Monthly,10,2025-03-01
SUB10092,CUST10092,Family,1499,Quarterly,15,2025-02-16
SUB10093,CUST10093,Basic,499,Monthly,2,2024-03-24
SUB10094,CUST10094,Basic,499,Annual,2,2024-04-14
SUB10095,CUST10095,Family,1499,Monthly,15,2024-03-08
SUB10096,CUST10096,Premium,1199,Annual,10,2025-12-10
SUB10097,CUST10097,Premium,1199,Annual,10,2025-06-17
SUB10098,CUST10098,Family,1499,Annual,15,2024-05-07
SUB10099,CUST10099,Premium,1199,Annual,10,2025-03-27
SUB10100,CUST10100,Standard,799,Monthly,5,2024-05-25
SUB10101,CUST10101,Premium,1199,Monthly,10,2026-03-05
SUB10102,CUST10102,Premium,1199,Monthly,10,2025-05-23
SUB10103,CUST10103,Standard,799,Quarterly,5,2024-01-15
SUB10104,CUST10104,Standard,799,Monthly,5,2026-01-02
SUB10105,CUST10105,Standard,799,Monthly,5,2024-09-15
SUB10106,CUST10106,Standard,799,Annual,5,2024-10-05
SUB10107,CUST10107,Standard,799,Monthly,5,2024-02-23
SUB10108,CUST10108,Family,1499,Annual,15,2025-12-14
SUB10109,CUST10109,Basic,499,Quarterly,2,2025-10-06
SUB10110,CUST10110,Premium,1199,Quarterly,10,2025-05-27
SUB10111,CUST10111,Standard,799,Quarterly,5,2025-02-13
SUB10112,CUST10112,Premium,1199,Monthly,10,2025-07-09
SUB10113,CUST10113,Standard,799,Monthly,5,2024-09-16
SUB10114,CUST10114,Basic,499,Monthly,2,2025-05-18
SUB10115,CUST10115,Standard,799,Monthly,5,2026-01-22
SUB10116,CUST10116,Premium,1199,Monthly,10,2024-01-02
SUB10117,CUST10117,Family,1499,Annual,15,2024-06-06
SUB10118,CUST10118,Basic,499,Annual,2,2024-10-11
SUB10119,CUST10119,Family,1499,Quarterly,15,2026-02-04
SUB10120,CUST10120,Standard,799,Monthly,5,2024-11-29
SUB10121,CUST10121,Family,1499,Monthly,15,2026-03-26
SUB10122,CUST10122,Standard,799,Monthly,5,2025-01-16
SUB10123,CUST10123,Family,1499,Monthly,15,2024-08-05
SUB10124,CUST10124,Basic,499,Quarterly,2,2026-02-08
SUB10125,CUST10125,Standard,799,Annual,5,2025-07-01
SUB10126,CUST10126,Family,1499,Monthly,15,2026-02-13
SUB10127,CUST10127,Premium,1199,Monthly,10,2024-05-21
SUB10128,CUST10128,Standard,799,Annual,5,2024-12-21
SUB10129,CUST10129,Premium,1199,Annual,10,2025-09-05
SUB10130,CUST10130,Family,1499,Monthly,15,2024-11-19
SUB10131,CUST10131,Premium,1199,Monthly,10,2026-03-23
SUB10132,CUST10132,Premium,1199,Monthly,10,2024-02-04
SUB10133,CUST10133,Premium,1199,Annual,10,2025-03-19
SUB10134,CUST10134,Premium,1199,Monthly,10,2026-02-02
SUB10135,CUST10135,Premium,1199,Annual,10,2024-04-24
SUB10136,CUST10136,Standard,799,Annual,5,2024-02-23
SUB10137,CUST10137,Family,1499,Monthly,15,2025-05-26
SUB10138,CUST10138,Basic,499,Annual,2,2024-07-06
SUB10139,CUST10139,Standard,799,Monthly,5,2024-09-28
SUB10140,CUST10140,Family,1499,Monthly,15,2024-09-02
SUB10141,CUST10141,Standard,799,Monthly,5,2025-05-12
SUB10142,CUST10142,Standard,799,Annual,5,2025-05-08
SUB10143,CUST10143,Family,1499,Quarterly,15,2025-07-04
SUB10144,CUST10144,Premium,1199,Annual,10,2025-12-22
SUB10145,CUST10145,Family,1499,Annual,15,2025-08-01
SUB10146,CUST10146,Premium,1199,Annual,10,2024-04-28
SUB10147,CUST10147,Premium,1199,Monthly,10,2024-01-20
SUB10148,CUST10148,Family,1499,Monthly,15,2024-01-12
SUB10149,CUST10149,Premium,1199,Monthly,10,2024-09-15
SUB10150,CUST10150,Family,1499,Quarterly,15,2024-08-14
SUB10151,CUST10151,Basic,499,Monthly,2,2024-02-11
SUB10152,CUST10152,Standard,799,Monthly,5,2024-10-25
SUB10153,CUST10153,Standard,799,Monthly,5,2025-11-18
SUB10154,CUST10154,Premium,1199,Monthly,10,2024-04-19
SUB10155,CUST10155,Standard,799,Quarterly,5,2024-09-16
SUB10156,CUST10156,Premium,1199,Annual,10,2025-08-04
SUB10157,CUST10157,Premium,1199,Quarterly,10,2026-01-26
SUB10158,CUST10158,Standard,799,Monthly,5,2026-04-04
SUB10159,CUST10159,Basic,499,Monthly,2,2025-09-28
SUB10160,CUST10160,Standard,799,Monthly,5,2025-10-28
SUB10161,CUST10161,Standard,799,Monthly,5,2024-03-31
SUB10162,CUST10162,Family,1499,Monthly,15,2025-09-24
SUB10163,CUST10163,Basic,499,Monthly,2,2025-05-03
SUB10164,CUST10164,Standard,799,Annual,5,2024-03-06
SUB10165,CUST10165,Family,1499,Monthly,15,2026-04-15
SUB10166,CUST10166,Standard,799,Monthly,5,2024-02-25
SUB10167,CUST10167,Premium,1199,Annual,10,2024-05-15
SUB10168,CUST10168,Basic,499,Annual,2,2026-01-26
SUB10169,CUST10169,Premium,1199,Quarterly,10,2026-04-11
SUB10170,CUST10170,Basic,499,Quarterly,2,2025-08-21
SUB10171,CUST10171,Family,1499,Monthly,15,2025-08-19
SUB10172,CUST10172,Premium,1199,Annual,10,2025-11-06
SUB10173,CUST10173,Premium,1199,Monthly,10,2024-02-11
SUB10174,CUST10174,Basic,499,Monthly,2,2025-02-11
SUB10175,CUST10175,Basic,499,Monthly,2,2024-12-17
SUB10176,CUST10176,Standard,799,Monthly,5,2024-02-04
SUB10177,CUST10177,Family,1499,Annual,15,2025-05-11
SUB10178,CUST10178,Standard,799,Monthly,5,2025-10-16
SUB10179,CUST10179,Standard,799,Quarterly,5,2025-11-24
SUB10180,CUST10180,Family,1499,Monthly,15,2025-08-10
SUB10181,CUST10181,Basic,499,Monthly,2,2026-01-01
SUB10182,CUST10182,Standard,799,Quarterly,5,2024-10-23
SUB10183,CUST10183,Standard,799,Monthly,5,2026-02-22
SUB10184,CUST10184,Basic,499,Annual,2,2026-04-27
SUB10185,CUST10185,Standard,799,Monthly,5,2024-10-03
SUB10186,CUST10186,Family,1499,Monthly,15,2025-09-26
SUB10187,CUST10187,Basic,499,Quarterly,2,2025-08-31
SUB10188,CUST10188,Family,1499,Quarterly,15,2025-05-02
SUB10189,CUST10189,Standard,799,Monthly,5,2024-01-15
SUB10190,CUST10190,Basic,499,Monthly,2,2024-10-18
SUB10191,CUST10191,Standard,799,Annual,5,2024-10-18
SUB10192,CUST10192,Basic,499,Monthly,2,2024-12-17
SUB10193,CUST10193,Basic,499,Monthly,2,2024-03-19
SUB10194,CUST10194,Premium,1199,Monthly,10,2024-06-03
SUB10195,CUST10195,Premium,1199,Monthly,10,2025-02-24
SUB10196,CUST10196,Standard,799,Annual,5,2025-05-10
SUB10197,CUST10197,Premium,1199,Monthly,10,2025-03-05
SUB10198,CUST10198,Premium,1199,Monthly,10,2025-05-01
SUB10199,CUST10199,Basic,499,Monthly,2,2026-02-25
SUB10200,CUST10200,Standard,799,Quarterly,5,2025-12-23
SUB10201,CUST10201,Family,1499,Monthly,15,2025-02-03
SUB10202,CUST10202,Premium,1199,Monthly,10,2024-12-31
SUB10203,CUST10203,Basic,499,Monthly,2,2024-09-17
SUB10204,CUST10204,Premium,1199,Monthly,10,2024-06-23
SUB10205,CUST10205,Premium,1199,Annual,10,2024-09-24
SUB10206,CUST10206,Family,1499,Annual,15,2024-05-14
SUB10207,CUST10207,Basic,499,Monthly,2,2024-07-29
SUB10208,CUST10208,Premium,1199,Monthly,10,2024-07-27
SUB10209,CUST10209,Premium,1199,Quarterly,10,2025-02-16
SUB10210,CUST10210,Family,1499,Annual,15,2024-06-17
SUB10211,CUST10211,Family,1499,Annual,15,2025-08-26
SUB10212,CUST10212,Basic,499,Quarterly,2,2025-06-17
SUB10213,CUST10213,Basic,499,Monthly,2,2025-04-25
SUB10214,CUST10214,Basic,499,Quarterly,2,2024-10-03
SUB10215,CUST10215,Premium,1199,Annual,10,2024-10-27
SUB10216,CUST10216,Standard,799,Monthly,5,2025-05-17
SUB10217,CUST10217,Premium,1199,Quarterly,10,2024-02-29
SUB10218,CUST10218,Basic,499,Quarterly,2,2024-08-31
SUB10219,CUST10219,Standard,799,Quarterly,5,2024-06-21
SUB10220,CUST10220,Family,1499,Monthly,15,2024-01-16
SUB10221,CUST10221,Family,1499,Annual,15,2025-06-24
SUB10222,CUST10222,Family,1499,Monthly,15,2024-09-15
SUB10223,CUST10223,Family,1499,Monthly,15,2024-06-24
SUB10224,CUST10224,Family,1499,Monthly,15,2024-11-19
SUB10225,CUST10225,Premium,1199,Monthly,10,2024-11-25
SUB10226,CUST10226,Premium,1199,Annual,10,2024-12-24
SUB10227,CUST10227,Premium,1199,Monthly,10,2026-01-27
SUB10228,CUST10228,Premium,1199,Annual,10,2025-06-16
SUB10229,CUST10229,Standard,799,Monthly,5,2025-11-02
SUB10230,CUST10230,Standard,799,Monthly,5,2025-11-18
SUB10231,CUST10231,Standard,799,Annual,5,2024-01-05
SUB10232,CUST10232,Standard,799,Annual,5,2024-10-14
SUB10233,CUST10233,Family,1499,Annual,15,2024-08-10
SUB10234,CUST10234,Premium,1199,Quarterly,10,2025-09-11
SUB10235,CUST10235,Premium,1199,Monthly,10,2025-01-25
SUB10236,CUST10236,Premium,1199,Annual,10,2025-08-10
SUB10237,CUST10237,Basic,499,Monthly,2,2025-07-18
SUB10238,CUST10238,Family,1499,Quarterly,15,2025-03-14
SUB10239,CUST10239,Family,1499,Monthly,15,2026-02-03
SUB10240,CUST10240,Family,1499,Annual,15,2025-06-22
SUB10241,CUST10241,Standard,799,Annual,5,2025-06-16
SUB10242,CUST10242,Basic,499,Annual,2,2024-08-07
SUB10243,CUST10243,Premium,1199,Quarterly,10,2025-12-19
SUB10244,CUST10244,Basic,499,Monthly,2,2025-11-02
SUB10245,CUST10245,Basic,499,Monthly,2,2024-01-05
SUB10246,CUST10246,Family,1499,Monthly,15,2025-08-19
SUB10247,CUST10247,Family,1499,Monthly,15,2024-07-02
SUB10248,CUST10248,Premium,1199,Monthly,10,2025-02-08
SUB10249,CUST10249,Premium,1199,Annual,10,2024-04-21
SUB10250,CUST10250,Premium,1199,Monthly,10,2026-02-14
SUB10251,CUST10251,Family,1499,Monthly,15,2024-04-29
SUB10252,CUST10252,Family,1499,Annual,15,2026-01-08
SUB10253,CUST10253,Basic,499,Annual,2,2025-05-23
SUB10254,CUST10254,Family,1499,Quarterly,15,2025-07-01
SUB10255,CUST10255,Family,1499,Monthly,15,2026-04-10
SUB10256,CUST10256,Standard,799,Quarterly,5,2026-04-24
SUB10257,CUST10257,Basic,499,Annual,2,2024-02-26
SUB10258,CUST10258,Standard,799,Quarterly,5,2024-04-02
SUB10259,CUST10259,Premium,1199,Monthly,10,2026-04-16
SUB10260,CUST10260,Family,1499,Quarterly,15,2024-07-08
SUB10261,CUST10261,Premium,1199,Quarterly,10,2026-04-27
SUB10262,CUST10262,Family,1499,Monthly,15,2025-03-29
SUB10263,CUST10263,Basic,499,Monthly,2,2024-09-02
SUB10264,CUST10264,Premium,1199,Annual,10,2025-03-24
SUB10265,CUST10265,Basic,499,Monthly,2,2024-04-18
SUB10266,CUST10266,Family,1499,Annual,15,2025-05-30
SUB10267,CUST10267,Standard,799,Monthly,5,2025-07-04
SUB10268,CUST10268,Family,1499,Monthly,15,2024-01-17
SUB10269,CUST10269,Basic,499,Annual,2,2024-01-25
SUB10270,CUST10270,Basic,499,Annual,2,2024-04-09
SUB10271,CUST10271,Standard,799,Quarterly,5,2025-12-01
SUB10272,CUST10272,Standard,799,Monthly,5,2025-11-02
SUB10273,CUST10273,Premium,1199,Annual,10,2025-12-09
SUB10274,CUST10274,Premium,1199,Quarterly,10,2025-09-12
SUB10275,CUST10275,Basic,499,Annual,2,2025-11-01
SUB10276,CUST10276,Premium,1199,Monthly,10,2025-07-31
SUB10277,CUST10277,Family,1499,Annual,15,2026-01-21
SUB10278,CUST10278,Premium,1199,Annual,10,2025-03-28
SUB10279,CUST10279,Standard,799,Quarterly,5,2025-09-09
SUB10280,CUST10280,Basic,499,Monthly,2,2025-05-22
SUB10281,CUST10281,Family,1499,Monthly,15,2025-10-15
SUB10282,CUST10282,Family,1499,Annual,15,2026-04-25
SUB10283,CUST10283,Basic,499,Monthly,2,2025-12-01
SUB10284,CUST10284,Family,1499,Monthly,15,2026-02-16
SUB10285,CUST10285,Basic,499,Monthly,2,2024-12-17
SUB10286,CUST10286,Standard,799,Quarterly,5,2024-04-23
SUB10287,CUST10287,Premium,1199,Annual,10,2024-10-14
SUB10288,CUST10288,Basic,499,Quarterly,2,2024-07-17
SUB10289,CUST10289,Premium,1199,Quarterly,10,2024-10-16
SUB10290,CUST10290,Family,1499,Annual,15,2025-07-20
SUB10291,CUST10291,Basic,499,Monthly,2,2025-06-18
SUB10292,CUST10292,Premium,1199,Monthly,10,2024-04-13
SUB10293,CUST10293,Basic,499,Monthly,2,2026-03-06
SUB10294,CUST10294,Basic,499,Monthly,2,2024-04-16
SUB10295,CUST10295,Family,1499,Monthly,15,2025-09-14
SUB10296,CUST10296,Family,1499,Annual,15,2024-03-10
SUB10297,CUST10297,Standard,799,Monthly,5,2025-11-10
SUB10298,CUST10298,Basic,499,Monthly,2,2025-09-28
SUB10299,CUST10299,Basic,499,Monthly,2,2025-04-16
SUB10300,CUST10300,Standard,799,Quarterly,5,2024-12-25
SUB10301,CUST10301,Standard,799,Annual,5,2025-11-11
SUB10302,CUST10302,Family,1499,Quarterly,15,2024-12-09
SUB10303,CUST10303,Basic,499,Monthly,2,2025-02-05
SUB10304,CUST10304,Premium,1199,Monthly,10,2026-01-17
SUB10305,CUST10305,Family,1499,Quarterly,15,2025-12-02
SUB10306,CUST10306,Family,1499,Annual,15,2025-11-19
SUB10307,CUST10307,Family,1499,Monthly,15,2025-03-21
SUB10308,CUST10308,Family,1499,Monthly,15,2024-01-18
SUB10309,CUST10309,Standard,799,Monthly,5,2024-09-03
SUB10310,CUST10310,Basic,499,Monthly,2,2024-10-05
SUB10311,CUST10311,Family,1499,Monthly,15,2025-08-27
SUB10312,CUST10312,Standard,799,Quarterly,5,2026-02-26
SUB10313,CUST10313,Standard,799,Monthly,5,2024-12-06
SUB10314,CUST10314,Standard,799,Monthly,5,2026-01-07
SUB10315,CUST10315,Premium,1199,Monthly,10,2024-10-13
SUB10316,CUST10316,Basic,499,Annual,2,2025-05-05
SUB10317,CUST10317,Family,1499,Monthly,15,2025-12-08
SUB10318,CUST10318,Premium,1199,Monthly,10,2026-02-26
SUB10319,CUST10319,Basic,499,Annual,2,2024-06-22
SUB10320,CUST10320,Premium,1199,Monthly,10,2024-05-09
SUB10321,CUST10321,Premium,1199,Quarterly,10,2025-09-23
SUB10322,CUST10322,Premium,1199,Monthly,10,2024-08-18
SUB10323,CUST10323,Premium,1199,Monthly,10,2025-09-30
SUB10324,CUST10324,Basic,499,Quarterly,2,2024-07-28
SUB10325,CUST10325,Premium,1199,Monthly,10,2025-04-17
SUB10326,CUST10326,Basic,499,Annual,2,2025-12-09
SUB10327,CUST10327,Basic,499,Monthly,2,2025-11-23
SUB10328,CUST10328,Premium,1199,Quarterly,10,2025-06-26
SUB10329,CUST10329,Premium,1199,Quarterly,10,2025-08-17
SUB10330,CUST10330,Standard,799,Monthly,5,2025-08-23
SUB10331,CUST10331,Basic,499,Annual,2,2025-06-13
SUB10332,CUST10332,Basic,499,Quarterly,2,2025-12-10
SUB10333,CUST10333,Basic,499,Quarterly,2,2025-03-09
SUB10334,CUST10334,Basic,499,Monthly,2,2024-08-09
SUB10335,CUST10335,Premium,1199,Monthly,10,2026-03-13
SUB10336,CUST10336,Basic,499,Annual,2,2026-01-07
SUB10337,CUST10337,Family,1499,Quarterly,15,2025-06-12
SUB10338,CUST10338,Basic,499,Monthly,2,2024-11-16
SUB10339,CUST10339,Family,1499,Quarterly,15,2024-02-20
SUB10340,CUST10340,Standard,799,Monthly,5,2024-02-13
SUB10341,CUST10341,Standard,799,Monthly,5,2025-03-11
SUB10342,CUST10342,Family,1499,Quarterly,15,2024-02-25
SUB10343,CUST10343,Basic,499,Monthly,2,2024-08-15
SUB10344,CUST10344,Basic,499,Monthly,2,2024-07-15
SUB10345,CUST10345,Premium,1199,Monthly,10,2025-09-04
SUB10346,CUST10346,Family,1499,Monthly,15,2025-12-20
SUB10347,CUST10347,Standard,799,Annual,5,2026-02-04
SUB10348,CUST10348,Premium,1199,Annual,10,2026-03-20
SUB10349,CUST10349,Family,1499,Quarterly,15,2026-04-02
SUB10350,CUST10350,Premium,1199,Monthly,10,2025-08-24
SUB10351,CUST10351,Basic,499,Monthly,2,2025-12-02
SUB10352,CUST10352,Standard,799,Annual,5,2024-05-09
SUB10353,CUST10353,Basic,499,Monthly,2,2024-10-03
SUB10354,CUST10354,Premium,1199,Monthly,10,2026-04-13
SUB10355,CUST10355,Standard,799,Monthly,5,2025-11-16
SUB10356,CUST10356,Family,1499,Annual,15,2025-04-28
SUB10357,CUST10357,Standard,799,Annual,5,2025-04-24
SUB10358,CUST10358,Standard,799,Monthly,5,2024-01-21
SUB10359,CUST10359,Standard,799,Monthly,5,2026-01-27
SUB10360,CUST10360,Standard,799,Monthly,5,2024-10-21
SUB10361,CUST10361,Standard,799,Annual,5,2024-10-09
SUB10362,CUST10362,Basic,499,Annual,2,2025-09-29
SUB10363,CUST10363,Premium,1199,Quarterly,10,2026-02-15
SUB10364,CUST10364,Standard,799,Quarterly,5,2026-01-02
SUB10365,CUST10365,Basic,499,Monthly,2,2024-08-30
SUB10366,CUST10366,Basic,499,Quarterly,2,2024-03-06
SUB10367,CUST10367,Standard,799,Monthly,5,2026-01-31
SUB10368,CUST10368,Premium,1199,Monthly,10,2026-01-26
SUB10369,CUST10369,Family,1499,Annual,15,2025-12-15
SUB10370,CUST10370,Basic,499,Quarterly,2,2025-11-22
SUB10371,CUST10371,Family,1499,Annual,15,2024-04-18
SUB10372,CUST10372,Basic,499,Monthly,2,2024-07-26
SUB10373,CUST10373,Family,1499,Quarterly,15,2024-04-12
SUB10374,CUST10374,Premium,1199,Quarterly,10,2025-08-02
SUB10375,CUST10375,Family,1499,Annual,15,2025-06-13
SUB10376,CUST10376,Standard,799,Annual,5,2024-02-02
SUB10377,CUST10377,Standard,799,Monthly,5,2025-06-28
SUB10378,CUST10378,Basic,499,Monthly,2,2025-03-10
SUB10379,CUST10379,Premium,1199,Monthly,10,2026-03-21
SUB10380,CUST10380,Standard,799,Annual,5,2025-06-29
SUB10381,CUST10381,Standard,799,Quarterly,5,2026-04-28
SUB10382,CUST10382,Premium,1199,Quarterly,10,2025-03-07
SUB10383,CUST10383,Family,1499,Annual,15,2024-12-08
SUB10384,CUST10384,Standard,799,Annual,5,2024-03-30
SUB10385,CUST10385,Family,1499,Quarterly,15,2024-09-17
SUB10386,CUST10386,Premium,1199,Annual,10,2024-06-30
SUB10387,CUST10387,Premium,1199,Monthly,10,2025-06-08
SUB10388,CUST10388,Basic,499,Monthly,2,2024-08-28
SUB10389,CUST10389,Premium,1199,Quarterly,10,2024-11-03
SUB10390,CUST10390,Family,1499,Monthly,15,2024-01-04
SUB10391,CUST10391,Family,1499,Quarterly,15,2026-02-14
SUB10392,CUST10392,Basic,499,Monthly,2,2024-01-15
SUB10393,CUST10393,Basic,499,Quarterly,2,2024-05-27
SUB10394,CUST10394,Premium,1199,Monthly,10,2024-02-19
SUB10395,CUST10395,Standard,799,Monthly,5,2025-03-18
SUB10396,CUST10396,Premium,1199,Monthly,10,2024-12-25
SUB10397,CUST10397,Basic,499,Monthly,2,2024-07-08
SUB10398,CUST10398,Standard,799,Quarterly,5,2024-09-24
SUB10399,CUST10399,Family,1499,Monthly,15,2026-03-27
SUB10400,CUST10400,Standard,799,Annual,5,2024-10-22
SUB10401,CUST10401,Premium,1199,Annual,10,2024-05-06
SUB10402,CUST10402,Premium,1199,Monthly,10,2025-10-17
SUB10403,CUST10403,Standard,799,Quarterly,5,2026-04-07
SUB10404,CUST10404,Standard,799,Annual,5,2024-05-06
SUB10405,CUST10405,Basic,499,Monthly,2,2025-12-21
SUB10406,CUST10406,Premium,1199,Annual,10,2025-12-07
SUB10407,CUST10407,Basic,499,Monthly,2,2026-02-05
SUB10408,CUST10408,Basic,499,Quarterly,2,2026-01-27
SUB10409,CUST10409,Standard,799,Monthly,5,2025-11-08
SUB10410,CUST10410,Premium,1199,Monthly,10,2026-04-03
SUB10411,CUST10411,Family,1499,Annual,15,2025-01-02
SUB10412,CUST10412,Standard,799,Quarterly,5,2025-05-04
SUB10413,CUST10413,Standard,799,Annual,5,2025-04-16
SUB10414,CUST10414,Standard,799,Monthly,5,2024-01-23
SUB10415,CUST10415,Basic,499,Monthly,2,2024-12-27
SUB10416,CUST10416,Standard,799,Annual,5,2024-07-02
SUB10417,CUST10417,Basic,499,Annual,2,2025-03-02
SUB10418,CUST10418,Basic,499,Monthly,2,2025-04-28
SUB10419,CUST10419,Basic,499,Monthly,2,2024-03-27
SUB10420,CUST10420,Basic,499,Quarterly,2,2026-03-14
SUB10421,CUST10421,Standard,799,Monthly,5,2024-08-24
SUB10422,CUST10422,Premium,1199,Quarterly,10,2025-08-30
SUB10423,CUST10423,Basic,499,Annual,2,2024-06-16
SUB10424,CUST10424,Family,1499,Quarterly,15,2026-03-25
SUB10425,CUST10425,Family,1499,Monthly,15,2024-10-11
SUB10426,CUST10426,Premium,1199,Monthly,10,2026-03-22
SUB10427,CUST10427,Basic,499,Annual,2,2025-04-05
SUB10428,CUST10428,Basic,499,Annual,2,2025-12-09
SUB10429,CUST10429,Premium,1199,Monthly,10,2026-02-13
SUB10430,CUST10430,Basic,499,Quarterly,2,2026-02-28
SUB10431,CUST10431,Basic,499,Monthly,2,2025-11-10
SUB10432,CUST10432,Family,1499,Monthly,15,2025-06-05
SUB10433,CUST10433,Premium,1199,Monthly,10,2025-01-10
SUB10434,CUST10434,Basic,499,Monthly,2,2024-09-29
SUB10435,CUST10435,Family,1499,Annual,15,2026-04-27
SUB10436,CUST10436,Basic,499,Quarterly,2,2024-12-23
SUB10437,CUST10437,Premium,1199,Monthly,10,2024-09-02
SUB10438,CUST10438,Basic,499,Monthly,2,2025-09-05
SUB10439,CUST10439,Premium,1199,Annual,10,2025-07-25
SUB10440,CUST10440,Premium,1199,Annual,10,2024-09-27
SUB10441,CUST10441,Standard,799,Annual,5,2025-04-27
SUB10442,CUST10442,Family,1499,Annual,15,2024-05-08
SUB10443,CUST10443,Family,1499,Monthly,15,2025-03-09
SUB10444,CUST10444,Family,1499,Monthly,15,2025-12-13
SUB10445,CUST10445,Standard,799,Quarterly,5,2025-04-28
SUB10446,CUST10446,Premium,1199,Annual,10,2026-01-02
SUB10447,CUST10447,Basic,499,Monthly,2,2024-07-21
SUB10448,CUST10448,Premium,1199,Annual,10,2025-02-08
SUB10449,CUST10449,Premium,1199,Monthly,10,2025-05-23
SUB10450,CUST10450,Family,1499,Monthly,15,2024-12-15
SUB10451,CUST10451,Family,1499,Monthly,15,2025-01-27
SUB10452,CUST10452,Family,1499,Monthly,15,2024-03-22
SUB10453,CUST10453,Standard,799,Monthly,5,2025-10-23
SUB10454,CUST10454,Premium,1199,Monthly,10,2025-07-08
SUB10455,CUST10455,Family,1499,Monthly,15,2024-12-18
SUB10456,CUST10456,Premium,1199,Annual,10,2025-02-16
SUB10457,CUST10457,Basic,499,Quarterly,2,2024-01-17
SUB10458,CUST10458,Basic,499,Monthly,2,2024-12-02
SUB10459,CUST10459,Family,1499,Monthly,15,2024-11-22
SUB10460,CUST10460,Standard,799,Quarterly,5,2024-12-14
SUB10461,CUST10461,Premium,1199,Annual,10,2024-01-16
SUB10462,CUST10462,Basic,499,Monthly,2,2024-01-11
SUB10463,CUST10463,Family,1499,Annual,15,2024-09-09
SUB10464,CUST10464,Premium,1199,Monthly,10,2024-12-14
SUB10465,CUST10465,Premium,1199,Monthly,10,2026-01-30
SUB10466,CUST10466,Family,1499,Monthly,15,2024-08-12
SUB10467,CUST10467,Premium,1199,Monthly,10,2025-04-13
SUB10468,CUST10468,Standard,799,Quarterly,5,2026-01-22
SUB10469,CUST10469,Standard,799,Annual,5,2024-08-28
SUB10470,CUST10470,Basic,499,Monthly,2,2025-10-24
SUB10471,CUST10471,Standard,799,Quarterly,5,2025-04-14
SUB10472,CUST10472,Family,1499,Annual,15,2025-05-05
SUB10473,CUST10473,Standard,799,Monthly,5,2024-06-23
SUB10474,CUST10474,Basic,499,Monthly,2,2024-06-10
SUB10475,CUST10475,Premium,1199,Monthly,10,2025-10-04
SUB10476,CUST10476,Basic,499,Monthly,2,2026-01-07
SUB10477,CUST10477,Premium,1199,Quarterly,10,2025-05-29
SUB10478,CUST10478,Premium,1199,Annual,10,2024-06-24
SUB10479,CUST10479,Family,1499,Annual,15,2024-02-08
SUB10480,CUST10480,Family,1499,Monthly,15,2025-06-05
SUB10481,CUST10481,Premium,1199,Annual,10,2025-01-02
SUB10482,CUST10482,Basic,499,Monthly,2,2025-01-23
SUB10483,CUST10483,Standard,799,Monthly,5,2025-04-17
SUB10484,CUST10484,Premium,1199,Monthly,10,2025-08-11
SUB10485,CUST10485,Basic,499,Monthly,2,2024-01-03
SUB10486,CUST10486,Basic,499,Monthly,2,2025-02-02
SUB10487,CUST10487,Standard,799,Quarterly,5,2025-05-03
SUB10488,CUST10488,Standard,799,Quarterly,5,2024-03-15
SUB10489,CUST10489,Basic,499,Annual,2,2024-11-03
SUB10490,CUST10490,Standard,799,Quarterly,5,2026-04-08
SUB10491,CUST10491,Basic,499,Quarterly,2,2025-08-25
SUB10492,CUST10492,Family,1499,Quarterly,15,2025-09-17
SUB10493,CUST10493,Premium,1199,Monthly,10,2025-01-22
SUB10494,CUST10494,Standard,799,Monthly,5,2024-02-29
SUB10495,CUST10495,Basic,499,Monthly,2,2024-01-08
SUB10496,CUST10496,Basic,499,Quarterly,2,2025-09-12
SUB10497,CUST10497,Premium,1199,Monthly,10,2024-12-01
SUB10498,CUST10498,Premium,1199,Annual,10,2025-07-31
SUB10499,CUST10499,Family,1499,Monthly,15,2026-04-21
SUB10500,CUST10500,Premium,1199,Monthly,10,2025-05-08
SUB10501,CUST10501,Basic,499,Annual,2,2024-09-11
SUB10502,CUST10502,Basic,499,Monthly,2,2025-10-30
SUB10503,CUST10503,Premium,1199,Monthly,10,2024-08-30
SUB10504,CUST10504,Basic,499,Monthly,2,2024-12-31
SUB10505,CUST10505,Family,1499,Monthly,15,2025-06-28
SUB10506,CUST10506,Basic,499,Monthly,2,2024-12-02
SUB10507,CUST10507,Basic,499,Quarterly,2,2025-03-25
SUB10508,CUST10508,Family,1499,Monthly,15,2025-12-27
SUB10509,CUST10509,Family,1499,Monthly,15,2024-11-14
SUB10510,CUST10510,Standard,799,Annual,5,2025-02-10
SUB10511,CUST10511,Family,1499,Annual,15,2025-03-12
SUB10512,CUST10512,Standard,799,Quarterly,5,2024-06-02
SUB10513,CUST10513,Standard,799,Annual,5,2025-04-21
SUB10514,CUST10514,Premium,1199,Annual,10,2024-08-23
SUB10515,CUST10515,Basic,499,Monthly,2,2026-01-29
SUB10516,CUST10516,Basic,499,Quarterly,2,2024-08-25
SUB10517,CUST10517,Basic,499,Monthly,2,2025-07-19
SUB10518,CUST10518,Premium,1199,Monthly,10,2026-02-27
SUB10519,CUST10519,Family,1499,Monthly,15,2024-05-26
SUB10520,CUST10520,Basic,499,Monthly,2,2025-10-23
SUB10521,CUST10521,Standard,799,Quarterly,5,2024-01-11
SUB10522,CUST10522,Standard,799,Monthly,5,2025-04-08
SUB10523,CUST10523,Family,1499,Monthly,15,2025-06-19
SUB10524,CUST10524,Family,1499,Quarterly,15,2026-03-16
SUB10525,CUST10525,Premium,1199,Monthly,10,2025-09-26
SUB10526,CUST10526,Standard,799,Monthly,5,2024-01-21
SUB10527,CUST10527,Premium,1199,Quarterly,10,2025-03-17
SUB10528,CUST10528,Basic,499,Monthly,2,2025-08-03
SUB10529,CUST10529,Premium,1199,Annual,10,2025-05-18
SUB10530,CUST10530,Family,1499,Monthly,15,2025-02-27
SUB10531,CUST10531,Standard,799,Monthly,5,2024-03-11
SUB10532,CUST10532,Standard,799,Annual,5,2024-05-22
SUB10533,CUST10533,Premium,1199,Annual,10,2024-10-18
SUB10534,CUST10534,Family,1499,Monthly,15,2025-05-21
SUB10535,CUST10535,Standard,799,Monthly,5,2024-06-13
SUB10536,CUST10536,Basic,499,Annual,2,2026-03-03
SUB10537,CUST10537,Standard,799,Monthly,5,2025-07-21
SUB10538,CUST10538,Family,1499,Monthly,15,2025-05-25
SUB10539,CUST10539,Premium,1199,Annual,10,2026-04-21
SUB10540,CUST10540,Standard,799,Monthly,5,2024-08-20
SUB10541,CUST10541,Premium,1199,Quarterly,10,2025-04-14
SUB10542,CUST10542,Basic,499,Monthly,2,2024-09-28
SUB10543,CUST10543,Basic,499,Monthly,2,2025-02-11
SUB10544,CUST10544,Family,1499,Quarterly,15,2024-08-08
SUB10545,CUST10545,Standard,799,Monthly,5,2026-04-16
SUB10546,CUST10546,Premium,1199,Monthly,10,2025-06-24
SUB10547,CUST10547,Premium,1199,Annual,10,2025-12-13
SUB10548,CUST10548,Standard,799,Quarterly,5,2024-05-11
SUB10549,CUST10549,Premium,1199,Quarterly,10,2025-05-04
SUB10550,CUST10550,Standard,799,Monthly,5,2025-06-28
SUB10551,CUST10551,Premium,1199,Annual,10,2026-03-14
SUB10552,CUST10552,Standard,799,Monthly,5,2025-01-14
SUB10553,CUST10553,Standard,799,Monthly,5,2026-02-15
SUB10554,CUST10554,Premium,1199,Monthly,10,2025-01-20
SUB10555,CUST10555,Premium,1199,Monthly,10,2025-05-12
SUB10556,CUST10556,Basic,499,Annual,2,2024-10-03
SUB10557,CUST10557,Premium,1199,Annual,10,2024-02-02
SUB10558,CUST10558,Standard,799,Quarterly,5,2024-04-10
SUB10559,CUST10559,Standard,799,Annual,5,2024-12-22
SUB10560,CUST10560,Family,1499,Monthly,15,2024-03-05
SUB10561,CUST10561,Standard,799,Quarterly,5,2024-06-12
SUB10562,CUST10562,Standard,799,Annual,5,2026-01-04
SUB10563,CUST10563,Basic,499,Monthly,2,2024-04-06
SUB10564,CUST10564,Basic,499,Annual,2,2025-11-19
SUB10565,CUST10565,Premium,1199,Monthly,10,2026-02-17
SUB10566,CUST10566,Basic,499,Monthly,2,2025-03-14
SUB10567,CUST10567,Basic,499,Quarterly,2,2024-08-19
SUB10568,CUST10568,Family,1499,Monthly,15,2025-02-09
SUB10569,CUST10569,Basic,499,Monthly,2,2024-01-25
SUB10570,CUST10570,Family,1499,Quarterly,15,2024-05-10
SUB10571,CUST10571,Family,1499,Annual,15,2024-01-11
SUB10572,CUST10572,Family,1499,Monthly,15,2025-03-18
SUB10573,CUST10573,Premium,1199,Annual,10,2024-09-12
SUB10574,CUST10574,Standard,799,Quarterly,5,2025-01-11
SUB10575,CUST10575,Standard,799,Monthly,5,2025-08-29
SUB10576,CUST10576,Basic,499,Monthly,2,2024-09-01
SUB10577,CUST10577,Family,1499,Annual,15,2024-01-15
SUB10578,CUST10578,Premium,1199,Monthly,10,2025-08-29
SUB10579,CUST10579,Basic,499,Quarterly,2,2025-05-26
SUB10580,CUST10580,Basic,499,Monthly,2,2026-02-15
SUB10581,CUST10581,Standard,799,Annual,5,2024-05-24
SUB10582,CUST10582,Premium,1199,Quarterly,10,2024-01-23
SUB10583,CUST10583,Premium,1199,Quarterly,10,2025-06-21
SUB10584,CUST10584,Basic,499,Quarterly,2,2025-12-31
SUB10585,CUST10585,Basic,499,Quarterly,2,2025-11-29
SUB10586,CUST10586,Premium,1199,Monthly,10,2024-10-07
SUB10587,CUST10587,Premium,1199,Monthly,10,2025-04-29
SUB10588,CUST10588,Standard,799,Monthly,5,2025-02-26
SUB10589,CUST10589,Basic,499,Monthly,2,2025-08-24
SUB10590,CUST10590,Premium,1199,Monthly,10,2025-07-01
SUB10591,CUST10591,Premium,1199,Quarterly,10,2024-01-08
SUB10592,CUST10592,Premium,1199,Quarterly,10,2026-02-26
SUB10593,CUST10593,Standard,799,Annual,5,2025-12-22
SUB10594,CUST10594,Family,1499,Quarterly,15,2024-11-12
SUB10595,CUST10595,Standard,799,Quarterly,5,2024-07-21
SUB10596,CUST10596,Family,1499,Quarterly,15,2025-11-26
SUB10597,CUST10597,Basic,499,Monthly,2,2026-02-22
SUB10598,CUST10598,Family,1499,Annual,15,2024-03-10
SUB10599,CUST10599,Standard,799,Annual,5,2024-11-14
SUB10600,CUST10600,Family,1499,Monthly,15,2025-12-04
SUB10601,CUST10601,Basic,499,Quarterly,2,2025-09-25
SUB10602,CUST10602,Standard,799,Annual,5,2026-02-04
SUB10603,CUST10603,Premium,1199,Annual,10,2024-02-08
SUB10604,CUST10604,Basic,499,Monthly,2,2024-12-23
SUB10605,CUST10605,Premium,1199,Monthly,10,2025-05-25
SUB10606,CUST10606,Standard,799,Annual,5,2025-07-22
SUB10607,CUST10607,Premium,1199,Monthly,10,2024-11-29
SUB10608,CUST10608,Standard,799,Monthly,5,2025-01-12
SUB10609,CUST10609,Premium,1199,Monthly,10,2025-06-27
SUB10610,CUST10610,Family,1499,Annual,15,2024-04-30
SUB10611,CUST10611,Standard,799,Annual,5,2025-07-24
SUB10612,CUST10612,Premium,1199,Monthly,10,2024-10-25
SUB10613,CUST10613,Family,1499,Monthly,15,2024-08-03
SUB10614,CUST10614,Basic,499,Monthly,2,2024-04-09
SUB10615,CUST10615,Standard,799,Monthly,5,2024-07-14
SUB10616,CUST10616,Standard,799,Monthly,5,2026-04-08
SUB10617,CUST10617,Family,1499,Monthly,15,2024-03-03
SUB10618,CUST10618,Standard,799,Quarterly,5,2026-03-10
SUB10619,CUST10619,Basic,499,Monthly,2,2025-03-27
SUB10620,CUST10620,Standard,799,Quarterly,5,2026-04-14
SUB10621,CUST10621,Family,1499,Monthly,15,2025-03-12
SUB10622,CUST10622,Basic,499,Monthly,2,2024-08-01
SUB10623,CUST10623,Basic,499,Monthly,2,2025-06-28
SUB10624,CUST10624,Premium,1199,Monthly,10,2025-04-05
SUB10625,CUST10625,Basic,499,Quarterly,2,2024-12-09
SUB10626,CUST10626,Family,1499,Annual,15,2026-01-28
SUB10627,CUST10627,Standard,799,Annual,5,2024-10-01
SUB10628,CUST10628,Standard,799,Monthly,5,2026-02-01
SUB10629,CUST10629,Family,1499,Monthly,15,2024-09-21
SUB10630,CUST10630,Premium,1199,Annual,10,2024-02-21
SUB10631,CUST10631,Basic,499,Annual,2,2025-03-26
SUB10632,CUST10632,Family,1499,Quarterly,15,2025-10-21
SUB10633,CUST10633,Family,1499,Monthly,15,2024-12-20
SUB10634,CUST10634,Basic,499,Quarterly,2,2025-08-04
SUB10635,CUST10635,Basic,499,Annual,2,2024-05-31
SUB10636,CUST10636,Standard,799,Quarterly,5,2024-09-22
SUB10637,CUST10637,Basic,499,Annual,2,2025-01-06
SUB10638,CUST10638,Basic,499,Monthly,2,2024-08-04
SUB10639,CUST10639,Premium,1199,Quarterly,10,2026-03-03
SUB10640,CUST10640,Basic,499,Monthly,2,2025-11-30
SUB10641,CUST10641,Family,1499,Monthly,15,2025-12-04
SUB10642,CUST10642,Standard,799,Monthly,5,2024-06-14
SUB10643,CUST10643,Family,1499,Monthly,15,2025-05-26
SUB10644,CUST10644,Premium,1199,Annual,10,2024-03-23
SUB10645,CUST10645,Premium,1199,Monthly,10,2025-09-30
SUB10646,CUST10646,Family,1499,Annual,15,2025-11-27
SUB10647,CUST10647,Family,1499,Quarterly,15,2024-05-07
SUB10648,CUST10648,Family,1499,Monthly,15,2024-02-16
SUB10649,CUST10649,Premium,1199,Annual,10,2026-04-29
SUB10650,CUST10650,Family,1499,Annual,15,2024-05-12
SUB10651,CUST10651,Premium,1199,Monthly,10,2026-01-15
SUB10652,CUST10652,Premium,1199,Monthly,10,2025-06-20
SUB10653,CUST10653,Basic,499,Quarterly,2,2024-02-15
SUB10654,CUST10654,Premium,1199,Annual,10,2024-02-24
SUB10655,CUST10655,Premium,1199,Monthly,10,2026-02-13
SUB10656,CUST10656,Basic,499,Monthly,2,2025-09-13
SUB10657,CUST10657,Basic,499,Monthly,2,2025-03-25
SUB10658,CUST10658,Standard,799,Monthly,5,2024-03-19
SUB10659,CUST10659,Standard,799,Quarterly,5,2026-03-12
SUB10660,CUST10660,Standard,799,Monthly,5,2024-12-28
SUB10661,CUST10661,Premium,1199,Annual,10,2024-12-15
SUB10662,CUST10662,Family,1499,Monthly,15,2024-11-24
SUB10663,CUST10663,Basic,499,Annual,2,2025-12-05
SUB10664,CUST10664,Premium,1199,Monthly,10,2024-08-14
SUB10665,CUST10665,Family,1499,Monthly,15,2024-03-31
SUB10666,CUST10666,Basic,499,Monthly,2,2026-03-25
SUB10667,CUST10667,Standard,799,Monthly,5,2025-12-11
SUB10668,CUST10668,Family,1499,Monthly,15,2025-05-02
SUB10669,CUST10669,Premium,1199,Monthly,10,2024-08-16
SUB10670,CUST10670,Standard,799,Monthly,5,2024-03-02
SUB10671,CUST10671,Family,1499,Quarterly,15,2025-06-23
SUB10672,CUST10672,Premium,1199,Monthly,10,2025-03-19
SUB10673,CUST10673,Standard,799,Monthly,5,2024-05-05
SUB10674,CUST10674,Family,1499,Monthly,15,2026-02-20
SUB10675,CUST10675,Basic,499,Quarterly,2,2025-08-09
SUB10676,CUST10676,Family,1499,Monthly,15,2025-03-31
SUB10677,CUST10677,Premium,1199,Quarterly,10,2024-01-07
SUB10678,CUST10678,Premium,1199,Quarterly,10,2024-07-07
SUB10679,CUST10679,Basic,499,Monthly,2,2024-10-08
SUB10680,CUST10680,Family,1499,Monthly,15,2026-02-10
SUB10681,CUST10681,Basic,499,Monthly,2,2026-01-12
SUB10682,CUST10682,Basic,499,Monthly,2,2025-10-13
SUB10683,CUST10683,Standard,799,Monthly,5,2025-09-24
SUB10684,CUST10684,Standard,799,Annual,5,2025-11-07
SUB10685,CUST10685,Premium,1199,Monthly,10,2026-01-15
SUB10686,CUST10686,Premium,1199,Monthly,10,2024-03-12
SUB10687,CUST10687,Standard,799,Annual,5,2024-10-08
SUB10688,CUST10688,Premium,1199,Monthly,10,2026-01-04
SUB10689,CUST10689,Basic,499,Annual,2,2025-06-25
SUB10690,CUST10690,Family,1499,Monthly,15,2024-05-02
SUB10691,CUST10691,Basic,499,Monthly,2,2025-01-13
SUB10692,CUST10692,Family,1499,Monthly,15,2024-05-28
SUB10693,CUST10693,Standard,799,Annual,5,2024-09-24
SUB10694,CUST10694,Basic,499,Annual,2,2025-08-16
SUB10695,CUST10695,Premium,1199,Annual,10,2026-03-30
SUB10696,CUST10696,Family,1499,Monthly,15,2026-04-14
SUB10697,CUST10697,Basic,499,Quarterly,2,2026-04-12
SUB10698,CUST10698,Standard,799,Quarterly,5,2024-04-29
SUB10699,CUST10699,Premium,1199,Monthly,10,2024-05-26
SUB10700,CUST10700,Standard,799,Monthly,5,2024-01-29
SUB10701,CUST10701,Premium,1199,Annual,10,2025-03-08
SUB10702,CUST10702,Standard,799,Monthly,5,2026-01-06
SUB10703,CUST10703,Basic,499,Monthly,2,2025-11-20
SUB10704,CUST10704,Basic,499,Monthly,2,2024-12-27
SUB10705,CUST10705,Premium,1199,Annual,10,2024-07-20
SUB10706,CUST10706,Basic,499,Quarterly,2,2026-01-01
SUB10707,CUST10707,Standard,799,Monthly,5,2024-12-23
SUB10708,CUST10708,Standard,799,Monthly,5,2024-02-17
SUB10709,CUST10709,Basic,499,Monthly,2,2025-05-18
SUB10710,CUST10710,Standard,799,Annual,5,2026-04-26
SUB10711,CUST10711,Family,1499,Annual,15,2024-06-24
SUB10712,CUST10712,Premium,1199,Monthly,10,2024-10-05
SUB10713,CUST10713,Premium,1199,Annual,10,2025-10-03
SUB10714,CUST10714,Premium,1199,Monthly,10,2025-03-11
SUB10715,CUST10715,Basic,499,Monthly,2,2025-09-29
SUB10716,CUST10716,Premium,1199,Annual,10,2025-12-26
SUB10717,CUST10717,Basic,499,Annual,2,2025-10-17
SUB10718,CUST10718,Premium,1199,Annual,10,2025-08-08
SUB10719,CUST10719,Standard,799,Monthly,5,2024-07-01
SUB10720,CUST10720,Basic,499,Monthly,2,2024-09-07
SUB10721,CUST10721,Family,1499,Quarterly,15,2026-02-26
SUB10722,CUST10722,Standard,799,Monthly,5,2025-10-25
SUB10723,CUST10723,Standard,799,Monthly,5,2024-03-04
SUB10724,CUST10724,Standard,799,Monthly,5,2026-03-12
SUB10725,CUST10725,Basic,499,Monthly,2,2024-07-20
SUB10726,CUST10726,Premium,1199,Quarterly,10,2026-03-15
SUB10727,CUST10727,Premium,1199,Monthly,10,2025-08-29
SUB10728,CUST10728,Basic,499,Monthly,2,2024-07-04
SUB10729,CUST10729,Family,1499,Quarterly,15,2025-05-26
SUB10730,CUST10730,Basic,499,Monthly,2,2025-02-10
SUB10731,CUST10731,Standard,799,Monthly,5,2024-06-16
SUB10732,CUST10732,Family,1499,Quarterly,15,2024-02-18
SUB10733,CUST10733,Premium,1199,Monthly,10,2026-02-18
SUB10734,CUST10734,Family,1499,Monthly,15,2025-10-29
SUB10735,CUST10735,Basic,499,Annual,2,2025-10-01
SUB10736,CUST10736,Premium,1199,Monthly,10,2025-07-28
SUB10737,CUST10737,Family,1499,Monthly,15,2024-12-18
SUB10738,CUST10738,Basic,499,Monthly,2,2025-10-31
SUB10739,CUST10739,Premium,1199,Monthly,10,2025-12-04
SUB10740,CUST10740,Family,1499,Quarterly,15,2025-09-08
SUB10741,CUST10741,Standard,799,Quarterly,5,2024-02-01
SUB10742,CUST10742,Standard,799,Monthly,5,2026-04-13
SUB10743,CUST10743,Standard,799,Annual,5,2025-09-22
SUB10744,CUST10744,Family,1499,Quarterly,15,2024-04-29
SUB10745,CUST10745,Basic,499,Annual,2,2024-09-01
SUB10746,CUST10746,Standard,799,Annual,5,2024-04-16
SUB10747,CUST10747,Premium,1199,Monthly,10,2025-08-20
SUB10748,CUST10748,Standard,799,Monthly,5,2026-04-06
SUB10749,CUST10749,Standard,799,Monthly,5,2025-12-12
SUB10750,CUST10750,Family,1499,Monthly,15,2024-12-15
SUB10751,CUST10751,Family,1499,Monthly,15,2025-09-09
SUB10752,CUST10752,Basic,499,Annual,2,2024-12-29
SUB10753,CUST10753,Basic,499,Annual,2,2025-11-04
SUB10754,CUST10754,Family,1499,Monthly,15,2025-11-25
SUB10755,CUST10755,Basic,499,Annual,2,2025-04-29
SUB10756,CUST10756,Premium,1199,Monthly,10,2026-04-20
SUB10757,CUST10757,Standard,799,Monthly,5,2025-08-06
SUB10758,CUST10758,Premium,1199,Monthly,10,2025-08-07
SUB10759,CUST10759,Premium,1199,Monthly,10,2025-03-30
SUB10760,CUST10760,Premium,1199,Monthly,10,2025-04-23
SUB10761,CUST10761,Standard,799,Monthly,5,2025-03-22
SUB10762,CUST10762,Premium,1199,Monthly,10,2024-10-21
SUB10763,CUST10763,Family,1499,Monthly,15,2025-08-02
SUB10764,CUST10764,Basic,499,Monthly,2,2025-10-15
SUB10765,CUST10765,Family,1499,Monthly,15,2024-04-28
SUB10766,CUST10766,Family,1499,Monthly,15,2024-11-19
SUB10767,CUST10767,Premium,1199,Quarterly,10,2026-03-21
SUB10768,CUST10768,Premium,1199,Quarterly,10,2026-04-12
SUB10769,CUST10769,Premium,1199,Quarterly,10,2026-03-14
SUB10770,CUST10770,Standard,799,Monthly,5,2024-12-02
SUB10771,CUST10771,Standard,799,Quarterly,5,2024-04-29
SUB10772,CUST10772,Basic,499,Monthly,2,2026-03-08
SUB10773,CUST10773,Basic,499,Monthly,2,2024-08-22
SUB10774,CUST10774,Standard,799,Monthly,5,2025-11-07
SUB10775,CUST10775,Standard,799,Annual,5,2024-02-02
SUB10776,CUST10776,Standard,799,Quarterly,5,2024-07-05
SUB10777,CUST10777,Premium,1199,Monthly,10,2024-10-10
SUB10778,CUST10778,Standard,799,Monthly,5,2024-06-06
SUB10779,CUST10779,Basic,499,Monthly,2,2025-03-18
SUB10780,CUST10780,Family,1499,Annual,15,2025-09-01
SUB10781,CUST10781,Family,1499,Monthly,15,2024-11-19
SUB10782,CUST10782,Family,1499,Monthly,15,2024-09-08
SUB10783,CUST10783,Basic,499,Monthly,2,2025-01-08
SUB10784,CUST10784,Premium,1199,Monthly,10,2025-07-11
SUB10785,CUST10785,Basic,499,Monthly,2,2025-07-05
SUB10786,CUST10786,Basic,499,Monthly,2,2025-11-25
SUB10787,CUST10787,Premium,1199,Monthly,10,2025-07-29
SUB10788,CUST10788,Standard,799,Monthly,5,2025-05-15
SUB10789,CUST10789,Basic,499,Monthly,2,2024-04-19
SUB10790,CUST10790,Family,1499,Monthly,15,2024-03-23
SUB10791,CUST10791,Standard,799,Monthly,5,2024-05-02
SUB10792,CUST10792,Family,1499,Annual,15,2025-05-14
SUB10793,CUST10793,Basic,499,Annual,2,2024-12-20
SUB10794,CUST10794,Basic,499,Quarterly,2,2024-02-14
SUB10795,CUST10795,Premium,1199,Monthly,10,2024-09-28
SUB10796,CUST10796,Premium,1199,Quarterly,10,2024-12-05
SUB10797,CUST10797,Basic,499,Annual,2,2024-10-05
SUB10798,CUST10798,Family,1499,Monthly,15,2024-08-07
SUB10799,CUST10799,Premium,1199,Annual,10,2026-02-16
SUB10800,CUST10800,Family,1499,Quarterly,15,2025-05-13
SUB10801,CUST10801,Family,1499,Annual,15,2025-08-03
SUB10802,CUST10802,Premium,1199,Monthly,10,2024-08-22
SUB10803,CUST10803,Standard,799,Monthly,5,2025-02-05
SUB10804,CUST10804,Basic,499,Annual,2,2025-01-07
SUB10805,CUST10805,Premium,1199,Quarterly,10,2024-07-27
SUB10806,CUST10806,Basic,499,Monthly,2,2025-03-21
SUB10807,CUST10807,Premium,1199,Monthly,10,2024-11-17
SUB10808,CUST10808,Family,1499,Monthly,15,2024-08-30
SUB10809,CUST10809,Basic,499,Annual,2,2025-05-22
SUB10810,CUST10810,Premium,1199,Quarterly,10,2025-08-02
SUB10811,CUST10811,Family,1499,Monthly,15,2025-06-21
SUB10812,CUST10812,Standard,799,Monthly,5,2024-09-29
SUB10813,CUST10813,Basic,499,Quarterly,2,2024-10-20
SUB10814,CUST10814,Family,1499,Monthly,15,2025-07-22
SUB10815,CUST10815,Family,1499,Monthly,15,2025-05-20
SUB10816,CUST10816,Standard,799,Annual,5,2025-08-26
SUB10817,CUST10817,Basic,499,Monthly,2,2024-06-06
SUB10818,CUST10818,Premium,1199,Monthly,10,2025-10-09
SUB10819,CUST10819,Standard,799,Monthly,5,2024-09-25
SUB10820,CUST10820,Basic,499,Monthly,2,2024-03-13
SUB10821,CUST10821,Premium,1199,Monthly,10,2024-10-19
SUB10822,CUST10822,Basic,499,Annual,2,2024-09-21
SUB10823,CUST10823,Premium,1199,Annual,10,2025-12-29
SUB10824,CUST10824,Basic,499,Annual,2,2024-01-06
SUB10825,CUST10825,Standard,799,Monthly,5,2024-12-04
SUB10826,CUST10826,Standard,799,Quarterly,5,2024-11-08
SUB10827,CUST10827,Premium,1199,Monthly,10,2025-02-16
SUB10828,CUST10828,Premium,1199,Monthly,10,2025-02-20
SUB10829,CUST10829,Standard,799,Quarterly,5,2026-03-24
SUB10830,CUST10830,Premium,1199,Annual,10,2025-02-03
SUB10831,CUST10831,Premium,1199,Quarterly,10,2025-03-06
SUB10832,CUST10832,Basic,499,Quarterly,2,2024-06-23
SUB10833,CUST10833,Standard,799,Annual,5,2025-08-11
SUB10834,CUST10834,Premium,1199,Annual,10,2026-01-04
SUB10835,CUST10835,Standard,799,Quarterly,5,2025-05-21
SUB10836,CUST10836,Family,1499,Monthly,15,2025-11-27
SUB10837,CUST10837,Standard,799,Quarterly,5,2024-09-18
SUB10838,CUST10838,Premium,1199,Annual,10,2025-04-06
SUB10839,CUST10839,Family,1499,Monthly,15,2025-07-04
SUB10840,CUST10840,Basic,499,Monthly,2,2024-09-03
SUB10841,CUST10841,Premium,1199,Monthly,10,2026-03-15
SUB10842,CUST10842,Basic,499,Annual,2,2026-01-02
SUB10843,CUST10843,Premium,1199,Monthly,10,2025-02-06
SUB10844,CUST10844,Standard,799,Annual,5,2025-05-27
SUB10845,CUST10845,Premium,1199,Monthly,10,2024-07-11
SUB10846,CUST10846,Family,1499,Annual,15,2026-03-05
SUB10847,CUST10847,Standard,799,Monthly,5,2024-02-04
SUB10848,CUST10848,Premium,1199,Annual,10,2024-02-21
SUB10849,CUST10849,Basic,499,Monthly,2,2025-10-18
SUB10850,CUST10850,Family,1499,Annual,15,2025-02-21
SUB10851,CUST10851,Premium,1199,Annual,10,2025-03-01
SUB10852,CUST10852,Family,1499,Annual,15,2025-03-05
SUB10853,CUST10853,Basic,499,Quarterly,2,2024-05-17
SUB10854,CUST10854,Standard,799,Quarterly,5,2025-09-20
SUB10855,CUST10855,Family,1499,Monthly,15,2025-02-27
SUB10856,CUST10856,Basic,499,Annual,2,2026-01-22
SUB10857,CUST10857,Basic,499,Monthly,2,2024-09-17
SUB10858,CUST10858,Premium,1199,Quarterly,10,2025-07-28
SUB10859,CUST10859,Premium,1199,Quarterly,10,2026-04-11
SUB10860,CUST10860,Family,1499,Monthly,15,2025-12-19
SUB10861,CUST10861,Standard,799,Quarterly,5,2026-02-13
SUB10862,CUST10862,Family,1499,Annual,15,2025-05-24
SUB10863,CUST10863,Family,1499,Monthly,15,2024-08-31
SUB10864,CUST10864,Basic,499,Quarterly,2,2024-10-06
SUB10865,CUST10865,Standard,799,Annual,5,2026-01-01
SUB10866,CUST10866,Basic,499,Monthly,2,2025-03-31
SUB10867,CUST10867,Family,1499,Annual,15,2024-06-05
SUB10868,CUST10868,Standard,799,Monthly,5,2025-05-18
SUB10869,CUST10869,Family,1499,Annual,15,2026-03-24
SUB10870,CUST10870,Standard,799,Quarterly,5,2024-02-12
SUB10871,CUST10871,Premium,1199,Annual,10,2024-09-06
SUB10872,CUST10872,Premium,1199,Annual,10,2025-01-06
SUB10873,CUST10873,Premium,1199,Annual,10,2024-11-14
SUB10874,CUST10874,Premium,1199,Monthly,10,2024-10-16
SUB10875,CUST10875,Standard,799,Annual,5,2025-01-02
SUB10876,CUST10876,Family,1499,Monthly,15,2025-01-22
SUB10877,CUST10877,Premium,1199,Annual,10,2024-02-08
SUB10878,CUST10878,Basic,499,Monthly,2,2025-09-02
SUB10879,CUST10879,Basic,499,Monthly,2,2024-06-15
SUB10880,CUST10880,Family,1499,Monthly,15,2024-08-25
SUB10881,CUST10881,Standard,799,Monthly,5,2025-05-11
SUB10882,CUST10882,Basic,499,Monthly,2,2025-02-03
SUB10883,CUST10883,Family,1499,Monthly,15,2025-07-07
SUB10884,CUST10884,Standard,799,Annual,5,2024-08-30
SUB10885,CUST10885,Basic,499,Annual,2,2025-07-13
SUB10886,CUST10886,Premium,1199,Monthly,10,2025-04-22
SUB10887,CUST10887,Standard,799,Monthly,5,2024-10-17
SUB10888,CUST10888,Family,1499,Monthly,15,2024-02-14
SUB10889,CUST10889,Basic,499,Monthly,2,2026-02-27
SUB10890,CUST10890,Family,1499,Monthly,15,2024-10-10
SUB10891,CUST10891,Premium,1199,Monthly,10,2024-06-06
SUB10892,CUST10892,Premium,1199,Annual,10,2026-01-20
SUB10893,CUST10893,Standard,799,Monthly,5,2025-06-10
SUB10894,CUST10894,Family,1499,Quarterly,15,2025-06-06
SUB10895,CUST10895,Premium,1199,Annual,10,2025-12-11
SUB10896,CUST10896,Premium,1199,Quarterly,10,2024-05-15
SUB10897,CUST10897,Standard,799,Annual,5,2025-02-20
SUB10898,CUST10898,Premium,1199,Quarterly,10,2025-05-05
SUB10899,CUST10899,Basic,499,Monthly,2,2026-02-25
SUB10900,CUST10900,Basic,499,Monthly,2,2026-04-28
SUB10901,CUST10901,Standard,799,Annual,5,2024-06-02
SUB10902,CUST10902,Standard,799,Monthly,5,2025-02-19
SUB10903,CUST10903,Basic,499,Annual,2,2025-10-06
SUB10904,CUST10904,Premium,1199,Annual,10,2025-08-25
SUB10905,CUST10905,Premium,1199,Monthly,10,2026-01-31
SUB10906,CUST10906,Standard,799,Monthly,5,2026-02-12
SUB10907,CUST10907,Basic,499,Annual,2,2024-09-03
SUB10908,CUST10908,Family,1499,Annual,15,2025-02-07
SUB10909,CUST10909,Family,1499,Monthly,15,2026-02-22
SUB10910,CUST10910,Family,1499,Quarterly,15,2025-05-03
SUB10911,CUST10911,Premium,1199,Monthly,10,2024-04-15
SUB10912,CUST10912,Basic,499,Annual,2,2024-10-24
SUB10913,CUST10913,Premium,1199,Quarterly,10,2025-02-06
SUB10914,CUST10914,Premium,1199,Annual,10,2025-08-28
SUB10915,CUST10915,Premium,1199,Monthly,10,2025-02-03
SUB10916,CUST10916,Premium,1199,Monthly,10,2024-06-08
SUB10917,CUST10917,Family,1499,Monthly,15,2025-06-01
SUB10918,CUST10918,Basic,499,Quarterly,2,2024-02-10
SUB10919,CUST10919,Family,1499,Monthly,15,2025-06-10
SUB10920,CUST10920,Basic,499,Monthly,2,2026-04-30
SUB10921,CUST10921,Standard,799,Annual,5,2024-01-24
SUB10922,CUST10922,Standard,799,Monthly,5,2024-12-21
SUB10923,CUST10923,Basic,499,Annual,2,2024-06-29
SUB10924,CUST10924,Premium,1199,Monthly,10,2024-10-28
SUB10925,CUST10925,Premium,1199,Annual,10,2024-08-08
SUB10926,CUST10926,Basic,499,Annual,2,2024-06-10
SUB10927,CUST10927,Standard,799,Monthly,5,2026-03-28
SUB10928,CUST10928,Premium,1199,Monthly,10,2026-02-20
SUB10929,CUST10929,Basic,499,Monthly,2,2025-09-11
SUB10930,CUST10930,Basic,499,Monthly,2,2026-02-23
SUB10931,CUST10931,Basic,499,Monthly,2,2025-10-31
SUB10932,CUST10932,Standard,799,Monthly,5,2026-04-09
SUB10933,CUST10933,Standard,799,Annual,5,2024-02-07
SUB10934,CUST10934,Premium,1199,Monthly,10,2025-03-19
SUB10935,CUST10935,Premium,1199,Monthly,10,2024-12-25
SUB10936,CUST10936,Basic,499,Monthly,2,2025-01-06
SUB10937,CUST10937,Basic,499,Quarterly,2,2026-02-16
SUB10938,CUST10938,Premium,1199,Quarterly,10,2025-02-14
SUB10939,CUST10939,Family,1499,Annual,15,2025-11-23
SUB10940,CUST10940,Premium,1199,Monthly,10,2025-03-03
SUB10941,CUST10941,Standard,799,Annual,5,2024-06-13
SUB10942,CUST10942,Family,1499,Annual,15,2025-01-24
SUB10943,CUST10943,Premium,1199,Quarterly,10,2024-02-23
SUB10944,CUST10944,Basic,499,Annual,2,2024-05-29
SUB10945,CUST10945,Standard,799,Monthly,5,2024-03-10
SUB10946,CUST10946,Family,1499,Monthly,15,2025-07-18
SUB10947,CUST10947,Premium,1199,Monthly,10,2024-08-19
SUB10948,CUST10948,Premium,1199,Monthly,10,2024-07-20
SUB10949,CUST10949,Basic,499,Quarterly,2,2025-04-29
SUB10950,CUST10950,Family,1499,Monthly,15,2025-10-12
SUB10951,CUST10951,Standard,799,Annual,5,2024-07-27
SUB10952,CUST10952,Basic,499,Monthly,2,2025-09-14
SUB10953,CUST10953,Family,1499,Monthly,15,2025-09-29
SUB10954,CUST10954,Premium,1199,Monthly,10,2024-08-28
SUB10955,CUST10955,Premium,1199,Quarterly,10,2025-02-17
SUB10956,CUST10956,Basic,499,Monthly,2,2024-09-06
SUB10957,CUST10957,Basic,499,Quarterly,2,2026-02-02
SUB10958,CUST10958,Family,1499,Monthly,15,2024-11-10
SUB10959,CUST10959,Standard,799,Annual,5,2026-03-29
SUB10960,CUST10960,Basic,499,Annual,2,2024-07-06
SUB10961,CUST10961,Standard,799,Monthly,5,2024-05-05
SUB10962,CUST10962,Standard,799,Quarterly,5,2025-08-19
SUB10963,CUST10963,Basic,499,Quarterly,2,2025-06-27
SUB10964,CUST10964,Standard,799,Annual,5,2025-12-29
SUB10965,CUST10965,Basic,499,Annual,2,2024-01-20
SUB10966,CUST10966,Standard,799,Monthly,5,2025-02-08
SUB10967,CUST10967,Standard,799,Monthly,5,2024-11-17
SUB10968,CUST10968,Premium,1199,Monthly,10,2024-10-05
SUB10969,CUST10969,Standard,799,Monthly,5,2025-09-01
SUB10970,CUST10970,Premium,1199,Quarterly,10,2024-07-15
SUB10971,CUST10971,Basic,499,Monthly,2,2024-07-14
SUB10972,CUST10972,Premium,1199,Annual,10,2024-11-27
SUB10973,CUST10973,Premium,1199,Annual,10,2025-01-20
SUB10974,CUST10974,Standard,799,Annual,5,2024-02-08
SUB10975,CUST10975,Standard,799,Quarterly,5,2025-04-19
SUB10976,CUST10976,Family,1499,Monthly,15,2024-10-07
SUB10977,CUST10977,Family,1499,Monthly,15,2025-03-03
SUB10978,CUST10978,Family,1499,Monthly,15,2024-12-06
SUB10979,CUST10979,Premium,1199,Monthly,10,2024-08-23
SUB10980,CUST10980,Standard,799,Monthly,5,2024-05-11
SUB10981,CUST10981,Family,1499,Monthly,15,2025-05-16
SUB10982,CUST10982,Premium,1199,Quarterly,10,2024-12-25
SUB10983,CUST10983,Premium,1199,Monthly,10,2024-08-28
SUB10984,CUST10984,Premium,1199,Quarterly,10,2026-02-19
SUB10985,CUST10985,Basic,499,Annual,2,2024-02-08
SUB10986,CUST10986,Standard,799,Quarterly,5,2025-10-26
SUB10987,CUST10987,Family,1499,Annual,15,2024-03-17
SUB10988,CUST10988,Family,1499,Monthly,15,2024-04-01
SUB10989,CUST10989,Standard,799,Annual,5,2024-08-03
SUB10990,CUST10990,Basic,499,Monthly,2,2024-07-29
SUB10991,CUST10991,Premium,1199,Monthly,10,2025-08-10
SUB10992,CUST10992,Standard,799,Monthly,5,2024-11-16
SUB10993,CUST10993,Family,1499,Annual,15,2025-12-26
SUB10994,CUST10994,Premium,1199,Monthly,10,2025-10-01
SUB10995,CUST10995,Premium,1199,Quarterly,10,2025-11-12
SUB10996,CUST10996,Premium,1199,Monthly,10,2025-03-11
SUB10997,CUST10997,Premium,1199,Quarterly,10,2026-01-02
SUB10998,CUST10998,Family,1499,Quarterly,15,2026-02-10
SUB10999,CUST10999,Standard,799,Monthly,5,2025-06-03
SUB11000,CUST11000,Basic,499,Quarterly,2,2025-01-19
SUB11001,CUST11001,Family,1499,Monthly,15,2024-07-25
SUB11002,CUST11002,Standard,799,Monthly,5,2025-08-10
SUB11003,CUST11003,Premium,1199,Quarterly,10,2024-04-21
SUB11004,CUST11004,Premium,1199,Quarterly,10,2025-06-07
SUB11005,CUST11005,Standard,799,Quarterly,5,2024-02-24
SUB11006,CUST11006,Standard,799,Monthly,5,2025-09-25
SUB11007,CUST11007,Basic,499,Monthly,2,2024-01-14
SUB11008,CUST11008,Family,1499,Monthly,15,2025-07-18
SUB11009,CUST11009,Family,1499,Monthly,15,2024-04-10
SUB11010,CUST11010,Premium,1199,Annual,10,2024-02-20
SUB11011,CUST11011,Standard,799,Annual,5,2025-09-11
SUB11012,CUST11012,Premium,1199,Annual,10,2025-07-03
SUB11013,CUST11013,Premium,1199,Monthly,10,2026-01-26
SUB11014,CUST11014,Standard,799,Quarterly,5,2024-01-02
SUB11015,CUST11015,Basic,499,Monthly,2,2026-02-28
SUB11016,CUST11016,Standard,799,Monthly,5,2026-03-02
SUB11017,CUST11017,Basic,499,Monthly,2,2026-03-03
SUB11018,CUST11018,Premium,1199,Monthly,10,2025-11-16
SUB11019,CUST11019,Premium,1199,Quarterly,10,2024-11-13
SUB11020,CUST11020,Standard,799,Monthly,5,2024-08-28
SUB11021,CUST11021,Family,1499,Monthly,15,2026-02-09
SUB11022,CUST11022,Family,1499,Monthly,15,2025-05-05
SUB11023,CUST11023,Basic,499,Annual,2,2024-01-17
SUB11024,CUST11024,Standard,799,Monthly,5,2024-10-28
SUB11025,CUST11025,Premium,1199,Monthly,10,2026-04-14
SUB11026,CUST11026,Family,1499,Monthly,15,2026-02-20
SUB11027,CUST11027,Standard,799,Annual,5,2024-10-01
SUB11028,CUST11028,Premium,1199,Monthly,10,2024-03-11
SUB11029,CUST11029,Standard,799,Annual,5,2026-01-09
SUB11030,CUST11030,Family,1499,Monthly,15,2024-02-26
SUB11031,CUST11031,Family,1499,Monthly,15,2024-12-05
SUB11032,CUST11032,Standard,799,Monthly,5,2024-07-26
SUB11033,CUST11033,Basic,499,Monthly,2,2025-10-17
SUB11034,CUST11034,Premium,1199,Quarterly,10,2024-05-02
SUB11035,CUST11035,Basic,499,Monthly,2,2025-10-12
SUB11036,CUST11036,Premium,1199,Annual,10,2025-02-17
SUB11037,CUST11037,Family,1499,Quarterly,15,2025-04-28
SUB11038,CUST11038,Premium,1199,Monthly,10,2026-04-14
SUB11039,CUST11039,Family,1499,Annual,15,2025-10-13
SUB11040,CUST11040,Standard,799,Annual,5,2024-09-28
SUB11041,CUST11041,Premium,1199,Annual,10,2026-01-05
SUB11042,CUST11042,Family,1499,Quarterly,15,2025-05-26
SUB11043,CUST11043,Family,1499,Monthly,15,2024-07-02
SUB11044,CUST11044,Basic,499,Monthly,2,2025-01-13
SUB11045,CUST11045,Premium,1199,Monthly,10,2025-03-29
SUB11046,CUST11046,Family,1499,Monthly,15,2025-08-08
SUB11047,CUST11047,Family,1499,Annual,15,2024-06-07
SUB11048,CUST11048,Standard,799,Quarterly,5,2026-02-26
SUB11049,CUST11049,Premium,1199,Monthly,10,2026-01-25
SUB11050,CUST11050,Basic,499,Annual,2,2026-01-24
SUB11051,CUST11051,Standard,799,Quarterly,5,2025-12-28
SUB11052,CUST11052,Basic,499,Annual,2,2025-07-02
SUB11053,CUST11053,Family,1499,Annual,15,2024-05-25
SUB11054,CUST11054,Standard,799,Quarterly,5,2025-06-03
SUB11055,CUST11055,Standard,799,Annual,5,2024-07-03
SUB11056,CUST11056,Standard,799,Quarterly,5,2024-11-19
SUB11057,CUST11057,Basic,499,Annual,2,2024-07-27
SUB11058,CUST11058,Family,1499,Quarterly,15,2024-11-05
SUB11059,CUST11059,Basic,499,Annual,2,2025-10-02
SUB11060,CUST11060,Premium,1199,Monthly,10,2024-03-12
SUB11061,CUST11061,Basic,499,Monthly,2,2025-11-06
SUB11062,CUST11062,Basic,499,Annual,2,2024-10-10
SUB11063,CUST11063,Basic,499,Monthly,2,2024-03-16
SUB11064,CUST11064,Family,1499,Monthly,15,2024-12-27
SUB11065,CUST11065,Premium,1199,Monthly,10,2025-10-03
SUB11066,CUST11066,Standard,799,Monthly,5,2026-01-30
SUB11067,CUST11067,Basic,499,Monthly,2,2025-10-02
SUB11068,CUST11068,Premium,1199,Monthly,10,2024-06-04
SUB11069,CUST11069,Standard,799,Quarterly,5,2025-06-10
SUB11070,CUST11070,Basic,499,Monthly,2,2024-04-14
SUB11071,CUST11071,Standard,799,Monthly,5,2025-01-02
SUB11072,CUST11072,Standard,799,Quarterly,5,2025-07-07
SUB11073,CUST11073,Standard,799,Quarterly,5,2026-03-03
SUB11074,CUST11074,Family,1499,Monthly,15,2024-04-28
SUB11075,CUST11075,Basic,499,Monthly,2,2025-12-27
SUB11076,CUST11076,Basic,499,Monthly,2,2025-02-23
SUB11077,CUST11077,Basic,499,Quarterly,2,2024-12-28
SUB11078,CUST11078,Basic,499,Annual,2,2024-05-13
SUB11079,CUST11079,Family,1499,Monthly,15,2025-04-15
SUB11080,CUST11080,Premium,1199,Monthly,10,2024-10-24
SUB11081,CUST11081,Family,1499,Annual,15,2024-01-16
SUB11082,CUST11082,Premium,1199,Annual,10,2024-05-07
SUB11083,CUST11083,Standard,799,Quarterly,5,2025-01-01
SUB11084,CUST11084,Family,1499,Monthly,15,2026-01-20
SUB11085,CUST11085,Basic,499,Monthly,2,2024-02-15
SUB11086,CUST11086,Basic,499,Quarterly,2,2026-04-03
SUB11087,CUST11087,Basic,499,Monthly,2,2024-09-02
SUB11088,CUST11088,Basic,499,Quarterly,2,2024-01-01
SUB11089,CUST11089,Standard,799,Monthly,5,2024-06-03
SUB11090,CUST11090,Premium,1199,Annual,10,2025-11-03
SUB11091,CUST11091,Standard,799,Annual,5,2024-11-20
SUB11092,CUST11092,Basic,499,Monthly,2,2025-07-04
SUB11093,CUST11093,Premium,1199,Annual,10,2024-06-27
SUB11094,CUST11094,Premium,1199,Annual,10,2025-02-11
SUB11095,CUST11095,Family,1499,Monthly,15,2024-05-08
SUB11096,CUST11096,Family,1499,Monthly,15,2026-02-16
SUB11097,CUST11097,Premium,1199,Quarterly,10,2025-02-21
SUB11098,CUST11098,Basic,499,Annual,2,2025-01-25
SUB11099,CUST11099,Family,1499,Monthly,15,2024-09-19
SUB11100,CUST11100,Family,1499,Annual,15,2025-11-15
SUB11101,CUST11101,Premium,1199,Monthly,10,2024-04-23
SUB11102,CUST11102,Standard,799,Monthly,5,2026-04-07
SUB11103,CUST11103,Family,1499,Monthly,15,2025-04-17
SUB11104,CUST11104,Standard,799,Annual,5,2024-01-09
SUB11105,CUST11105,Premium,1199,Monthly,10,2025-08-04
SUB11106,CUST11106,Premium,1199,Quarterly,10,2025-09-30
SUB11107,CUST11107,Premium,1199,Monthly,10,2026-03-22
SUB11108,CUST11108,Standard,799,Monthly,5,2025-08-27
SUB11109,CUST11109,Basic,499,Annual,2,2025-09-27
SUB11110,CUST11110,Family,1499,Monthly,15,2024-02-27
SUB11111,CUST11111,Standard,799,Annual,5,2025-06-08
SUB11112,CUST11112,Standard,799,Monthly,5,2024-07-28
SUB11113,CUST11113,Basic,499,Quarterly,2,2026-04-03
SUB11114,CUST11114,Standard,799,Quarterly,5,2024-06-02
SUB11115,CUST11115,Basic,499,Annual,2,2026-01-12
SUB11116,CUST11116,Standard,799,Monthly,5,2025-09-18
SUB11117,CUST11117,Standard,799,Annual,5,2026-01-24
SUB11118,CUST11118,Basic,499,Annual,2,2024-08-27
SUB11119,CUST11119,Standard,799,Monthly,5,2024-11-06
SUB11120,CUST11120,Basic,499,Monthly,2,2024-06-17
SUB11121,CUST11121,Family,1499,Monthly,15,2024-04-19
SUB11122,CUST11122,Family,1499,Quarterly,15,2026-02-21
SUB11123,CUST11123,Premium,1199,Quarterly,10,2024-06-13
SUB11124,CUST11124,Basic,499,Monthly,2,2025-01-18
SUB11125,CUST11125,Basic,499,Monthly,2,2026-01-07
SUB11126,CUST11126,Standard,799,Monthly,5,2024-04-06
SUB11127,CUST11127,Standard,799,Monthly,5,2025-10-02
SUB11128,CUST11128,Basic,499,Annual,2,2025-05-12
SUB11129,CUST11129,Premium,1199,Quarterly,10,2024-02-28
SUB11130,CUST11130,Standard,799,Monthly,5,2025-05-21
SUB11131,CUST11131,Standard,799,Monthly,5,2025-06-09
SUB11132,CUST11132,Standard,799,Monthly,5,2024-05-21
SUB11133,CUST11133,Basic,499,Monthly,2,2024-03-07
SUB11134,CUST11134,Basic,499,Monthly,2,2026-02-15
SUB11135,CUST11135,Standard,799,Quarterly,5,2025-07-15
SUB11136,CUST11136,Premium,1199,Monthly,10,2025-09-11
SUB11137,CUST11137,Premium,1199,Monthly,10,2024-12-16
SUB11138,CUST11138,Premium,1199,Quarterly,10,2026-01-01
SUB11139,CUST11139,Premium,1199,Monthly,10,2025-07-11
SUB11140,CUST11140,Standard,799,Annual,5,2024-08-30
SUB11141,CUST11141,Premium,1199,Annual,10,2025-09-16
SUB11142,CUST11142,Standard,799,Quarterly,5,2025-01-06
SUB11143,CUST11143,Standard,799,Monthly,5,2024-01-24
SUB11144,CUST11144,Basic,499,Quarterly,2,2025-09-19
SUB11145,CUST11145,Standard,799,Annual,5,2024-05-22
SUB11146,CUST11146,Family,1499,Annual,15,2025-12-31
SUB11147,CUST11147,Standard,799,Monthly,5,2025-01-10
SUB11148,CUST11148,Standard,799,Quarterly,5,2025-04-02
SUB11149,CUST11149,Basic,499,Monthly,2,2025-08-10
SUB11150,CUST11150,Standard,799,Monthly,5,2026-04-20
SUB11151,CUST11151,Standard,799,Monthly,5,2026-01-03
SUB11152,CUST11152,Standard,799,Monthly,5,2024-05-27
SUB11153,CUST11153,Standard,799,Quarterly,5,2024-04-02
SUB11154,CUST11154,Standard,799,Monthly,5,2026-04-15
SUB11155,CUST11155,Basic,499,Monthly,2,2025-05-13
SUB11156,CUST11156,Family,1499,Annual,15,2024-11-18
SUB11157,CUST11157,Basic,499,Monthly,2,2025-12-11
SUB11158,CUST11158,Premium,1199,Annual,10,2026-04-28
SUB11159,CUST11159,Basic,499,Quarterly,2,2024-03-28
SUB11160,CUST11160,Premium,1199,Monthly,10,2025-09-25
SUB11161,CUST11161,Standard,799,Annual,5,2024-08-20
SUB11162,CUST11162,Standard,799,Monthly,5,2025-10-09
SUB11163,CUST11163,Premium,1199,Monthly,10,2025-05-04
SUB11164,CUST11164,Premium,1199,Annual,10,2025-10-07
SUB11165,CUST11165,Family,1499,Monthly,15,2025-12-29
SUB11166,CUST11166,Basic,499,Quarterly,2,2025-02-14
SUB11167,CUST11167,Basic,499,Quarterly,2,2025-04-11
SUB11168,CUST11168,Basic,499,Monthly,2,2024-01-04
SUB11169,CUST11169,Standard,799,Annual,5,2025-03-04
SUB11170,CUST11170,Premium,1199,Monthly,10,2024-12-22
SUB11171,CUST11171,Family,1499,Annual,15,2025-12-10
SUB11172,CUST11172,Standard,799,Monthly,5,2024-09-02
SUB11173,CUST11173,Basic,499,Monthly,2,2025-01-17
SUB11174,CUST11174,Standard,799,Monthly,5,2025-07-07
SUB11175,CUST11175,Standard,799,Annual,5,2024-01-26
SUB11176,CUST11176,Family,1499,Monthly,15,2024-02-18
SUB11177,CUST11177,Premium,1199,Quarterly,10,2024-04-06
SUB11178,CUST11178,Family,1499,Annual,15,2025-10-04
SUB11179,CUST11179,Basic,499,Monthly,2,2024-06-02
SUB11180,CUST11180,Basic,499,Annual,2,2025-10-01
SUB11181,CUST11181,Premium,1199,Annual,10,2024-02-01
SUB11182,CUST11182,Family,1499,Monthly,15,2025-12-13
SUB11183,CUST11183,Premium,1199,Monthly,10,2025-11-10
SUB11184,CUST11184,Basic,499,Monthly,2,2026-04-18
SUB11185,CUST11185,Basic,499,Annual,2,2024-03-21
SUB11186,CUST11186,Family,1499,Monthly,15,2024-09-01
SUB11187,CUST11187,Basic,499,Monthly,2,2025-07-29
SUB11188,CUST11188,Standard,799,Monthly,5,2025-02-21
SUB11189,CUST11189,Family,1499,Monthly,15,2025-05-02
SUB11190,CUST11190,Basic,499,Annual,2,2024-09-01
SUB11191,CUST11191,Standard,799,Annual,5,2024-03-18
SUB11192,CUST11192,Family,1499,Annual,15,2024-09-21
SUB11193,CUST11193,Basic,499,Monthly,2,2024-10-14
SUB11194,CUST11194,Premium,1199,Monthly,10,2025-09-24
SUB11195,CUST11195,Premium,1199,Quarterly,10,2024-10-06
SUB11196,CUST11196,Standard,799,Quarterly,5,2025-05-28
SUB11197,CUST11197,Standard,799,Quarterly,5,2024-06-14
SUB11198,CUST11198,Basic,499,Monthly,2,2025-11-01
SUB11199,CUST11199,Premium,1199,Monthly,10,2024-01-27
SUB11200,CUST11200,Family,1499,Monthly,15,2025-02-23
SUB11201,CUST11201,Basic,499,Monthly,2,2025-08-30
SUB11202,CUST11202,Premium,1199,Annual,10,2024-02-14
SUB11203,CUST11203,Basic,499,Annual,2,2024-10-04
SUB11204,CUST11204,Basic,499,Annual,2,2024-10-17
SUB11205,CUST11205,Premium,1199,Monthly,10,2025-06-14
SUB11206,CUST11206,Standard,799,Monthly,5,2025-05-18
SUB11207,CUST11207,Family,1499,Annual,15,2024-07-30
SUB11208,CUST11208,Basic,499,Monthly,2,2025-07-16
SUB11209,CUST11209,Basic,499,Monthly,2,2026-03-10
SUB11210,CUST11210,Premium,1199,Monthly,10,2024-01-16
SUB11211,CUST11211,Premium,1199,Annual,10,2026-04-30
SUB11212,CUST11212,Standard,799,Monthly,5,2025-10-03
SUB11213,CUST11213,Standard,799,Monthly,5,2024-07-31
SUB11214,CUST11214,Premium,1199,Monthly,10,2024-05-10
SUB11215,CUST11215,Basic,499,Monthly,2,2025-02-06
SUB11216,CUST11216,Standard,799,Quarterly,5,2026-02-23
SUB11217,CUST11217,Premium,1199,Monthly,10,2025-04-28
SUB11218,CUST11218,Standard,799,Quarterly,5,2026-01-06
SUB11219,CUST11219,Family,1499,Monthly,15,2024-09-12
SUB11220,CUST11220,Standard,799,Monthly,5,2025-12-06
SUB11221,CUST11221,Standard,799,Monthly,5,2024-10-27
SUB11222,CUST11222,Basic,499,Annual,2,2024-11-01
SUB11223,CUST11223,Standard,799,Monthly,5,2024-08-06
SUB11224,CUST11224,Basic,499,Monthly,2,2025-04-17
SUB11225,CUST11225,Family,1499,Monthly,15,2024-05-08
SUB11226,CUST11226,Premium,1199,Monthly,10,2024-06-01
SUB11227,CUST11227,Family,1499,Monthly,15,2025-10-05
SUB11228,CUST11228,Premium,1199,Annual,10,2025-10-09
SUB11229,CUST11229,Family,1499,Monthly,15,2025-11-06
SUB11230,CUST11230,Basic,499,Annual,2,2024-12-14
SUB11231,CUST11231,Premium,1199,Annual,10,2025-06-19
SUB11232,CUST11232,Premium,1199,Quarterly,10,2025-11-17
SUB11233,CUST11233,Basic,499,Quarterly,2,2025-07-14
SUB11234,CUST11234,Family,1499,Annual,15,2024-04-26
SUB11235,CUST11235,Basic,499,Monthly,2,2024-09-12
SUB11236,CUST11236,Family,1499,Monthly,15,2025-05-22
SUB11237,CUST11237,Standard,799,Monthly,5,2025-04-01
SUB11238,CUST11238,Basic,499,Monthly,2,2024-12-24
SUB11239,CUST11239,Standard,799,Quarterly,5,2025-04-19
SUB11240,CUST11240,Family,1499,Monthly,15,2025-06-22
SUB11241,CUST11241,Premium,1199,Monthly,10,2024-02-12
SUB11242,CUST11242,Premium,1199,Annual,10,2025-06-13
SUB11243,CUST11243,Premium,1199,Monthly,10,2024-09-04
SUB11244,CUST11244,Family,1499,Quarterly,15,2024-11-06
SUB11245,CUST11245,Family,1499,Monthly,15,2025-03-22
SUB11246,CUST11246,Basic,499,Annual,2,2026-04-26
SUB11247,CUST11247,Standard,799,Monthly,5,2024-02-05
SUB11248,CUST11248,Family,1499,Monthly,15,2024-11-22
SUB11249,CUST11249,Premium,1199,Annual,10,2024-12-10
SUB11250,CUST11250,Basic,499,Monthly,2,2026-04-20
SUB11251,CUST11251,Premium,1199,Monthly,10,2026-03-03
SUB11252,CUST11252,Basic,499,Annual,2,2025-06-10
SUB11253,CUST11253,Standard,799,Monthly,5,2025-06-14
SUB11254,CUST11254,Basic,499,Monthly,2,2025-07-18
SUB11255,CUST11255,Premium,1199,Annual,10,2025-05-31
SUB11256,CUST11256,Family,1499,Monthly,15,2025-02-07
SUB11257,CUST11257,Family,1499,Monthly,15,2024-05-10
SUB11258,CUST11258,Family,1499,Monthly,15,2026-01-19
SUB11259,CUST11259,Basic,499,Monthly,2,2024-05-30
SUB11260,CUST11260,Family,1499,Monthly,15,2024-06-27
SUB11261,CUST11261,Basic,499,Monthly,2,2024-11-14
SUB11262,CUST11262,Basic,499,Quarterly,2,2026-03-18
SUB11263,CUST11263,Basic,499,Monthly,2,2024-01-16
SUB11264,CUST11264,Standard,799,Monthly,5,2024-05-08
SUB11265,CUST11265,Basic,499,Monthly,2,2024-12-20
SUB11266,CUST11266,Standard,799,Annual,5,2025-09-20
SUB11267,CUST11267,Standard,799,Monthly,5,2024-01-25
SUB11268,CUST11268,Standard,799,Quarterly,5,2025-03-04
SUB11269,CUST11269,Basic,499,Annual,2,2024-09-23
SUB11270,CUST11270,Standard,799,Annual,5,2024-10-27
SUB11271,CUST11271,Family,1499,Annual,15,2025-01-04
SUB11272,CUST11272,Premium,1199,Monthly,10,2024-01-31
SUB11273,CUST11273,Family,1499,Monthly,15,2024-07-27
SUB11274,CUST11274,Premium,1199,Annual,10,2026-03-01
SUB11275,CUST11275,Family,1499,Quarterly,15,2026-02-24
SUB11276,CUST11276,Premium,1199,Monthly,10,2024-09-23
SUB11277,CUST11277,Basic,499,Monthly,2,2025-04-04
SUB11278,CUST11278,Standard,799,Monthly,5,2025-02-17
SUB11279,CUST11279,Family,1499,Annual,15,2024-09-17
SUB11280,CUST11280,Basic,499,Monthly,2,2024-11-05
SUB11281,CUST11281,Standard,799,Monthly,5,2024-10-08
SUB11282,CUST11282,Premium,1199,Annual,10,2025-03-12
SUB11283,CUST11283,Basic,499,Annual,2,2025-11-01
SUB11284,CUST11284,Family,1499,Monthly,15,2025-04-02
SUB11285,CUST11285,Standard,799,Annual,5,2025-07-03
SUB11286,CUST11286,Family,1499,Monthly,15,2025-10-24
SUB11287,CUST11287,Family,1499,Annual,15,2025-10-22
SUB11288,CUST11288,Basic,499,Quarterly,2,2025-05-05
SUB11289,CUST11289,Premium,1199,Annual,10,2025-01-27
SUB11290,CUST11290,Standard,799,Annual,5,2025-07-20
SUB11291,CUST11291,Basic,499,Monthly,2,2024-12-26
SUB11292,CUST11292,Basic,499,Annual,2,2024-05-24
SUB11293,CUST11293,Standard,799,Quarterly,5,2025-03-07
SUB11294,CUST11294,Standard,799,Quarterly,5,2024-04-15
SUB11295,CUST11295,Standard,799,Monthly,5,2024-03-01
SUB11296,CUST11296,Standard,799,Monthly,5,2025-09-03
SUB11297,CUST11297,Premium,1199,Quarterly,10,2025-04-21
SUB11298,CUST11298,Standard,799,Monthly,5,2026-02-26
SUB11299,CUST11299,Basic,499,Monthly,2,2025-07-19
SUB11300,CUST11300,Premium,1199,Annual,10,2024-01-01
SUB11301,CUST11301,Premium,1199,Annual,10,2025-02-25
SUB11302,CUST11302,Family,1499,Quarterly,15,2024-07-09
SUB11303,CUST11303,Basic,499,Monthly,2,2024-11-17
SUB11304,CUST11304,Family,1499,Quarterly,15,2026-04-01
SUB11305,CUST11305,Family,1499,Monthly,15,2025-07-29
SUB11306,CUST11306,Standard,799,Annual,5,2025-05-19
SUB11307,CUST11307,Premium,1199,Annual,10,2026-03-18
SUB11308,CUST11308,Basic,499,Annual,2,2025-01-08
SUB11309,CUST11309,Basic,499,Quarterly,2,2025-06-25
SUB11310,CUST11310,Standard,799,Monthly,5,2024-02-25
SUB11311,CUST11311,Basic,499,Monthly,2,2025-10-31
SUB11312,CUST11312,Standard,799,Quarterly,5,2024-05-04
SUB11313,CUST11313,Premium,1199,Annual,10,2025-02-15
SUB11314,CUST11314,Premium,1199,Monthly,10,2025-08-21
SUB11315,CUST11315,Basic,499,Quarterly,2,2025-06-04
SUB11316,CUST11316,Premium,1199,Monthly,10,2026-04-26
SUB11317,CUST11317,Basic,499,Annual,2,2024-11-14
SUB11318,CUST11318,Family,1499,Monthly,15,2026-01-21
SUB11319,CUST11319,Basic,499,Monthly,2,2025-07-10
SUB11320,CUST11320,Family,1499,Monthly,15,2024-03-16
SUB11321,CUST11321,Family,1499,Monthly,15,2025-07-23
SUB11322,CUST11322,Basic,499,Quarterly,2,2024-02-07
SUB11323,CUST11323,Family,1499,Annual,15,2026-02-09
SUB11324,CUST11324,Premium,1199,Monthly,10,2024-04-05
SUB11325,CUST11325,Premium,1199,Monthly,10,2025-06-29
SUB11326,CUST11326,Premium,1199,Monthly,10,2024-09-04
SUB11327,CUST11327,Family,1499,Monthly,15,2024-05-16
SUB11328,CUST11328,Basic,499,Monthly,2,2026-02-10
SUB11329,CUST11329,Family,1499,Annual,15,2024-05-25
SUB11330,CUST11330,Basic,499,Monthly,2,2024-01-18
SUB11331,CUST11331,Family,1499,Annual,15,2024-02-24
SUB11332,CUST11332,Premium,1199,Quarterly,10,2025-03-01
SUB11333,CUST11333,Premium,1199,Monthly,10,2025-08-24
SUB11334,CUST11334,Family,1499,Monthly,15,2024-11-24
SUB11335,CUST11335,Family,1499,Annual,15,2026-02-15
SUB11336,CUST11336,Standard,799,Quarterly,5,2025-05-27
SUB11337,CUST11337,Basic,499,Monthly,2,2026-01-01
SUB11338,CUST11338,Premium,1199,Annual,10,2026-01-31
SUB11339,CUST11339,Premium,1199,Monthly,10,2025-06-10
SUB11340,CUST11340,Premium,1199,Monthly,10,2025-01-28
SUB11341,CUST11341,Standard,799,Quarterly,5,2025-10-01
SUB11342,CUST11342,Family,1499,Monthly,15,2024-04-12
SUB11343,CUST11343,Basic,499,Annual,2,2024-04-23
SUB11344,CUST11344,Premium,1199,Monthly,10,2025-10-16
SUB11345,CUST11345,Standard,799,Monthly,5,2025-02-13
SUB11346,CUST11346,Standard,799,Monthly,5,2025-05-28
SUB11347,CUST11347,Standard,799,Annual,5,2024-10-23
SUB11348,CUST11348,Family,1499,Quarterly,15,2024-08-05
SUB11349,CUST11349,Premium,1199,Annual,10,2025-09-23
SUB11350,CUST11350,Premium,1199,Annual,10,2025-06-09
SUB11351,CUST11351,Premium,1199,Quarterly,10,2024-04-13
SUB11352,CUST11352,Family,1499,Quarterly,15,2025-01-25
SUB11353,CUST11353,Basic,499,Annual,2,2025-09-14
SUB11354,CUST11354,Premium,1199,Quarterly,10,2024-10-14
SUB11355,CUST11355,Family,1499,Monthly,15,2025-11-03
SUB11356,CUST11356,Basic,499,Annual,2,2025-04-09
SUB11357,CUST11357,Premium,1199,Monthly,10,2026-03-20
SUB11358,CUST11358,Standard,799,Monthly,5,2024-07-23
SUB11359,CUST11359,Premium,1199,Monthly,10,2026-04-17
SUB11360,CUST11360,Premium,1199,Quarterly,10,2024-07-19
SUB11361,CUST11361,Family,1499,Quarterly,15,2025-08-28
SUB11362,CUST11362,Standard,799,Monthly,5,2025-03-18
SUB11363,CUST11363,Premium,1199,Monthly,10,2026-04-03
SUB11364,CUST11364,Basic,499,Quarterly,2,2024-11-22
SUB11365,CUST11365,Premium,1199,Monthly,10,2025-09-23
SUB11366,CUST11366,Standard,799,Monthly,5,2025-09-21
SUB11367,CUST11367,Standard,799,Monthly,5,2024-12-24
SUB11368,CUST11368,Basic,499,Monthly,2,2025-04-04
SUB11369,CUST11369,Family,1499,Monthly,15,2024-02-23
SUB11370,CUST11370,Standard,799,Monthly,5,2024-05-07
SUB11371,CUST11371,Premium,1199,Monthly,10,2024-07-22
SUB11372,CUST11372,Premium,1199,Monthly,10,2024-02-05
SUB11373,CUST11373,Premium,1199,Monthly,10,2025-03-11
SUB11374,CUST11374,Family,1499,Monthly,15,2025-11-28
SUB11375,CUST11375,Family,1499,Monthly,15,2025-04-08
SUB11376,CUST11376,Premium,1199,Annual,10,2026-04-20
SUB11377,CUST11377,Premium,1199,Monthly,10,2026-03-30
SUB11378,CUST11378,Standard,799,Annual,5,2025-12-07
SUB11379,CUST11379,Standard,799,Monthly,5,2025-06-15
SUB11380,CUST11380,Basic,499,Quarterly,2,2025-10-12
SUB11381,CUST11381,Standard,799,Quarterly,5,2025-01-16
SUB11382,CUST11382,Family,1499,Annual,15,2025-10-29
SUB11383,CUST11383,Premium,1199,Monthly,10,2025-05-27
SUB11384,CUST11384,Basic,499,Monthly,2,2024-08-29
SUB11385,CUST11385,Family,1499,Annual,15,2024-10-31
SUB11386,CUST11386,Family,1499,Quarterly,15,2024-07-02
SUB11387,CUST11387,Premium,1199,Quarterly,10,2025-12-11
SUB11388,CUST11388,Standard,799,Monthly,5,2025-07-07
SUB11389,CUST11389,Standard,799,Monthly,5,2024-01-27
SUB11390,CUST11390,Premium,1199,Monthly,10,2025-10-13
SUB11391,CUST11391,Premium,1199,Monthly,10,2026-03-10
SUB11392,CUST11392,Premium,1199,Monthly,10,2024-02-05
SUB11393,CUST11393,Family,1499,Monthly,15,2025-09-21
SUB11394,CUST11394,Premium,1199,Quarterly,10,2025-06-21
SUB11395,CUST11395,Family,1499,Quarterly,15,2025-04-02
SUB11396,CUST11396,Premium,1199,Monthly,10,2024-08-26
SUB11397,CUST11397,Family,1499,Monthly,15,2025-11-25
SUB11398,CUST11398,Premium,1199,Monthly,10,2025-05-11
SUB11399,CUST11399,Family,1499,Annual,15,2024-12-28
SUB11400,CUST11400,Premium,1199,Monthly,10,2024-09-24
SUB11401,CUST11401,Standard,799,Annual,5,2025-08-19
SUB11402,CUST11402,Premium,1199,Monthly,10,2024-08-16
SUB11403,CUST11403,Family,1499,Monthly,15,2025-02-27
SUB11404,CUST11404,Family,1499,Monthly,15,2025-01-05
SUB11405,CUST11405,Family,1499,Monthly,15,2024-10-16
SUB11406,CUST11406,Standard,799,Quarterly,5,2025-09-05
SUB11407,CUST11407,Family,1499,Annual,15,2025-10-12
SUB11408,CUST11408,Family,1499,Quarterly,15,2025-05-18
SUB11409,CUST11409,Basic,499,Monthly,2,2024-05-02
SUB11410,CUST11410,Standard,799,Annual,5,2025-09-27
SUB11411,CUST11411,Standard,799,Monthly,5,2024-12-24
SUB11412,CUST11412,Premium,1199,Monthly,10,2025-12-16
SUB11413,CUST11413,Family,1499,Quarterly,15,2024-03-24
SUB11414,CUST11414,Premium,1199,Monthly,10,2025-04-29
SUB11415,CUST11415,Family,1499,Annual,15,2025-11-19
SUB11416,CUST11416,Standard,799,Monthly,5,2025-04-17
SUB11417,CUST11417,Family,1499,Quarterly,15,2024-08-26
SUB11418,CUST11418,Premium,1199,Quarterly,10,2025-03-24
SUB11419,CUST11419,Premium,1199,Monthly,10,2025-09-30
SUB11420,CUST11420,Premium,1199,Monthly,10,2025-07-31
SUB11421,CUST11421,Premium,1199,Monthly,10,2024-05-04
SUB11422,CUST11422,Premium,1199,Monthly,10,2025-10-16
SUB11423,CUST11423,Basic,499,Quarterly,2,2024-05-30
SUB11424,CUST11424,Family,1499,Monthly,15,2025-04-25
SUB11425,CUST11425,Family,1499,Monthly,15,2026-03-07
SUB11426,CUST11426,Premium,1199,Monthly,10,2026-04-02
SUB11427,CUST11427,Standard,799,Monthly,5,2024-02-03
SUB11428,CUST11428,Standard,799,Monthly,5,2024-08-05
SUB11429,CUST11429,Basic,499,Monthly,2,2024-10-05
SUB11430,CUST11430,Premium,1199,Monthly,10,2025-02-12
SUB11431,CUST11431,Family,1499,Monthly,15,2024-01-23
SUB11432,CUST11432,Basic,499,Monthly,2,2024-05-20
SUB11433,CUST11433,Standard,799,Monthly,5,2024-01-14
SUB11434,CUST11434,Family,1499,Annual,15,2024-02-18
SUB11435,CUST11435,Family,1499,Monthly,15,2025-11-19
SUB11436,CUST11436,Basic,499,Monthly,2,2026-03-10
SUB11437,CUST11437,Basic,499,Annual,2,2024-01-20
SUB11438,CUST11438,Premium,1199,Quarterly,10,2026-04-27
SUB11439,CUST11439,Standard,799,Monthly,5,2026-02-02
SUB11440,CUST11440,Standard,799,Monthly,5,2026-02-24
SUB11441,CUST11441,Premium,1199,Annual,10,2025-05-04
SUB11442,CUST11442,Basic,499,Monthly,2,2025-11-02
SUB11443,CUST11443,Family,1499,Monthly,15,2025-06-10
SUB11444,CUST11444,Family,1499,Annual,15,2025-03-11
SUB11445,CUST11445,Family,1499,Monthly,15,2024-05-20
SUB11446,CUST11446,Family,1499,Annual,15,2024-01-15
SUB11447,CUST11447,Premium,1199,Annual,10,2024-09-13
SUB11448,CUST11448,Premium,1199,Monthly,10,2025-03-28
SUB11449,CUST11449,Premium,1199,Quarterly,10,2025-02-17
SUB11450,CUST11450,Standard,799,Monthly,5,2025-12-14
SUB11451,CUST11451,Family,1499,Quarterly,15,2026-02-04
SUB11452,CUST11452,Standard,799,Monthly,5,2026-03-07
SUB11453,CUST11453,Standard,799,Annual,5,2025-07-10
SUB11454,CUST11454,Premium,1199,Monthly,10,2024-12-12
SUB11455,CUST11455,Basic,499,Monthly,2,2024-12-16
SUB11456,CUST11456,Standard,799,Monthly,5,2024-02-24
SUB11457,CUST11457,Family,1499,Monthly,15,2026-03-18
SUB11458,CUST11458,Standard,799,Monthly,5,2024-09-17
SUB11459,CUST11459,Family,1499,Annual,15,2024-12-16
SUB11460,CUST11460,Standard,799,Quarterly,5,2025-09-20
SUB11461,CUST11461,Premium,1199,Annual,10,2024-09-18
SUB11462,CUST11462,Standard,799,Monthly,5,2025-08-08
SUB11463,CUST11463,Basic,499,Annual,2,2024-03-03
SUB11464,CUST11464,Family,1499,Quarterly,15,2026-01-10
SUB11465,CUST11465,Premium,1199,Monthly,10,2024-09-25
SUB11466,CUST11466,Family,1499,Monthly,15,2025-08-07
SUB11467,CUST11467,Standard,799,Monthly,5,2024-05-19
SUB11468,CUST11468,Basic,499,Annual,2,2024-11-12
SUB11469,CUST11469,Premium,1199,Monthly,10,2024-03-04
SUB11470,CUST11470,Standard,799,Monthly,5,2026-02-14
SUB11471,CUST11471,Premium,1199,Quarterly,10,2025-04-30
SUB11472,CUST11472,Basic,499,Quarterly,2,2025-05-09
SUB11473,CUST11473,Basic,499,Monthly,2,2026-03-06
SUB11474,CUST11474,Basic,499,Annual,2,2024-03-02
SUB11475,CUST11475,Standard,799,Annual,5,2025-08-28
SUB11476,CUST11476,Premium,1199,Monthly,10,2024-08-28
SUB11477,CUST11477,Premium,1199,Annual,10,2024-06-16
SUB11478,CUST11478,Premium,1199,Quarterly,10,2025-08-21
SUB11479,CUST11479,Family,1499,Quarterly,15,2025-11-06
SUB11480,CUST11480,Family,1499,Monthly,15,2025-02-23
SUB11481,CUST11481,Basic,499,Annual,2,2025-04-10
SUB11482,CUST11482,Premium,1199,Monthly,10,2025-09-21
SUB11483,CUST11483,Basic,499,Annual,2,2025-06-04
SUB11484,CUST11484,Basic,499,Monthly,2,2025-08-30
SUB11485,CUST11485,Standard,799,Monthly,5,2026-02-19
SUB11486,CUST11486,Basic,499,Monthly,2,2024-02-09
SUB11487,CUST11487,Standard,799,Monthly,5,2025-11-14
SUB11488,CUST11488,Premium,1199,Quarterly,10,2024-04-09
SUB11489,CUST11489,Standard,799,Monthly,5,2025-10-11
SUB11490,CUST11490,Standard,799,Quarterly,5,2024-08-27
SUB11491,CUST11491,Basic,499,Quarterly,2,2025-12-19
SUB11492,CUST11492,Premium,1199,Monthly,10,2025-04-03
SUB11493,CUST11493,Basic,499,Quarterly,2,2025-01-17
SUB11494,CUST11494,Premium,1199,Quarterly,10,2024-09-18
SUB11495,CUST11495,Premium,1199,Monthly,10,2025-04-05
SUB11496,CUST11496,Basic,499,Annual,2,2026-03-07
SUB11497,CUST11497,Basic,499,Monthly,2,2024-03-05
SUB11498,CUST11498,Basic,499,Monthly,2,2025-04-06
SUB11499,CUST11499,Basic,499,Quarterly,2,2025-09-10
SUB11500,CUST11500,Standard,799,Monthly,5,2025-12-25
SUB11501,CUST11501,Premium,1199,Monthly,10,2024-08-31
SUB11502,CUST11502,Family,1499,Monthly,15,2026-04-21
SUB11503,CUST11503,Basic,499,Annual,2,2024-11-29
SUB11504,CUST11504,Basic,499,Monthly,2,2025-03-23
SUB11505,CUST11505,Standard,799,Annual,5,2025-09-22
SUB11506,CUST11506,Premium,1199,Monthly,10,2025-07-26
SUB11507,CUST11507,Basic,499,Annual,2,2026-01-11
SUB11508,CUST11508,Basic,499,Annual,2,2024-01-03
SUB11509,CUST11509,Standard,799,Annual,5,2024-09-10
SUB11510,CUST11510,Basic,499,Quarterly,2,2026-04-18
SUB11511,CUST11511,Basic,499,Monthly,2,2024-05-17
SUB11512,CUST11512,Premium,1199,Quarterly,10,2025-10-15
SUB11513,CUST11513,Family,1499,Annual,15,2024-07-15
SUB11514,CUST11514,Standard,799,Monthly,5,2024-06-23
SUB11515,CUST11515,Family,1499,Quarterly,15,2024-07-11
SUB11516,CUST11516,Premium,1199,Quarterly,10,2026-04-18
SUB11517,CUST11517,Basic,499,Monthly,2,2024-09-15
SUB11518,CUST11518,Family,1499,Annual,15,2025-10-14
SUB11519,CUST11519,Family,1499,Monthly,15,2026-04-17
SUB11520,CUST11520,Family,1499,Quarterly,15,2025-07-26
SUB11521,CUST11521,Family,1499,Monthly,15,2024-08-14
SUB11522,CUST11522,Premium,1199,Monthly,10,2026-04-21
SUB11523,CUST11523,Standard,799,Monthly,5,2025-12-06
SUB11524,CUST11524,Standard,799,Quarterly,5,2026-01-29
SUB11525,CUST11525,Standard,799,Annual,5,2024-06-02
SUB11526,CUST11526,Family,1499,Quarterly,15,2025-12-12
SUB11527,CUST11527,Basic,499,Quarterly,2,2024-03-03
SUB11528,CUST11528,Standard,799,Monthly,5,2025-01-19
SUB11529,CUST11529,Family,1499,Quarterly,15,2025-07-09
SUB11530,CUST11530,Premium,1199,Monthly,10,2026-02-13
SUB11531,CUST11531,Premium,1199,Monthly,10,2024-06-28
SUB11532,CUST11532,Family,1499,Monthly,15,2026-04-27
SUB11533,CUST11533,Premium,1199,Monthly,10,2024-10-19
SUB11534,CUST11534,Family,1499,Monthly,15,2025-05-03
SUB11535,CUST11535,Basic,499,Monthly,2,2025-12-29
SUB11536,CUST11536,Basic,499,Annual,2,2025-02-13
SUB11537,CUST11537,Premium,1199,Monthly,10,2024-04-14
SUB11538,CUST11538,Basic,499,Annual,2,2026-04-15
SUB11539,CUST11539,Family,1499,Annual,15,2025-04-25
SUB11540,CUST11540,Premium,1199,Quarterly,10,2024-06-23
SUB11541,CUST11541,Family,1499,Monthly,15,2024-02-06
SUB11542,CUST11542,Family,1499,Annual,15,2024-03-31
SUB11543,CUST11543,Family,1499,Quarterly,15,2024-05-05
SUB11544,CUST11544,Premium,1199,Annual,10,2025-01-22
SUB11545,CUST11545,Premium,1199,Monthly,10,2025-02-19
SUB11546,CUST11546,Basic,499,Annual,2,2026-02-27
SUB11547,CUST11547,Standard,799,Monthly,5,2025-10-07
SUB11548,CUST11548,Premium,1199,Annual,10,2025-05-03
SUB11549,CUST11549,Basic,499,Quarterly,2,2024-12-21
SUB11550,CUST11550,Standard,799,Monthly,5,2024-10-06
SUB11551,CUST11551,Standard,799,Monthly,5,2026-04-25
SUB11552,CUST11552,Family,1499,Annual,15,2024-11-10
SUB11553,CUST11553,Family,1499,Monthly,15,2025-03-20
SUB11554,CUST11554,Basic,499,Monthly,2,2025-10-16
SUB11555,CUST11555,Basic,499,Quarterly,2,2026-04-20
SUB11556,CUST11556,Premium,1199,Quarterly,10,2025-09-16
SUB11557,CUST11557,Standard,799,Annual,5,2024-02-02
SUB11558,CUST11558,Premium,1199,Monthly,10,2024-07-17
SUB11559,CUST11559,Family,1499,Monthly,15,2024-05-04
SUB11560,CUST11560,Basic,499,Annual,2,2025-06-10
SUB11561,CUST11561,Premium,1199,Quarterly,10,2025-12-21
SUB11562,CUST11562,Family,1499,Quarterly,15,2025-01-22
SUB11563,CUST11563,Premium,1199,Monthly,10,2025-10-13
SUB11564,CUST11564,Basic,499,Monthly,2,2025-07-24
SUB11565,CUST11565,Standard,799,Monthly,5,2025-06-26
SUB11566,CUST11566,Premium,1199,Monthly,10,2025-08-01
SUB11567,CUST11567,Family,1499,Annual,15,2024-01-16
SUB11568,CUST11568,Basic,499,Monthly,2,2025-01-30
SUB11569,CUST11569,Standard,799,Quarterly,5,2025-10-23
SUB11570,CUST11570,Basic,499,Quarterly,2,2025-09-26
SUB11571,CUST11571,Standard,799,Annual,5,2024-08-20
SUB11572,CUST11572,Basic,499,Annual,2,2024-10-03
SUB11573,CUST11573,Premium,1199,Annual,10,2024-12-12
SUB11574,CUST11574,Standard,799,Monthly,5,2025-08-06
SUB11575,CUST11575,Premium,1199,Monthly,10,2024-07-12
SUB11576,CUST11576,Basic,499,Monthly,2,2025-11-28
SUB11577,CUST11577,Basic,499,Annual,2,2025-12-23
SUB11578,CUST11578,Family,1499,Monthly,15,2024-01-07
SUB11579,CUST11579,Standard,799,Annual,5,2024-02-03
SUB11580,CUST11580,Premium,1199,Monthly,10,2024-11-26
SUB11581,CUST11581,Basic,499,Monthly,2,2025-06-18
SUB11582,CUST11582,Premium,1199,Quarterly,10,2025-06-07
SUB11583,CUST11583,Premium,1199,Quarterly,10,2025-05-01
SUB11584,CUST11584,Family,1499,Monthly,15,2025-07-07
SUB11585,CUST11585,Standard,799,Annual,5,2025-05-12
SUB11586,CUST11586,Premium,1199,Monthly,10,2025-06-06
SUB11587,CUST11587,Premium,1199,Monthly,10,2026-04-03
SUB11588,CUST11588,Premium,1199,Annual,10,2025-11-18
SUB11589,CUST11589,Family,1499,Monthly,15,2024-03-12
SUB11590,CUST11590,Family,1499,Annual,15,2024-04-02
SUB11591,CUST11591,Standard,799,Monthly,5,2024-03-20
SUB11592,CUST11592,Basic,499,Monthly,2,2024-01-23
SUB11593,CUST11593,Premium,1199,Annual,10,2026-04-04
SUB11594,CUST11594,Basic,499,Annual,2,2024-12-04
SUB11595,CUST11595,Premium,1199,Monthly,10,2025-05-10
SUB11596,CUST11596,Standard,799,Monthly,5,2024-03-21
SUB11597,CUST11597,Premium,1199,Quarterly,10,2025-12-23
SUB11598,CUST11598,Premium,1199,Annual,10,2025-06-16
SUB11599,CUST11599,Premium,1199,Annual,10,2024-04-12
SUB11600,CUST11600,Basic,499,Monthly,2,2024-09-09
SUB11601,CUST11601,Family,1499,Annual,15,2025-11-28
SUB11602,CUST11602,Premium,1199,Monthly,10,2025-12-23
SUB11603,CUST11603,Standard,799,Monthly,5,2024-05-03
SUB11604,CUST11604,Standard,799,Monthly,5,2025-12-20
SUB11605,CUST11605,Premium,1199,Quarterly,10,2024-08-11
SUB11606,CUST11606,Premium,1199,Annual,10,2024-01-05
SUB11607,CUST11607,Premium,1199,Monthly,10,2026-04-02
SUB11608,CUST11608,Family,1499,Annual,15,2026-04-02
SUB11609,CUST11609,Family,1499,Monthly,15,2025-04-13
SUB11610,CUST11610,Basic,499,Monthly,2,2025-01-18
SUB11611,CUST11611,Premium,1199,Monthly,10,2024-10-27
SUB11612,CUST11612,Premium,1199,Annual,10,2025-12-01
SUB11613,CUST11613,Basic,499,Annual,2,2025-01-15
SUB11614,CUST11614,Family,1499,Quarterly,15,2025-06-07
SUB11615,CUST11615,Basic,499,Monthly,2,2024-03-25
SUB11616,CUST11616,Basic,499,Annual,2,2025-03-03
SUB11617,CUST11617,Family,1499,Quarterly,15,2025-10-06
SUB11618,CUST11618,Premium,1199,Annual,10,2025-03-27
SUB11619,CUST11619,Premium,1199,Annual,10,2026-04-08
SUB11620,CUST11620,Basic,499,Quarterly,2,2024-10-22
SUB11621,CUST11621,Standard,799,Monthly,5,2024-02-05
SUB11622,CUST11622,Standard,799,Annual,5,2026-04-18
SUB11623,CUST11623,Standard,799,Monthly,5,2024-01-28
SUB11624,CUST11624,Standard,799,Annual,5,2026-02-27
SUB11625,CUST11625,Standard,799,Monthly,5,2024-03-31
SUB11626,CUST11626,Premium,1199,Quarterly,10,2024-11-10
SUB11627,CUST11627,Basic,499,Quarterly,2,2024-06-15
SUB11628,CUST11628,Premium,1199,Monthly,10,2024-11-29
SUB11629,CUST11629,Basic,499,Monthly,2,2024-06-10
SUB11630,CUST11630,Standard,799,Annual,5,2024-12-05
SUB11631,CUST11631,Premium,1199,Monthly,10,2025-11-24
SUB11632,CUST11632,Premium,1199,Monthly,10,2024-06-06
SUB11633,CUST11633,Premium,1199,Monthly,10,2024-11-18
SUB11634,CUST11634,Basic,499,Quarterly,2,2026-04-20
SUB11635,CUST11635,Standard,799,Monthly,5,2025-10-03
SUB11636,CUST11636,Premium,1199,Monthly,10,2024-04-15
SUB11637,CUST11637,Standard,799,Annual,5,2024-09-14
SUB11638,CUST11638,Premium,1199,Annual,10,2025-12-07
SUB11639,CUST11639,Basic,499,Monthly,2,2024-07-02
SUB11640,CUST11640,Premium,1199,Quarterly,10,2025-08-28
SUB11641,CUST11641,Basic,499,Annual,2,2025-11-04
SUB11642,CUST11642,Basic,499,Monthly,2,2025-03-18
SUB11643,CUST11643,Basic,499,Annual,2,2025-06-27
SUB11644,CUST11644,Premium,1199,Quarterly,10,2024-11-07
SUB11645,CUST11645,Premium,1199,Monthly,10,2024-12-14
SUB11646,CUST11646,Basic,499,Annual,2,2025-01-16
SUB11647,CUST11647,Premium,1199,Annual,10,2024-12-18
SUB11648,CUST11648,Basic,499,Annual,2,2025-04-14
SUB11649,CUST11649,Premium,1199,Quarterly,10,2024-07-28
SUB11650,CUST11650,Basic,499,Monthly,2,2025-12-16
SUB11651,CUST11651,Family,1499,Monthly,15,2025-01-17
SUB11652,CUST11652,Basic,499,Monthly,2,2025-11-17
SUB11653,CUST11653,Family,1499,Annual,15,2025-04-16
SUB11654,CUST11654,Premium,1199,Monthly,10,2024-07-10
SUB11655,CUST11655,Standard,799,Monthly,5,2025-06-01
SUB11656,CUST11656,Basic,499,Monthly,2,2025-10-30
SUB11657,CUST11657,Premium,1199,Quarterly,10,2026-01-30
SUB11658,CUST11658,Standard,799,Annual,5,2025-01-04
SUB11659,CUST11659,Premium,1199,Monthly,10,2025-04-07
SUB11660,CUST11660,Premium,1199,Annual,10,2024-08-23
SUB11661,CUST11661,Basic,499,Monthly,2,2024-10-09
SUB11662,CUST11662,Basic,499,Monthly,2,2024-09-02
SUB11663,CUST11663,Premium,1199,Quarterly,10,2025-09-21
SUB11664,CUST11664,Family,1499,Monthly,15,2024-12-26
SUB11665,CUST11665,Premium,1199,Annual,10,2025-01-25
SUB11666,CUST11666,Family,1499,Annual,15,2026-04-26
SUB11667,CUST11667,Standard,799,Monthly,5,2025-07-19
SUB11668,CUST11668,Premium,1199,Monthly,10,2024-09-16
SUB11669,CUST11669,Basic,499,Quarterly,2,2026-04-25
SUB11670,CUST11670,Family,1499,Monthly,15,2025-12-25
SUB11671,CUST11671,Basic,499,Annual,2,2025-11-09
SUB11672,CUST11672,Basic,499,Quarterly,2,2024-05-15
SUB11673,CUST11673,Premium,1199,Annual,10,2025-09-06
SUB11674,CUST11674,Family,1499,Annual,15,2024-03-19
SUB11675,CUST11675,Standard,799,Quarterly,5,2024-12-29
SUB11676,CUST11676,Family,1499,Annual,15,2025-04-09
SUB11677,CUST11677,Standard,799,Monthly,5,2025-12-04
SUB11678,CUST11678,Standard,799,Quarterly,5,2024-11-11
SUB11679,CUST11679,Basic,499,Quarterly,2,2025-12-09
SUB11680,CUST11680,Standard,799,Annual,5,2025-06-08
SUB11681,CUST11681,Family,1499,Monthly,15,2024-01-16
SUB11682,CUST11682,Standard,799,Monthly,5,2026-03-04
SUB11683,CUST11683,Standard,799,Annual,5,2025-02-14
SUB11684,CUST11684,Premium,1199,Monthly,10,2024-11-28
SUB11685,CUST11685,Standard,799,Annual,5,2026-03-01
SUB11686,CUST11686,Basic,499,Quarterly,2,2025-03-10
SUB11687,CUST11687,Premium,1199,Monthly,10,2025-04-28
SUB11688,CUST11688,Family,1499,Monthly,15,2025-07-19
SUB11689,CUST11689,Family,1499,Annual,15,2024-12-10
SUB11690,CUST11690,Premium,1199,Annual,10,2024-09-18
SUB11691,CUST11691,Family,1499,Annual,15,2026-03-19
SUB11692,CUST11692,Premium,1199,Monthly,10,2025-08-05
SUB11693,CUST11693,Standard,799,Monthly,5,2026-01-26
SUB11694,CUST11694,Standard,799,Monthly,5,2025-06-27
SUB11695,CUST11695,Family,1499,Monthly,15,2024-08-22
SUB11696,CUST11696,Basic,499,Monthly,2,2025-08-16
SUB11697,CUST11697,Premium,1199,Annual,10,2025-02-18
SUB11698,CUST11698,Family,1499,Monthly,15,2024-05-24
SUB11699,CUST11699,Family,1499,Monthly,15,2026-01-16
SUB11700,CUST11700,Standard,799,Quarterly,5,2025-02-26
SUB11701,CUST11701,Premium,1199,Monthly,10,2026-03-25
SUB11702,CUST11702,Basic,499,Quarterly,2,2024-05-11
SUB11703,CUST11703,Basic,499,Quarterly,2,2025-08-18
SUB11704,CUST11704,Basic,499,Quarterly,2,2026-03-13
SUB11705,CUST11705,Family,1499,Annual,15,2026-03-22
SUB11706,CUST11706,Standard,799,Annual,5,2025-09-19
SUB11707,CUST11707,Family,1499,Monthly,15,2025-04-09
SUB11708,CUST11708,Basic,499,Monthly,2,2025-10-05
SUB11709,CUST11709,Standard,799,Annual,5,2024-05-12
SUB11710,CUST11710,Premium,1199,Monthly,10,2025-03-16
SUB11711,CUST11711,Standard,799,Monthly,5,2025-02-28
SUB11712,CUST11712,Basic,499,Annual,2,2026-04-23
SUB11713,CUST11713,Standard,799,Annual,5,2024-08-02
SUB11714,CUST11714,Family,1499,Quarterly,15,2025-06-01
SUB11715,CUST11715,Basic,499,Monthly,2,2025-10-25
SUB11716,CUST11716,Family,1499,Monthly,15,2025-11-06
SUB11717,CUST11717,Basic,499,Monthly,2,2025-06-23
SUB11718,CUST11718,Standard,799,Annual,5,2024-04-12
SUB11719,CUST11719,Premium,1199,Annual,10,2025-03-21
SUB11720,CUST11720,Standard,799,Monthly,5,2024-06-10
SUB11721,CUST11721,Basic,499,Annual,2,2024-03-05
SUB11722,CUST11722,Family,1499,Monthly,15,2025-07-17
SUB11723,CUST11723,Standard,799,Monthly,5,2026-04-06
SUB11724,CUST11724,Standard,799,Monthly,5,2024-06-19
SUB11725,CUST11725,Premium,1199,Monthly,10,2025-07-30
SUB11726,CUST11726,Family,1499,Quarterly,15,2026-01-16
SUB11727,CUST11727,Basic,499,Monthly,2,2024-05-08
SUB11728,CUST11728,Basic,499,Annual,2,2024-04-17
SUB11729,CUST11729,Basic,499,Monthly,2,2025-02-15
SUB11730,CUST11730,Basic,499,Monthly,2,2025-11-05
SUB11731,CUST11731,Premium,1199,Annual,10,2024-02-06
SUB11732,CUST11732,Family,1499,Quarterly,15,2025-09-09
SUB11733,CUST11733,Premium,1199,Quarterly,10,2025-01-23
SUB11734,CUST11734,Family,1499,Annual,15,2026-02-22
SUB11735,CUST11735,Premium,1199,Monthly,10,2026-01-04
SUB11736,CUST11736,Basic,499,Monthly,2,2024-04-05
SUB11737,CUST11737,Basic,499,Annual,2,2025-11-06
SUB11738,CUST11738,Premium,1199,Monthly,10,2025-10-15
SUB11739,CUST11739,Standard,799,Monthly,5,2025-07-21
SUB11740,CUST11740,Standard,799,Monthly,5,2024-04-16
SUB11741,CUST11741,Premium,1199,Annual,10,2025-10-12
SUB11742,CUST11742,Standard,799,Monthly,5,2026-03-22
SUB11743,CUST11743,Family,1499,Monthly,15,2025-08-24
SUB11744,CUST11744,Basic,499,Monthly,2,2024-10-16
SUB11745,CUST11745,Standard,799,Quarterly,5,2025-04-09
SUB11746,CUST11746,Standard,799,Quarterly,5,2025-03-07
SUB11747,CUST11747,Basic,499,Monthly,2,2025-05-08
SUB11748,CUST11748,Basic,499,Monthly,2,2024-12-02
SUB11749,CUST11749,Standard,799,Monthly,5,2024-03-23
SUB11750,CUST11750,Basic,499,Monthly,2,2024-04-27
SUB11751,CUST11751,Standard,799,Annual,5,2024-01-27
SUB11752,CUST11752,Standard,799,Monthly,5,2025-04-07
SUB11753,CUST11753,Standard,799,Annual,5,2024-11-16
SUB11754,CUST11754,Basic,499,Annual,2,2025-06-28
SUB11755,CUST11755,Premium,1199,Monthly,10,2024-07-23
SUB11756,CUST11756,Family,1499,Monthly,15,2025-03-31
SUB11757,CUST11757,Basic,499,Monthly,2,2024-03-02
SUB11758,CUST11758,Standard,799,Monthly,5,2025-01-18
SUB11759,CUST11759,Standard,799,Annual,5,2024-05-21
SUB11760,CUST11760,Premium,1199,Monthly,10,2025-03-01
SUB11761,CUST11761,Standard,799,Quarterly,5,2024-06-21
SUB11762,CUST11762,Family,1499,Annual,15,2024-12-22
SUB11763,CUST11763,Family,1499,Quarterly,15,2025-07-30
SUB11764,CUST11764,Standard,799,Monthly,5,2025-06-07
SUB11765,CUST11765,Premium,1199,Annual,10,2025-08-16
SUB11766,CUST11766,Family,1499,Monthly,15,2025-12-12
SUB11767,CUST11767,Family,1499,Quarterly,15,2024-01-30
SUB11768,CUST11768,Premium,1199,Monthly,10,2024-08-10
SUB11769,CUST11769,Family,1499,Annual,15,2024-02-24
SUB11770,CUST11770,Family,1499,Monthly,15,2024-06-09
SUB11771,CUST11771,Family,1499,Monthly,15,2026-01-01
SUB11772,CUST11772,Premium,1199,Monthly,10,2025-02-12
SUB11773,CUST11773,Standard,799,Annual,5,2025-06-02
SUB11774,CUST11774,Premium,1199,Monthly,10,2024-12-05
SUB11775,CUST11775,Family,1499,Monthly,15,2024-08-11
SUB11776,CUST11776,Premium,1199,Monthly,10,2025-07-13
SUB11777,CUST11777,Basic,499,Annual,2,2025-09-03
SUB11778,CUST11778,Standard,799,Annual,5,2025-02-13
SUB11779,CUST11779,Premium,1199,Monthly,10,2025-06-15
SUB11780,CUST11780,Standard,799,Monthly,5,2025-08-11
SUB11781,CUST11781,Premium,1199,Annual,10,2024-01-04
SUB11782,CUST11782,Premium,1199,Annual,10,2024-01-01
SUB11783,CUST11783,Standard,799,Monthly,5,2024-08-07
SUB11784,CUST11784,Family,1499,Annual,15,2025-06-27
SUB11785,CUST11785,Family,1499,Monthly,15,2024-08-29
SUB11786,CUST11786,Family,1499,Annual,15,2026-01-12
SUB11787,CUST11787,Family,1499,Quarterly,15,2024-05-30
SUB11788,CUST11788,Basic,499,Annual,2,2024-07-13
SUB11789,CUST11789,Basic,499,Monthly,2,2024-05-07
SUB11790,CUST11790,Premium,1199,Quarterly,10,2024-04-10
SUB11791,CUST11791,Basic,499,Monthly,2,2024-04-23
SUB11792,CUST11792,Family,1499,Monthly,15,2024-07-10
SUB11793,CUST11793,Standard,799,Monthly,5,2025-10-30
SUB11794,CUST11794,Basic,499,Annual,2,2026-01-09
SUB11795,CUST11795,Standard,799,Monthly,5,2026-04-07
SUB11796,CUST11796,Basic,499,Monthly,2,2024-01-02
SUB11797,CUST11797,Standard,799,Monthly,5,2025-10-16
SUB11798,CUST11798,Family,1499,Annual,15,2024-05-31
SUB11799,CUST11799,Standard,799,Annual,5,2024-12-29
SUB11800,CUST11800,Basic,499,Monthly,2,2025-01-16
SUB11801,CUST11801,Basic,499,Annual,2,2025-07-23
SUB11802,CUST11802,Premium,1199,Annual,10,2024-08-28
SUB11803,CUST11803,Premium,1199,Annual,10,2026-03-03
SUB11804,CUST11804,Premium,1199,Quarterly,10,2024-10-01
SUB11805,CUST11805,Standard,799,Quarterly,5,2025-10-26
SUB11806,CUST11806,Premium,1199,Monthly,10,2025-04-27
SUB11807,CUST11807,Standard,799,Monthly,5,2024-12-31
SUB11808,CUST11808,Family,1499,Quarterly,15,2026-02-03
SUB11809,CUST11809,Standard,799,Annual,5,2025-04-21
SUB11810,CUST11810,Standard,799,Annual,5,2025-11-16
SUB11811,CUST11811,Basic,499,Monthly,2,2026-01-28
SUB11812,CUST11812,Family,1499,Monthly,15,2024-12-17
SUB11813,CUST11813,Basic,499,Monthly,2,2025-06-11
SUB11814,CUST11814,Basic,499,Annual,2,2024-06-18
SUB11815,CUST11815,Premium,1199,Monthly,10,2025-01-08
SUB11816,CUST11816,Standard,799,Annual,5,2024-05-28
SUB11817,CUST11817,Standard,799,Monthly,5,2025-09-30
SUB11818,CUST11818,Basic,499,Monthly,2,2025-11-23
SUB11819,CUST11819,Basic,499,Quarterly,2,2025-08-21
SUB11820,CUST11820,Family,1499,Monthly,15,2025-10-22
SUB11821,CUST11821,Family,1499,Annual,15,2024-08-04
SUB11822,CUST11822,Family,1499,Quarterly,15,2024-07-07
SUB11823,CUST11823,Standard,799,Quarterly,5,2025-04-09
SUB11824,CUST11824,Family,1499,Annual,15,2024-03-28
SUB11825,CUST11825,Standard,799,Monthly,5,2025-11-16
SUB11826,CUST11826,Standard,799,Monthly,5,2025-09-04
SUB11827,CUST11827,Premium,1199,Monthly,10,2024-03-29
SUB11828,CUST11828,Basic,499,Annual,2,2025-01-25
SUB11829,CUST11829,Standard,799,Quarterly,5,2025-06-15
SUB11830,CUST11830,Family,1499,Quarterly,15,2025-11-17
SUB11831,CUST11831,Family,1499,Quarterly,15,2024-10-01
SUB11832,CUST11832,Family,1499,Quarterly,15,2024-03-29
SUB11833,CUST11833,Basic,499,Monthly,2,2024-11-26
SUB11834,CUST11834,Family,1499,Monthly,15,2025-01-13
SUB11835,CUST11835,Premium,1199,Quarterly,10,2025-11-12
SUB11836,CUST11836,Standard,799,Annual,5,2025-03-09
SUB11837,CUST11837,Premium,1199,Monthly,10,2025-02-13
SUB11838,CUST11838,Premium,1199,Monthly,10,2025-02-22
SUB11839,CUST11839,Family,1499,Monthly,15,2026-03-18
SUB11840,CUST11840,Standard,799,Annual,5,2025-12-10
SUB11841,CUST11841,Family,1499,Monthly,15,2024-10-05
SUB11842,CUST11842,Premium,1199,Annual,10,2025-07-11
SUB11843,CUST11843,Standard,799,Annual,5,2024-10-31
SUB11844,CUST11844,Standard,799,Monthly,5,2024-09-24
SUB11845,CUST11845,Standard,799,Monthly,5,2025-12-27
SUB11846,CUST11846,Basic,499,Monthly,2,2025-09-10
SUB11847,CUST11847,Standard,799,Monthly,5,2024-02-25
SUB11848,CUST11848,Family,1499,Quarterly,15,2025-06-11
SUB11849,CUST11849,Basic,499,Monthly,2,2024-05-22
SUB11850,CUST11850,Premium,1199,Monthly,10,2024-06-10
SUB11851,CUST11851,Standard,799,Quarterly,5,2025-02-12
SUB11852,CUST11852,Basic,499,Annual,2,2026-03-01
SUB11853,CUST11853,Premium,1199,Monthly,10,2026-02-02
SUB11854,CUST11854,Standard,799,Annual,5,2025-08-03
SUB11855,CUST11855,Family,1499,Monthly,15,2024-06-19
SUB11856,CUST11856,Family,1499,Annual,15,2024-05-13
SUB11857,CUST11857,Family,1499,Monthly,15,2025-09-11
SUB11858,CUST11858,Standard,799,Annual,5,2026-01-02
SUB11859,CUST11859,Premium,1199,Annual,10,2024-04-09
SUB11860,CUST11860,Basic,499,Monthly,2,2024-10-13
SUB11861,CUST11861,Family,1499,Annual,15,2024-11-29
SUB11862,CUST11862,Basic,499,Quarterly,2,2025-01-02
SUB11863,CUST11863,Basic,499,Monthly,2,2025-03-26
SUB11864,CUST11864,Premium,1199,Monthly,10,2025-03-11
SUB11865,CUST11865,Basic,499,Annual,2,2026-02-04
SUB11866,CUST11866,Basic,499,Annual,2,2025-03-03
SUB11867,CUST11867,Standard,799,Monthly,5,2024-04-08
SUB11868,CUST11868,Premium,1199,Annual,10,2025-01-10
SUB11869,CUST11869,Basic,499,Monthly,2,2024-07-19
SUB11870,CUST11870,Family,1499,Annual,15,2025-08-25
SUB11871,CUST11871,Family,1499,Quarterly,15,2024-02-28
SUB11872,CUST11872,Premium,1199,Annual,10,2024-03-16
SUB11873,CUST11873,Basic,499,Quarterly,2,2025-03-16
SUB11874,CUST11874,Family,1499,Annual,15,2024-08-14
SUB11875,CUST11875,Family,1499,Monthly,15,2024-08-29
SUB11876,CUST11876,Standard,799,Annual,5,2024-08-28
SUB11877,CUST11877,Premium,1199,Annual,10,2025-07-18
SUB11878,CUST11878,Standard,799,Annual,5,2026-02-21
SUB11879,CUST11879,Family,1499,Monthly,15,2024-04-25
SUB11880,CUST11880,Standard,799,Annual,5,2026-03-06
SUB11881,CUST11881,Family,1499,Monthly,15,2025-08-11
SUB11882,CUST11882,Basic,499,Monthly,2,2025-09-05
SUB11883,CUST11883,Family,1499,Monthly,15,2025-06-12
SUB11884,CUST11884,Premium,1199,Monthly,10,2024-10-06
SUB11885,CUST11885,Family,1499,Quarterly,15,2024-12-10
SUB11886,CUST11886,Premium,1199,Annual,10,2024-11-12
SUB11887,CUST11887,Family,1499,Monthly,15,2025-11-25
SUB11888,CUST11888,Basic,499,Monthly,2,2024-03-17
SUB11889,CUST11889,Standard,799,Annual,5,2025-08-16
SUB11890,CUST11890,Family,1499,Monthly,15,2024-03-25
SUB11891,CUST11891,Standard,799,Monthly,5,2026-01-25
SUB11892,CUST11892,Premium,1199,Annual,10,2026-03-21
SUB11893,CUST11893,Basic,499,Quarterly,2,2024-06-24
SUB11894,CUST11894,Premium,1199,Monthly,10,2025-11-24
SUB11895,CUST11895,Family,1499,Monthly,15,2024-01-22
SUB11896,CUST11896,Basic,499,Annual,2,2026-01-30
SUB11897,CUST11897,Premium,1199,Monthly,10,2024-05-17
SUB11898,CUST11898,Premium,1199,Quarterly,10,2025-08-22
SUB11899,CUST11899,Premium,1199,Monthly,10,2025-01-20
SUB11900,CUST11900,Family,1499,Monthly,15,2026-04-05
SUB11901,CUST11901,Basic,499,Monthly,2,2024-03-04
SUB11902,CUST11902,Standard,799,Annual,5,2024-01-30
SUB11903,CUST11903,Basic,499,Monthly,2,2025-08-29
SUB11904,CUST11904,Family,1499,Annual,15,2024-01-17
SUB11905,CUST11905,Premium,1199,Annual,10,2025-12-21
SUB11906,CUST11906,Premium,1199,Quarterly,10,2024-02-06
SUB11907,CUST11907,Standard,799,Monthly,5,2024-10-16
SUB11908,CUST11908,Basic,499,Quarterly,2,2024-11-13
SUB11909,CUST11909,Family,1499,Monthly,15,2024-11-01
SUB11910,CUST11910,Standard,799,Monthly,5,2024-09-09
SUB11911,CUST11911,Basic,499,Annual,2,2025-11-26
SUB11912,CUST11912,Standard,799,Annual,5,2026-01-30
SUB11913,CUST11913,Standard,799,Monthly,5,2024-02-27
SUB11914,CUST11914,Family,1499,Annual,15,2024-09-18
SUB11915,CUST11915,Premium,1199,Monthly,10,2024-04-02
SUB11916,CUST11916,Family,1499,Quarterly,15,2024-08-05
SUB11917,CUST11917,Basic,499,Annual,2,2024-01-31
SUB11918,CUST11918,Family,1499,Annual,15,2024-07-26
SUB11919,CUST11919,Basic,499,Monthly,2,2024-04-15
SUB11920,CUST11920,Premium,1199,Monthly,10,2025-11-15
SUB11921,CUST11921,Family,1499,Annual,15,2024-07-25
SUB11922,CUST11922,Standard,799,Monthly,5,2025-07-19
SUB11923,CUST11923,Premium,1199,Quarterly,10,2025-11-14
SUB11924,CUST11924,Family,1499,Annual,15,2025-12-09
SUB11925,CUST11925,Family,1499,Annual,15,2026-04-30
SUB11926,CUST11926,Standard,799,Annual,5,2025-04-18
SUB11927,CUST11927,Premium,1199,Monthly,10,2024-03-16
SUB11928,CUST11928,Standard,799,Monthly,5,2025-10-07
SUB11929,CUST11929,Family,1499,Monthly,15,2024-04-03
SUB11930,CUST11930,Basic,499,Monthly,2,2024-04-26
SUB11931,CUST11931,Standard,799,Annual,5,2025-04-29
SUB11932,CUST11932,Standard,799,Monthly,5,2024-11-10
SUB11933,CUST11933,Basic,499,Annual,2,2024-12-05
SUB11934,CUST11934,Premium,1199,Annual,10,2025-09-30
SUB11935,CUST11935,Basic,499,Quarterly,2,2025-10-19
SUB11936,CUST11936,Premium,1199,Quarterly,10,2025-08-21
SUB11937,CUST11937,Basic,499,Annual,2,2026-03-13
SUB11938,CUST11938,Family,1499,Quarterly,15,2024-06-18
SUB11939,CUST11939,Basic,499,Monthly,2,2024-09-06
SUB11940,CUST11940,Standard,799,Monthly,5,2024-06-17
SUB11941,CUST11941,Premium,1199,Annual,10,2026-03-22
SUB11942,CUST11942,Standard,799,Annual,5,2024-01-12
SUB11943,CUST11943,Basic,499,Monthly,2,2025-08-11
SUB11944,CUST11944,Standard,799,Monthly,5,2025-02-20
SUB11945,CUST11945,Basic,499,Annual,2,2024-03-24
SUB11946,CUST11946,Standard,799,Annual,5,2025-04-19
SUB11947,CUST11947,Basic,499,Monthly,2,2024-02-28
SUB11948,CUST11948,Premium,1199,Monthly,10,2024-07-01
SUB11949,CUST11949,Basic,499,Monthly,2,2025-11-08
SUB11950,CUST11950,Premium,1199,Monthly,10,2025-10-20
SUB11951,CUST11951,Premium,1199,Monthly,10,2025-07-12
SUB11952,CUST11952,Premium,1199,Quarterly,10,2024-03-02
SUB11953,CUST11953,Basic,499,Annual,2,2024-02-23
SUB11954,CUST11954,Standard,799,Monthly,5,2026-01-15
SUB11955,CUST11955,Standard,799,Annual,5,2025-02-15
SUB11956,CUST11956,Basic,499,Annual,2,2025-12-31
SUB11957,CUST11957,Standard,799,Monthly,5,2025-11-02
SUB11958,CUST11958,Premium,1199,Monthly,10,2025-01-27
SUB11959,CUST11959,Family,1499,Quarterly,15,2025-01-19
SUB11960,CUST11960,Standard,799,Monthly,5,2026-02-12
SUB11961,CUST11961,Family,1499,Annual,15,2025-12-08
SUB11962,CUST11962,Family,1499,Annual,15,2024-04-11
SUB11963,CUST11963,Basic,499,Monthly,2,2024-01-04
SUB11964,CUST11964,Standard,799,Monthly,5,2024-03-17
SUB11965,CUST11965,Standard,799,Annual,5,2026-04-27
SUB11966,CUST11966,Premium,1199,Quarterly,10,2024-05-22
SUB11967,CUST11967,Basic,499,Monthly,2,2025-07-12
SUB11968,CUST11968,Basic,499,Annual,2,2024-03-31
SUB11969,CUST11969,Standard,799,Monthly,5,2025-12-04
SUB11970,CUST11970,Family,1499,Monthly,15,2025-10-12
SUB11971,CUST11971,Basic,499,Annual,2,2025-10-04
SUB11972,CUST11972,Standard,799,Monthly,5,2026-04-11
SUB11973,CUST11973,Basic,499,Monthly,2,2025-10-18
SUB11974,CUST11974,Family,1499,Annual,15,2024-03-24
SUB11975,CUST11975,Standard,799,Annual,5,2025-09-30
SUB11976,CUST11976,Family,1499,Monthly,15,2025-03-16
SUB11977,CUST11977,Basic,499,Monthly,2,2025-08-08
SUB11978,CUST11978,Basic,499,Quarterly,2,2025-02-07
SUB11979,CUST11979,Family,1499,Annual,15,2025-12-26
SUB11980,CUST11980,Premium,1199,Annual,10,2024-06-15
SUB11981,CUST11981,Family,1499,Monthly,15,2026-01-22
SUB11982,CUST11982,Premium,1199,Monthly,10,2024-01-04
SUB11983,CUST11983,Premium,1199,Monthly,10,2024-06-07
SUB11984,CUST11984,Basic,499,Quarterly,2,2024-01-04
SUB11985,CUST11985,Standard,799,Monthly,5,2024-06-09
SUB11986,CUST11986,Standard,799,Monthly,5,2024-12-07
SUB11987,CUST11987,Premium,1199,Annual,10,2025-10-14
SUB11988,CUST11988,Standard,799,Monthly,5,2024-02-28
SUB11989,CUST11989,Standard,799,Annual,5,2025-04-23
SUB11990,CUST11990,Standard,799,Monthly,5,2025-07-05
SUB11991,CUST11991,Family,1499,Annual,15,2026-02-28
SUB11992,CUST11992,Basic,499,Monthly,2,2025-08-17
SUB11993,CUST11993,Family,1499,Quarterly,15,2025-07-09
SUB11994,CUST11994,Basic,499,Monthly,2,2025-08-12
SUB11995,CUST11995,Premium,1199,Annual,10,2024-09-29
SUB11996,CUST11996,Standard,799,Monthly,5,2024-09-27
SUB11997,CUST11997,Basic,499,Monthly,2,2026-04-28
SUB11998,CUST11998,Family,1499,Monthly,15,2025-05-23
SUB11999,CUST11999,Premium,1199,Annual,10,2024-03-20
SUB12000,CUST12000,Basic,499,Monthly,2,2026-02-10
