Ticket_ID,Customer_ID,Ticket_Date,Issue_Type,Priority,Resolution_Days,Satisfaction_Score,Contact_Channel
TKT000001,CUST00001,2025-11-03,Billing,Low,4,4.0,Chat
TKT000002,CUST00003,2026-04-15,Billing,Low,4,4.0,Phone
TKT000003,CUST00005,2026-04-27,Other,Medium,2,4.0,Chat
TKT000004,CUST00006,2026-03-22,Billing,Low,3,4.0,Email
TKT000005,CUST00007,2026-05-15,Plan Change,Medium,4,3.0,App
TKT000006,CUST00007,2026-04-23,Technical,Low,1,3.0,Phone
TKT000007,CUST00007,2026-05-31,Cancellation,Low,2,5.0,App
TKT000008,CUST00008,2025-06-29,Plan Change,Medium,1,5.0,App
TKT000009,CUST00008,2025-11-23,Technical,High,8,2.0,Email
TKT000010,CUST00015,2025-06-26,Connectivity,Low,5,3.0,Chat
TKT000011,CUST00015,2024-07-06,Plan Change,Medium,8,5.0,Email
TKT000012,CUST00018,2026-01-07,Billing,Medium,1,4.0,Chat
TKT000013,CUST00019,2025-10-13,Connectivity,Medium,4,3.0,Email
TKT000014,CUST00021,2026-04-15,Technical,Low,2,3.0,Phone
TKT000015,CUST00022,2025-11-21,Other,Medium,3,3.0,Phone
TKT000016,CUST00022,2026-02-19,Cancellation,Low,2,4.0,Phone
TKT000017,CUST00023,2026-03-11,Other,Low,2,3.0,Email
TKT000018,CUST00023,2025-11-18,Billing,High,7,2.0,Chat
TKT000019,CUST00029,2025-07-23,Billing,High,5,2.0,Phone
TKT000020,CUST00030,2026-04-06,Cancellation,Medium,2,5.0,Phone
TKT000021,CUST00030,2026-03-07,Connectivity,Low,3,4.0,Phone
TKT000022,CUST00031,2025-10-15,Other,Low,2,4.0,Chat
TKT000023,CUST00032,2025-10-28,Plan Change,Low,2,2.0,Email
TKT000024,CUST00033,2026-04-29,Connectivity,High,5,3.0,Email
TKT000025,CUST00035,2025-06-21,Connectivity,Low,1,4.0,Chat
TKT000026,CUST00035,2026-04-01,Connectivity,Low,2,5.0,App
TKT000027,CUST00036,2026-04-16,Billing,High,7,3.0,Phone
TKT000028,CUST00037,2026-03-21,Cancellation,Medium,6,4.0,Email
TKT000029,CUST00038,2025-08-07,Other,Low,2,5.0,Email
TKT000030,CUST00038,2025-01-21,Connectivity,Low,4,4.0,Email
TKT000031,CUST00039,2026-05-18,Other,High,3,2.0,App
TKT000032,CUST00040,2025-03-18,Cancellation,Low,1,3.0,Phone
TKT000033,CUST00042,2026-02-06,Technical,Low,3,3.0,Chat
TKT000034,CUST00042,2025-09-16,Technical,Low,1,4.0,Phone
TKT000035,CUST00044,2026-02-26,Technical,Low,6,3.0,Chat
TKT000036,CUST00044,2025-03-22,Other,Low,5,3.0,Email
TKT000037,CUST00045,2026-05-26,Connectivity,Low,5,5.0,Phone
TKT000038,CUST00047,2024-09-04,Cancellation,Medium,2,4.0,Chat
TKT000039,CUST00047,2025-10-23,Plan Change,Low,3,3.0,App
TKT000040,CUST00047,2025-03-06,Cancellation,High,1,4.0,Phone
TKT000041,CUST00049,2025-09-18,Other,Medium,6,4.0,Chat
TKT000042,CUST00049,2025-12-09,Billing,Low,7,4.0,Chat
TKT000043,CUST00050,2025-10-16,Cancellation,Low,12,4.0,Email
TKT000044,CUST00050,2025-08-29,Other,Medium,2,4.0,Email
TKT000045,CUST00050,2026-05-30,Other,Medium,6,3.0,Email
TKT000046,CUST00051,2026-03-13,Plan Change,Low,5,4.0,Phone
TKT000047,CUST00051,2026-04-12,Other,Low,2,4.0,Chat
TKT000048,CUST00055,2025-06-25,Plan Change,Low,4,5.0,Phone
TKT000049,CUST00058,2026-01-10,Other,High,1,3.0,Chat
TKT000050,CUST00058,2026-03-10,Billing,Low,6,4.0,Email
TKT000051,CUST00059,2025-02-21,Cancellation,Medium,1,4.0,Chat
TKT000052,CUST00059,2025-09-23,Cancellation,Low,4,4.0,App
TKT000053,CUST00060,2025-12-10,Billing,Low,1,4.0,Phone
TKT000054,CUST00060,2026-01-26,Technical,High,2,3.0,Phone
TKT000055,CUST00063,2025-04-25,Technical,High,1,3.0,App
TKT000056,CUST00063,2025-09-06,Other,Medium,2,4.0,Email
TKT000057,CUST00066,2026-01-21,Connectivity,Medium,8,4.0,Chat
TKT000058,CUST00069,2025-12-06,Cancellation,Low,4,3.0,Chat
TKT000059,CUST00070,2024-06-08,Connectivity,Low,15,3.0,Chat
TKT000060,CUST00071,2026-04-13,Connectivity,High,2,2.0,Email
TKT000061,CUST00073,2026-04-11,Other,Medium,2,3.0,Phone
TKT000062,CUST00073,2025-12-08,Cancellation,Low,1,3.0,App
TKT000063,CUST00074,2025-09-24,Other,Low,10,4.0,Chat
TKT000064,CUST00075,2026-05-06,Cancellation,Low,2,4.0,Email
TKT000065,CUST00076,2025-05-24,Other,Low,6,4.0,Email
TKT000066,CUST00077,2025-10-31,Connectivity,Medium,14,4.0,App
TKT000067,CUST00077,2025-11-16,Connectivity,Medium,2,5.0,Email
TKT000068,CUST00078,2025-03-11,Cancellation,Medium,2,4.0,Email
TKT000069,CUST00078,2024-09-19,Connectivity,Medium,2,5.0,Email
TKT000070,CUST00080,2026-01-26,Technical,High,2,2.0,Chat
TKT000071,CUST00081,2026-04-20,Cancellation,Medium,6,4.0,Phone
TKT000072,CUST00084,2026-03-06,Other,Low,4,5.0,Phone
TKT000073,CUST00087,2026-05-18,Technical,Medium,6,4.0,Email
TKT000074,CUST00088,2025-04-07,Cancellation,Medium,2,4.0,App
TKT000075,CUST00092,2025-02-14,Cancellation,Low,9,5.0,Phone
TKT000076,CUST00093,2024-06-17,Connectivity,Low,3,4.0,Email
TKT000077,CUST00094,2026-03-12,Technical,Medium,2,4.0,App
TKT000078,CUST00095,2025-06-21,Plan Change,Low,1,4.0,App
TKT000079,CUST00097,2025-03-24,Technical,High,1,3.0,Phone
TKT000080,CUST00098,2026-06-17,Billing,High,10,3.0,Email
TKT000081,CUST00100,2026-03-14,Plan Change,Low,2,3.0,Email
TKT000082,CUST00103,2026-02-12,Billing,Medium,1,4.0,Email
TKT000083,CUST00104,2025-07-11,Technical,Low,1,3.0,App
TKT000084,CUST00106,2025-01-16,Billing,Medium,4,4.0,App
TKT000085,CUST00109,2024-11-24,Other,High,2,2.0,App
TKT000086,CUST00111,2025-10-31,Technical,Medium,6,4.0,Phone
TKT000087,CUST00112,2026-01-15,Billing,Low,7,5.0,Phone
TKT000088,CUST00113,2025-07-31,Connectivity,Medium,1,3.0,Phone
TKT000089,CUST00114,2026-04-21,Cancellation,Low,7,4.0,Chat
TKT000090,CUST00115,2026-01-05,Connectivity,Low,3,4.0,Chat
TKT000091,CUST00115,2025-08-03,Other,Low,2,3.0,Phone
TKT000092,CUST00116,2025-08-21,Cancellation,Medium,2,5.0,Chat
TKT000093,CUST00117,2026-03-16,Billing,Medium,2,4.0,App
TKT000094,CUST00118,2025-03-18,Billing,Low,3,4.0,App
TKT000095,CUST00118,2025-12-11,Technical,Medium,6,4.0,Email
TKT000096,CUST00118,2024-10-05,Billing,Low,1,3.0,Phone
TKT000097,CUST00119,2026-04-26,Plan Change,Low,3,3.0,Chat
TKT000098,CUST00121,2026-05-28,Other,Low,1,3.0,Email
TKT000099,CUST00121,2024-08-20,Billing,Low,3,4.0,App
TKT000100,CUST00125,2025-03-04,Other,Low,3,4.0,App
TKT000101,CUST00125,2026-03-16,Technical,Medium,2,5.0,Chat
TKT000102,CUST00126,2024-12-26,Other,Medium,1,3.0,Email
TKT000103,CUST00127,2025-08-26,Billing,Medium,7,3.0,Chat
TKT000104,CUST00128,2026-05-06,Cancellation,Low,9,2.0,Chat
TKT000105,CUST00129,2024-10-15,Plan Change,Medium,4,4.0,Chat
TKT000106,CUST00130,2025-04-07,Cancellation,Medium,5,3.0,Email
TKT000107,CUST00133,2026-01-14,Plan Change,Low,2,4.0,Phone
TKT000108,CUST00134,2025-09-01,Cancellation,Low,4,4.0,Email
TKT000109,CUST00141,2026-01-24,Technical,Low,6,4.0,Chat
TKT000110,CUST00141,2026-03-30,Cancellation,Low,6,4.0,Phone
TKT000111,CUST00142,2025-01-11,Cancellation,Low,3,3.0,App
TKT000112,CUST00143,2024-10-23,Cancellation,Medium,1,5.0,Chat
TKT000113,CUST00145,2026-02-07,Technical,Low,9,2.0,Chat
TKT000114,CUST00146,2026-05-25,Connectivity,Low,5,4.0,Phone
TKT000115,CUST00148,2026-04-19,Billing,Medium,4,4.0,App
TKT000116,CUST00152,2024-10-29,Connectivity,High,4,2.0,App
TKT000117,CUST00154,2025-12-13,Cancellation,High,4,3.0,App
TKT000118,CUST00155,2026-04-05,Other,Medium,2,3.0,App
TKT000119,CUST00155,2026-03-23,Cancellation,Low,1,3.0,Chat
TKT000120,CUST00156,2026-04-12,Billing,Low,4,5.0,Phone
TKT000121,CUST00158,2026-03-26,Connectivity,Low,3,4.0,Phone
TKT000122,CUST00162,2026-04-20,Cancellation,Medium,5,3.0,Phone
TKT000123,CUST00164,2026-03-18,Plan Change,Low,1,4.0,App
TKT000124,CUST00165,2024-07-24,Billing,Low,6,4.0,Chat
TKT000125,CUST00165,2025-09-11,Other,Low,2,4.0,Chat
TKT000126,CUST00168,2025-09-25,Other,Medium,4,3.0,App
TKT000127,CUST00168,2025-07-06,Other,Medium,1,4.0,Chat
TKT000128,CUST00171,2025-12-12,Cancellation,Low,3,4.0,Chat
TKT000129,CUST00172,2025-11-24,Technical,Medium,2,5.0,Email
TKT000130,CUST00173,2025-07-31,Billing,Low,5,5.0,Phone
TKT000131,CUST00175,2025-03-24,Cancellation,Low,2,4.0,Chat
TKT000132,CUST00176,2026-05-29,Technical,High,6,3.0,Email
TKT000133,CUST00176,2026-05-01,Plan Change,High,3,4.0,Phone
TKT000134,CUST00177,2025-12-31,Other,Low,2,2.0,App
TKT000135,CUST00178,2025-12-29,Connectivity,Low,3,4.0,Phone
TKT000136,CUST00178,2025-10-16,Technical,Low,1,3.0,Chat
TKT000137,CUST00180,2025-02-05,Connectivity,Medium,4,4.0,App
TKT000138,CUST00186,2025-11-20,Billing,Medium,2,4.0,Chat
TKT000139,CUST00192,2026-05-05,Billing,Low,1,3.0,Email
TKT000140,CUST00193,2024-10-08,Cancellation,Low,2,3.0,Phone
TKT000141,CUST00194,2026-04-25,Billing,Medium,6,3.0,App
TKT000142,CUST00195,2026-02-15,Connectivity,Medium,4,3.0,App
TKT000143,CUST00195,2026-05-10,Plan Change,High,5,4.0,Email
TKT000144,CUST00195,2026-02-28,Cancellation,Low,5,5.0,App
TKT000145,CUST00195,2026-02-23,Cancellation,Medium,2,4.0,App
TKT000146,CUST00199,2026-05-31,Connectivity,High,3,4.0,App
TKT000147,CUST00199,2026-05-18,Billing,Medium,5,3.0,Phone
TKT000148,CUST00199,2026-04-27,Billing,High,3,3.0,App
TKT000149,CUST00200,2025-11-05,Plan Change,Low,3,5.0,Email
TKT000150,CUST00201,2026-02-14,Billing,Low,6,3.0,App
TKT000151,CUST00206,2024-07-18,Billing,Low,1,4.0,Chat
TKT000152,CUST00208,2026-04-19,Cancellation,Low,6,3.0,App
TKT000153,CUST00209,2026-01-24,Technical,High,1,4.0,Phone
TKT000154,CUST00209,2026-06-13,Plan Change,Medium,3,3.0,Phone
TKT000155,CUST00211,2026-05-05,Connectivity,Low,4,4.0,Email
TKT000156,CUST00212,2026-05-17,Billing,Medium,1,4.0,Email
TKT000157,CUST00214,2026-05-28,Technical,High,3,2.0,Email
TKT000158,CUST00216,2025-10-22,Other,Medium,1,5.0,Phone
TKT000159,CUST00221,2026-06-06,Plan Change,Medium,2,4.0,App
TKT000160,CUST00226,2026-02-12,Billing,Low,2,3.0,Phone
TKT000161,CUST00226,2025-08-28,Billing,Medium,7,4.0,Phone
TKT000162,CUST00226,2026-01-13,Billing,Low,3,4.0,Phone
TKT000163,CUST00226,2025-11-11,Technical,Medium,2,5.0,Email
TKT000164,CUST00227,2025-11-26,Connectivity,High,5,3.0,App
TKT000165,CUST00229,2026-01-10,Billing,Low,6,5.0,App
TKT000166,CUST00231,2025-07-17,Billing,Medium,2,3.0,Email
TKT000167,CUST00232,2026-03-28,Billing,Low,4,3.0,Phone
TKT000168,CUST00234,2025-03-04,Plan Change,Low,5,4.0,Email
TKT000169,CUST00235,2026-06-01,Cancellation,Medium,5,3.0,Chat
TKT000170,CUST00238,2025-07-13,Plan Change,High,3,2.0,App
TKT000171,CUST00239,2025-09-10,Technical,Low,2,3.0,Chat
TKT000172,CUST00244,2026-03-19,Other,Low,13,3.0,Email
TKT000173,CUST00244,2026-02-03,Plan Change,Medium,3,3.0,Phone
TKT000174,CUST00246,2026-04-26,Plan Change,Low,1,4.0,Email
TKT000175,CUST00246,2025-11-18,Plan Change,High,2,2.0,App
TKT000176,CUST00246,2025-04-09,Connectivity,Low,3,4.0,Email
TKT000177,CUST00246,2024-08-27,Cancellation,Medium,3,4.0,Chat
TKT000178,CUST00246,2024-08-06,Cancellation,Low,4,4.0,Email
TKT000179,CUST00248,2024-11-08,Connectivity,Medium,1,3.0,Email
TKT000180,CUST00248,2024-12-26,Billing,Low,5,3.0,App
TKT000181,CUST00252,2025-09-17,Technical,Low,1,4.0,App
TKT000182,CUST00253,2026-05-25,Technical,Medium,4,5.0,App
TKT000183,CUST00255,2026-05-30,Connectivity,Medium,1,4.0,Email
TKT000184,CUST00255,2026-06-18,Plan Change,Low,4,3.0,Email
TKT000185,CUST00265,2025-05-08,Cancellation,Low,1,4.0,Chat
TKT000186,CUST00265,2025-12-02,Billing,Medium,6,4.0,Chat
TKT000187,CUST00266,2025-09-11,Technical,Low,7,3.0,App
TKT000188,CUST00266,2025-12-23,Other,Low,1,4.0,Phone
TKT000189,CUST00267,2025-10-25,Technical,Low,2,3.0,Phone
TKT000190,CUST00267,2025-04-23,Cancellation,Medium,5,5.0,Phone
TKT000191,CUST00270,2025-12-31,Plan Change,Low,4,5.0,Email
TKT000192,CUST00272,2025-10-09,Other,Medium,5,4.0,Phone
TKT000193,CUST00274,2025-12-03,Other,Medium,2,5.0,Email
TKT000194,CUST00274,2026-01-12,Cancellation,Low,2,3.0,Chat
TKT000195,CUST00275,2025-05-22,Billing,Low,3,3.0,Chat
TKT000196,CUST00278,2026-01-22,Billing,Medium,13,4.0,Chat
TKT000197,CUST00279,2026-04-10,Billing,Low,1,3.0,App
TKT000198,CUST00281,2026-04-21,Plan Change,Low,4,2.0,Email
TKT000199,CUST00282,2026-05-09,Connectivity,Low,4,4.0,Phone
TKT000200,CUST00287,2026-01-03,Plan Change,Medium,1,3.0,Email
TKT000201,CUST00290,2025-11-15,Other,Low,16,5.0,Phone
TKT000202,CUST00291,2026-01-11,Technical,High,1,3.0,App
TKT000203,CUST00292,2026-04-02,Cancellation,Low,3,5.0,App
TKT000204,CUST00292,2026-05-27,Connectivity,Medium,1,3.0,Email
TKT000205,CUST00292,2026-05-28,Connectivity,Low,6,4.0,Chat
TKT000206,CUST00294,2025-11-28,Cancellation,Medium,2,3.0,Phone
TKT000207,CUST00295,2026-01-16,Cancellation,Low,5,5.0,Chat
TKT000208,CUST00295,2026-06-14,Connectivity,Medium,3,4.0,Phone
TKT000209,CUST00298,2025-10-04,Plan Change,Medium,4,5.0,Chat
TKT000210,CUST00301,2026-05-01,Other,High,2,3.0,Chat
TKT000211,CUST00302,2025-08-22,Billing,Low,2,4.0,Email
TKT000212,CUST00303,2026-04-29,Technical,Low,6,4.0,Phone
TKT000213,CUST00304,2026-06-13,Plan Change,Low,4,5.0,Email
TKT000214,CUST00306,2025-10-20,Plan Change,Low,2,4.0,Chat
TKT000215,CUST00307,2025-11-26,Connectivity,Medium,2,3.0,Chat
TKT000216,CUST00308,2026-03-23,Plan Change,Medium,1,4.0,Email
TKT000217,CUST00308,2026-05-12,Other,Low,1,3.0,Phone
TKT000218,CUST00308,2026-04-19,Cancellation,Medium,4,3.0,Phone
TKT000219,CUST00308,2026-04-15,Billing,Low,1,5.0,Phone
TKT000220,CUST00308,2026-03-08,Cancellation,Medium,1,5.0,Chat
TKT000221,CUST00309,2026-06-08,Connectivity,Medium,4,5.0,Phone
TKT000222,CUST00309,2026-05-12,Other,Medium,1,3.0,App
TKT000223,CUST00311,2026-03-22,Billing,Low,4,4.0,App
TKT000224,CUST00311,2026-02-25,Billing,Low,15,3.0,Chat
TKT000225,CUST00312,2025-09-27,Connectivity,Low,4,4.0,Phone
TKT000226,CUST00313,2026-04-27,Technical,Low,1,4.0,Phone
TKT000227,CUST00315,2026-04-25,Other,Medium,5,4.0,App
TKT000228,CUST00316,2024-10-10,Billing,Low,5,3.0,Phone
TKT000229,CUST00317,2025-02-07,Billing,Low,1,4.0,App
TKT000230,CUST00317,2025-01-22,Technical,Low,2,2.0,App
TKT000231,CUST00319,2025-08-26,Other,High,2,3.0,Phone
TKT000232,CUST00319,2025-04-30,Other,Medium,2,3.0,Email
TKT000233,CUST00320,2025-12-14,Technical,Low,7,4.0,Phone
TKT000234,CUST00323,2026-04-15,Cancellation,Medium,1,4.0,Chat
TKT000235,CUST00323,2026-03-18,Cancellation,Low,2,2.0,App
TKT000236,CUST00324,2024-10-18,Other,Low,1,3.0,Chat
TKT000237,CUST00325,2025-07-19,Other,Low,5,3.0,Chat
TKT000238,CUST00326,2025-11-11,Cancellation,Medium,8,4.0,Phone
TKT000239,CUST00328,2025-10-31,Cancellation,Low,5,4.0,Chat
TKT000240,CUST00328,2026-03-31,Other,Low,2,4.0,Chat
TKT000241,CUST00329,2026-02-10,Cancellation,High,3,4.0,Phone
TKT000242,CUST00330,2026-06-01,Plan Change,Low,4,4.0,App
TKT000243,CUST00330,2025-01-25,Other,Low,10,4.0,Phone
TKT000244,CUST00331,2026-05-18,Technical,Medium,2,4.0,Chat
TKT000245,CUST00331,2026-05-16,Technical,Medium,11,3.0,Email
TKT000246,CUST00332,2026-01-17,Billing,Medium,2,3.0,App
TKT000247,CUST00338,2026-01-10,Billing,Low,2,5.0,Chat
TKT000248,CUST00339,2024-03-23,Plan Change,Medium,3,3.0,Email
TKT000249,CUST00339,2024-04-06,Plan Change,Medium,4,4.0,Phone
TKT000250,CUST00339,2024-05-18,Billing,Low,6,1.0,App
TKT000251,CUST00339,2024-09-21,Plan Change,Low,2,4.0,Email
TKT000252,CUST00341,2025-07-26,Connectivity,High,4,4.0,Phone
TKT000253,CUST00341,2024-11-22,Other,Low,3,4.0,App
TKT000254,CUST00343,2025-01-30,Cancellation,Low,1,4.0,Email
TKT000255,CUST00345,2026-03-22,Connectivity,Medium,4,4.0,App
TKT000256,CUST00349,2026-04-04,Other,Medium,6,5.0,App
TKT000257,CUST00354,2026-05-25,Cancellation,Low,2,4.0,Email
TKT000258,CUST00354,2025-08-28,Billing,Low,4,3.0,Chat
TKT000259,CUST00354,2025-10-24,Other,Low,5,4.0,Chat
TKT000260,CUST00354,2026-03-24,Other,Medium,8,5.0,Email
TKT000261,CUST00356,2026-01-27,Technical,Low,5,4.0,Phone
TKT000262,CUST00358,2026-03-27,Other,Low,5,4.0,Email
TKT000263,CUST00361,2026-05-28,Other,Low,5,4.0,Phone
TKT000264,CUST00361,2026-06-17,Other,Medium,7,4.0,Email
TKT000265,CUST00361,2026-05-02,Cancellation,Medium,2,4.0,Phone
TKT000266,CUST00362,2024-11-25,Technical,Low,2,4.0,App
TKT000267,CUST00363,2024-12-13,Plan Change,Low,2,4.0,App
TKT000268,CUST00364,2026-06-11,Billing,Low,1,4.0,Email
TKT000269,CUST00365,2026-04-21,Technical,Medium,2,4.0,Email
TKT000270,CUST00365,2026-03-18,Connectivity,Low,3,4.0,Email
TKT000271,CUST00366,2026-01-16,Technical,Medium,4,3.0,Chat
TKT000272,CUST00368,2025-07-26,Connectivity,Medium,5,2.0,Email
TKT000273,CUST00368,2026-06-19,Plan Change,Medium,3,3.0,Email
TKT000274,CUST00369,2025-10-18,Billing,Low,3,2.0,Email
TKT000275,CUST00369,2025-05-31,Plan Change,Low,2,3.0,Chat
TKT000276,CUST00370,2026-03-09,Plan Change,Low,4,3.0,Chat
TKT000277,CUST00371,2025-12-07,Connectivity,Low,2,3.0,App
TKT000278,CUST00372,2025-03-08,Connectivity,Medium,3,3.0,Phone
TKT000279,CUST00372,2025-06-22,Cancellation,Medium,1,4.0,Phone
TKT000280,CUST00373,2026-01-06,Billing,Low,6,3.0,Phone
TKT000281,CUST00373,2025-05-26,Technical,Medium,6,4.0,Chat
TKT000282,CUST00374,2025-06-05,Other,Low,3,3.0,Email
TKT000283,CUST00375,2026-05-07,Connectivity,Low,6,4.0,Email
TKT000284,CUST00376,2025-09-12,Cancellation,Low,1,4.0,Phone
TKT000285,CUST00377,2025-10-23,Cancellation,Medium,4,4.0,App
TKT000286,CUST00378,2025-05-07,Other,High,4,2.0,Phone
TKT000287,CUST00378,2026-04-26,Cancellation,Low,14,1.0,App
TKT000288,CUST00378,2026-02-09,Connectivity,Medium,2,3.0,Phone
TKT000289,CUST00379,2026-05-04,Connectivity,Medium,4,4.0,Phone
TKT000290,CUST00379,2026-05-04,Billing,Medium,2,4.0,Chat
TKT000291,CUST00379,2026-05-25,Other,Low,4,5.0,App
TKT000292,CUST00382,2026-03-31,Other,High,4,4.0,Email
TKT000293,CUST00385,2026-02-21,Billing,Medium,3,3.0,Chat
TKT000294,CUST00386,2025-07-14,Other,High,3,3.0,Phone
TKT000295,CUST00387,2025-07-26,Cancellation,Medium,3,4.0,App
TKT000296,CUST00388,2025-11-20,Other,High,1,4.0,App
TKT000297,CUST00389,2025-10-31,Other,Low,6,4.0,Email
TKT000298,CUST00390,2026-03-09,Billing,High,2,3.0,Chat
TKT000299,CUST00391,2025-05-09,Billing,Medium,2,3.0,Phone
TKT000300,CUST00391,2025-08-30,Cancellation,High,1,3.0,App
TKT000301,CUST00392,2025-09-11,Connectivity,High,4,1.0,Email
TKT000302,CUST00392,2026-02-18,Connectivity,Low,2,2.0,Email
TKT000303,CUST00392,2025-05-23,Cancellation,Low,4,4.0,Chat
TKT000304,CUST00392,2024-02-10,Connectivity,Medium,7,4.0,Phone
TKT000305,CUST00395,2025-12-27,Billing,Low,1,4.0,App
TKT000306,CUST00395,2026-01-23,Other,Low,2,4.0,Chat
TKT000307,CUST00397,2024-06-12,Other,Low,6,5.0,App
TKT000308,CUST00397,2025-03-14,Connectivity,High,7,2.0,Email
TKT000309,CUST00397,2025-09-19,Connectivity,Medium,2,2.0,Email
TKT000310,CUST00398,2025-04-24,Billing,Medium,7,3.0,App
TKT000311,CUST00401,2025-04-30,Plan Change,Low,2,3.0,App
TKT000312,CUST00402,2025-04-02,Other,High,4,4.0,Chat
TKT000313,CUST00403,2026-01-13,Billing,Medium,3,3.0,Chat
TKT000314,CUST00406,2025-11-07,Billing,Low,1,2.0,Phone
TKT000315,CUST00406,2025-07-31,Billing,Low,1,4.0,Phone
TKT000316,CUST00408,2026-02-22,Other,Low,1,3.0,Chat
TKT000317,CUST00408,2025-06-01,Technical,Medium,3,3.0,App
TKT000318,CUST00412,2026-01-05,Connectivity,Low,9,3.0,Phone
TKT000319,CUST00412,2025-09-18,Connectivity,Low,2,3.0,App
TKT000320,CUST00412,2025-11-18,Cancellation,High,2,4.0,Phone
TKT000321,CUST00415,2024-12-26,Other,Low,4,4.0,App
TKT000322,CUST00417,2025-02-21,Cancellation,Medium,4,,Email
TKT000323,CUST00420,2025-10-08,Plan Change,Medium,1,3.0,Chat
TKT000324,CUST00423,2026-03-12,Billing,Low,4,3.0,App
TKT000325,CUST00426,2025-06-22,Connectivity,Medium,1,3.0,Email
TKT000326,CUST00426,2025-03-26,Plan Change,High,3,3.0,Email
TKT000327,CUST00428,2025-03-25,Connectivity,Low,28,4.0,Email
TKT000328,CUST00429,2025-08-21,Cancellation,Low,3,3.0,Chat
TKT000329,CUST00430,2024-12-29,Cancellation,Medium,3,4.0,Chat
TKT000330,CUST00431,2026-05-18,Billing,Low,12,3.0,Phone
TKT000331,CUST00431,2026-04-10,Plan Change,Low,1,5.0,Chat
TKT000332,CUST00431,2026-04-14,Billing,Medium,3,3.0,Phone
TKT000333,CUST00433,2026-02-11,Plan Change,Medium,1,3.0,App
TKT000334,CUST00436,2025-07-02,Billing,Medium,6,5.0,Email
TKT000335,CUST00437,2026-05-08,Cancellation,Medium,2,4.0,App
TKT000336,CUST00437,2025-09-15,Technical,Medium,6,4.0,App
TKT000337,CUST00438,2025-11-18,Plan Change,Low,4,5.0,Email
TKT000338,CUST00439,2026-03-20,Plan Change,Medium,3,4.0,App
TKT000339,CUST00440,2026-03-30,Other,Medium,2,3.0,Phone
TKT000340,CUST00441,2025-12-31,Technical,Medium,1,4.0,Email
TKT000341,CUST00442,2024-12-08,Other,Low,5,5.0,Email
TKT000342,CUST00443,2026-04-28,Other,Low,4,5.0,Phone
TKT000343,CUST00443,2025-12-07,Plan Change,Low,1,3.0,Email
TKT000344,CUST00443,2026-06-01,Connectivity,Low,4,3.0,Email
TKT000345,CUST00444,2026-04-21,Technical,Low,5,3.0,App
TKT000346,CUST00444,2025-06-30,Cancellation,Low,3,4.0,Chat
TKT000347,CUST00451,2025-04-18,Technical,Medium,2,4.0,App
TKT000348,CUST00452,2026-05-13,Plan Change,Low,4,3.0,Email
TKT000349,CUST00452,2026-05-16,Cancellation,Low,5,3.0,Email
TKT000350,CUST00453,2025-12-11,Technical,Low,3,4.0,Email
TKT000351,CUST00453,2025-01-24,Other,High,1,2.0,Chat
TKT000352,CUST00456,2024-11-07,Connectivity,Low,3,2.0,Chat
TKT000353,CUST00458,2025-10-10,Connectivity,Low,1,5.0,Chat
TKT000354,CUST00459,2024-11-14,Other,Low,2,5.0,Chat
TKT000355,CUST00459,2025-04-10,Connectivity,Medium,2,3.0,Phone
TKT000356,CUST00459,2026-02-07,Other,Low,5,5.0,Chat
TKT000357,CUST00459,2025-03-18,Connectivity,Low,9,5.0,Phone
TKT000358,CUST00460,2025-10-20,Other,Low,4,3.0,App
TKT000359,CUST00463,2025-10-15,Connectivity,Low,1,4.0,App
TKT000360,CUST00467,2024-10-23,Connectivity,Medium,5,4.0,Email
TKT000361,CUST00468,2025-12-11,Cancellation,High,2,2.0,Phone
TKT000362,CUST00468,2026-02-27,Other,High,3,3.0,Chat
TKT000363,CUST00468,2024-09-12,Billing,Medium,3,3.0,Phone
TKT000364,CUST00468,2025-01-04,Billing,Medium,4,3.0,App
TKT000365,CUST00470,2025-10-27,Cancellation,Low,4,3.0,App
TKT000366,CUST00470,2026-03-03,Technical,Medium,1,4.0,App
TKT000367,CUST00471,2026-02-13,Plan Change,Low,1,3.0,App
TKT000368,CUST00472,2025-02-12,Plan Change,Medium,1,4.0,Phone
TKT000369,CUST00473,2026-02-14,Billing,Low,3,3.0,Phone
TKT000370,CUST00473,2025-11-25,Cancellation,Medium,8,3.0,App
TKT000371,CUST00473,2025-10-06,Technical,High,2,3.0,Chat
TKT000372,CUST00474,2025-12-31,Cancellation,Low,2,4.0,App
TKT000373,CUST00475,2025-12-19,Billing,Low,5,3.0,Chat
TKT000374,CUST00476,2026-04-21,Cancellation,Medium,1,3.0,App
TKT000375,CUST00476,2026-02-18,Technical,Low,4,3.0,App
TKT000376,CUST00477,2026-02-12,Cancellation,Low,1,4.0,Phone
TKT000377,CUST00477,2026-02-13,Technical,Medium,4,5.0,App
TKT000378,CUST00477,2026-05-29,Billing,Low,4,3.0,Phone
TKT000379,CUST00480,2025-09-16,Connectivity,Medium,3,4.0,Email
TKT000380,CUST00480,2025-11-18,Technical,Low,2,4.0,Chat
TKT000381,CUST00481,2025-11-17,Technical,High,4,3.0,Phone
TKT000382,CUST00483,2026-04-12,Cancellation,Low,7,4.0,Email
TKT000383,CUST00484,2026-03-01,Connectivity,Low,4,5.0,App
TKT000384,CUST00490,2026-03-03,Billing,Low,10,2.0,Phone
TKT000385,CUST00493,2025-09-09,Other,Low,2,5.0,App
TKT000386,CUST00493,2025-08-06,Billing,Low,3,4.0,Chat
TKT000387,CUST00495,2025-10-27,Cancellation,Low,4,5.0,Chat
TKT000388,CUST00495,2025-06-20,Technical,Low,6,3.0,Phone
TKT000389,CUST00496,2026-02-22,Technical,Medium,4,5.0,Phone
TKT000390,CUST00498,2026-04-28,Plan Change,Medium,4,3.0,Email
TKT000391,CUST00498,2024-11-27,Other,Low,4,5.0,Phone
TKT000392,CUST00499,2026-04-07,Cancellation,Medium,3,3.0,Email
TKT000393,CUST00499,2026-05-06,Connectivity,High,5,1.0,Phone
TKT000394,CUST00499,2025-11-20,Connectivity,Medium,5,5.0,App
TKT000395,CUST00500,2024-12-07,Connectivity,Low,3,4.0,Email
TKT000396,CUST00500,2024-12-17,Technical,High,6,3.0,Chat
TKT000397,CUST00501,2025-05-07,Technical,Low,3,4.0,Email
TKT000398,CUST00503,2026-05-02,Cancellation,Medium,3,5.0,Chat
TKT000399,CUST00504,2026-04-18,Cancellation,High,8,2.0,Chat
TKT000400,CUST00505,2025-07-14,Billing,High,2,2.0,App
TKT000401,CUST00506,2025-05-13,Connectivity,Medium,2,4.0,Phone
TKT000402,CUST00507,2026-04-05,Cancellation,Low,2,5.0,Chat
TKT000403,CUST00507,2026-05-23,Billing,Medium,4,4.0,Email
TKT000404,CUST00507,2025-12-11,Other,Low,3,5.0,App
TKT000405,CUST00509,2025-06-03,Other,Low,6,5.0,Phone
TKT000406,CUST00511,2025-12-30,Other,Medium,4,5.0,Chat
TKT000407,CUST00511,2025-10-25,Cancellation,Low,2,5.0,Email
TKT000408,CUST00514,2025-06-09,Other,Low,4,4.0,Email
TKT000409,CUST00514,2025-07-03,Connectivity,Low,4,3.0,Phone
TKT000410,CUST00514,2024-12-24,Other,Medium,2,5.0,Email
TKT000411,CUST00520,2025-10-28,Billing,Low,2,4.0,Phone
TKT000412,CUST00520,2026-03-30,Cancellation,High,2,4.0,Phone
TKT000413,CUST00520,2026-01-25,Cancellation,Medium,6,4.0,Chat
TKT000414,CUST00523,2026-02-26,Technical,Low,2,4.0,App
TKT000415,CUST00523,2025-02-06,Plan Change,Low,1,4.0,Email
TKT000416,CUST00523,2025-08-10,Other,Low,4,4.0,Chat
TKT000417,CUST00524,2024-04-25,Connectivity,Low,2,4.0,Chat
TKT000418,CUST00524,2024-11-05,Technical,Medium,1,5.0,Phone
TKT000419,CUST00524,2025-10-14,Connectivity,Low,3,4.0,Email
TKT000420,CUST00525,2025-05-17,Plan Change,Low,5,3.0,Phone
TKT000421,CUST00526,2026-04-09,Technical,Medium,3,3.0,Phone
TKT000422,CUST00531,2026-05-11,Technical,Low,2,4.0,Email
TKT000423,CUST00532,2025-03-02,Billing,Low,3,4.0,Phone
TKT000424,CUST00533,2025-09-12,Cancellation,Medium,1,4.0,Email
TKT000425,CUST00535,2024-12-11,Cancellation,Medium,3,5.0,Chat
TKT000426,CUST00535,2025-04-24,Technical,Medium,1,3.0,App
TKT000427,CUST00535,2025-12-13,Connectivity,High,5,3.0,Email
TKT000428,CUST00536,2025-10-06,Billing,Medium,2,3.0,Chat
TKT000429,CUST00538,2025-07-09,Connectivity,Medium,6,4.0,Phone
TKT000430,CUST00540,2025-11-12,Cancellation,Medium,2,2.0,Chat
TKT000431,CUST00541,2026-04-01,Other,Medium,1,3.0,Chat
TKT000432,CUST00543,2026-05-17,Connectivity,Low,3,3.0,App
TKT000433,CUST00543,2026-04-19,Plan Change,Low,3,3.0,Chat
TKT000434,CUST00545,2026-02-01,Technical,Low,2,3.0,Email
TKT000435,CUST00545,2026-05-06,Connectivity,Low,3,4.0,Email
TKT000436,CUST00546,2025-09-22,Plan Change,Low,4,5.0,Email
TKT000437,CUST00547,2026-02-19,Cancellation,Low,4,3.0,Phone
TKT000438,CUST00549,2025-03-30,Technical,Low,2,4.0,Phone
TKT000439,CUST00551,2024-06-20,Technical,Low,2,4.0,Chat
TKT000440,CUST00552,2025-06-26,Connectivity,Low,3,3.0,Chat
TKT000441,CUST00556,2026-03-31,Plan Change,Low,1,4.0,App
TKT000442,CUST00556,2026-04-04,Plan Change,Medium,2,3.0,App
TKT000443,CUST00557,2025-12-03,Plan Change,High,4,4.0,Phone
TKT000444,CUST00558,2025-10-04,Other,Low,1,3.0,App
TKT000445,CUST00558,2024-08-31,Technical,Medium,4,4.0,Email
TKT000446,CUST00559,2026-05-17,Connectivity,Medium,2,4.0,Chat
TKT000447,CUST00559,2026-03-31,Technical,Medium,3,3.0,App
TKT000448,CUST00559,2026-01-29,Other,Low,3,3.0,Email
TKT000449,CUST00561,2026-06-07,Billing,Low,1,3.0,Chat
TKT000450,CUST00563,2026-02-24,Billing,Low,2,4.0,Phone
TKT000451,CUST00563,2026-05-16,Billing,Medium,2,3.0,Email
TKT000452,CUST00570,2025-03-24,Other,Low,3,4.0,Chat
TKT000453,CUST00570,2026-05-29,Cancellation,Medium,8,5.0,Email
TKT000454,CUST00570,2026-01-01,Technical,Low,3,4.0,App
TKT000455,CUST00571,2025-02-25,Cancellation,Low,7,5.0,App
TKT000456,CUST00572,2025-06-01,Technical,Medium,5,4.0,App
TKT000457,CUST00572,2026-03-02,Plan Change,Low,3,4.0,Phone
TKT000458,CUST00573,2026-03-16,Connectivity,Low,2,4.0,App
TKT000459,CUST00573,2024-08-07,Technical,Low,2,4.0,Chat
TKT000460,CUST00576,2026-05-06,Plan Change,Low,1,3.0,Chat
TKT000461,CUST00577,2026-04-09,Cancellation,Medium,2,4.0,App
TKT000462,CUST00578,2026-05-16,Cancellation,High,3,4.0,App
TKT000463,CUST00584,2026-02-11,Billing,Low,5,4.0,Email
TKT000464,CUST00585,2025-08-14,Other,Medium,2,3.0,Chat
TKT000465,CUST00585,2025-07-13,Connectivity,Low,3,3.0,Chat
TKT000466,CUST00587,2025-09-28,Technical,High,1,2.0,App
TKT000467,CUST00587,2026-01-22,Billing,High,9,1.0,Chat
TKT000468,CUST00587,2025-08-20,Technical,Low,1,4.0,Email
TKT000469,CUST00588,2024-10-12,Connectivity,Low,7,4.0,Phone
TKT000470,CUST00589,2025-10-27,Connectivity,Low,6,5.0,Chat
TKT000471,CUST00591,2025-01-08,Billing,Medium,5,4.0,Email
TKT000472,CUST00592,2026-06-13,Other,Low,6,4.0,Email
TKT000473,CUST00594,2025-11-01,Plan Change,Low,2,3.0,Chat
TKT000474,CUST00601,2026-06-17,Plan Change,Low,1,3.0,Chat
TKT000475,CUST00603,2025-09-14,Connectivity,Low,1,4.0,Chat
TKT000476,CUST00608,2026-02-28,Technical,Low,2,3.0,App
TKT000477,CUST00616,2024-11-22,Cancellation,Medium,3,4.0,App
TKT000478,CUST00623,2025-11-24,Technical,Low,2,5.0,Email
TKT000479,CUST00627,2025-09-08,Connectivity,Medium,7,3.0,App
TKT000480,CUST00628,2024-03-07,Connectivity,Low,2,5.0,Email
TKT000481,CUST00629,2026-02-03,Billing,Medium,2,4.0,Email
TKT000482,CUST00629,2026-05-29,Connectivity,Low,3,3.0,Email
TKT000483,CUST00630,2026-06-02,Connectivity,Medium,3,3.0,App
TKT000484,CUST00631,2026-04-30,Plan Change,Low,3,4.0,Phone
TKT000485,CUST00631,2026-05-10,Connectivity,Low,1,3.0,Email
TKT000486,CUST00633,2024-10-20,Technical,Medium,4,5.0,App
TKT000487,CUST00633,2026-03-08,Connectivity,Low,8,3.0,App
TKT000488,CUST00642,2025-10-13,Other,Low,5,3.0,App
TKT000489,CUST00643,2025-05-24,Other,Low,3,3.0,Email
TKT000490,CUST00643,2026-01-19,Billing,High,3,2.0,Phone
TKT000491,CUST00643,2026-03-11,Plan Change,Low,3,5.0,Chat
TKT000492,CUST00645,2025-10-14,Other,Medium,6,4.0,App
TKT000493,CUST00645,2025-04-12,Other,Medium,2,3.0,Email
TKT000494,CUST00645,2025-11-09,Cancellation,Low,3,5.0,Chat
TKT000495,CUST00646,2025-04-02,Other,Low,9,4.0,Email
TKT000496,CUST00647,2026-03-27,Billing,Low,4,3.0,Phone
TKT000497,CUST00648,2025-08-05,Connectivity,Low,8,3.0,Phone
TKT000498,CUST00649,2024-10-07,Billing,Low,2,4.0,Email
TKT000499,CUST00650,2026-01-19,Connectivity,Medium,3,4.0,App
TKT000500,CUST00650,2025-11-30,Connectivity,Medium,3,4.0,Email
TKT000501,CUST00651,2025-10-01,Technical,Medium,5,5.0,App
TKT000502,CUST00652,2025-01-22,Cancellation,Low,2,3.0,App
TKT000503,CUST00652,2025-05-27,Plan Change,High,9,2.0,Chat
TKT000504,CUST00653,2026-06-11,Other,Low,4,3.0,Email
TKT000505,CUST00656,2025-09-21,Technical,High,2,4.0,Chat
TKT000506,CUST00656,2025-06-07,Billing,Low,1,4.0,Email
TKT000507,CUST00658,2024-12-22,Cancellation,Medium,7,4.0,Email
TKT000508,CUST00659,2025-01-31,Other,Medium,2,4.0,Phone
TKT000509,CUST00660,2025-06-24,Cancellation,Medium,4,4.0,Phone
TKT000510,CUST00661,2026-03-11,Plan Change,Low,2,4.0,Phone
TKT000511,CUST00662,2025-12-02,Other,High,5,4.0,Phone
TKT000512,CUST00663,2025-09-20,Cancellation,Medium,4,5.0,Chat
TKT000513,CUST00663,2025-11-08,Billing,Low,2,4.0,Chat
TKT000514,CUST00664,2025-12-13,Connectivity,Low,1,5.0,App
TKT000515,CUST00665,2025-07-01,Connectivity,Medium,10,3.0,App
TKT000516,CUST00665,2025-02-24,Cancellation,High,9,4.0,Email
TKT000517,CUST00665,2025-07-28,Other,Low,3,4.0,App
TKT000518,CUST00665,2025-03-26,Plan Change,Medium,5,3.0,Phone
TKT000519,CUST00666,2025-10-02,Other,Medium,2,3.0,Chat
TKT000520,CUST00666,2025-07-16,Billing,Low,2,4.0,Phone
TKT000521,CUST00667,2026-05-16,Other,Medium,4,5.0,App
TKT000522,CUST00668,2025-02-15,Cancellation,Low,5,3.0,App
TKT000523,CUST00668,2026-02-26,Technical,Low,1,3.0,App
TKT000524,CUST00670,2025-12-31,Plan Change,High,5,2.0,Chat
TKT000525,CUST00670,2026-02-06,Connectivity,Low,3,4.0,App
TKT000526,CUST00670,2025-06-10,Other,Low,5,2.0,Email
TKT000527,CUST00670,2025-05-23,Plan Change,Medium,6,3.0,Email
TKT000528,CUST00671,2025-08-05,Technical,Low,7,5.0,Email
TKT000529,CUST00671,2026-03-06,Plan Change,Medium,6,3.0,App
TKT000530,CUST00672,2024-09-16,Other,Low,4,5.0,Email
TKT000531,CUST00675,2025-05-12,Other,Low,7,4.0,Phone
TKT000532,CUST00678,2025-06-29,Other,Low,6,4.0,Email
TKT000533,CUST00679,2025-08-09,Other,Low,3,4.0,Phone
TKT000534,CUST00680,2026-04-12,Connectivity,Low,5,3.0,Phone
TKT000535,CUST00680,2026-02-12,Cancellation,Medium,7,5.0,Phone
TKT000536,CUST00681,2026-01-28,Technical,Low,1,3.0,Phone
TKT000537,CUST00681,2026-04-26,Billing,Low,5,3.0,Chat
TKT000538,CUST00683,2025-05-02,Plan Change,Medium,2,3.0,Phone
TKT000539,CUST00685,2026-02-18,Cancellation,Low,3,4.0,Phone
TKT000540,CUST00686,2026-03-20,Other,Medium,4,4.0,Chat
TKT000541,CUST00689,2025-08-02,Other,Low,5,4.0,Chat
TKT000542,CUST00689,2026-04-21,Connectivity,Low,1,3.0,Chat
TKT000543,CUST00691,2026-02-07,Connectivity,Low,4,3.0,App
TKT000544,CUST00693,2025-12-02,Billing,Low,3,3.0,Chat
TKT000545,CUST00694,2025-06-12,Cancellation,Low,4,4.0,Email
TKT000546,CUST00694,2025-06-18,Plan Change,Medium,1,4.0,Email
TKT000547,CUST00694,2025-08-09,Technical,Low,3,4.0,App
TKT000548,CUST00699,2026-06-07,Billing,Low,4,4.0,Email
TKT000549,CUST00699,2026-05-29,Plan Change,High,6,3.0,Phone
TKT000550,CUST00700,2026-05-15,Technical,High,2,4.0,Email
TKT000551,CUST00700,2026-01-08,Plan Change,Low,3,3.0,Email
TKT000552,CUST00701,2025-02-04,Plan Change,Low,3,4.0,Phone
TKT000553,CUST00702,2026-03-30,Cancellation,Low,8,4.0,App
TKT000554,CUST00703,2024-08-12,Cancellation,Low,1,5.0,App
TKT000555,CUST00708,2026-04-12,Connectivity,Low,1,4.0,Chat
TKT000556,CUST00710,2024-03-22,Cancellation,Medium,3,4.0,Phone
TKT000557,CUST00710,2024-11-19,Cancellation,Low,3,4.0,Email
TKT000558,CUST00711,2026-04-13,Plan Change,Medium,5,3.0,Phone
TKT000559,CUST00712,2026-06-18,Other,Medium,1,5.0,Email
TKT000560,CUST00717,2025-12-12,Technical,High,1,2.0,Phone
TKT000561,CUST00718,2026-04-08,Other,Low,4,4.0,Email
TKT000562,CUST00721,2026-02-21,Plan Change,Low,4,3.0,Chat
TKT000563,CUST00721,2026-05-03,Cancellation,Low,1,2.0,App
TKT000564,CUST00722,2025-05-17,Plan Change,Low,4,2.0,App
TKT000565,CUST00723,2025-12-19,Cancellation,Low,2,4.0,Email
TKT000566,CUST00723,2025-03-20,Other,High,3,3.0,App
TKT000567,CUST00723,2026-05-23,Plan Change,Medium,1,4.0,App
TKT000568,CUST00723,2025-07-09,Plan Change,Medium,2,3.0,Chat
TKT000569,CUST00726,2025-02-11,Technical,Low,3,4.0,Phone
TKT000570,CUST00727,2025-10-16,Billing,Low,2,3.0,Phone
TKT000571,CUST00728,2026-04-26,Connectivity,Medium,3,3.0,Phone
TKT000572,CUST00729,2025-12-18,Connectivity,Medium,5,4.0,Phone
TKT000573,CUST00729,2026-03-24,Connectivity,Low,5,2.0,Chat
TKT000574,CUST00730,2026-02-19,Technical,Low,2,5.0,Chat
TKT000575,CUST00730,2025-08-30,Connectivity,Medium,4,4.0,App
TKT000576,CUST00733,2026-03-02,Cancellation,Low,2,4.0,App
TKT000577,CUST00733,2026-01-08,Cancellation,Medium,4,3.0,Phone
TKT000578,CUST00734,2025-11-05,Plan Change,Low,7,5.0,Chat
TKT000579,CUST00734,2025-12-20,Connectivity,Medium,3,4.0,Email
TKT000580,CUST00735,2025-08-08,Technical,Medium,4,2.0,Phone
TKT000581,CUST00736,2026-04-25,Billing,Low,5,3.0,Phone
TKT000582,CUST00737,2026-05-21,Other,Medium,2,5.0,Email
TKT000583,CUST00742,2026-02-27,Plan Change,Low,1,4.0,Email
TKT000584,CUST00743,2024-11-15,Plan Change,Medium,2,4.0,Email
TKT000585,CUST00743,2024-06-05,Plan Change,Low,1,3.0,App
TKT000586,CUST00744,2026-03-29,Cancellation,Low,2,2.0,App
TKT000587,CUST00745,2024-10-20,Billing,Low,2,3.0,Chat
TKT000588,CUST00746,2024-10-09,Technical,Medium,5,3.0,Chat
TKT000589,CUST00747,2026-02-14,Technical,Medium,15,3.0,Chat
TKT000590,CUST00747,2025-03-18,Cancellation,Low,2,3.0,Chat
TKT000591,CUST00749,2026-04-20,Cancellation,Medium,3,5.0,App
TKT000592,CUST00751,2026-02-20,Plan Change,Medium,4,4.0,Phone
TKT000593,CUST00752,2026-04-27,Cancellation,Low,2,,Phone
TKT000594,CUST00752,2026-04-19,Billing,High,6,3.0,Phone
TKT000595,CUST00753,2025-10-26,Other,Low,6,4.0,Email
TKT000596,CUST00753,2026-06-10,Plan Change,High,7,2.0,App
TKT000597,CUST00756,2025-08-03,Connectivity,Low,12,4.0,Phone
TKT000598,CUST00759,2026-01-12,Cancellation,Low,3,3.0,Chat
TKT000599,CUST00759,2026-01-25,Technical,Medium,2,3.0,Chat
TKT000600,CUST00761,2026-05-22,Connectivity,High,4,3.0,App
TKT000601,CUST00761,2026-04-24,Other,Medium,6,3.0,Phone
TKT000602,CUST00762,2025-08-07,Cancellation,Medium,2,2.0,Chat
TKT000603,CUST00762,2026-02-07,Connectivity,Low,4,3.0,Phone
TKT000604,CUST00762,2025-12-16,Cancellation,Low,6,3.0,Email
TKT000605,CUST00763,2025-12-07,Technical,Low,2,5.0,Chat
TKT000606,CUST00764,2026-05-22,Technical,Medium,1,4.0,App
TKT000607,CUST00771,2025-10-10,Other,Low,2,4.0,Email
TKT000608,CUST00773,2025-06-19,Technical,Medium,3,4.0,Phone
TKT000609,CUST00774,2025-12-30,Other,Medium,3,3.0,Chat
TKT000610,CUST00774,2026-03-31,Cancellation,Medium,5,3.0,App
TKT000611,CUST00776,2025-05-08,Billing,Low,4,4.0,Chat
TKT000612,CUST00776,2025-04-07,Other,Low,8,4.0,Phone
TKT000613,CUST00777,2025-08-30,Plan Change,Low,2,4.0,Phone
TKT000614,CUST00777,2026-01-30,Other,Medium,2,4.0,Email
TKT000615,CUST00778,2025-10-06,Cancellation,Low,3,3.0,App
TKT000616,CUST00781,2026-02-09,Technical,Low,5,4.0,Phone
TKT000617,CUST00783,2025-10-13,Billing,Low,2,3.0,Chat
TKT000618,CUST00787,2026-04-23,Connectivity,Low,2,3.0,Chat
TKT000619,CUST00788,2026-04-13,Billing,Low,6,3.0,Email
TKT000620,CUST00789,2026-01-22,Technical,Low,5,2.0,App
TKT000621,CUST00789,2026-05-01,Billing,Low,6,4.0,Phone
TKT000622,CUST00790,2026-03-23,Technical,Low,4,3.0,Email
TKT000623,CUST00791,2026-05-06,Billing,Medium,3,3.0,Chat
TKT000624,CUST00793,2025-11-12,Other,Low,3,5.0,App
TKT000625,CUST00793,2026-03-08,Cancellation,High,2,3.0,Phone
TKT000626,CUST00798,2025-08-01,Billing,Low,3,3.0,Email
TKT000627,CUST00799,2025-03-14,Cancellation,Medium,3,3.0,App
TKT000628,CUST00800,2024-11-13,Technical,Medium,2,4.0,Phone
TKT000629,CUST00800,2026-04-01,Other,Low,9,5.0,App
TKT000630,CUST00801,2025-05-08,Connectivity,Low,4,3.0,App
TKT000631,CUST00801,2025-09-29,Billing,High,11,4.0,App
TKT000632,CUST00802,2026-05-23,Technical,Low,1,4.0,App
TKT000633,CUST00802,2025-04-10,Other,Low,2,4.0,Chat
TKT000634,CUST00803,2025-05-06,Technical,Low,6,4.0,Phone
TKT000635,CUST00803,2025-10-27,Plan Change,Low,3,3.0,App
TKT000636,CUST00803,2026-02-09,Billing,Medium,4,4.0,App
TKT000637,CUST00805,2026-04-06,Plan Change,Medium,5,5.0,Email
TKT000638,CUST00806,2024-12-07,Technical,High,2,3.0,App
TKT000639,CUST00809,2025-12-12,Billing,Medium,7,4.0,Email
TKT000640,CUST00809,2026-01-07,Technical,Low,9,5.0,App
TKT000641,CUST00810,2025-09-05,Billing,Low,8,5.0,Email
TKT000642,CUST00812,2025-12-31,Connectivity,Medium,2,3.0,Phone
TKT000643,CUST00812,2026-05-20,Plan Change,Medium,3,3.0,Chat
TKT000644,CUST00813,2026-03-21,Billing,Low,11,4.0,Email
TKT000645,CUST00814,2025-12-09,Billing,Low,1,4.0,App
TKT000646,CUST00814,2025-04-16,Plan Change,Low,7,4.0,Chat
TKT000647,CUST00816,2025-05-28,Plan Change,Low,1,4.0,Email
TKT000648,CUST00817,2026-02-17,Other,Medium,1,3.0,App
TKT000649,CUST00821,2026-02-15,Billing,Low,5,4.0,App
TKT000650,CUST00822,2025-10-12,Other,Low,5,3.0,Email
TKT000651,CUST00822,2025-12-30,Plan Change,Medium,2,5.0,Chat
TKT000652,CUST00823,2026-02-06,Billing,Low,5,4.0,Phone
TKT000653,CUST00824,2024-11-28,Connectivity,High,2,3.0,Email
TKT000654,CUST00826,2026-05-25,Plan Change,Medium,2,5.0,App
TKT000655,CUST00826,2026-05-06,Billing,Medium,2,3.0,Phone
TKT000656,CUST00827,2026-05-30,Other,Low,7,5.0,Phone
TKT000657,CUST00828,2025-07-05,Billing,Low,5,2.0,Phone
TKT000658,CUST00829,2025-09-21,Billing,Medium,4,5.0,Chat
TKT000659,CUST00832,2025-02-11,Technical,Low,1,4.0,Phone
TKT000660,CUST00836,2026-02-21,Technical,High,1,3.0,Email
TKT000661,CUST00836,2025-03-23,Billing,Medium,2,4.0,App
TKT000662,CUST00836,2025-07-19,Cancellation,Low,7,4.0,App
TKT000663,CUST00836,2026-02-20,Technical,Low,10,4.0,App
TKT000664,CUST00836,2025-12-29,Cancellation,Medium,6,3.0,App
TKT000665,CUST00838,2025-07-16,Other,Low,7,3.0,Chat
TKT000666,CUST00847,2025-01-04,Cancellation,Low,7,4.0,Phone
TKT000667,CUST00852,2026-04-30,Technical,Low,2,2.0,Chat
TKT000668,CUST00853,2026-06-15,Billing,High,3,3.0,Email
TKT000669,CUST00854,2026-05-04,Cancellation,Low,7,4.0,Email
TKT000670,CUST00854,2026-01-23,Connectivity,Medium,18,5.0,App
TKT000671,CUST00857,2025-10-24,Connectivity,Low,9,5.0,App
TKT000672,CUST00859,2025-09-30,Cancellation,Low,4,3.0,App
TKT000673,CUST00859,2025-09-14,Plan Change,High,2,3.0,Phone
TKT000674,CUST00859,2024-12-31,Cancellation,Medium,9,3.0,Chat
TKT000675,CUST00861,2025-09-26,Plan Change,Low,3,5.0,Email
TKT000676,CUST00862,2024-10-16,Technical,High,5,4.0,App
TKT000677,CUST00864,2024-10-03,Other,Low,3,4.0,Chat
TKT000678,CUST00865,2026-06-07,Technical,Low,7,3.0,Phone
TKT000679,CUST00866,2025-04-16,Connectivity,Low,3,5.0,App
TKT000680,CUST00866,2025-05-23,Billing,Medium,3,3.0,Email
TKT000681,CUST00867,2025-08-05,Billing,Medium,4,4.0,Chat
TKT000682,CUST00868,2025-05-30,Technical,Low,3,5.0,Chat
TKT000683,CUST00869,2026-05-17,Other,Low,5,3.0,Phone
TKT000684,CUST00869,2026-01-10,Billing,Low,10,4.0,Email
TKT000685,CUST00869,2026-06-20,Connectivity,Low,2,4.0,Email
TKT000686,CUST00870,2026-04-09,Cancellation,Medium,20,4.0,Phone
TKT000687,CUST00871,2025-12-27,Connectivity,Low,4,2.0,Email
TKT000688,CUST00871,2026-02-10,Technical,Low,3,5.0,App
TKT000689,CUST00873,2026-05-28,Plan Change,Low,2,5.0,App
TKT000690,CUST00873,2025-09-01,Other,Low,2,4.0,App
TKT000691,CUST00873,2025-05-05,Plan Change,Low,2,4.0,App
TKT000692,CUST00881,2025-06-21,Other,Medium,2,4.0,Email
TKT000693,CUST00887,2026-01-26,Connectivity,Low,5,5.0,Email
TKT000694,CUST00888,2025-07-07,Other,Medium,5,3.0,Email
TKT000695,CUST00889,2026-06-07,Cancellation,Low,6,5.0,App
TKT000696,CUST00890,2024-11-26,Plan Change,Low,3,3.0,Email
TKT000697,CUST00892,2025-08-10,Cancellation,Low,4,5.0,Phone
TKT000698,CUST00892,2025-11-11,Plan Change,Medium,5,4.0,Phone
TKT000699,CUST00892,2026-05-28,Plan Change,Low,3,5.0,App
TKT000700,CUST00892,2025-12-03,Connectivity,Low,5,3.0,App
TKT000701,CUST00892,2025-11-16,Billing,Medium,2,4.0,Phone
TKT000702,CUST00896,2025-06-11,Connectivity,Low,3,5.0,App
TKT000703,CUST00897,2026-04-19,Cancellation,Low,1,4.0,Phone
TKT000704,CUST00899,2025-04-06,Connectivity,High,11,4.0,Chat
TKT000705,CUST00900,2025-09-25,Plan Change,Medium,4,5.0,Phone
TKT000706,CUST00901,2026-06-15,Plan Change,Medium,2,3.0,Phone
TKT000707,CUST00903,2026-03-02,Connectivity,Low,14,3.0,App
TKT000708,CUST00904,2026-06-07,Plan Change,Low,2,3.0,Chat
TKT000709,CUST00904,2026-01-13,Billing,Low,1,4.0,Phone
TKT000710,CUST00905,2026-05-06,Other,Medium,3,4.0,App
TKT000711,CUST00909,2025-06-28,Cancellation,Low,3,4.0,Chat
TKT000712,CUST00913,2025-03-18,Cancellation,Low,3,4.0,Email
TKT000713,CUST00913,2025-03-17,Connectivity,Medium,2,2.0,Chat
TKT000714,CUST00913,2026-01-01,Other,Low,2,3.0,Phone
TKT000715,CUST00914,2026-03-04,Billing,Medium,2,3.0,Email
TKT000716,CUST00918,2025-06-26,Plan Change,Medium,2,5.0,App
TKT000717,CUST00919,2026-05-26,Technical,High,2,4.0,Chat
TKT000718,CUST00921,2025-12-13,Connectivity,Medium,3,5.0,App
TKT000719,CUST00923,2026-06-19,Billing,Low,1,4.0,Chat
TKT000720,CUST00923,2026-05-06,Other,Medium,3,4.0,Phone
TKT000721,CUST00926,2026-03-20,Connectivity,Medium,6,4.0,Email
TKT000722,CUST00933,2025-06-13,Plan Change,Low,3,4.0,Chat
TKT000723,CUST00936,2024-04-12,Connectivity,Low,3,3.0,Chat
TKT000724,CUST00936,2026-01-28,Connectivity,Low,3,4.0,Phone
TKT000725,CUST00941,2026-06-18,Other,High,2,3.0,App
TKT000726,CUST00942,2024-11-12,Plan Change,Medium,3,4.0,App
TKT000727,CUST00943,2025-01-22,Cancellation,Medium,1,3.0,Phone
TKT000728,CUST00943,2025-07-12,Cancellation,Low,10,5.0,Chat
TKT000729,CUST00943,2025-07-11,Technical,Low,1,4.0,App
TKT000730,CUST00945,2026-04-30,Cancellation,Low,3,5.0,App
TKT000731,CUST00945,2026-04-07,Connectivity,Low,4,3.0,Phone
TKT000732,CUST00947,2025-12-01,Cancellation,Medium,4,4.0,App
TKT000733,CUST00947,2024-12-06,Technical,Low,3,5.0,App
TKT000734,CUST00947,2026-02-19,Plan Change,Medium,3,4.0,App
TKT000735,CUST00948,2025-05-27,Cancellation,Low,2,4.0,Chat
TKT000736,CUST00949,2026-04-06,Technical,High,1,4.0,Phone
TKT000737,CUST00949,2026-04-28,Plan Change,Low,4,4.0,Chat
TKT000738,CUST00949,2026-06-10,Cancellation,Medium,2,5.0,Phone
TKT000739,CUST00950,2024-09-15,Cancellation,Medium,4,5.0,Phone
TKT000740,CUST00952,2025-04-17,Billing,Medium,1,3.0,App
TKT000741,CUST00954,2025-07-16,Technical,Low,1,3.0,Email
TKT000742,CUST00955,2026-02-04,Connectivity,Medium,3,4.0,Chat
TKT000743,CUST00956,2025-08-05,Plan Change,Low,3,3.0,App
TKT000744,CUST00960,2025-09-14,Technical,Medium,6,3.0,Chat
TKT000745,CUST00960,2026-04-24,Billing,Medium,2,4.0,Phone
TKT000746,CUST00964,2026-06-14,Technical,Low,1,3.0,App
TKT000747,CUST00964,2026-01-15,Cancellation,Medium,4,3.0,Chat
TKT000748,CUST00964,2025-12-13,Connectivity,Low,9,3.0,Phone
TKT000749,CUST00965,2026-02-15,Cancellation,Medium,10,4.0,Chat
TKT000750,CUST00966,2026-02-03,Technical,Low,3,4.0,Phone
TKT000751,CUST00968,2025-07-28,Other,Medium,2,5.0,Phone
TKT000752,CUST00969,2026-05-19,Plan Change,Low,4,4.0,Email
TKT000753,CUST00970,2026-05-29,Other,Medium,5,4.0,Chat
TKT000754,CUST00972,2026-05-21,Technical,Medium,10,3.0,Phone
TKT000755,CUST00972,2026-05-24,Technical,Medium,6,4.0,Phone
TKT000756,CUST00973,2026-02-01,Technical,High,6,3.0,Phone
TKT000757,CUST00973,2026-03-31,Other,High,3,1.0,Email
TKT000758,CUST00975,2025-04-13,Plan Change,Low,3,4.0,App
TKT000759,CUST00975,2025-06-01,Plan Change,Low,1,4.0,Email
TKT000760,CUST00980,2025-06-14,Other,Low,4,3.0,App
TKT000761,CUST00980,2025-10-09,Other,Low,4,5.0,App
TKT000762,CUST00980,2026-02-03,Technical,High,3,3.0,Phone
TKT000763,CUST00981,2025-09-13,Connectivity,Low,5,4.0,Email
TKT000764,CUST00982,2026-03-05,Connectivity,Low,1,4.0,Email
TKT000765,CUST00982,2025-12-03,Technical,Low,2,4.0,App
TKT000766,CUST00983,2026-05-26,Technical,Low,6,4.0,Chat
TKT000767,CUST00983,2026-05-10,Cancellation,Medium,3,4.0,Phone
TKT000768,CUST00984,2024-08-07,Billing,Low,3,5.0,Chat
TKT000769,CUST00988,2025-10-14,Connectivity,Low,3,5.0,Phone
TKT000770,CUST00989,2026-03-29,Technical,Medium,3,4.0,App
TKT000771,CUST00990,2026-02-16,Connectivity,Low,2,4.0,Phone
TKT000772,CUST00990,2024-12-13,Cancellation,Medium,3,4.0,Email
TKT000773,CUST00990,2024-04-19,Connectivity,Medium,1,5.0,Email
TKT000774,CUST00990,2024-10-03,Billing,Medium,4,4.0,Phone
TKT000775,CUST00990,2024-08-02,Billing,Medium,3,4.0,Phone
TKT000776,CUST00994,2026-02-15,Plan Change,Low,7,3.0,Phone
TKT000777,CUST00994,2026-02-13,Other,High,6,4.0,Phone
TKT000778,CUST00996,2026-03-01,Plan Change,Low,3,4.0,Email
TKT000779,CUST00997,2025-10-09,Other,Low,3,4.0,Chat
TKT000780,CUST00997,2026-04-01,Cancellation,Medium,2,5.0,Email
TKT000781,CUST00999,2025-02-13,Other,Low,3,3.0,Email
TKT000782,CUST01000,2024-12-08,Other,Medium,5,5.0,Chat
TKT000783,CUST01001,2026-04-05,Billing,Low,3,5.0,App
TKT000784,CUST01002,2026-03-23,Cancellation,Low,1,3.0,Email
TKT000785,CUST01004,2025-03-20,Plan Change,Low,3,3.0,Email
TKT000786,CUST01004,2025-09-02,Technical,High,1,2.0,App
TKT000787,CUST01005,2024-07-24,Plan Change,Low,3,3.0,Email
TKT000788,CUST01006,2025-04-18,Plan Change,High,3,2.0,Phone
TKT000789,CUST01007,2026-01-08,Cancellation,Medium,5,3.0,Chat
TKT000790,CUST01009,2025-04-20,Other,Medium,4,5.0,Phone
TKT000791,CUST01010,2026-03-16,Billing,Medium,2,4.0,Phone
TKT000792,CUST01010,2026-04-22,Connectivity,Low,5,5.0,App
TKT000793,CUST01017,2025-11-09,Billing,Medium,9,3.0,Chat
TKT000794,CUST01017,2026-04-20,Connectivity,Low,3,3.0,Chat
TKT000795,CUST01017,2025-08-05,Other,Medium,2,5.0,Phone
TKT000796,CUST01019,2025-02-27,Other,Medium,2,4.0,Phone
TKT000797,CUST01019,2025-12-22,Other,Medium,5,5.0,Phone
TKT000798,CUST01025,2026-06-08,Technical,Low,3,4.0,Phone
TKT000799,CUST01029,2025-11-22,Plan Change,Medium,4,4.0,Chat
TKT000800,CUST01031,2026-05-16,Plan Change,Medium,1,4.0,App
TKT000801,CUST01031,2026-06-09,Technical,Medium,3,5.0,Email
TKT000802,CUST01035,2026-02-13,Plan Change,Low,6,3.0,Phone
TKT000803,CUST01037,2026-05-31,Billing,Low,2,5.0,Chat
TKT000804,CUST01037,2026-02-03,Technical,Medium,4,3.0,Chat
TKT000805,CUST01038,2025-08-09,Technical,Medium,4,4.0,Email
TKT000806,CUST01040,2026-04-13,Plan Change,Medium,2,3.0,Chat
TKT000807,CUST01041,2026-06-03,Billing,Low,4,5.0,Chat
TKT000808,CUST01042,2026-02-10,Other,Low,1,5.0,Phone
TKT000809,CUST01043,2026-05-05,Billing,Low,4,2.0,Email
TKT000810,CUST01044,2026-05-17,Technical,Medium,7,3.0,Chat
TKT000811,CUST01046,2025-02-02,Technical,Medium,2,5.0,Phone
TKT000812,CUST01049,2025-09-07,Billing,Low,3,3.0,Email
TKT000813,CUST01049,2026-05-15,Plan Change,Medium,1,4.0,Phone
TKT000814,CUST01050,2024-04-15,Cancellation,Low,4,3.0,Email
TKT000815,CUST01050,2026-05-29,Technical,Low,3,3.0,Chat
TKT000816,CUST01053,2026-04-16,Billing,High,3,4.0,App
TKT000817,CUST01053,2024-10-05,Plan Change,Medium,3,5.0,App
TKT000818,CUST01054,2026-05-27,Other,Medium,4,3.0,Phone
TKT000819,CUST01054,2026-05-25,Connectivity,Medium,2,4.0,Chat
TKT000820,CUST01055,2026-02-09,Billing,Low,3,3.0,Chat
TKT000821,CUST01056,2026-01-11,Plan Change,Medium,3,3.0,Email
TKT000822,CUST01057,2026-06-15,Technical,Low,5,5.0,Chat
TKT000823,CUST01058,2025-03-14,Billing,High,3,3.0,Email
TKT000824,CUST01065,2025-12-27,Technical,Low,6,4.0,App
TKT000825,CUST01069,2026-05-09,Connectivity,Low,3,4.0,Phone
TKT000826,CUST01069,2026-03-16,Billing,Low,5,4.0,App
TKT000827,CUST01072,2025-10-19,Cancellation,High,7,4.0,Phone
TKT000828,CUST01072,2025-06-28,Plan Change,Medium,2,3.0,Phone
TKT000829,CUST01073,2025-08-31,Technical,Low,4,5.0,App
TKT000830,CUST01074,2026-03-19,Billing,High,4,2.0,Email
TKT000831,CUST01075,2025-09-09,Other,Low,5,2.0,Email
TKT000832,CUST01076,2025-09-05,Other,Medium,10,3.0,App
TKT000833,CUST01076,2025-12-10,Billing,Low,3,4.0,Email
TKT000834,CUST01077,2026-03-18,Connectivity,Medium,6,3.0,Chat
TKT000835,CUST01077,2026-04-10,Cancellation,Medium,4,3.0,Phone
TKT000836,CUST01078,2026-05-03,Connectivity,Low,5,3.0,Chat
TKT000837,CUST01080,2025-12-01,Technical,Medium,3,4.0,Phone
TKT000838,CUST01082,2026-04-15,Technical,Medium,2,3.0,Chat
TKT000839,CUST01082,2026-04-15,Connectivity,Medium,5,4.0,Phone
TKT000840,CUST01083,2025-10-14,Cancellation,Low,7,4.0,Chat
TKT000841,CUST01084,2025-06-25,Technical,Low,6,4.0,Phone
TKT000842,CUST01084,2025-08-30,Connectivity,Medium,10,5.0,Phone
TKT000843,CUST01088,2026-01-15,Cancellation,High,2,4.0,App
TKT000844,CUST01088,2025-06-02,Plan Change,High,5,5.0,Chat
TKT000845,CUST01089,2026-05-26,Cancellation,High,8,2.0,Chat
TKT000846,CUST01090,2026-03-26,Billing,Low,5,5.0,Chat
TKT000847,CUST01093,2025-07-10,Billing,Low,3,2.0,Chat
TKT000848,CUST01093,2026-06-09,Plan Change,High,4,2.0,App
TKT000849,CUST01093,2024-11-30,Billing,Low,5,3.0,Chat
TKT000850,CUST01096,2026-03-14,Cancellation,Medium,3,3.0,App
TKT000851,CUST01098,2025-12-26,Connectivity,Low,7,3.0,Email
TKT000852,CUST01098,2025-12-27,Technical,Low,3,4.0,Email
TKT000853,CUST01100,2025-06-01,Technical,Low,3,3.0,App
TKT000854,CUST01100,2025-12-06,Billing,Medium,1,4.0,Phone
TKT000855,CUST01100,2025-03-07,Plan Change,Low,2,3.0,Chat
TKT000856,CUST01101,2025-07-21,Billing,Medium,3,4.0,App
TKT000857,CUST01103,2025-09-16,Plan Change,Low,3,3.0,Chat
TKT000858,CUST01103,2025-03-26,Billing,Medium,3,3.0,Email
TKT000859,CUST01105,2025-06-06,Technical,Low,1,3.0,App
TKT000860,CUST01105,2026-03-07,Cancellation,Low,6,4.0,Phone
TKT000861,CUST01105,2025-04-25,Cancellation,Medium,5,3.0,Chat
TKT000862,CUST01109,2026-06-01,Billing,Low,5,3.0,Chat
TKT000863,CUST01110,2026-05-07,Other,Medium,2,4.0,Email
TKT000864,CUST01110,2025-01-29,Billing,Low,1,4.0,Phone
TKT000865,CUST01111,2025-10-13,Cancellation,Medium,2,5.0,Phone
TKT000866,CUST01115,2024-09-16,Billing,Low,5,2.0,App
TKT000867,CUST01115,2024-09-01,Technical,Low,2,4.0,Phone
TKT000868,CUST01115,2025-05-30,Plan Change,Medium,6,5.0,Phone
TKT000869,CUST01115,2025-07-20,Billing,Low,2,3.0,Email
TKT000870,CUST01115,2025-02-03,Connectivity,High,4,2.0,Chat
TKT000871,CUST01118,2026-05-07,Cancellation,Low,5,4.0,Email
TKT000872,CUST01118,2026-06-15,Other,Medium,2,4.0,Phone
TKT000873,CUST01122,2026-05-24,Billing,Low,3,3.0,Chat
TKT000874,CUST01125,2025-11-05,Plan Change,Low,1,4.0,Email
TKT000875,CUST01126,2026-06-09,Plan Change,Medium,3,3.0,Phone
TKT000876,CUST01128,2026-02-12,Technical,Medium,3,4.0,Chat
TKT000877,CUST01129,2025-02-01,Cancellation,High,3,2.0,Phone
TKT000878,CUST01129,2026-01-06,Plan Change,Low,7,4.0,Phone
TKT000879,CUST01129,2026-03-01,Billing,Low,2,4.0,Phone
TKT000880,CUST01130,2026-05-26,Plan Change,Low,5,4.0,Chat
TKT000881,CUST01132,2025-12-10,Cancellation,Medium,6,4.0,Chat
TKT000882,CUST01133,2026-05-11,Connectivity,Low,1,3.0,Phone
TKT000883,CUST01134,2025-09-15,Technical,Low,3,3.0,Phone
TKT000884,CUST01134,2025-04-10,Cancellation,Low,5,3.0,Phone
TKT000885,CUST01135,2026-06-12,Plan Change,Low,5,5.0,Chat
TKT000886,CUST01136,2026-04-26,Plan Change,Medium,2,5.0,Chat
TKT000887,CUST01141,2026-01-30,Plan Change,Low,2,4.0,Email
TKT000888,CUST01141,2025-10-11,Plan Change,Low,1,3.0,Email
TKT000889,CUST01143,2025-10-22,Connectivity,Medium,1,4.0,Phone
TKT000890,CUST01143,2025-12-27,Plan Change,Medium,4,3.0,Chat
TKT000891,CUST01144,2026-05-26,Connectivity,Low,7,3.0,Chat
TKT000892,CUST01145,2025-03-06,Billing,Low,2,4.0,Phone
TKT000893,CUST01146,2026-03-09,Cancellation,Low,3,4.0,App
TKT000894,CUST01146,2026-03-13,Other,Low,3,5.0,Chat
TKT000895,CUST01148,2025-11-21,Cancellation,Low,2,5.0,Chat
TKT000896,CUST01149,2026-04-16,Technical,Low,1,3.0,Phone
TKT000897,CUST01150,2026-03-26,Connectivity,Medium,2,4.0,Email
TKT000898,CUST01150,2024-06-21,Connectivity,High,4,3.0,Chat
TKT000899,CUST01151,2025-05-01,Connectivity,Medium,8,2.0,App
TKT000900,CUST01151,2026-04-01,Connectivity,Medium,4,5.0,App
TKT000901,CUST01152,2025-09-11,Cancellation,Medium,3,4.0,Phone
TKT000902,CUST01153,2025-08-14,Other,High,2,4.0,Phone
TKT000903,CUST01154,2026-04-23,Billing,Low,8,5.0,Phone
TKT000904,CUST01154,2025-06-08,Other,Medium,4,4.0,Chat
TKT000905,CUST01154,2026-04-07,Plan Change,High,8,3.0,Phone
TKT000906,CUST01155,2025-11-24,Technical,Low,8,3.0,Email
TKT000907,CUST01156,2024-12-09,Billing,High,7,2.0,App
TKT000908,CUST01156,2024-08-07,Plan Change,High,5,3.0,Chat
TKT000909,CUST01157,2025-08-20,Connectivity,Low,11,,Email
TKT000910,CUST01159,2025-09-18,Technical,Low,2,4.0,Email
TKT000911,CUST01160,2025-08-10,Plan Change,Medium,2,5.0,Chat
TKT000912,CUST01161,2026-03-21,Technical,Low,3,4.0,Email
TKT000913,CUST01161,2026-05-06,Plan Change,High,2,4.0,App
TKT000914,CUST01162,2026-03-13,Connectivity,High,9,3.0,Email
TKT000915,CUST01163,2026-04-12,Cancellation,Medium,4,4.0,App
TKT000916,CUST01165,2026-01-06,Plan Change,Medium,3,4.0,App
TKT000917,CUST01165,2026-01-14,Billing,Medium,4,4.0,Chat
TKT000918,CUST01166,2024-06-03,Technical,High,7,3.0,Email
TKT000919,CUST01167,2026-04-27,Plan Change,Low,3,4.0,Email
TKT000920,CUST01168,2026-02-07,Billing,Medium,3,3.0,App
TKT000921,CUST01169,2025-07-19,Billing,Medium,3,3.0,Phone
TKT000922,CUST01170,2026-05-04,Connectivity,Low,1,4.0,Phone
TKT000923,CUST01171,2025-12-28,Technical,High,5,2.0,App
TKT000924,CUST01172,2024-07-09,Billing,Low,2,3.0,Chat
TKT000925,CUST01175,2024-11-14,Plan Change,Low,2,4.0,Email
TKT000926,CUST01175,2026-06-08,Technical,Low,3,4.0,App
TKT000927,CUST01177,2024-12-17,Technical,Medium,6,5.0,Email
TKT000928,CUST01178,2025-03-31,Other,Low,7,4.0,App
TKT000929,CUST01180,2026-01-11,Cancellation,Low,5,3.0,Phone
TKT000930,CUST01181,2026-01-01,Connectivity,Low,1,5.0,Phone
TKT000931,CUST01187,2026-05-18,Cancellation,Low,2,4.0,App
TKT000932,CUST01188,2025-11-04,Other,Low,2,3.0,Chat
TKT000933,CUST01193,2025-03-15,Other,Medium,9,5.0,App
TKT000934,CUST01194,2025-09-29,Billing,Low,5,3.0,App
TKT000935,CUST01195,2026-01-20,Cancellation,Low,8,4.0,Email
TKT000936,CUST01195,2026-04-16,Connectivity,Medium,2,5.0,Chat
TKT000937,CUST01195,2025-09-19,Connectivity,Low,4,4.0,Email
TKT000938,CUST01195,2025-07-04,Billing,Medium,5,3.0,Email
TKT000939,CUST01196,2025-09-26,Plan Change,Low,4,3.0,Chat
TKT000940,CUST01197,2026-03-14,Other,Medium,2,3.0,Chat
TKT000941,CUST01199,2025-07-20,Connectivity,Medium,4,4.0,Email
TKT000942,CUST01201,2025-09-29,Technical,High,2,3.0,App
TKT000943,CUST01205,2026-03-06,Other,Low,3,2.0,Phone
TKT000944,CUST01206,2025-04-28,Billing,Low,2,4.0,App
TKT000945,CUST01207,2025-07-29,Plan Change,High,2,4.0,Email
TKT000946,CUST01208,2026-05-08,Other,High,5,2.0,Chat
TKT000947,CUST01209,2024-10-13,Cancellation,Low,2,4.0,Chat
TKT000948,CUST01215,2026-04-29,Technical,High,8,4.0,Email
TKT000949,CUST01217,2026-04-29,Connectivity,Low,2,5.0,Chat
TKT000950,CUST01218,2025-11-08,Connectivity,High,4,3.0,Chat
TKT000951,CUST01220,2025-11-15,Plan Change,Low,1,5.0,Chat
TKT000952,CUST01223,2025-12-26,Connectivity,High,1,2.0,Email
TKT000953,CUST01224,2026-02-04,Connectivity,Low,11,3.0,App
TKT000954,CUST01225,2025-09-16,Other,Medium,3,5.0,Chat
TKT000955,CUST01225,2025-12-31,Plan Change,Low,2,3.0,App
TKT000956,CUST01226,2026-04-22,Billing,High,4,2.0,Phone
TKT000957,CUST01227,2026-04-26,Billing,High,2,2.0,App
TKT000958,CUST01230,2026-06-01,Technical,Medium,9,5.0,Chat
TKT000959,CUST01231,2025-04-22,Technical,Medium,1,5.0,Chat
TKT000960,CUST01232,2024-11-03,Plan Change,Low,2,4.0,Email
TKT000961,CUST01235,2026-05-05,Other,Medium,1,5.0,Chat
TKT000962,CUST01235,2024-12-23,Other,High,3,3.0,App
TKT000963,CUST01236,2025-12-19,Other,Low,3,4.0,Chat
TKT000964,CUST01236,2024-05-16,Other,Low,2,5.0,Email
TKT000965,CUST01236,2024-12-12,Plan Change,Medium,6,5.0,App
TKT000966,CUST01237,2026-05-17,Technical,Low,4,4.0,Email
TKT000967,CUST01237,2025-06-01,Plan Change,Low,5,3.0,Email
TKT000968,CUST01237,2026-03-23,Technical,Medium,7,3.0,Chat
TKT000969,CUST01241,2024-09-04,Connectivity,Medium,12,2.0,App
TKT000970,CUST01242,2025-11-13,Connectivity,Low,6,5.0,App
TKT000971,CUST01244,2025-06-22,Connectivity,Low,3,3.0,Phone
TKT000972,CUST01245,2025-07-07,Plan Change,Medium,3,,Phone
TKT000973,CUST01245,2025-04-30,Cancellation,Medium,4,5.0,Phone
TKT000974,CUST01249,2026-05-07,Connectivity,Medium,7,4.0,App
TKT000975,CUST01249,2026-04-03,Technical,Low,5,4.0,Phone
TKT000976,CUST01251,2025-11-26,Connectivity,Low,3,4.0,Phone
TKT000977,CUST01251,2025-06-02,Technical,Medium,4,3.0,Phone
TKT000978,CUST01251,2025-05-28,Billing,Medium,2,4.0,Phone
TKT000979,CUST01255,2025-08-23,Billing,Medium,2,4.0,Chat
TKT000980,CUST01257,2025-12-05,Cancellation,Low,4,3.0,Email
TKT000981,CUST01257,2025-06-28,Other,Low,6,4.0,Phone
TKT000982,CUST01258,2025-05-31,Connectivity,Low,3,5.0,Phone
TKT000983,CUST01260,2025-05-02,Connectivity,Low,3,3.0,Phone
TKT000984,CUST01260,2025-04-27,Connectivity,Low,2,3.0,Phone
TKT000985,CUST01261,2024-06-25,Connectivity,Low,4,4.0,Chat
TKT000986,CUST01261,2025-03-01,Plan Change,Low,4,3.0,Email
TKT000987,CUST01262,2026-03-08,Plan Change,Medium,1,4.0,Phone
TKT000988,CUST01264,2026-05-29,Technical,Low,4,3.0,Email
TKT000989,CUST01264,2026-04-30,Plan Change,Medium,2,4.0,Chat
TKT000990,CUST01265,2026-05-23,Billing,Medium,3,3.0,App
TKT000991,CUST01266,2025-11-10,Plan Change,Low,3,4.0,Chat
TKT000992,CUST01267,2025-12-22,Cancellation,Low,3,5.0,Phone
TKT000993,CUST01269,2026-02-22,Technical,Medium,1,4.0,Chat
TKT000994,CUST01269,2026-04-21,Connectivity,Low,2,4.0,Phone
TKT000995,CUST01270,2025-11-29,Technical,Low,6,4.0,Email
TKT000996,CUST01271,2026-02-10,Technical,Low,6,5.0,App
TKT000997,CUST01274,2025-12-24,Technical,Low,2,4.0,Chat
TKT000998,CUST01277,2024-06-23,Other,Low,5,4.0,Chat
TKT000999,CUST01277,2024-07-24,Connectivity,Medium,2,4.0,Phone
TKT001000,CUST01279,2025-03-04,Connectivity,Medium,2,4.0,Email
TKT001001,CUST01282,2025-10-21,Cancellation,Low,4,3.0,App
TKT001002,CUST01283,2026-06-12,Billing,Low,2,4.0,App
TKT001003,CUST01285,2025-12-03,Cancellation,Medium,6,,App
TKT001004,CUST01286,2026-05-18,Plan Change,High,3,3.0,Chat
TKT001005,CUST01286,2026-04-30,Cancellation,High,2,2.0,Chat
TKT001006,CUST01286,2026-05-21,Cancellation,Medium,4,4.0,Chat
TKT001007,CUST01286,2026-05-02,Plan Change,Low,3,3.0,Email
TKT001008,CUST01288,2025-11-21,Other,Medium,2,5.0,Email
TKT001009,CUST01290,2025-12-23,Cancellation,Low,5,4.0,Email
TKT001010,CUST01291,2026-03-18,Other,Low,1,5.0,App
TKT001011,CUST01295,2026-05-18,Technical,Medium,6,3.0,Phone
TKT001012,CUST01296,2026-05-04,Plan Change,Low,2,5.0,Phone
TKT001013,CUST01296,2025-06-14,Plan Change,Medium,1,5.0,Email
TKT001014,CUST01297,2025-02-08,Technical,High,5,2.0,Email
TKT001015,CUST01299,2025-08-11,Technical,Low,5,5.0,Chat
TKT001016,CUST01300,2026-05-21,Technical,High,3,3.0,Email
TKT001017,CUST01301,2024-08-01,Cancellation,Low,2,5.0,Chat
TKT001018,CUST01301,2025-07-16,Cancellation,Medium,4,5.0,Phone
TKT001019,CUST01301,2025-07-10,Plan Change,Medium,2,4.0,App
TKT001020,CUST01303,2025-06-11,Connectivity,Low,3,4.0,Email
TKT001021,CUST01307,2025-04-04,Billing,High,3,3.0,App
TKT001022,CUST01308,2026-04-27,Connectivity,Medium,4,5.0,Phone
TKT001023,CUST01309,2025-12-17,Technical,Medium,2,4.0,Phone
TKT001024,CUST01310,2025-11-23,Cancellation,Medium,6,4.0,Phone
TKT001025,CUST01311,2026-01-08,Plan Change,Low,2,4.0,Email
TKT001026,CUST01311,2025-12-30,Connectivity,Medium,6,5.0,Chat
TKT001027,CUST01312,2025-07-01,Billing,Low,2,4.0,App
TKT001028,CUST01322,2026-03-15,Connectivity,Low,4,4.0,Phone
TKT001029,CUST01322,2025-11-08,Other,Medium,3,4.0,Phone
TKT001030,CUST01323,2026-05-08,Plan Change,Low,4,4.0,Email
TKT001031,CUST01325,2025-07-03,Technical,Low,1,4.0,Chat
TKT001032,CUST01325,2025-07-19,Connectivity,Medium,1,4.0,Chat
TKT001033,CUST01327,2025-11-04,Other,Low,5,4.0,App
TKT001034,CUST01327,2026-05-11,Plan Change,Low,8,4.0,App
TKT001035,CUST01329,2026-05-31,Other,Low,5,4.0,Email
TKT001036,CUST01330,2025-03-15,Billing,Medium,4,3.0,App
TKT001037,CUST01332,2026-03-15,Technical,Medium,2,4.0,App
TKT001038,CUST01332,2024-10-01,Cancellation,Medium,3,5.0,Chat
TKT001039,CUST01332,2026-02-01,Technical,Medium,4,4.0,Email
TKT001040,CUST01333,2026-03-10,Technical,Low,3,4.0,Chat
TKT001041,CUST01335,2025-12-23,Technical,Medium,22,4.0,App
TKT001042,CUST01335,2025-06-06,Technical,Low,8,4.0,Email
TKT001043,CUST01335,2026-04-04,Billing,Medium,3,3.0,Email
TKT001044,CUST01335,2025-11-24,Connectivity,Low,4,1.0,App
TKT001045,CUST01340,2026-01-18,Technical,Low,4,4.0,App
TKT001046,CUST01340,2025-12-25,Other,Low,5,3.0,Email
TKT001047,CUST01340,2026-03-31,Billing,Low,7,4.0,App
TKT001048,CUST01342,2024-12-27,Cancellation,High,6,2.0,Email
TKT001049,CUST01343,2026-04-27,Billing,Low,4,3.0,App
TKT001050,CUST01344,2025-10-12,Billing,Medium,3,3.0,Phone
TKT001051,CUST01345,2025-11-16,Technical,Low,2,5.0,Chat
TKT001052,CUST01345,2025-10-26,Technical,Low,4,4.0,App
TKT001053,CUST01346,2024-12-03,Other,Medium,3,4.0,App
TKT001054,CUST01346,2024-07-28,Plan Change,Medium,1,4.0,Chat
TKT001055,CUST01347,2026-03-09,Technical,Medium,3,4.0,Phone
TKT001056,CUST01349,2025-08-01,Cancellation,Low,4,4.0,Phone
TKT001057,CUST01349,2026-04-19,Cancellation,Low,6,3.0,App
TKT001058,CUST01350,2025-07-06,Technical,Low,2,5.0,App
TKT001059,CUST01351,2025-04-04,Technical,High,5,3.0,Email
TKT001060,CUST01353,2026-04-12,Plan Change,Low,3,5.0,App
TKT001061,CUST01353,2025-12-27,Other,Low,4,4.0,App
TKT001062,CUST01357,2025-03-26,Plan Change,Low,5,4.0,Phone
TKT001063,CUST01357,2025-02-16,Cancellation,Medium,8,5.0,Phone
TKT001064,CUST01358,2026-05-13,Connectivity,Low,2,4.0,Email
TKT001065,CUST01358,2025-03-18,Other,Medium,5,4.0,Email
TKT001066,CUST01359,2026-03-26,Connectivity,Low,1,4.0,Phone
TKT001067,CUST01359,2026-04-23,Billing,Low,7,4.0,Phone
TKT001068,CUST01363,2025-12-22,Connectivity,Low,4,4.0,Email
TKT001069,CUST01363,2024-10-05,Other,Medium,3,3.0,Chat
TKT001070,CUST01364,2024-08-14,Plan Change,Medium,4,4.0,App
TKT001071,CUST01365,2026-04-15,Plan Change,High,6,1.0,Phone
TKT001072,CUST01366,2024-09-09,Technical,Low,3,3.0,App
TKT001073,CUST01366,2024-07-04,Plan Change,High,3,3.0,Chat
TKT001074,CUST01367,2026-04-29,Plan Change,Medium,5,3.0,App
TKT001075,CUST01368,2025-01-14,Connectivity,Low,3,5.0,Phone
TKT001076,CUST01368,2024-12-15,Connectivity,Low,2,5.0,Phone
TKT001077,CUST01368,2026-03-25,Plan Change,Medium,2,4.0,App
TKT001078,CUST01368,2025-09-23,Connectivity,High,1,3.0,Chat
TKT001079,CUST01369,2025-05-22,Other,Medium,2,4.0,Phone
TKT001080,CUST01370,2026-01-01,Billing,Medium,1,4.0,App
TKT001081,CUST01370,2025-12-28,Technical,Low,1,5.0,Phone
TKT001082,CUST01370,2026-03-07,Cancellation,Medium,13,4.0,Email
TKT001083,CUST01372,2026-04-15,Plan Change,Low,5,4.0,Chat
TKT001084,CUST01374,2026-04-22,Other,Low,1,4.0,Email
TKT001085,CUST01375,2026-05-31,Cancellation,High,5,4.0,Email
TKT001086,CUST01377,2025-09-30,Plan Change,Low,4,5.0,Email
TKT001087,CUST01377,2026-05-13,Other,Low,3,5.0,App
TKT001088,CUST01378,2025-05-29,Connectivity,Low,2,5.0,App
TKT001089,CUST01380,2026-05-26,Cancellation,Medium,6,4.0,App
TKT001090,CUST01381,2026-03-08,Cancellation,Medium,1,3.0,Chat
TKT001091,CUST01384,2026-05-10,Cancellation,Medium,3,4.0,Email
TKT001092,CUST01384,2026-05-06,Billing,Low,2,2.0,Email
TKT001093,CUST01384,2026-06-08,Plan Change,Medium,2,4.0,Email
TKT001094,CUST01385,2025-10-19,Other,Medium,12,4.0,Chat
TKT001095,CUST01389,2025-08-14,Other,Low,2,4.0,Chat
TKT001096,CUST01391,2025-09-21,Technical,Low,10,3.0,Chat
TKT001097,CUST01396,2025-11-02,Billing,Low,2,3.0,Email
TKT001098,CUST01398,2026-03-05,Technical,Low,2,3.0,App
TKT001099,CUST01399,2025-05-15,Other,Medium,7,4.0,App
TKT001100,CUST01400,2026-02-22,Billing,Medium,4,3.0,Phone
TKT001101,CUST01400,2026-05-31,Plan Change,Medium,3,3.0,App
TKT001102,CUST01401,2024-07-23,Technical,Low,4,4.0,Email
TKT001103,CUST01401,2025-08-29,Cancellation,Low,2,3.0,Chat
TKT001104,CUST01402,2025-04-21,Plan Change,Medium,5,5.0,Email
TKT001105,CUST01405,2026-01-19,Other,Low,7,4.0,App
TKT001106,CUST01406,2026-04-01,Plan Change,Medium,10,5.0,Phone
TKT001107,CUST01410,2026-05-03,Technical,High,4,3.0,Chat
TKT001108,CUST01410,2026-05-06,Connectivity,Low,2,4.0,Chat
TKT001109,CUST01411,2025-01-11,Cancellation,Medium,2,5.0,Chat
TKT001110,CUST01412,2025-12-05,Connectivity,Medium,9,4.0,Chat
TKT001111,CUST01412,2024-11-04,Cancellation,Low,1,3.0,Chat
TKT001112,CUST01413,2026-01-17,Plan Change,Low,1,5.0,Chat
TKT001113,CUST01413,2024-07-11,Billing,Low,3,3.0,App
TKT001114,CUST01413,2025-06-30,Connectivity,Low,2,3.0,App
TKT001115,CUST01414,2024-07-01,Other,Low,2,4.0,App
TKT001116,CUST01416,2025-11-03,Technical,Low,4,3.0,Phone
TKT001117,CUST01417,2025-12-12,Plan Change,Medium,2,5.0,Phone
TKT001118,CUST01417,2025-08-06,Cancellation,High,1,2.0,Phone
TKT001119,CUST01422,2025-06-28,Cancellation,Low,4,4.0,Chat
TKT001120,CUST01423,2024-12-28,Cancellation,Low,2,3.0,Phone
TKT001121,CUST01424,2026-02-20,Connectivity,Medium,3,4.0,Email
TKT001122,CUST01425,2026-04-19,Plan Change,Low,3,4.0,Phone
TKT001123,CUST01425,2025-10-18,Cancellation,Low,3,3.0,Chat
TKT001124,CUST01426,2025-12-22,Technical,Medium,7,2.0,Email
TKT001125,CUST01427,2025-08-18,Other,Low,3,3.0,App
TKT001126,CUST01427,2025-01-20,Plan Change,Low,5,5.0,App
TKT001127,CUST01428,2026-06-15,Technical,Low,5,3.0,Chat
TKT001128,CUST01428,2026-05-22,Technical,Low,6,5.0,App
TKT001129,CUST01429,2026-05-05,Other,High,1,3.0,Phone
TKT001130,CUST01430,2025-08-04,Technical,Low,6,4.0,Chat
TKT001131,CUST01431,2026-01-06,Plan Change,Low,2,3.0,Phone
TKT001132,CUST01431,2026-01-14,Cancellation,Medium,3,4.0,Email
TKT001133,CUST01432,2025-04-21,Technical,Low,2,3.0,App
TKT001134,CUST01432,2025-01-10,Connectivity,Low,4,4.0,App
TKT001135,CUST01434,2025-08-20,Other,Low,3,3.0,Chat
TKT001136,CUST01434,2026-04-18,Plan Change,Medium,1,4.0,Phone
TKT001137,CUST01435,2026-04-23,Connectivity,Low,5,4.0,Email
TKT001138,CUST01436,2025-05-20,Plan Change,Low,5,3.0,Phone
TKT001139,CUST01438,2025-09-19,Other,Medium,3,3.0,App
TKT001140,CUST01440,2025-09-12,Other,Low,4,5.0,Email
TKT001141,CUST01440,2025-10-23,Billing,Medium,2,3.0,App
TKT001142,CUST01441,2026-05-21,Technical,Medium,4,3.0,Phone
TKT001143,CUST01441,2025-05-18,Other,Medium,13,4.0,Chat
TKT001144,CUST01443,2026-02-04,Cancellation,Medium,3,3.0,Chat
TKT001145,CUST01444,2025-07-12,Plan Change,Medium,3,4.0,Email
TKT001146,CUST01444,2026-02-24,Plan Change,Medium,1,3.0,Phone
TKT001147,CUST01445,2025-12-03,Technical,Medium,2,3.0,App
TKT001148,CUST01448,2025-02-07,Other,Medium,7,4.0,Chat
TKT001149,CUST01455,2026-01-26,Cancellation,Low,3,4.0,Email
TKT001150,CUST01457,2026-04-12,Other,Low,4,3.0,Chat
TKT001151,CUST01458,2025-07-27,Connectivity,Low,2,5.0,Email
TKT001152,CUST01460,2025-12-19,Other,Medium,2,3.0,Chat
TKT001153,CUST01461,2025-11-05,Billing,Low,4,4.0,Chat
TKT001154,CUST01462,2025-07-06,Billing,Low,2,4.0,Email
TKT001155,CUST01463,2026-03-20,Cancellation,Low,7,4.0,Chat
TKT001156,CUST01466,2025-10-13,Cancellation,Low,7,4.0,Email
TKT001157,CUST01469,2025-12-16,Connectivity,Medium,5,3.0,Email
TKT001158,CUST01470,2026-05-23,Technical,Medium,4,3.0,Email
TKT001159,CUST01471,2026-04-20,Plan Change,Medium,4,4.0,App
TKT001160,CUST01471,2026-04-27,Connectivity,Low,7,4.0,Email
TKT001161,CUST01471,2026-04-19,Other,Medium,3,5.0,App
TKT001162,CUST01474,2026-03-30,Cancellation,Medium,2,2.0,App
TKT001163,CUST01476,2026-02-03,Cancellation,Low,3,5.0,Chat
TKT001164,CUST01476,2026-04-21,Plan Change,Medium,4,4.0,Email
TKT001165,CUST01476,2026-03-16,Cancellation,Low,2,4.0,App
TKT001166,CUST01477,2025-02-26,Technical,Medium,5,5.0,Chat
TKT001167,CUST01478,2025-05-02,Billing,Low,5,4.0,Email
TKT001168,CUST01478,2025-10-22,Plan Change,Low,1,4.0,App
TKT001169,CUST01479,2024-09-14,Other,Medium,4,4.0,Chat
TKT001170,CUST01480,2026-05-11,Connectivity,Medium,2,4.0,Chat
TKT001171,CUST01482,2024-11-27,Plan Change,Medium,18,4.0,Email
TKT001172,CUST01482,2025-07-26,Other,Medium,4,4.0,Chat
TKT001173,CUST01482,2025-11-14,Connectivity,Low,2,4.0,Email
TKT001174,CUST01485,2024-02-28,Plan Change,Low,4,3.0,App
TKT001175,CUST01488,2026-03-01,Billing,Medium,3,4.0,App
TKT001176,CUST01488,2026-03-01,Connectivity,Medium,2,4.0,App
TKT001177,CUST01489,2026-02-10,Connectivity,Low,6,3.0,Email
TKT001178,CUST01489,2026-04-09,Billing,Medium,3,3.0,Email
TKT001179,CUST01492,2025-04-19,Technical,Low,1,3.0,Email
TKT001180,CUST01493,2026-06-03,Connectivity,Medium,3,4.0,Email
TKT001181,CUST01494,2025-05-24,Connectivity,Low,3,3.0,Email
TKT001182,CUST01494,2025-07-04,Connectivity,Medium,3,4.0,Phone
TKT001183,CUST01494,2025-10-31,Cancellation,Low,4,3.0,App
TKT001184,CUST01495,2025-08-29,Other,Low,8,4.0,Email
TKT001185,CUST01495,2026-03-28,Other,Medium,3,5.0,App
TKT001186,CUST01497,2026-04-11,Cancellation,Low,2,5.0,App
TKT001187,CUST01497,2026-04-25,Connectivity,Low,2,4.0,Chat
TKT001188,CUST01498,2025-10-10,Connectivity,Medium,2,4.0,Chat
TKT001189,CUST01499,2026-05-12,Cancellation,Medium,1,3.0,Chat
TKT001190,CUST01499,2025-11-20,Connectivity,Low,3,4.0,Chat
TKT001191,CUST01500,2026-02-19,Billing,Medium,5,4.0,Chat
TKT001192,CUST01501,2025-11-27,Plan Change,Low,5,4.0,App
TKT001193,CUST01502,2025-10-30,Plan Change,High,1,3.0,Chat
TKT001194,CUST01503,2026-03-29,Billing,Low,9,5.0,Email
TKT001195,CUST01503,2026-03-22,Cancellation,Low,2,4.0,Phone
TKT001196,CUST01503,2026-01-30,Other,Low,2,5.0,Email
TKT001197,CUST01503,2026-06-08,Plan Change,Medium,2,3.0,Phone
TKT001198,CUST01503,2026-01-09,Connectivity,Medium,2,3.0,Phone
TKT001199,CUST01504,2024-06-18,Technical,Medium,7,3.0,Email
TKT001200,CUST01507,2025-12-30,Other,Low,2,5.0,Email
TKT001201,CUST01510,2026-05-22,Cancellation,Medium,14,5.0,Phone
TKT001202,CUST01512,2026-03-28,Connectivity,Medium,4,5.0,Phone
TKT001203,CUST01513,2025-09-03,Other,Low,1,4.0,App
TKT001204,CUST01515,2026-01-30,Other,Low,3,3.0,App
TKT001205,CUST01516,2025-01-31,Connectivity,Low,5,4.0,App
TKT001206,CUST01516,2025-07-29,Billing,Low,5,3.0,App
TKT001207,CUST01516,2026-04-10,Plan Change,Low,3,3.0,App
TKT001208,CUST01518,2024-05-04,Connectivity,Medium,2,3.0,Chat
TKT001209,CUST01518,2024-11-21,Cancellation,Low,2,4.0,App
TKT001210,CUST01520,2025-02-08,Technical,Medium,3,4.0,Email
TKT001211,CUST01521,2026-01-16,Technical,High,2,2.0,Phone
TKT001212,CUST01521,2025-10-25,Connectivity,Low,1,4.0,Phone
TKT001213,CUST01524,2025-08-15,Cancellation,Medium,3,3.0,App
TKT001214,CUST01527,2026-06-15,Connectivity,Low,2,4.0,App
TKT001215,CUST01528,2024-10-28,Cancellation,High,6,4.0,Email
TKT001216,CUST01536,2025-05-24,Connectivity,Medium,3,3.0,Chat
TKT001217,CUST01538,2026-05-14,Connectivity,Medium,2,4.0,Chat
TKT001218,CUST01538,2026-01-19,Billing,Low,2,3.0,Phone
TKT001219,CUST01539,2026-02-28,Technical,Medium,2,4.0,Phone
TKT001220,CUST01539,2025-12-25,Billing,Low,7,4.0,Chat
TKT001221,CUST01541,2026-01-14,Other,High,4,4.0,Phone
TKT001222,CUST01541,2026-03-19,Plan Change,Low,2,4.0,Phone
TKT001223,CUST01543,2026-02-03,Cancellation,Medium,5,3.0,Phone
TKT001224,CUST01543,2026-05-23,Technical,High,3,4.0,Phone
TKT001225,CUST01543,2026-06-13,Connectivity,High,6,3.0,Chat
TKT001226,CUST01544,2025-11-16,Plan Change,Low,6,4.0,App
TKT001227,CUST01544,2025-03-30,Technical,Low,3,4.0,App
TKT001228,CUST01545,2026-04-04,Billing,High,4,3.0,App
TKT001229,CUST01548,2026-06-09,Other,High,2,3.0,Chat
TKT001230,CUST01549,2026-04-14,Plan Change,Low,6,3.0,App
TKT001231,CUST01550,2025-06-08,Billing,Low,2,4.0,Chat
TKT001232,CUST01550,2025-05-18,Other,Medium,8,5.0,Chat
TKT001233,CUST01556,2026-01-10,Technical,Low,12,4.0,Email
TKT001234,CUST01556,2026-01-17,Other,Low,4,4.0,Chat
TKT001235,CUST01556,2025-09-24,Technical,Low,3,3.0,Phone
TKT001236,CUST01556,2026-05-07,Plan Change,Low,2,5.0,App
TKT001237,CUST01556,2026-05-07,Technical,Low,1,4.0,Chat
TKT001238,CUST01558,2024-07-13,Technical,Low,1,3.0,Email
TKT001239,CUST01558,2025-03-15,Billing,High,3,4.0,Phone
TKT001240,CUST01559,2025-12-12,Billing,Low,9,3.0,App
TKT001241,CUST01559,2026-06-09,Cancellation,Low,7,3.0,Phone
TKT001242,CUST01560,2025-11-26,Connectivity,Low,4,5.0,Chat
TKT001243,CUST01560,2026-03-21,Plan Change,Medium,8,2.0,Phone
TKT001244,CUST01567,2024-05-24,Connectivity,Low,9,5.0,App
TKT001245,CUST01567,2025-08-01,Connectivity,Low,1,4.0,Email
TKT001246,CUST01567,2026-01-06,Technical,Low,4,4.0,App
TKT001247,CUST01568,2025-08-06,Plan Change,Low,1,4.0,Phone
TKT001248,CUST01569,2025-10-05,Cancellation,Medium,10,3.0,Chat
TKT001249,CUST01570,2026-03-13,Plan Change,High,9,3.0,Chat
TKT001250,CUST01570,2026-01-26,Billing,Low,5,5.0,Email
TKT001251,CUST01571,2026-04-10,Billing,Low,4,4.0,Email
TKT001252,CUST01572,2025-04-06,Technical,Medium,3,4.0,Email
TKT001253,CUST01573,2026-05-19,Cancellation,Low,1,4.0,App
TKT001254,CUST01573,2026-05-20,Other,Low,8,4.0,Chat
TKT001255,CUST01575,2026-04-29,Technical,Medium,1,4.0,Chat
TKT001256,CUST01578,2025-12-02,Technical,Low,3,4.0,Email
TKT001257,CUST01578,2025-08-29,Billing,High,2,3.0,Email
TKT001258,CUST01580,2025-12-07,Billing,Medium,3,5.0,App
TKT001259,CUST01580,2026-04-24,Connectivity,Low,5,4.0,Phone
TKT001260,CUST01580,2026-04-10,Billing,Low,2,4.0,Email
TKT001261,CUST01581,2025-03-29,Cancellation,Medium,4,4.0,App
TKT001262,CUST01581,2025-12-27,Billing,Low,2,3.0,Email
TKT001263,CUST01583,2025-07-15,Plan Change,Low,1,4.0,App
TKT001264,CUST01584,2026-03-29,Connectivity,Low,2,4.0,App
TKT001265,CUST01586,2025-12-24,Technical,Medium,5,4.0,Chat
TKT001266,CUST01587,2026-04-03,Billing,Medium,3,3.0,Phone
TKT001267,CUST01588,2026-01-24,Plan Change,Low,3,4.0,Phone
TKT001268,CUST01589,2025-10-06,Plan Change,Medium,4,4.0,Email
TKT001269,CUST01589,2026-04-12,Cancellation,Low,2,5.0,Phone
TKT001270,CUST01589,2025-12-23,Plan Change,Low,2,4.0,Phone
TKT001271,CUST01590,2025-06-30,Plan Change,Medium,2,5.0,Email
TKT001272,CUST01590,2026-04-04,Connectivity,Low,3,3.0,Chat
TKT001273,CUST01591,2026-03-04,Billing,Low,9,3.0,Phone
TKT001274,CUST01591,2026-03-13,Connectivity,Low,1,4.0,App
TKT001275,CUST01594,2025-06-11,Technical,Low,1,5.0,Phone
TKT001276,CUST01595,2025-05-07,Technical,Low,4,3.0,Phone
TKT001277,CUST01597,2024-09-17,Cancellation,Low,3,3.0,Email
TKT001278,CUST01598,2026-05-30,Other,Low,2,4.0,Email
TKT001279,CUST01599,2026-05-28,Connectivity,Low,3,4.0,Email
TKT001280,CUST01600,2026-02-13,Technical,Medium,3,3.0,Phone
TKT001281,CUST01600,2026-03-30,Technical,Medium,4,4.0,Phone
TKT001282,CUST01600,2026-05-21,Billing,Low,3,4.0,Phone
TKT001283,CUST01603,2025-08-27,Other,Medium,2,5.0,Phone
TKT001284,CUST01606,2025-10-10,Technical,Low,1,4.0,Email
TKT001285,CUST01608,2024-10-26,Billing,Low,4,4.0,Chat
TKT001286,CUST01611,2024-10-15,Billing,Low,1,4.0,Email
TKT001287,CUST01611,2024-08-30,Cancellation,Low,1,5.0,Chat
TKT001288,CUST01615,2024-09-08,Billing,High,2,3.0,App
TKT001289,CUST01615,2025-05-03,Cancellation,Medium,3,4.0,Phone
TKT001290,CUST01615,2024-12-17,Plan Change,Low,4,4.0,Phone
TKT001291,CUST01616,2025-12-23,Plan Change,Low,3,5.0,App
TKT001292,CUST01617,2026-01-14,Cancellation,Low,1,4.0,Email
TKT001293,CUST01617,2026-06-22,Technical,Low,4,4.0,Email
TKT001294,CUST01618,2026-03-24,Plan Change,Medium,4,3.0,Chat
TKT001295,CUST01619,2025-05-09,Plan Change,Medium,1,3.0,Phone
TKT001296,CUST01620,2025-11-08,Billing,Low,2,4.0,Chat
TKT001297,CUST01621,2025-08-29,Plan Change,Low,2,3.0,App
TKT001298,CUST01622,2024-09-15,Billing,Low,2,5.0,Phone
TKT001299,CUST01624,2025-05-16,Cancellation,Low,3,3.0,Phone
TKT001300,CUST01626,2026-05-14,Technical,Medium,2,3.0,Email
TKT001301,CUST01628,2026-05-12,Other,Medium,3,4.0,Chat
TKT001302,CUST01632,2026-03-12,Billing,Medium,4,2.0,Phone
TKT001303,CUST01633,2024-04-24,Other,High,11,4.0,Email
TKT001304,CUST01634,2025-11-13,Technical,Low,3,4.0,Phone
TKT001305,CUST01634,2026-02-09,Plan Change,Medium,4,3.0,Phone
TKT001306,CUST01635,2025-07-10,Technical,Low,2,2.0,Email
TKT001307,CUST01635,2024-10-15,Billing,Medium,6,5.0,Email
TKT001308,CUST01636,2024-07-27,Cancellation,Low,5,4.0,App
TKT001309,CUST01636,2026-02-26,Billing,Low,4,4.0,Chat
TKT001310,CUST01638,2024-10-15,Plan Change,Low,3,4.0,Email
TKT001311,CUST01638,2026-05-11,Technical,Medium,1,4.0,Phone
TKT001312,CUST01642,2026-05-01,Cancellation,Low,5,4.0,Chat
TKT001313,CUST01643,2026-02-11,Billing,High,3,1.0,Email
TKT001314,CUST01643,2026-05-18,Cancellation,Low,3,5.0,Chat
TKT001315,CUST01643,2025-10-26,Cancellation,High,3,4.0,App
TKT001316,CUST01646,2026-01-23,Billing,Low,2,3.0,App
TKT001317,CUST01646,2026-02-06,Other,Low,1,3.0,App
TKT001318,CUST01647,2025-05-29,Plan Change,Medium,4,4.0,App
TKT001319,CUST01649,2026-05-07,Cancellation,Low,2,5.0,Chat
TKT001320,CUST01650,2025-11-21,Billing,Medium,3,3.0,Phone
TKT001321,CUST01654,2025-12-18,Cancellation,Low,9,4.0,Chat
TKT001322,CUST01655,2026-04-27,Other,Low,3,4.0,Phone
TKT001323,CUST01655,2026-04-23,Billing,Low,3,4.0,Email
TKT001324,CUST01656,2025-09-03,Other,Medium,3,5.0,Chat
TKT001325,CUST01658,2024-07-11,Technical,Low,3,4.0,Chat
TKT001326,CUST01659,2026-01-27,Billing,Low,5,4.0,App
TKT001327,CUST01660,2026-05-17,Technical,Medium,7,3.0,Email
TKT001328,CUST01661,2024-12-22,Cancellation,Medium,4,5.0,Email
TKT001329,CUST01661,2025-07-29,Connectivity,Medium,2,2.0,Chat
TKT001330,CUST01665,2026-05-30,Billing,Low,4,3.0,Phone
TKT001331,CUST01666,2026-03-09,Billing,Low,2,4.0,Chat
TKT001332,CUST01668,2026-05-26,Technical,Medium,4,4.0,Phone
TKT001333,CUST01669,2026-04-08,Cancellation,Low,7,4.0,Phone
TKT001334,CUST01672,2025-12-08,Connectivity,Low,3,5.0,Chat
TKT001335,CUST01672,2026-02-12,Cancellation,Low,3,4.0,Email
TKT001336,CUST01676,2025-08-18,Other,Low,3,4.0,Phone
TKT001337,CUST01677,2026-01-30,Connectivity,Medium,1,4.0,Phone
TKT001338,CUST01679,2025-09-15,Billing,Medium,3,3.0,Phone
TKT001339,CUST01679,2025-08-08,Billing,Low,4,4.0,Email
TKT001340,CUST01681,2024-12-22,Cancellation,Low,3,4.0,Phone
TKT001341,CUST01683,2024-12-01,Plan Change,Medium,4,5.0,Phone
TKT001342,CUST01684,2025-01-07,Plan Change,Low,3,2.0,App
TKT001343,CUST01684,2025-04-17,Connectivity,Medium,1,4.0,App
TKT001344,CUST01684,2025-01-24,Other,Low,9,4.0,Email
TKT001345,CUST01685,2026-05-19,Plan Change,High,2,3.0,Email
TKT001346,CUST01685,2026-04-25,Connectivity,Low,2,3.0,Email
TKT001347,CUST01686,2025-12-12,Connectivity,Low,4,5.0,Email
TKT001348,CUST01686,2025-12-11,Plan Change,Low,4,3.0,App
TKT001349,CUST01689,2026-03-28,Other,Low,6,4.0,Email
TKT001350,CUST01692,2025-11-15,Technical,Low,16,4.0,App
TKT001351,CUST01694,2024-10-21,Billing,Medium,2,3.0,Chat
TKT001352,CUST01705,2026-01-26,Cancellation,Low,4,3.0,App
TKT001353,CUST01705,2025-11-02,Plan Change,Medium,4,4.0,Chat
TKT001354,CUST01708,2024-07-22,Connectivity,Low,1,3.0,Phone
TKT001355,CUST01709,2026-06-04,Billing,Low,10,4.0,App
TKT001356,CUST01711,2026-03-16,Connectivity,Low,4,3.0,App
TKT001357,CUST01712,2026-03-24,Plan Change,Medium,4,2.0,Chat
TKT001358,CUST01714,2025-12-05,Plan Change,Low,3,4.0,Email
TKT001359,CUST01714,2026-05-16,Technical,Low,2,5.0,App
TKT001360,CUST01717,2025-12-15,Technical,Low,5,3.0,Phone
TKT001361,CUST01720,2026-05-27,Connectivity,High,5,4.0,Chat
TKT001362,CUST01721,2024-05-26,Plan Change,Low,5,4.0,Chat
TKT001363,CUST01721,2026-02-23,Other,Medium,1,4.0,Phone
TKT001364,CUST01723,2025-09-27,Other,Medium,1,4.0,App
TKT001365,CUST01723,2025-07-22,Plan Change,High,12,2.0,Phone
TKT001366,CUST01723,2025-09-17,Other,Medium,1,5.0,Email
TKT001367,CUST01724,2025-12-23,Cancellation,Low,14,3.0,Email
TKT001368,CUST01724,2026-03-05,Billing,Low,1,4.0,Email
TKT001369,CUST01724,2025-06-16,Plan Change,Medium,3,4.0,Phone
TKT001370,CUST01727,2026-02-12,Billing,Medium,4,2.0,Email
TKT001371,CUST01731,2026-01-18,Plan Change,Medium,11,5.0,Chat
TKT001372,CUST01736,2026-02-26,Cancellation,Medium,2,5.0,Chat
TKT001373,CUST01737,2026-04-19,Connectivity,Medium,4,4.0,Chat
TKT001374,CUST01738,2026-03-10,Plan Change,Medium,4,4.0,Chat
TKT001375,CUST01738,2026-02-11,Plan Change,Low,4,5.0,Phone
TKT001376,CUST01739,2026-06-07,Cancellation,Low,6,5.0,Phone
TKT001377,CUST01739,2026-06-06,Billing,Low,8,3.0,Phone
TKT001378,CUST01739,2026-02-12,Connectivity,Low,3,4.0,Chat
TKT001379,CUST01739,2026-03-09,Cancellation,High,2,3.0,Phone
TKT001380,CUST01741,2025-09-07,Billing,Low,3,4.0,Email
TKT001381,CUST01742,2026-04-19,Cancellation,Low,6,3.0,App
TKT001382,CUST01742,2026-04-24,Technical,High,5,4.0,App
TKT001383,CUST01744,2026-01-17,Billing,High,2,4.0,Chat
TKT001384,CUST01746,2026-01-10,Connectivity,High,2,3.0,Phone
TKT001385,CUST01750,2026-04-16,Other,Low,5,3.0,Email
TKT001386,CUST01751,2026-06-08,Technical,Medium,2,4.0,Phone
TKT001387,CUST01752,2025-05-10,Plan Change,Low,7,3.0,Chat
TKT001388,CUST01753,2025-10-05,Technical,Low,5,5.0,App
TKT001389,CUST01753,2025-07-29,Plan Change,Medium,6,4.0,Email
TKT001390,CUST01754,2026-03-25,Plan Change,Medium,1,5.0,App
TKT001391,CUST01754,2025-08-17,Plan Change,Low,4,3.0,Phone
TKT001392,CUST01754,2026-04-05,Billing,Low,3,4.0,App
TKT001393,CUST01755,2026-03-11,Plan Change,Low,1,4.0,App
TKT001394,CUST01756,2026-01-31,Billing,Low,5,4.0,App
TKT001395,CUST01756,2026-01-29,Connectivity,Low,3,5.0,Email
TKT001396,CUST01759,2026-01-08,Billing,Medium,2,4.0,Email
TKT001397,CUST01761,2026-02-02,Billing,Low,6,5.0,App
TKT001398,CUST01762,2026-05-04,Plan Change,Low,1,5.0,Phone
TKT001399,CUST01762,2026-02-03,Cancellation,Medium,1,5.0,Email
TKT001400,CUST01763,2026-04-21,Other,Low,4,4.0,App
TKT001401,CUST01767,2025-07-26,Technical,Low,2,5.0,Chat
TKT001402,CUST01772,2026-05-22,Technical,Low,3,5.0,App
TKT001403,CUST01776,2025-12-15,Billing,Medium,3,5.0,Chat
TKT001404,CUST01776,2026-01-20,Other,Low,5,3.0,Email
TKT001405,CUST01777,2024-07-15,Cancellation,Low,4,4.0,Phone
TKT001406,CUST01780,2026-04-25,Other,Medium,2,4.0,Phone
TKT001407,CUST01783,2026-01-10,Plan Change,Medium,3,4.0,Chat
TKT001408,CUST01783,2025-11-01,Connectivity,Low,3,5.0,Email
TKT001409,CUST01784,2025-08-02,Plan Change,Medium,3,3.0,Phone
TKT001410,CUST01785,2026-03-08,Cancellation,Medium,4,3.0,Email
TKT001411,CUST01785,2026-04-01,Plan Change,Medium,2,4.0,Email
TKT001412,CUST01789,2026-04-03,Other,Low,5,3.0,App
TKT001413,CUST01790,2026-05-31,Technical,Medium,3,4.0,App
TKT001414,CUST01792,2025-12-27,Other,Medium,2,3.0,App
TKT001415,CUST01793,2026-03-06,Connectivity,Low,2,3.0,App
TKT001416,CUST01798,2026-01-09,Billing,Low,1,5.0,Phone
TKT001417,CUST01799,2025-07-22,Technical,Low,5,5.0,Email
TKT001418,CUST01801,2025-10-03,Other,Medium,3,4.0,Chat
TKT001419,CUST01802,2025-10-23,Plan Change,Low,7,5.0,Phone
TKT001420,CUST01804,2026-06-07,Other,Medium,1,3.0,Phone
TKT001421,CUST01805,2024-11-03,Technical,Low,1,3.0,Phone
TKT001422,CUST01805,2025-05-18,Other,Medium,2,4.0,Chat
TKT001423,CUST01806,2025-01-01,Connectivity,Low,2,3.0,App
TKT001424,CUST01808,2025-02-26,Other,High,2,2.0,App
TKT001425,CUST01809,2025-04-19,Cancellation,Low,2,3.0,Phone
TKT001426,CUST01809,2025-11-14,Cancellation,Low,2,4.0,Phone
TKT001427,CUST01809,2026-04-03,Other,Medium,2,4.0,App
TKT001428,CUST01809,2025-11-27,Cancellation,Low,11,5.0,App
TKT001429,CUST01810,2025-06-15,Other,Medium,5,2.0,Phone
TKT001430,CUST01811,2025-04-01,Billing,Low,3,3.0,Chat
TKT001431,CUST01811,2025-09-11,Technical,Low,3,4.0,App
TKT001432,CUST01814,2026-03-20,Technical,Medium,1,4.0,App
TKT001433,CUST01816,2026-01-29,Plan Change,Low,4,4.0,Email
TKT001434,CUST01816,2025-03-28,Cancellation,High,4,3.0,Chat
TKT001435,CUST01816,2026-05-11,Billing,Medium,7,4.0,App
TKT001436,CUST01816,2026-05-17,Other,Low,6,3.0,Phone
TKT001437,CUST01817,2026-04-05,Other,Low,3,5.0,App
TKT001438,CUST01819,2026-02-07,Cancellation,Medium,5,5.0,App
TKT001439,CUST01819,2026-05-27,Technical,Low,3,4.0,Phone
TKT001440,CUST01819,2026-04-24,Other,Low,1,2.0,Phone
TKT001441,CUST01819,2026-05-12,Connectivity,Low,3,3.0,Phone
TKT001442,CUST01820,2025-12-29,Connectivity,Low,13,5.0,Email
TKT001443,CUST01820,2026-05-08,Connectivity,Low,2,4.0,App
TKT001444,CUST01820,2026-03-28,Technical,Medium,13,3.0,Phone
TKT001445,CUST01820,2026-03-20,Billing,Low,3,3.0,Chat
TKT001446,CUST01821,2024-10-19,Connectivity,Low,2,2.0,Chat
TKT001447,CUST01822,2026-02-21,Cancellation,Low,1,4.0,App
TKT001448,CUST01823,2025-04-12,Billing,Low,3,4.0,App
TKT001449,CUST01824,2026-02-16,Cancellation,Low,3,3.0,Email
TKT001450,CUST01828,2025-12-14,Connectivity,Medium,4,4.0,Phone
TKT001451,CUST01828,2026-05-24,Connectivity,Medium,2,4.0,Phone
TKT001452,CUST01829,2026-04-19,Billing,Medium,1,4.0,Email
TKT001453,CUST01831,2025-08-25,Connectivity,Low,7,4.0,App
TKT001454,CUST01832,2025-07-23,Plan Change,Low,3,4.0,Chat
TKT001455,CUST01835,2025-07-29,Connectivity,Low,4,2.0,App
TKT001456,CUST01838,2025-12-31,Connectivity,Low,5,3.0,App
TKT001457,CUST01838,2025-07-25,Connectivity,Low,3,3.0,Chat
TKT001458,CUST01841,2024-10-18,Other,Medium,1,4.0,Email
TKT001459,CUST01847,2025-10-01,Technical,Low,3,5.0,Phone
TKT001460,CUST01849,2026-04-12,Cancellation,Low,2,4.0,App
TKT001461,CUST01849,2026-03-13,Cancellation,Medium,2,3.0,Chat
TKT001462,CUST01849,2026-06-06,Plan Change,Medium,2,4.0,App
TKT001463,CUST01852,2024-06-16,Billing,Low,1,5.0,Chat
TKT001464,CUST01854,2025-04-29,Plan Change,Low,2,4.0,Email
TKT001465,CUST01858,2026-02-22,Other,Low,3,4.0,Email
TKT001466,CUST01858,2025-10-14,Billing,Medium,5,3.0,App
TKT001467,CUST01858,2025-12-21,Cancellation,High,2,2.0,App
TKT001468,CUST01860,2025-12-23,Cancellation,Medium,1,4.0,Chat
TKT001469,CUST01860,2026-04-09,Cancellation,Low,3,3.0,Chat
TKT001470,CUST01871,2026-02-19,Billing,Medium,4,4.0,Email
TKT001471,CUST01872,2026-06-02,Other,Medium,1,3.0,Phone
TKT001472,CUST01872,2025-08-08,Other,High,7,2.0,Phone
TKT001473,CUST01873,2025-07-16,Technical,High,3,3.0,Chat
TKT001474,CUST01874,2026-03-28,Connectivity,Medium,3,4.0,Email
TKT001475,CUST01874,2026-04-03,Connectivity,Low,4,4.0,App
TKT001476,CUST01876,2026-04-24,Plan Change,Low,9,4.0,Chat
TKT001477,CUST01880,2026-05-29,Billing,Medium,3,3.0,Phone
TKT001478,CUST01881,2025-01-07,Other,Low,5,4.0,Phone
TKT001479,CUST01881,2025-02-01,Plan Change,High,4,3.0,App
TKT001480,CUST01883,2025-12-29,Other,Low,4,4.0,App
TKT001481,CUST01883,2025-10-05,Cancellation,Low,7,3.0,Email
TKT001482,CUST01883,2025-11-17,Billing,Low,2,2.0,Phone
TKT001483,CUST01885,2025-11-19,Cancellation,Low,5,3.0,Phone
TKT001484,CUST01886,2026-05-24,Technical,Low,1,4.0,Chat
TKT001485,CUST01887,2026-04-21,Technical,High,2,3.0,Chat
TKT001486,CUST01887,2026-05-11,Plan Change,Medium,3,3.0,Phone
TKT001487,CUST01887,2026-05-08,Plan Change,Low,1,3.0,Email
TKT001488,CUST01887,2026-05-14,Plan Change,Low,3,4.0,App
TKT001489,CUST01890,2025-03-19,Connectivity,Medium,7,5.0,App
TKT001490,CUST01890,2025-12-18,Connectivity,Low,4,3.0,Chat
TKT001491,CUST01891,2025-05-06,Technical,Low,5,5.0,Chat
TKT001492,CUST01892,2026-02-24,Other,Low,3,5.0,App
TKT001493,CUST01893,2024-09-08,Technical,Low,4,3.0,Phone
TKT001494,CUST01894,2026-02-20,Plan Change,Medium,5,5.0,Chat
TKT001495,CUST01895,2025-12-07,Connectivity,Low,3,4.0,Phone
TKT001496,CUST01897,2024-11-13,Billing,High,2,3.0,Chat
TKT001497,CUST01897,2026-04-19,Cancellation,Medium,3,2.0,Email
TKT001498,CUST01898,2025-04-29,Plan Change,Low,2,3.0,Phone
TKT001499,CUST01900,2025-02-27,Plan Change,Low,4,3.0,Email
TKT001500,CUST01902,2026-04-30,Cancellation,Medium,2,4.0,Chat
TKT001501,CUST01902,2026-02-06,Technical,Medium,8,4.0,App
TKT001502,CUST01905,2025-11-06,Other,Medium,4,5.0,App
TKT001503,CUST01907,2026-04-28,Other,Low,6,4.0,Phone
TKT001504,CUST01909,2026-02-16,Billing,Low,4,5.0,App
TKT001505,CUST01910,2026-01-12,Billing,Low,1,3.0,App
TKT001506,CUST01910,2026-01-13,Cancellation,Low,1,3.0,Phone
TKT001507,CUST01917,2025-12-18,Technical,Low,2,5.0,Chat
TKT001508,CUST01917,2026-01-08,Other,Medium,6,5.0,Phone
TKT001509,CUST01918,2025-12-16,Plan Change,High,4,3.0,App
TKT001510,CUST01920,2025-11-20,Technical,Medium,3,4.0,Phone
TKT001511,CUST01921,2025-08-05,Other,Medium,1,4.0,Chat
TKT001512,CUST01925,2025-10-13,Technical,Medium,7,3.0,Email
TKT001513,CUST01926,2025-10-07,Plan Change,Low,5,2.0,Email
TKT001514,CUST01926,2026-05-19,Plan Change,Medium,1,4.0,App
TKT001515,CUST01926,2026-03-18,Connectivity,Low,5,4.0,Email
TKT001516,CUST01928,2026-03-20,Connectivity,Low,6,4.0,Phone
TKT001517,CUST01929,2025-03-12,Billing,Low,5,5.0,Chat
TKT001518,CUST01930,2026-02-10,Plan Change,High,6,3.0,Email
TKT001519,CUST01932,2025-11-14,Connectivity,Medium,2,4.0,Chat
TKT001520,CUST01935,2025-08-04,Connectivity,Low,4,5.0,Chat
TKT001521,CUST01937,2025-11-04,Technical,Low,5,5.0,Chat
TKT001522,CUST01940,2026-03-19,Cancellation,Medium,3,4.0,Chat
TKT001523,CUST01940,2024-08-22,Plan Change,Medium,2,4.0,Chat
TKT001524,CUST01941,2026-04-02,Technical,Low,6,2.0,App
TKT001525,CUST01943,2025-01-29,Billing,Medium,3,5.0,Phone
TKT001526,CUST01944,2025-09-05,Connectivity,Medium,4,5.0,App
TKT001527,CUST01946,2025-05-16,Other,Low,4,4.0,Chat
TKT001528,CUST01946,2025-08-08,Other,Low,1,4.0,Email
TKT001529,CUST01947,2025-02-04,Other,Medium,2,5.0,Phone
TKT001530,CUST01947,2026-04-30,Plan Change,Low,1,4.0,Phone
TKT001531,CUST01948,2025-01-13,Connectivity,Low,2,4.0,App
TKT001532,CUST01948,2025-09-11,Cancellation,Medium,7,3.0,Chat
TKT001533,CUST01949,2026-04-28,Technical,Medium,3,4.0,Chat
TKT001534,CUST01949,2024-07-31,Cancellation,High,6,3.0,Chat
TKT001535,CUST01949,2025-02-10,Other,Low,7,3.0,Phone
TKT001536,CUST01950,2026-02-07,Plan Change,Low,1,3.0,Email
TKT001537,CUST01951,2024-09-22,Plan Change,Medium,7,3.0,Phone
TKT001538,CUST01952,2026-06-12,Cancellation,Medium,9,5.0,Email
TKT001539,CUST01952,2026-04-07,Cancellation,Low,1,4.0,App
TKT001540,CUST01956,2025-08-21,Connectivity,Low,3,3.0,Phone
TKT001541,CUST01956,2026-01-17,Cancellation,High,10,5.0,Phone
TKT001542,CUST01958,2026-05-12,Technical,Low,3,4.0,Chat
TKT001543,CUST01960,2026-03-13,Billing,Medium,2,3.0,Chat
TKT001544,CUST01962,2024-09-09,Billing,Medium,4,3.0,Chat
TKT001545,CUST01962,2026-05-14,Other,Medium,2,4.0,Phone
TKT001546,CUST01964,2026-05-13,Plan Change,High,6,3.0,Email
TKT001547,CUST01964,2025-08-07,Billing,Low,1,3.0,Email
TKT001548,CUST01966,2024-09-13,Technical,Low,4,3.0,Phone
TKT001549,CUST01966,2025-08-23,Cancellation,Low,4,5.0,Chat
TKT001550,CUST01967,2025-06-29,Other,Low,4,4.0,App
TKT001551,CUST01968,2026-01-08,Connectivity,Medium,5,2.0,Chat
TKT001552,CUST01968,2025-09-07,Cancellation,Low,2,5.0,Chat
TKT001553,CUST01968,2025-10-02,Cancellation,Low,10,3.0,Chat
TKT001554,CUST01971,2025-09-20,Other,Low,3,3.0,App
TKT001555,CUST01971,2024-08-16,Technical,Low,3,4.0,Phone
TKT001556,CUST01972,2025-04-15,Technical,Low,4,3.0,App
TKT001557,CUST01973,2026-05-27,Connectivity,Low,4,5.0,App
TKT001558,CUST01975,2026-06-12,Technical,Low,5,4.0,Email
TKT001559,CUST01975,2025-04-19,Cancellation,Medium,3,3.0,Chat
TKT001560,CUST01975,2026-01-15,Other,Medium,3,4.0,App
TKT001561,CUST01978,2026-06-01,Technical,Low,9,4.0,Phone
TKT001562,CUST01979,2026-04-25,Plan Change,Medium,1,5.0,Email
TKT001563,CUST01984,2026-01-01,Cancellation,Medium,3,3.0,App
TKT001564,CUST01984,2026-04-20,Technical,Low,2,5.0,Chat
TKT001565,CUST01986,2026-04-17,Plan Change,High,7,3.0,Chat
TKT001566,CUST01986,2026-05-13,Plan Change,Medium,2,3.0,App
TKT001567,CUST01987,2026-06-05,Billing,Medium,2,5.0,App
TKT001568,CUST01989,2025-05-12,Technical,Low,2,3.0,App
TKT001569,CUST01990,2025-10-14,Cancellation,Medium,6,5.0,Phone
TKT001570,CUST01991,2026-01-05,Plan Change,Low,8,3.0,Phone
TKT001571,CUST01991,2025-11-24,Plan Change,Medium,8,5.0,Chat
TKT001572,CUST01992,2026-03-01,Plan Change,Low,2,3.0,Chat
TKT001573,CUST01993,2026-04-25,Billing,Medium,9,4.0,Phone
TKT001574,CUST01997,2025-08-08,Technical,Low,1,5.0,App
TKT001575,CUST01999,2026-03-08,Plan Change,Medium,3,4.0,Chat
TKT001576,CUST01999,2026-01-02,Technical,Low,5,3.0,Phone
TKT001577,CUST02001,2025-02-26,Other,Medium,1,4.0,Email
TKT001578,CUST02001,2025-09-16,Billing,Low,7,5.0,Chat
TKT001579,CUST02002,2025-11-04,Connectivity,Low,4,3.0,Chat
TKT001580,CUST02003,2025-12-05,Connectivity,Medium,3,5.0,App
TKT001581,CUST02005,2026-03-11,Billing,Low,2,3.0,Chat
TKT001582,CUST02006,2026-06-13,Connectivity,Medium,6,3.0,App
TKT001583,CUST02008,2025-07-06,Other,Low,4,3.0,Phone
TKT001584,CUST02008,2024-10-02,Other,High,4,3.0,Phone
TKT001585,CUST02009,2025-04-11,Billing,Low,13,5.0,Email
TKT001586,CUST02009,2025-12-29,Cancellation,Low,4,4.0,Phone
TKT001587,CUST02012,2024-08-21,Billing,Low,2,4.0,Email
TKT001588,CUST02016,2026-03-30,Plan Change,Low,1,3.0,Phone
TKT001589,CUST02017,2026-06-10,Plan Change,Low,4,4.0,Phone
TKT001590,CUST02019,2026-03-25,Other,Medium,3,3.0,Chat
TKT001591,CUST02019,2025-09-12,Plan Change,Medium,5,4.0,Email
TKT001592,CUST02020,2025-01-15,Technical,Low,2,4.0,Chat
TKT001593,CUST02020,2024-04-29,Other,Low,6,3.0,App
TKT001594,CUST02020,2026-05-11,Cancellation,Medium,2,5.0,App
TKT001595,CUST02020,2024-10-12,Billing,Low,5,3.0,Chat
TKT001596,CUST02021,2025-04-26,Other,Low,4,3.0,Email
TKT001597,CUST02023,2026-04-18,Cancellation,Medium,1,5.0,App
TKT001598,CUST02024,2024-09-27,Plan Change,Low,3,5.0,Chat
TKT001599,CUST02026,2025-11-11,Billing,Medium,1,4.0,Chat
TKT001600,CUST02026,2026-02-05,Plan Change,High,6,4.0,Chat
TKT001601,CUST02026,2025-10-12,Plan Change,High,5,4.0,Chat
TKT001602,CUST02032,2026-04-26,Billing,High,3,3.0,App
TKT001603,CUST02033,2025-10-13,Billing,Low,6,4.0,Phone
TKT001604,CUST02035,2025-11-29,Cancellation,Medium,3,5.0,App
TKT001605,CUST02035,2025-06-29,Connectivity,Low,5,3.0,Phone
TKT001606,CUST02035,2025-05-14,Other,Low,2,4.0,Phone
TKT001607,CUST02039,2026-03-07,Billing,Low,3,,Phone
TKT001608,CUST02041,2026-05-31,Cancellation,Low,2,4.0,Email
TKT001609,CUST02042,2025-07-14,Other,Medium,2,5.0,App
TKT001610,CUST02042,2025-07-26,Technical,Low,1,5.0,App
TKT001611,CUST02042,2025-12-26,Connectivity,Low,7,3.0,Phone
TKT001612,CUST02045,2026-04-06,Connectivity,Low,5,4.0,Phone
TKT001613,CUST02045,2026-03-31,Connectivity,Low,1,4.0,Phone
TKT001614,CUST02045,2026-06-08,Technical,Low,5,5.0,App
TKT001615,CUST02046,2026-06-06,Billing,Low,6,3.0,Chat
TKT001616,CUST02047,2026-05-10,Other,Medium,1,3.0,Phone
TKT001617,CUST02048,2024-11-13,Technical,Medium,6,4.0,App
TKT001618,CUST02048,2026-03-17,Connectivity,Medium,2,4.0,Chat
TKT001619,CUST02048,2025-05-25,Technical,High,9,4.0,App
TKT001620,CUST02048,2026-03-24,Billing,Medium,3,3.0,Email
TKT001621,CUST02052,2026-04-10,Other,Low,4,5.0,Email
TKT001622,CUST02053,2024-12-27,Plan Change,Medium,4,4.0,Email
TKT001623,CUST02054,2025-09-08,Connectivity,High,6,3.0,Phone
TKT001624,CUST02054,2026-04-22,Connectivity,Low,1,4.0,App
TKT001625,CUST02055,2025-07-11,Connectivity,Low,6,4.0,Email
TKT001626,CUST02055,2025-04-14,Billing,Medium,2,4.0,Email
TKT001627,CUST02057,2026-04-09,Other,Low,6,4.0,Email
TKT001628,CUST02058,2026-05-10,Technical,Medium,5,4.0,App
TKT001629,CUST02058,2026-05-06,Other,Low,3,5.0,App
TKT001630,CUST02059,2026-04-24,Technical,Low,4,4.0,App
TKT001631,CUST02060,2025-08-26,Cancellation,Low,3,3.0,App
TKT001632,CUST02061,2025-11-27,Plan Change,High,7,3.0,App
TKT001633,CUST02061,2025-12-17,Billing,Low,3,4.0,App
TKT001634,CUST02064,2026-03-06,Other,Medium,3,4.0,Email
TKT001635,CUST02064,2025-11-18,Other,Medium,4,3.0,Chat
TKT001636,CUST02066,2025-02-21,Connectivity,Low,5,2.0,Chat
TKT001637,CUST02066,2025-04-09,Technical,Medium,3,3.0,Chat
TKT001638,CUST02066,2025-01-13,Billing,Low,4,2.0,Chat
TKT001639,CUST02067,2026-03-07,Other,Low,8,2.0,Phone
TKT001640,CUST02068,2025-08-03,Other,Low,5,3.0,Email
TKT001641,CUST02068,2025-05-02,Plan Change,Low,2,4.0,Email
TKT001642,CUST02068,2026-03-29,Cancellation,Medium,2,4.0,Phone
TKT001643,CUST02070,2025-11-23,Other,Low,1,5.0,Phone
TKT001644,CUST02070,2025-01-25,Technical,Low,2,2.0,Chat
TKT001645,CUST02072,2025-07-27,Billing,Medium,1,3.0,Phone
TKT001646,CUST02073,2026-02-25,Plan Change,Low,6,2.0,App
TKT001647,CUST02074,2025-07-02,Connectivity,Medium,1,3.0,Phone
TKT001648,CUST02075,2026-03-01,Billing,Low,2,3.0,App
TKT001649,CUST02075,2026-03-23,Other,Low,2,4.0,Chat
TKT001650,CUST02075,2026-05-07,Connectivity,Medium,6,4.0,Phone
TKT001651,CUST02076,2026-05-01,Technical,Low,3,4.0,Phone
TKT001652,CUST02077,2026-01-21,Plan Change,Low,10,3.0,Chat
TKT001653,CUST02077,2025-02-27,Other,Low,1,3.0,App
TKT001654,CUST02081,2026-03-18,Connectivity,Medium,2,4.0,Chat
TKT001655,CUST02081,2026-05-04,Plan Change,Medium,3,5.0,Email
TKT001656,CUST02085,2025-11-13,Plan Change,Medium,3,4.0,Chat
TKT001657,CUST02091,2024-02-11,Billing,Low,5,3.0,Phone
TKT001658,CUST02092,2026-05-28,Cancellation,Medium,3,4.0,Email
TKT001659,CUST02095,2026-02-12,Cancellation,Low,2,4.0,Chat
TKT001660,CUST02105,2025-05-20,Technical,Medium,4,5.0,Phone
TKT001661,CUST02106,2025-08-08,Other,Low,2,3.0,App
TKT001662,CUST02112,2024-07-10,Cancellation,High,3,2.0,App
TKT001663,CUST02113,2026-01-08,Connectivity,Low,3,4.0,Email
TKT001664,CUST02114,2025-12-01,Plan Change,Low,8,4.0,App
TKT001665,CUST02114,2025-09-27,Other,Low,8,3.0,App
TKT001666,CUST02115,2026-05-05,Plan Change,Medium,1,5.0,Chat
TKT001667,CUST02117,2025-09-18,Plan Change,Low,5,3.0,App
TKT001668,CUST02119,2026-03-09,Billing,Low,4,5.0,Chat
TKT001669,CUST02119,2026-05-01,Connectivity,Low,1,5.0,Email
TKT001670,CUST02119,2026-05-23,Technical,Medium,12,4.0,Email
TKT001671,CUST02123,2026-05-22,Other,Low,5,5.0,Phone
TKT001672,CUST02123,2026-06-01,Cancellation,Medium,4,3.0,Email
TKT001673,CUST02127,2026-01-07,Plan Change,Medium,6,4.0,Phone
TKT001674,CUST02129,2026-06-19,Connectivity,Medium,2,3.0,Chat
TKT001675,CUST02129,2026-03-16,Cancellation,Medium,2,3.0,Chat
TKT001676,CUST02129,2026-06-18,Cancellation,Low,3,4.0,Chat
TKT001677,CUST02131,2025-11-27,Plan Change,Low,7,5.0,Phone
TKT001678,CUST02133,2024-07-05,Technical,Medium,4,4.0,Chat
TKT001679,CUST02133,2025-07-06,Technical,Medium,3,4.0,Email
TKT001680,CUST02133,2024-09-09,Other,Low,3,4.0,Phone
TKT001681,CUST02135,2026-05-03,Technical,Medium,4,4.0,Phone
TKT001682,CUST02136,2026-04-25,Cancellation,Low,26,4.0,Phone
TKT001683,CUST02136,2026-04-19,Plan Change,Medium,2,4.0,Chat
TKT001684,CUST02136,2026-04-21,Connectivity,Medium,5,4.0,Email
TKT001685,CUST02137,2026-05-11,Billing,Low,2,3.0,Email
TKT001686,CUST02137,2026-02-22,Technical,Low,3,3.0,Chat
TKT001687,CUST02138,2025-03-09,Other,Low,6,4.0,App
TKT001688,CUST02138,2025-04-26,Plan Change,Medium,2,5.0,Phone
TKT001689,CUST02139,2026-06-04,Connectivity,Low,3,3.0,Email
TKT001690,CUST02143,2026-02-10,Connectivity,Medium,7,4.0,App
TKT001691,CUST02145,2026-06-02,Connectivity,Low,3,4.0,App
TKT001692,CUST02145,2026-06-09,Other,Low,3,4.0,Phone
TKT001693,CUST02146,2025-10-20,Technical,Low,1,4.0,Chat
TKT001694,CUST02148,2025-06-14,Connectivity,Low,1,4.0,Phone
TKT001695,CUST02148,2025-10-22,Cancellation,Medium,1,3.0,Email
TKT001696,CUST02149,2026-05-25,Connectivity,Low,4,5.0,Email
TKT001697,CUST02152,2025-11-12,Other,Low,2,4.0,App
TKT001698,CUST02160,2025-01-17,Plan Change,Low,8,4.0,App
TKT001699,CUST02161,2026-05-31,Billing,Medium,2,3.0,Phone
TKT001700,CUST02165,2026-04-21,Technical,Low,3,4.0,Email
TKT001701,CUST02165,2026-05-31,Connectivity,Medium,3,2.0,App
TKT001702,CUST02168,2024-09-02,Technical,Low,2,2.0,Email
TKT001703,CUST02169,2026-05-17,Billing,Medium,2,3.0,Email
TKT001704,CUST02170,2025-12-07,Other,Medium,8,4.0,Chat
TKT001705,CUST02171,2025-09-21,Other,Low,19,5.0,Email
TKT001706,CUST02171,2025-05-10,Technical,Medium,2,3.0,Chat
TKT001707,CUST02171,2024-07-24,Cancellation,Low,5,3.0,App
TKT001708,CUST02173,2026-02-24,Other,Low,4,5.0,Chat
TKT001709,CUST02174,2025-11-21,Cancellation,Low,1,3.0,Email
TKT001710,CUST02176,2025-12-21,Billing,Medium,5,3.0,Phone
TKT001711,CUST02177,2025-03-31,Technical,Medium,3,5.0,Phone
TKT001712,CUST02177,2024-05-28,Connectivity,Medium,2,4.0,App
TKT001713,CUST02178,2026-01-01,Plan Change,High,4,2.0,Email
TKT001714,CUST02178,2025-12-20,Technical,Low,1,5.0,Phone
TKT001715,CUST02180,2026-04-17,Plan Change,Low,2,5.0,Phone
TKT001716,CUST02184,2025-09-30,Plan Change,Low,2,4.0,Email
TKT001717,CUST02184,2024-08-31,Billing,Medium,5,4.0,Chat
TKT001718,CUST02185,2025-11-20,Connectivity,Medium,4,4.0,Chat
TKT001719,CUST02187,2025-02-27,Plan Change,Low,1,4.0,Email
TKT001720,CUST02190,2026-05-16,Technical,Low,2,3.0,Chat
TKT001721,CUST02191,2026-06-01,Plan Change,Low,3,4.0,Email
TKT001722,CUST02193,2024-11-23,Technical,Low,3,5.0,Email
TKT001723,CUST02195,2026-02-06,Plan Change,Medium,4,3.0,Chat
TKT001724,CUST02202,2025-08-25,Technical,Low,3,5.0,App
TKT001725,CUST02210,2025-06-09,Connectivity,Low,3,3.0,Chat
TKT001726,CUST02213,2026-05-09,Cancellation,Low,5,5.0,App
TKT001727,CUST02214,2026-03-31,Billing,Low,10,3.0,Phone
TKT001728,CUST02215,2025-01-14,Cancellation,Low,6,5.0,Chat
TKT001729,CUST02216,2025-09-08,Other,Medium,1,4.0,App
TKT001730,CUST02216,2024-02-18,Connectivity,High,5,4.0,App
TKT001731,CUST02216,2026-04-08,Other,Medium,2,3.0,Email
TKT001732,CUST02217,2025-09-28,Connectivity,High,3,3.0,App
TKT001733,CUST02219,2026-01-01,Plan Change,Low,8,3.0,Phone
TKT001734,CUST02219,2026-05-26,Technical,Low,2,3.0,Email
TKT001735,CUST02219,2026-05-25,Connectivity,Low,2,4.0,Phone
TKT001736,CUST02221,2026-05-16,Billing,Low,1,2.0,App
TKT001737,CUST02222,2025-05-14,Cancellation,Low,2,4.0,App
TKT001738,CUST02222,2026-06-15,Cancellation,Medium,4,3.0,Email
TKT001739,CUST02222,2025-04-04,Technical,Low,4,3.0,Email
TKT001740,CUST02223,2025-08-12,Connectivity,Medium,4,4.0,Chat
TKT001741,CUST02224,2026-05-01,Connectivity,Low,2,4.0,Phone
TKT001742,CUST02226,2025-11-16,Cancellation,Low,1,3.0,App
TKT001743,CUST02226,2026-04-30,Cancellation,Low,3,4.0,Email
TKT001744,CUST02228,2026-01-10,Technical,Medium,1,4.0,Chat
TKT001745,CUST02235,2026-06-02,Technical,Low,4,3.0,Email
TKT001746,CUST02235,2026-05-27,Technical,Medium,3,5.0,Chat
TKT001747,CUST02235,2026-05-24,Connectivity,Low,2,4.0,Phone
TKT001748,CUST02236,2026-01-09,Cancellation,Medium,3,4.0,Chat
TKT001749,CUST02237,2024-10-22,Plan Change,Low,4,3.0,Chat
TKT001750,CUST02238,2025-08-08,Technical,Low,4,4.0,App
TKT001751,CUST02240,2026-05-13,Cancellation,Low,1,4.0,Email
TKT001752,CUST02241,2026-06-15,Technical,Low,1,3.0,Phone
TKT001753,CUST02245,2025-10-05,Technical,Medium,2,4.0,Email
TKT001754,CUST02245,2025-10-06,Connectivity,Medium,5,4.0,Email
TKT001755,CUST02246,2026-02-05,Plan Change,Medium,5,4.0,Chat
TKT001756,CUST02246,2025-12-04,Technical,Low,1,5.0,Phone
TKT001757,CUST02246,2025-08-12,Other,Low,7,4.0,Phone
TKT001758,CUST02247,2025-07-28,Connectivity,High,1,3.0,Phone
TKT001759,CUST02247,2025-05-10,Connectivity,Low,2,3.0,App
TKT001760,CUST02251,2026-03-01,Plan Change,Medium,2,3.0,Chat
TKT001761,CUST02254,2026-05-21,Other,Low,1,4.0,Email
TKT001762,CUST02254,2026-05-22,Other,Low,6,3.0,App
TKT001763,CUST02254,2026-04-27,Billing,Medium,6,4.0,Phone
TKT001764,CUST02256,2026-04-12,Other,Low,6,4.0,Chat
TKT001765,CUST02257,2025-10-13,Billing,Medium,3,2.0,Chat
TKT001766,CUST02259,2024-11-04,Connectivity,Low,3,4.0,App
TKT001767,CUST02261,2026-05-11,Billing,Medium,5,4.0,Phone
TKT001768,CUST02262,2026-04-21,Other,Low,2,5.0,Phone
TKT001769,CUST02263,2025-05-21,Billing,Low,1,4.0,Phone
TKT001770,CUST02263,2025-04-25,Billing,Low,2,4.0,App
TKT001771,CUST02267,2025-05-18,Cancellation,High,3,4.0,App
TKT001772,CUST02267,2026-02-10,Other,Low,4,4.0,Email
TKT001773,CUST02268,2025-06-26,Connectivity,Low,3,5.0,App
TKT001774,CUST02270,2025-02-20,Billing,Low,2,5.0,Email
TKT001775,CUST02273,2025-11-05,Cancellation,Medium,1,4.0,Chat
TKT001776,CUST02275,2026-06-26,Technical,Low,1,3.0,Email
TKT001777,CUST02275,2026-04-23,Connectivity,Low,3,4.0,Email
TKT001778,CUST02276,2026-03-28,Billing,Low,4,4.0,Phone
TKT001779,CUST02279,2026-04-26,Cancellation,Medium,2,3.0,Email
TKT001780,CUST02279,2026-04-21,Other,Medium,3,4.0,Phone
TKT001781,CUST02280,2026-05-28,Cancellation,Low,8,5.0,App
TKT001782,CUST02282,2025-10-01,Cancellation,Low,3,4.0,App
TKT001783,CUST02285,2025-12-04,Cancellation,Medium,5,3.0,Email
TKT001784,CUST02285,2026-04-17,Connectivity,Low,1,3.0,Email
TKT001785,CUST02286,2025-05-13,Plan Change,Medium,2,4.0,Chat
TKT001786,CUST02288,2026-05-14,Technical,Low,6,5.0,App
TKT001787,CUST02288,2026-03-30,Technical,Low,7,3.0,Chat
TKT001788,CUST02289,2026-02-21,Cancellation,Low,1,4.0,Chat
TKT001789,CUST02290,2026-04-02,Other,Medium,4,5.0,Email
TKT001790,CUST02290,2026-04-24,Other,Medium,2,3.0,App
TKT001791,CUST02293,2026-06-01,Plan Change,Low,2,5.0,App
TKT001792,CUST02293,2025-11-26,Technical,Medium,2,,App
TKT001793,CUST02294,2025-07-08,Billing,Low,6,2.0,Phone
TKT001794,CUST02294,2025-05-10,Plan Change,Low,6,5.0,Phone
TKT001795,CUST02294,2025-09-04,Technical,Medium,7,5.0,App
TKT001796,CUST02295,2024-09-04,Billing,Medium,7,3.0,Email
TKT001797,CUST02295,2024-09-20,Connectivity,Low,1,4.0,Chat
TKT001798,CUST02301,2025-01-05,Technical,Low,6,4.0,Chat
TKT001799,CUST02304,2024-10-04,Technical,High,4,3.0,App
TKT001800,CUST02304,2025-04-07,Billing,High,2,2.0,Phone
TKT001801,CUST02306,2026-04-07,Cancellation,Medium,3,4.0,Email
TKT001802,CUST02309,2026-04-30,Connectivity,Low,5,3.0,Email
TKT001803,CUST02309,2026-06-09,Plan Change,Medium,3,4.0,Phone
TKT001804,CUST02310,2025-06-16,Cancellation,Medium,1,4.0,App
TKT001805,CUST02310,2025-08-06,Other,Low,4,4.0,App
TKT001806,CUST02313,2024-06-07,Plan Change,Medium,3,4.0,Phone
TKT001807,CUST02313,2025-12-29,Connectivity,High,8,4.0,Chat
TKT001808,CUST02314,2025-09-02,Plan Change,Medium,2,3.0,App
TKT001809,CUST02316,2025-09-08,Plan Change,Medium,3,4.0,Phone
TKT001810,CUST02317,2026-03-25,Billing,Low,4,4.0,App
TKT001811,CUST02323,2026-05-05,Technical,Low,2,3.0,App
TKT001812,CUST02324,2026-05-30,Technical,Medium,2,4.0,Phone
TKT001813,CUST02324,2026-03-31,Technical,Medium,8,3.0,App
TKT001814,CUST02324,2026-05-14,Billing,Low,3,4.0,Phone
TKT001815,CUST02326,2025-12-24,Connectivity,Low,2,4.0,Chat
TKT001816,CUST02327,2025-10-24,Connectivity,Medium,1,3.0,Chat
TKT001817,CUST02327,2025-08-26,Technical,Medium,4,3.0,Phone
TKT001818,CUST02328,2026-02-25,Plan Change,Medium,1,4.0,Phone
TKT001819,CUST02328,2026-05-05,Plan Change,Medium,5,4.0,App
TKT001820,CUST02328,2026-05-26,Plan Change,High,2,3.0,App
TKT001821,CUST02329,2026-01-18,Cancellation,Medium,2,4.0,Phone
TKT001822,CUST02329,2026-02-20,Cancellation,Low,2,2.0,Phone
TKT001823,CUST02331,2026-04-26,Plan Change,Medium,3,5.0,Phone
TKT001824,CUST02331,2025-08-17,Billing,Low,4,4.0,App
TKT001825,CUST02333,2025-10-21,Plan Change,Low,3,4.0,Chat
TKT001826,CUST02336,2026-03-02,Cancellation,Medium,4,4.0,Phone
TKT001827,CUST02336,2026-05-26,Plan Change,Medium,2,2.0,Email
TKT001828,CUST02337,2026-03-26,Other,High,4,1.0,Chat
TKT001829,CUST02338,2025-10-08,Connectivity,Low,1,5.0,Email
TKT001830,CUST02338,2025-04-03,Billing,Low,5,3.0,App
TKT001831,CUST02340,2026-05-27,Technical,Low,4,4.0,Chat
TKT001832,CUST02342,2025-10-22,Cancellation,Medium,4,4.0,Phone
TKT001833,CUST02343,2026-04-28,Technical,Low,2,3.0,Phone
TKT001834,CUST02343,2025-03-30,Billing,Medium,7,5.0,Chat
TKT001835,CUST02344,2026-02-15,Billing,Medium,2,2.0,Chat
TKT001836,CUST02346,2025-08-26,Technical,Low,7,4.0,Email
TKT001837,CUST02346,2025-10-30,Plan Change,High,4,3.0,Chat
TKT001838,CUST02349,2026-02-03,Billing,Medium,2,2.0,Email
TKT001839,CUST02350,2025-01-29,Billing,Low,3,4.0,Phone
TKT001840,CUST02351,2026-06-05,Connectivity,Low,8,4.0,App
TKT001841,CUST02353,2025-11-28,Billing,Medium,1,3.0,Email
TKT001842,CUST02353,2026-05-14,Plan Change,Low,2,4.0,Chat
TKT001843,CUST02353,2026-02-20,Cancellation,Medium,3,4.0,App
TKT001844,CUST02356,2025-07-31,Technical,Medium,3,4.0,Chat
TKT001845,CUST02358,2026-05-18,Connectivity,Low,2,3.0,Phone
TKT001846,CUST02360,2025-03-21,Connectivity,Medium,3,4.0,App
TKT001847,CUST02360,2025-03-15,Cancellation,Low,3,3.0,App
TKT001848,CUST02364,2026-03-25,Connectivity,Low,8,4.0,App
TKT001849,CUST02365,2025-08-16,Cancellation,Low,4,4.0,Chat
TKT001850,CUST02365,2026-01-26,Other,Low,3,5.0,App
TKT001851,CUST02366,2026-04-21,Plan Change,Low,9,3.0,Phone
TKT001852,CUST02366,2026-05-23,Cancellation,Medium,6,4.0,Chat
TKT001853,CUST02367,2026-05-15,Plan Change,Low,5,4.0,Email
TKT001854,CUST02367,2026-04-25,Billing,High,2,2.0,Phone
TKT001855,CUST02368,2025-12-30,Connectivity,Low,7,4.0,Phone
TKT001856,CUST02369,2025-11-03,Connectivity,Medium,3,5.0,Phone
TKT001857,CUST02369,2025-10-14,Cancellation,High,2,3.0,Chat
TKT001858,CUST02370,2026-04-22,Plan Change,Medium,9,5.0,Chat
TKT001859,CUST02370,2026-06-06,Connectivity,Low,2,4.0,App
TKT001860,CUST02370,2026-05-26,Connectivity,Medium,3,4.0,Email
TKT001861,CUST02371,2024-10-14,Billing,Low,2,5.0,Chat
TKT001862,CUST02373,2025-12-05,Plan Change,Low,2,4.0,Chat
TKT001863,CUST02374,2025-08-28,Cancellation,Medium,1,4.0,Email
TKT001864,CUST02375,2024-11-14,Technical,Low,10,4.0,Phone
TKT001865,CUST02376,2025-06-28,Plan Change,Medium,1,3.0,Email
TKT001866,CUST02377,2025-05-04,Other,Medium,3,4.0,Email
TKT001867,CUST02378,2025-09-14,Connectivity,Low,8,2.0,Email
TKT001868,CUST02378,2025-01-31,Billing,Low,3,3.0,Email
TKT001869,CUST02381,2026-05-24,Billing,Low,6,4.0,Chat
TKT001870,CUST02381,2024-09-21,Cancellation,Low,10,4.0,Email
TKT001871,CUST02382,2025-09-24,Technical,Low,4,3.0,App
TKT001872,CUST02382,2025-06-13,Billing,Low,4,3.0,App
TKT001873,CUST02383,2025-07-25,Technical,Medium,6,4.0,Email
TKT001874,CUST02383,2024-11-24,Plan Change,High,2,1.0,App
TKT001875,CUST02386,2026-02-19,Technical,Medium,7,3.0,App
TKT001876,CUST02387,2026-05-08,Cancellation,Medium,5,4.0,Chat
TKT001877,CUST02387,2026-05-21,Other,Low,5,4.0,Phone
TKT001878,CUST02393,2025-07-16,Other,High,1,3.0,Email
TKT001879,CUST02396,2026-05-28,Connectivity,Low,3,4.0,App
TKT001880,CUST02396,2026-05-27,Connectivity,Low,9,5.0,Phone
TKT001881,CUST02398,2025-09-10,Technical,High,3,,Email
TKT001882,CUST02399,2026-01-15,Technical,Low,3,4.0,Email
TKT001883,CUST02399,2026-01-05,Cancellation,Low,13,4.0,Phone
TKT001884,CUST02401,2026-05-30,Plan Change,Low,3,5.0,Email
TKT001885,CUST02402,2025-10-10,Connectivity,Medium,3,2.0,App
TKT001886,CUST02402,2026-04-10,Cancellation,Low,2,3.0,Chat
TKT001887,CUST02402,2025-02-06,Technical,High,2,2.0,Chat
TKT001888,CUST02407,2026-06-05,Cancellation,Medium,9,3.0,App
TKT001889,CUST02409,2025-09-27,Cancellation,Low,8,5.0,Phone
TKT001890,CUST02409,2026-06-05,Other,Medium,2,5.0,Phone
TKT001891,CUST02410,2025-05-06,Technical,Low,2,3.0,App
TKT001892,CUST02412,2026-01-05,Technical,Medium,8,5.0,App
TKT001893,CUST02413,2025-04-08,Technical,Medium,7,3.0,Email
TKT001894,CUST02414,2026-02-22,Connectivity,Low,4,4.0,Phone
TKT001895,CUST02415,2026-05-01,Technical,Medium,7,5.0,Chat
TKT001896,CUST02416,2025-09-23,Other,Medium,1,4.0,Email
TKT001897,CUST02416,2025-07-27,Billing,Medium,4,3.0,Phone
TKT001898,CUST02416,2025-09-30,Billing,Low,3,4.0,Email
TKT001899,CUST02422,2024-07-04,Cancellation,Medium,4,3.0,Chat
TKT001900,CUST02422,2025-06-10,Other,Medium,11,3.0,App
TKT001901,CUST02423,2024-05-13,Billing,Medium,3,4.0,App
TKT001902,CUST02424,2025-11-13,Plan Change,Low,5,4.0,Phone
TKT001903,CUST02424,2025-11-16,Technical,Low,1,4.0,Email
TKT001904,CUST02425,2024-06-22,Cancellation,Medium,2,3.0,Chat
TKT001905,CUST02428,2026-03-17,Other,Low,2,5.0,App
TKT001906,CUST02431,2026-01-26,Technical,Medium,3,5.0,App
TKT001907,CUST02433,2026-01-19,Other,High,5,5.0,Email
TKT001908,CUST02434,2026-05-26,Other,Low,5,5.0,Phone
TKT001909,CUST02439,2025-06-07,Connectivity,Low,2,5.0,Phone
TKT001910,CUST02440,2026-01-12,Other,Low,6,3.0,App
TKT001911,CUST02446,2025-10-30,Plan Change,Low,4,4.0,Phone
TKT001912,CUST02446,2026-01-13,Plan Change,Low,4,2.0,Phone
TKT001913,CUST02446,2025-02-15,Cancellation,Low,4,5.0,Email
TKT001914,CUST02453,2026-03-05,Other,Medium,16,5.0,Chat
TKT001915,CUST02453,2026-02-22,Other,Low,2,5.0,Phone
TKT001916,CUST02454,2025-10-02,Cancellation,Low,4,3.0,Email
TKT001917,CUST02455,2025-01-01,Cancellation,Low,2,4.0,App
TKT001918,CUST02458,2026-05-19,Technical,Medium,4,3.0,App
TKT001919,CUST02458,2026-04-08,Connectivity,Low,4,4.0,Chat
TKT001920,CUST02459,2025-12-21,Plan Change,Low,3,3.0,App
TKT001921,CUST02463,2026-04-03,Connectivity,Low,6,4.0,Phone
TKT001922,CUST02464,2026-02-04,Technical,Low,4,4.0,App
TKT001923,CUST02468,2026-01-10,Connectivity,Low,8,3.0,Email
TKT001924,CUST02469,2025-07-04,Cancellation,Low,3,4.0,Email
TKT001925,CUST02470,2026-01-18,Plan Change,Low,3,3.0,App
TKT001926,CUST02470,2026-05-11,Connectivity,Medium,5,3.0,Phone
TKT001927,CUST02474,2025-02-14,Plan Change,Low,5,4.0,Phone
TKT001928,CUST02476,2026-03-11,Technical,Medium,3,3.0,Chat
TKT001929,CUST02479,2026-02-19,Other,Low,2,4.0,Chat
TKT001930,CUST02480,2026-04-27,Plan Change,Low,4,3.0,Email
TKT001931,CUST02481,2026-03-28,Other,Medium,2,4.0,Chat
TKT001932,CUST02481,2026-05-17,Billing,Low,8,4.0,App
TKT001933,CUST02481,2026-03-01,Other,High,5,3.0,App
TKT001934,CUST02483,2026-03-18,Other,Medium,2,3.0,Phone
TKT001935,CUST02483,2026-03-07,Other,High,5,3.0,Chat
TKT001936,CUST02487,2026-03-17,Billing,Low,2,5.0,App
TKT001937,CUST02487,2026-05-10,Connectivity,Low,7,5.0,Chat
TKT001938,CUST02488,2026-01-29,Billing,Medium,2,4.0,Chat
TKT001939,CUST02488,2025-10-31,Billing,Medium,7,2.0,Phone
TKT001940,CUST02491,2026-06-07,Billing,Low,4,4.0,Chat
TKT001941,CUST02491,2026-03-03,Other,Medium,3,3.0,Email
TKT001942,CUST02495,2026-03-20,Connectivity,High,4,3.0,Phone
TKT001943,CUST02498,2024-12-03,Other,Medium,3,4.0,Phone
TKT001944,CUST02499,2026-05-20,Billing,Low,7,4.0,Chat
TKT001945,CUST02505,2026-04-24,Other,Low,5,4.0,Phone
TKT001946,CUST02505,2024-09-17,Technical,High,3,2.0,Phone
TKT001947,CUST02507,2025-09-24,Other,Low,3,4.0,Chat
TKT001948,CUST02510,2025-09-04,Connectivity,Medium,5,4.0,Phone
TKT001949,CUST02512,2025-06-27,Plan Change,Low,1,4.0,Phone
TKT001950,CUST02513,2026-02-22,Technical,Low,4,4.0,App
TKT001951,CUST02515,2026-03-11,Other,Low,5,4.0,App
TKT001952,CUST02515,2026-04-29,Billing,Low,2,3.0,Email
TKT001953,CUST02517,2026-02-21,Other,Low,3,3.0,Phone
TKT001954,CUST02518,2026-02-26,Plan Change,Medium,2,3.0,App
TKT001955,CUST02519,2025-09-27,Billing,Low,3,4.0,Phone
TKT001956,CUST02520,2026-03-26,Connectivity,Low,1,4.0,Email
TKT001957,CUST02520,2026-01-13,Connectivity,Medium,5,4.0,Email
TKT001958,CUST02521,2026-05-22,Cancellation,Medium,4,5.0,Phone
TKT001959,CUST02522,2026-04-05,Plan Change,Medium,4,3.0,App
TKT001960,CUST02522,2026-06-21,Technical,Low,4,3.0,Email
TKT001961,CUST02522,2026-05-07,Other,Low,5,5.0,Email
TKT001962,CUST02522,2026-04-10,Other,Medium,4,5.0,Email
TKT001963,CUST02523,2026-03-29,Plan Change,Medium,5,5.0,App
TKT001964,CUST02523,2026-04-13,Cancellation,Low,5,4.0,Chat
TKT001965,CUST02524,2026-03-03,Other,Low,3,3.0,Chat
TKT001966,CUST02525,2025-09-13,Other,High,5,4.0,App
TKT001967,CUST02525,2026-04-01,Cancellation,Medium,1,3.0,Chat
TKT001968,CUST02526,2026-05-05,Plan Change,Low,3,4.0,Email
TKT001969,CUST02530,2025-06-02,Plan Change,Medium,2,3.0,Chat
TKT001970,CUST02531,2026-03-23,Billing,Medium,4,4.0,App
TKT001971,CUST02533,2025-01-02,Other,Medium,2,5.0,App
TKT001972,CUST02536,2026-02-06,Billing,High,1,2.0,App
TKT001973,CUST02537,2025-08-27,Technical,Medium,3,4.0,Chat
TKT001974,CUST02537,2025-10-19,Billing,Low,1,3.0,Email
TKT001975,CUST02537,2025-11-21,Billing,High,2,2.0,Phone
TKT001976,CUST02538,2025-11-07,Cancellation,Low,3,5.0,Chat
TKT001977,CUST02539,2025-03-26,Technical,Low,2,3.0,App
TKT001978,CUST02541,2026-05-03,Plan Change,Medium,2,3.0,App
TKT001979,CUST02544,2026-05-03,Cancellation,Low,6,4.0,Chat
TKT001980,CUST02545,2025-11-11,Billing,Low,2,3.0,Phone
TKT001981,CUST02545,2025-07-09,Technical,High,7,3.0,Email
TKT001982,CUST02547,2026-05-15,Connectivity,Low,2,4.0,Phone
TKT001983,CUST02548,2025-03-17,Other,Low,2,5.0,Email
TKT001984,CUST02549,2026-04-05,Connectivity,High,2,2.0,App
TKT001985,CUST02550,2025-05-16,Connectivity,Medium,3,3.0,Chat
TKT001986,CUST02552,2026-01-18,Other,Low,6,3.0,Phone
TKT001987,CUST02552,2026-01-18,Connectivity,Medium,5,4.0,Phone
TKT001988,CUST02554,2025-12-12,Plan Change,Low,1,3.0,Phone
TKT001989,CUST02554,2025-11-15,Cancellation,Low,3,3.0,Phone
TKT001990,CUST02556,2026-06-02,Other,Low,3,4.0,Chat
TKT001991,CUST02556,2026-05-05,Billing,Low,7,3.0,Chat
TKT001992,CUST02557,2025-09-24,Other,Low,16,5.0,Phone
TKT001993,CUST02557,2025-11-12,Plan Change,Medium,5,5.0,Chat
TKT001994,CUST02558,2026-01-19,Cancellation,Medium,2,4.0,Chat
TKT001995,CUST02559,2025-04-17,Connectivity,Low,1,4.0,App
TKT001996,CUST02561,2024-12-17,Other,Low,2,3.0,Chat
TKT001997,CUST02561,2025-12-16,Plan Change,Medium,4,4.0,App
TKT001998,CUST02566,2026-04-01,Connectivity,Low,3,4.0,Phone
TKT001999,CUST02566,2025-09-15,Billing,Medium,2,4.0,App
TKT002000,CUST02567,2026-03-29,Billing,Medium,3,3.0,Chat
TKT002001,CUST02567,2025-08-19,Billing,Low,3,3.0,Email
TKT002002,CUST02568,2024-11-24,Cancellation,Medium,3,4.0,Email
TKT002003,CUST02569,2026-02-07,Cancellation,Medium,2,4.0,Chat
TKT002004,CUST02569,2025-12-28,Connectivity,Medium,5,3.0,App
TKT002005,CUST02569,2026-01-08,Other,Medium,4,4.0,App
TKT002006,CUST02574,2026-04-20,Connectivity,Low,5,3.0,Phone
TKT002007,CUST02574,2026-06-06,Connectivity,Medium,9,4.0,Phone
TKT002008,CUST02574,2026-05-14,Plan Change,Medium,8,4.0,App
TKT002009,CUST02576,2026-01-11,Plan Change,Medium,5,5.0,Chat
TKT002010,CUST02578,2026-02-07,Billing,Low,5,4.0,Email
TKT002011,CUST02578,2025-06-13,Cancellation,Low,4,4.0,Email
TKT002012,CUST02579,2026-04-30,Other,Low,1,3.0,App
TKT002013,CUST02580,2025-01-06,Other,Low,2,4.0,App
TKT002014,CUST02582,2026-05-03,Technical,Low,1,4.0,Phone
TKT002015,CUST02582,2026-03-05,Other,Medium,2,5.0,App
TKT002016,CUST02584,2026-06-06,Connectivity,Medium,3,2.0,Chat
TKT002017,CUST02584,2026-05-22,Connectivity,Medium,5,4.0,Phone
TKT002018,CUST02587,2025-06-11,Other,Low,8,4.0,Phone
TKT002019,CUST02587,2026-06-02,Billing,Medium,6,4.0,Phone
TKT002020,CUST02590,2026-03-24,Plan Change,Low,3,4.0,App
TKT002021,CUST02590,2026-06-12,Connectivity,Low,7,4.0,App
TKT002022,CUST02592,2025-04-08,Plan Change,Low,3,3.0,App
TKT002023,CUST02593,2025-12-27,Plan Change,Low,4,5.0,Phone
TKT002024,CUST02595,2025-11-11,Technical,High,4,3.0,App
TKT002025,CUST02598,2026-02-15,Connectivity,Medium,3,4.0,Email
TKT002026,CUST02599,2025-12-23,Plan Change,Low,4,4.0,Phone
TKT002027,CUST02600,2025-03-05,Other,Medium,4,5.0,App
TKT002028,CUST02603,2026-05-27,Plan Change,Low,4,5.0,App
TKT002029,CUST02604,2026-02-15,Other,Low,2,4.0,Chat
TKT002030,CUST02607,2024-09-10,Cancellation,Medium,5,3.0,Phone
TKT002031,CUST02608,2025-10-05,Other,Medium,6,3.0,Email
TKT002032,CUST02608,2025-08-12,Billing,Medium,6,5.0,Email
TKT002033,CUST02609,2025-12-09,Connectivity,Medium,2,3.0,Email
TKT002034,CUST02609,2026-05-01,Connectivity,Low,5,4.0,Phone
TKT002035,CUST02612,2025-08-26,Other,High,4,3.0,Phone
TKT002036,CUST02614,2025-07-26,Cancellation,Low,3,3.0,Phone
TKT002037,CUST02614,2025-07-13,Other,Low,5,4.0,Email
TKT002038,CUST02618,2025-12-11,Plan Change,Low,2,4.0,Phone
TKT002039,CUST02619,2025-07-05,Technical,Low,5,4.0,Email
TKT002040,CUST02620,2025-10-07,Other,Medium,8,4.0,App
TKT002041,CUST02621,2026-06-04,Other,Low,4,4.0,Phone
TKT002042,CUST02621,2026-02-19,Other,Medium,6,4.0,App
TKT002043,CUST02622,2026-01-01,Cancellation,Low,3,4.0,Email
TKT002044,CUST02623,2024-10-27,Billing,Low,4,3.0,Phone
TKT002045,CUST02624,2026-06-02,Other,Medium,3,3.0,Phone
TKT002046,CUST02626,2026-03-30,Technical,Low,1,4.0,App
TKT002047,CUST02627,2026-05-20,Technical,Medium,3,3.0,Phone
TKT002048,CUST02627,2026-04-06,Billing,Medium,4,3.0,Email
TKT002049,CUST02627,2026-06-19,Connectivity,High,7,2.0,App
TKT002050,CUST02629,2025-04-10,Other,Medium,3,4.0,Phone
TKT002051,CUST02632,2026-06-11,Technical,Medium,5,4.0,Chat
TKT002052,CUST02632,2025-01-18,Plan Change,Low,3,3.0,Email
TKT002053,CUST02635,2026-01-11,Cancellation,Medium,3,4.0,Email
TKT002054,CUST02636,2026-03-29,Connectivity,Low,3,4.0,Email
TKT002055,CUST02638,2025-03-02,Plan Change,Low,2,4.0,Email
TKT002056,CUST02640,2025-03-24,Connectivity,Medium,2,5.0,Phone
TKT002057,CUST02641,2026-04-08,Billing,High,4,5.0,Chat
TKT002058,CUST02642,2026-04-22,Billing,Low,7,2.0,App
TKT002059,CUST02643,2025-11-06,Billing,Low,3,3.0,App
TKT002060,CUST02644,2024-05-27,Technical,Medium,6,3.0,App
TKT002061,CUST02647,2024-12-25,Cancellation,Low,5,4.0,Phone
TKT002062,CUST02650,2025-10-20,Cancellation,Low,2,3.0,Chat
TKT002063,CUST02650,2024-05-25,Plan Change,Medium,2,3.0,Email
TKT002064,CUST02651,2026-04-07,Plan Change,Medium,1,5.0,Phone
TKT002065,CUST02655,2024-09-02,Cancellation,Medium,5,4.0,Phone
TKT002066,CUST02656,2025-04-14,Technical,Low,7,4.0,Email
TKT002067,CUST02657,2025-05-12,Other,Low,3,5.0,Chat
TKT002068,CUST02658,2026-05-05,Other,Medium,7,4.0,Phone
TKT002069,CUST02659,2025-10-27,Billing,Low,4,3.0,Email
TKT002070,CUST02659,2024-09-29,Billing,Low,3,4.0,Phone
TKT002071,CUST02659,2024-10-22,Connectivity,Low,2,4.0,Phone
TKT002072,CUST02662,2026-03-02,Connectivity,Low,4,4.0,Chat
TKT002073,CUST02663,2025-10-21,Technical,Medium,4,5.0,App
TKT002074,CUST02664,2026-03-30,Other,Low,2,5.0,Email
TKT002075,CUST02665,2024-09-21,Connectivity,High,4,3.0,Email
TKT002076,CUST02668,2026-04-24,Cancellation,Medium,6,5.0,Email
TKT002077,CUST02670,2025-07-22,Technical,High,4,2.0,App
TKT002078,CUST02672,2026-02-22,Cancellation,Low,6,4.0,Email
TKT002079,CUST02673,2025-08-15,Plan Change,High,3,3.0,Email
TKT002080,CUST02673,2025-08-22,Cancellation,Low,3,4.0,Phone
TKT002081,CUST02674,2025-03-25,Cancellation,Medium,3,4.0,Email
TKT002082,CUST02678,2026-01-13,Connectivity,High,4,4.0,Email
TKT002083,CUST02681,2025-06-17,Other,Medium,3,4.0,App
TKT002084,CUST02683,2025-03-13,Technical,Low,2,3.0,Phone
TKT002085,CUST02684,2025-09-26,Billing,Medium,1,4.0,Chat
TKT002086,CUST02684,2026-03-26,Technical,Medium,2,3.0,App
TKT002087,CUST02684,2025-07-31,Other,Medium,3,4.0,Chat
TKT002088,CUST02685,2025-11-25,Billing,Low,2,3.0,Email
TKT002089,CUST02686,2025-04-20,Cancellation,Low,4,4.0,Chat
TKT002090,CUST02686,2025-07-23,Billing,Low,8,2.0,Phone
TKT002091,CUST02687,2026-01-09,Cancellation,Low,5,4.0,Chat
TKT002092,CUST02687,2026-01-23,Technical,Low,2,4.0,Email
TKT002093,CUST02689,2026-03-11,Cancellation,High,2,3.0,Chat
TKT002094,CUST02690,2025-06-21,Billing,Low,4,4.0,App
TKT002095,CUST02691,2026-04-25,Billing,Medium,12,,App
TKT002096,CUST02694,2026-05-22,Technical,Low,5,3.0,Phone
TKT002097,CUST02695,2025-07-28,Technical,Medium,3,5.0,Email
TKT002098,CUST02698,2026-03-31,Technical,Low,4,4.0,Chat
TKT002099,CUST02698,2025-09-01,Technical,Low,1,4.0,Phone
TKT002100,CUST02699,2024-05-25,Billing,Medium,4,2.0,App
TKT002101,CUST02699,2025-02-23,Cancellation,Medium,5,4.0,Chat
TKT002102,CUST02699,2024-05-12,Billing,Low,2,3.0,Phone
TKT002103,CUST02701,2024-11-13,Cancellation,Low,1,4.0,Chat
TKT002104,CUST02701,2024-12-28,Other,High,5,2.0,App
TKT002105,CUST02702,2026-02-13,Plan Change,Low,8,4.0,App
TKT002106,CUST02705,2024-10-02,Billing,Medium,2,2.0,Chat
TKT002107,CUST02705,2026-05-27,Connectivity,Medium,3,4.0,Email
TKT002108,CUST02708,2026-04-27,Other,Low,6,2.0,Email
TKT002109,CUST02709,2026-05-22,Plan Change,Medium,3,5.0,App
TKT002110,CUST02710,2026-01-18,Plan Change,Low,1,4.0,Chat
TKT002111,CUST02710,2026-01-18,Cancellation,Low,3,4.0,App
TKT002112,CUST02711,2026-04-27,Cancellation,Low,8,5.0,Email
TKT002113,CUST02711,2026-03-17,Plan Change,Medium,2,3.0,App
TKT002114,CUST02712,2025-10-08,Technical,Medium,3,3.0,App
TKT002115,CUST02715,2026-05-02,Technical,High,2,3.0,Email
TKT002116,CUST02715,2026-05-17,Plan Change,Low,6,,App
TKT002117,CUST02717,2026-05-19,Plan Change,Low,1,4.0,Phone
TKT002118,CUST02717,2026-01-07,Cancellation,Low,1,2.0,Phone
TKT002119,CUST02718,2026-04-28,Plan Change,Low,3,3.0,Phone
TKT002120,CUST02718,2026-05-17,Billing,Medium,3,4.0,App
TKT002121,CUST02719,2026-04-08,Connectivity,Low,4,4.0,Email
TKT002122,CUST02719,2025-08-27,Cancellation,Low,6,3.0,App
TKT002123,CUST02721,2026-02-09,Other,Low,4,3.0,Phone
TKT002124,CUST02721,2025-06-24,Technical,Low,2,5.0,Email
TKT002125,CUST02722,2025-12-26,Plan Change,High,4,3.0,App
TKT002126,CUST02723,2026-04-04,Cancellation,Medium,2,4.0,Phone
TKT002127,CUST02723,2025-06-14,Other,Low,2,5.0,Chat
TKT002128,CUST02723,2026-01-02,Plan Change,Medium,4,4.0,Email
TKT002129,CUST02723,2026-01-05,Cancellation,Low,8,4.0,Email
TKT002130,CUST02724,2025-07-16,Other,Medium,3,3.0,Chat
TKT002131,CUST02725,2026-01-30,Cancellation,High,2,3.0,App
TKT002132,CUST02728,2025-08-11,Connectivity,Medium,6,4.0,Chat
TKT002133,CUST02729,2026-04-23,Other,Low,2,2.0,Phone
TKT002134,CUST02731,2025-04-25,Billing,Medium,3,,App
TKT002135,CUST02731,2025-05-24,Plan Change,Low,1,3.0,App
TKT002136,CUST02731,2024-12-02,Billing,Medium,2,4.0,Email
TKT002137,CUST02735,2025-07-29,Technical,Low,5,5.0,Phone
TKT002138,CUST02737,2026-01-25,Cancellation,Medium,3,4.0,Phone
TKT002139,CUST02741,2025-10-03,Cancellation,High,4,2.0,Phone
TKT002140,CUST02742,2026-02-23,Cancellation,Low,4,4.0,App
TKT002141,CUST02742,2025-02-12,Technical,Low,2,3.0,Email
TKT002142,CUST02744,2026-03-05,Technical,Medium,5,3.0,Chat
TKT002143,CUST02745,2025-12-29,Plan Change,Medium,3,3.0,Phone
TKT002144,CUST02745,2025-12-07,Billing,Medium,4,4.0,App
TKT002145,CUST02746,2026-05-16,Technical,High,3,3.0,Phone
TKT002146,CUST02747,2026-02-26,Connectivity,Low,3,5.0,Email
TKT002147,CUST02749,2025-11-30,Connectivity,Medium,3,4.0,Email
TKT002148,CUST02750,2025-11-12,Billing,Low,4,5.0,App
TKT002149,CUST02751,2026-02-11,Connectivity,Medium,1,5.0,App
TKT002150,CUST02752,2026-04-06,Billing,Low,4,2.0,App
TKT002151,CUST02755,2025-10-04,Billing,High,5,2.0,Email
TKT002152,CUST02756,2026-03-03,Cancellation,Medium,3,5.0,App
TKT002153,CUST02756,2024-10-12,Plan Change,Low,1,4.0,Chat
TKT002154,CUST02760,2024-11-11,Plan Change,Low,2,3.0,App
TKT002155,CUST02760,2024-10-21,Cancellation,Low,1,5.0,Phone
TKT002156,CUST02762,2026-03-09,Billing,Low,2,3.0,App
TKT002157,CUST02762,2026-04-22,Cancellation,Low,6,4.0,Phone
TKT002158,CUST02762,2025-07-19,Other,Low,3,5.0,Chat
TKT002159,CUST02763,2025-11-30,Connectivity,Low,1,5.0,Email
TKT002160,CUST02765,2026-04-25,Cancellation,Low,2,2.0,Chat
TKT002161,CUST02766,2026-03-12,Connectivity,Low,4,4.0,Email
TKT002162,CUST02766,2026-03-25,Billing,Low,3,4.0,Email
TKT002163,CUST02767,2025-09-26,Connectivity,High,8,3.0,Phone
TKT002164,CUST02771,2025-02-21,Plan Change,Low,2,3.0,Chat
TKT002165,CUST02773,2024-11-11,Cancellation,Medium,6,5.0,Chat
TKT002166,CUST02774,2024-11-10,Cancellation,Low,3,5.0,App
TKT002167,CUST02774,2025-05-18,Plan Change,Low,4,3.0,Chat
TKT002168,CUST02774,2026-04-08,Other,Medium,3,3.0,App
TKT002169,CUST02775,2026-05-18,Billing,Low,1,3.0,Chat
TKT002170,CUST02776,2026-03-16,Connectivity,Low,2,3.0,Email
TKT002171,CUST02783,2025-05-06,Plan Change,Medium,3,5.0,Phone
TKT002172,CUST02783,2025-04-18,Connectivity,Low,6,5.0,Email
TKT002173,CUST02788,2026-05-30,Connectivity,Medium,2,4.0,App
TKT002174,CUST02788,2026-03-30,Connectivity,Low,3,5.0,Phone
TKT002175,CUST02792,2026-06-05,Technical,Low,3,2.0,Phone
TKT002176,CUST02794,2026-05-14,Connectivity,Low,11,4.0,App
TKT002177,CUST02794,2026-05-08,Technical,Medium,9,4.0,App
TKT002178,CUST02794,2026-05-19,Billing,Low,4,4.0,App
TKT002179,CUST02795,2024-03-11,Other,Low,6,3.0,Email
TKT002180,CUST02801,2026-04-09,Cancellation,Low,3,4.0,Chat
TKT002181,CUST02802,2026-04-26,Cancellation,Low,2,4.0,Chat
TKT002182,CUST02802,2026-04-12,Plan Change,Medium,1,4.0,Chat
TKT002183,CUST02802,2026-04-19,Connectivity,Low,4,5.0,App
TKT002184,CUST02804,2025-05-01,Technical,Low,1,3.0,App
TKT002185,CUST02806,2026-03-31,Technical,Medium,7,5.0,Email
TKT002186,CUST02806,2026-05-04,Cancellation,Low,2,4.0,Phone
TKT002187,CUST02808,2025-08-03,Technical,Low,2,3.0,Email
TKT002188,CUST02810,2026-02-20,Technical,Low,5,5.0,Phone
TKT002189,CUST02811,2026-04-24,Technical,Low,3,3.0,Phone
TKT002190,CUST02811,2026-02-16,Cancellation,Medium,5,4.0,App
TKT002191,CUST02812,2024-07-02,Other,Low,4,3.0,Phone
TKT002192,CUST02812,2025-09-09,Technical,Medium,2,3.0,Email
TKT002193,CUST02813,2026-04-14,Billing,Low,2,3.0,Chat
TKT002194,CUST02814,2026-04-30,Plan Change,High,3,4.0,Chat
TKT002195,CUST02815,2025-08-11,Cancellation,Medium,1,3.0,App
TKT002196,CUST02817,2025-06-20,Other,Low,2,5.0,Phone
TKT002197,CUST02819,2024-04-29,Plan Change,Low,3,3.0,Email
TKT002198,CUST02819,2025-01-15,Technical,Medium,1,4.0,Phone
TKT002199,CUST02819,2025-06-08,Plan Change,High,4,3.0,Email
TKT002200,CUST02820,2026-04-10,Plan Change,Low,3,4.0,Phone
TKT002201,CUST02822,2026-01-23,Other,Low,3,2.0,App
TKT002202,CUST02825,2025-11-04,Other,Low,2,5.0,Phone
TKT002203,CUST02825,2025-10-26,Plan Change,Low,4,4.0,App
TKT002204,CUST02826,2025-12-04,Cancellation,Medium,1,3.0,App
TKT002205,CUST02827,2026-02-21,Connectivity,Low,2,4.0,Phone
TKT002206,CUST02827,2026-03-30,Connectivity,High,2,3.0,Chat
TKT002207,CUST02827,2025-07-22,Billing,Medium,2,4.0,App
TKT002208,CUST02829,2025-04-27,Cancellation,Low,3,4.0,Chat
TKT002209,CUST02830,2026-06-10,Technical,Medium,5,3.0,Chat
TKT002210,CUST02830,2025-06-15,Other,Low,5,4.0,App
TKT002211,CUST02832,2026-01-25,Other,Low,5,5.0,Phone
TKT002212,CUST02832,2025-07-18,Technical,Medium,1,4.0,Email
TKT002213,CUST02834,2025-11-15,Technical,Low,1,3.0,Email
TKT002214,CUST02836,2026-02-28,Other,Medium,1,2.0,Phone
TKT002215,CUST02836,2026-02-27,Connectivity,Low,5,4.0,Email
TKT002216,CUST02836,2025-07-12,Connectivity,Low,4,4.0,Email
TKT002217,CUST02837,2025-12-15,Connectivity,Low,6,3.0,Phone
TKT002218,CUST02838,2024-12-21,Cancellation,Medium,4,4.0,Chat
TKT002219,CUST02840,2026-05-19,Technical,Medium,2,4.0,Phone
TKT002220,CUST02840,2025-09-05,Connectivity,Medium,2,5.0,Phone
TKT002221,CUST02840,2026-01-19,Connectivity,Low,2,3.0,Chat
TKT002222,CUST02841,2025-10-16,Connectivity,Medium,3,3.0,Chat
TKT002223,CUST02846,2026-05-29,Billing,Low,3,4.0,Phone
TKT002224,CUST02847,2025-05-08,Plan Change,Medium,11,4.0,App
TKT002225,CUST02849,2025-02-17,Plan Change,Medium,10,3.0,Phone
TKT002226,CUST02852,2026-05-30,Technical,Medium,1,2.0,App
TKT002227,CUST02853,2025-09-12,Cancellation,Low,3,4.0,Email
TKT002228,CUST02853,2026-04-20,Billing,Low,2,2.0,Chat
TKT002229,CUST02854,2025-05-01,Technical,Low,1,4.0,App
TKT002230,CUST02854,2024-12-22,Billing,Medium,4,5.0,Chat
TKT002231,CUST02856,2026-05-12,Cancellation,High,5,2.0,Phone
TKT002232,CUST02857,2026-06-21,Cancellation,Medium,2,3.0,App
TKT002233,CUST02858,2025-02-23,Plan Change,Low,2,2.0,Email
TKT002234,CUST02858,2024-08-25,Other,Low,8,,Chat
TKT002235,CUST02859,2025-02-09,Cancellation,Low,5,4.0,Email
TKT002236,CUST02859,2024-06-13,Cancellation,Low,3,5.0,Chat
TKT002237,CUST02859,2024-04-17,Plan Change,Low,2,5.0,Phone
TKT002238,CUST02860,2025-12-18,Technical,Low,1,4.0,Email
TKT002239,CUST02860,2024-05-28,Billing,Low,7,4.0,Chat
TKT002240,CUST02862,2026-06-12,Connectivity,Medium,2,3.0,Phone
TKT002241,CUST02863,2025-07-31,Billing,Low,2,4.0,Phone
TKT002242,CUST02865,2024-09-11,Connectivity,Medium,2,5.0,Chat
TKT002243,CUST02865,2026-04-04,Plan Change,Low,15,4.0,Phone
TKT002244,CUST02866,2024-03-23,Billing,Medium,2,5.0,App
TKT002245,CUST02866,2025-07-23,Connectivity,Medium,5,4.0,Phone
TKT002246,CUST02870,2026-03-20,Cancellation,Medium,4,3.0,App
TKT002247,CUST02870,2024-11-22,Billing,Low,1,4.0,Email
TKT002248,CUST02871,2026-05-25,Technical,Low,5,4.0,Email
TKT002249,CUST02872,2026-05-08,Plan Change,Medium,6,2.0,Phone
TKT002250,CUST02873,2024-10-03,Other,Low,5,4.0,Phone
TKT002251,CUST02874,2024-11-28,Other,Medium,4,5.0,Chat
TKT002252,CUST02875,2025-07-30,Billing,Low,1,3.0,Phone
TKT002253,CUST02875,2024-10-29,Billing,Low,2,4.0,App
TKT002254,CUST02876,2026-06-05,Other,High,1,3.0,App
TKT002255,CUST02877,2025-05-28,Other,Medium,1,3.0,Phone
TKT002256,CUST02881,2026-04-29,Billing,Medium,1,3.0,Email
TKT002257,CUST02882,2025-09-24,Cancellation,Low,1,4.0,App
TKT002258,CUST02882,2026-01-17,Connectivity,Medium,3,3.0,Phone
TKT002259,CUST02883,2026-01-04,Connectivity,High,3,3.0,Chat
TKT002260,CUST02884,2026-05-17,Connectivity,Low,2,3.0,Email
TKT002261,CUST02887,2026-05-04,Connectivity,Low,3,3.0,Email
TKT002262,CUST02889,2026-01-04,Connectivity,Low,9,4.0,Email
TKT002263,CUST02892,2026-03-25,Billing,Low,2,3.0,Phone
TKT002264,CUST02895,2025-03-14,Technical,Medium,2,4.0,App
TKT002265,CUST02897,2026-03-29,Billing,Medium,3,3.0,Chat
TKT002266,CUST02897,2026-04-22,Technical,Low,1,3.0,App
TKT002267,CUST02898,2026-03-18,Plan Change,High,5,2.0,Phone
TKT002268,CUST02900,2025-08-11,Cancellation,Medium,13,3.0,Chat
TKT002269,CUST02903,2026-01-07,Billing,High,4,4.0,Chat
TKT002270,CUST02904,2025-11-01,Plan Change,Low,3,3.0,App
TKT002271,CUST02906,2025-08-08,Other,Low,3,4.0,Chat
TKT002272,CUST02906,2025-09-13,Other,Medium,5,3.0,Phone
TKT002273,CUST02907,2026-02-11,Technical,Low,1,4.0,Chat
TKT002274,CUST02908,2025-01-25,Technical,Medium,1,4.0,App
TKT002275,CUST02910,2026-05-03,Cancellation,High,5,4.0,App
TKT002276,CUST02911,2026-04-23,Other,Medium,5,3.0,Chat
TKT002277,CUST02914,2025-09-05,Billing,Low,3,4.0,Email
TKT002278,CUST02914,2025-07-30,Connectivity,High,7,2.0,App
TKT002279,CUST02916,2025-11-23,Billing,Low,1,3.0,Chat
TKT002280,CUST02916,2026-01-17,Cancellation,Low,6,3.0,Phone
TKT002281,CUST02917,2026-03-06,Cancellation,Medium,1,3.0,Phone
TKT002282,CUST02918,2026-02-18,Cancellation,Low,2,3.0,Chat
TKT002283,CUST02919,2025-12-03,Cancellation,Medium,5,4.0,Email
TKT002284,CUST02919,2025-07-21,Connectivity,Low,1,3.0,App
TKT002285,CUST02920,2025-03-29,Plan Change,Low,6,4.0,App
TKT002286,CUST02921,2025-04-11,Technical,Medium,8,4.0,Email
TKT002287,CUST02921,2024-10-07,Billing,Medium,9,2.0,Phone
TKT002288,CUST02921,2025-05-02,Technical,Medium,9,3.0,Chat
TKT002289,CUST02923,2025-09-18,Cancellation,High,2,4.0,Phone
TKT002290,CUST02924,2025-03-10,Technical,Low,2,4.0,Chat
TKT002291,CUST02928,2026-01-18,Technical,Medium,3,3.0,App
TKT002292,CUST02929,2026-06-17,Billing,Low,1,4.0,Chat
TKT002293,CUST02930,2026-02-20,Cancellation,Low,5,4.0,Email
TKT002294,CUST02930,2026-03-02,Connectivity,Low,4,3.0,Phone
TKT002295,CUST02931,2025-04-29,Cancellation,Medium,1,4.0,Phone
TKT002296,CUST02931,2026-04-03,Connectivity,Low,5,3.0,Email
TKT002297,CUST02932,2026-05-13,Plan Change,Low,2,4.0,App
TKT002298,CUST02933,2025-09-22,Technical,Medium,4,3.0,Email
TKT002299,CUST02936,2024-09-10,Plan Change,Medium,3,4.0,Chat
TKT002300,CUST02936,2026-01-27,Other,Medium,6,3.0,Email
TKT002301,CUST02937,2025-11-28,Other,Medium,3,4.0,Phone
TKT002302,CUST02937,2025-10-14,Plan Change,Medium,6,2.0,Chat
TKT002303,CUST02938,2025-10-28,Other,Low,1,3.0,Chat
TKT002304,CUST02939,2026-01-01,Plan Change,Medium,5,2.0,Email
TKT002305,CUST02941,2026-01-18,Plan Change,Low,1,3.0,Chat
TKT002306,CUST02944,2025-10-18,Plan Change,Low,4,4.0,Phone
TKT002307,CUST02945,2025-09-17,Billing,Medium,1,3.0,Phone
TKT002308,CUST02946,2026-01-28,Plan Change,Low,2,4.0,Phone
TKT002309,CUST02947,2026-03-07,Cancellation,Low,2,3.0,Phone
TKT002310,CUST02949,2024-09-22,Connectivity,Low,4,4.0,Phone
TKT002311,CUST02950,2026-06-07,Other,Medium,1,4.0,Email
TKT002312,CUST02954,2025-09-20,Plan Change,Medium,9,4.0,Phone
TKT002313,CUST02955,2025-12-28,Connectivity,Low,4,4.0,Phone
TKT002314,CUST02959,2025-12-31,Other,Medium,5,4.0,App
TKT002315,CUST02960,2026-05-19,Other,Low,2,4.0,Phone
TKT002316,CUST02961,2026-03-04,Technical,Low,2,4.0,App
TKT002317,CUST02961,2026-01-08,Connectivity,Low,4,4.0,Email
TKT002318,CUST02963,2026-04-23,Other,Low,3,4.0,Chat
TKT002319,CUST02963,2026-05-06,Cancellation,Low,1,4.0,App
TKT002320,CUST02964,2026-05-14,Other,Low,4,4.0,App
TKT002321,CUST02968,2025-05-21,Connectivity,Low,6,5.0,Phone
TKT002322,CUST02969,2025-09-01,Plan Change,Low,5,3.0,App
TKT002323,CUST02971,2026-04-11,Billing,Low,4,5.0,Email
TKT002324,CUST02973,2026-05-03,Other,Medium,1,5.0,Email
TKT002325,CUST02974,2025-02-27,Other,Low,4,4.0,Phone
TKT002326,CUST02974,2025-06-26,Technical,Medium,3,5.0,Chat
TKT002327,CUST02974,2026-01-25,Connectivity,Low,3,4.0,Email
TKT002328,CUST02977,2025-09-17,Other,Low,2,4.0,Email
TKT002329,CUST02979,2026-04-15,Billing,Low,3,3.0,Chat
TKT002330,CUST02980,2024-12-10,Other,Low,9,2.0,Phone
TKT002331,CUST02981,2025-03-18,Plan Change,Low,6,3.0,App
TKT002332,CUST02981,2025-07-01,Technical,Low,2,3.0,Chat
TKT002333,CUST02983,2025-03-18,Billing,Medium,3,3.0,Email
TKT002334,CUST02984,2026-01-29,Connectivity,Medium,2,3.0,Chat
TKT002335,CUST02987,2025-12-07,Cancellation,Medium,6,5.0,App
TKT002336,CUST02990,2026-01-08,Connectivity,Low,2,4.0,Phone
TKT002337,CUST02990,2024-08-10,Plan Change,Low,2,4.0,App
TKT002338,CUST02992,2026-05-31,Other,Low,4,5.0,Phone
TKT002339,CUST02993,2026-05-25,Connectivity,Medium,8,3.0,App
TKT002340,CUST02994,2026-01-01,Technical,Low,2,2.0,Phone
TKT002341,CUST02994,2026-02-25,Connectivity,Medium,2,3.0,Chat
TKT002342,CUST02994,2026-01-07,Plan Change,Medium,2,5.0,Email
TKT002343,CUST02995,2025-06-26,Plan Change,Low,6,5.0,Phone
TKT002344,CUST02997,2026-01-03,Technical,Low,2,4.0,Email
TKT002345,CUST02997,2025-12-24,Connectivity,Low,4,,App
TKT002346,CUST02997,2025-05-02,Other,Low,2,3.0,Email
TKT002347,CUST02998,2026-03-17,Technical,Medium,7,3.0,App
TKT002348,CUST02999,2025-11-26,Other,Medium,3,4.0,Email
TKT002349,CUST03001,2024-11-11,Technical,Low,3,4.0,App
TKT002350,CUST03002,2026-03-05,Technical,Medium,3,4.0,Email
TKT002351,CUST03002,2026-03-28,Billing,Medium,2,2.0,Chat
TKT002352,CUST03002,2025-08-05,Other,Low,4,5.0,Chat
TKT002353,CUST03004,2026-05-28,Plan Change,Medium,2,5.0,Phone
TKT002354,CUST03005,2024-09-21,Billing,Low,3,2.0,Chat
TKT002355,CUST03007,2025-05-24,Billing,Low,5,5.0,Phone
TKT002356,CUST03009,2026-04-02,Other,Medium,6,4.0,App
TKT002357,CUST03011,2026-01-29,Technical,High,3,2.0,Phone
TKT002358,CUST03012,2025-09-21,Other,Low,4,4.0,App
TKT002359,CUST03013,2026-02-15,Technical,Medium,3,2.0,App
TKT002360,CUST03015,2025-10-02,Technical,Low,6,5.0,Chat
TKT002361,CUST03016,2026-04-09,Technical,Low,2,3.0,App
TKT002362,CUST03019,2026-01-09,Other,Low,2,3.0,Chat
TKT002363,CUST03019,2025-06-16,Other,Low,8,4.0,Phone
TKT002364,CUST03020,2025-03-29,Other,Medium,2,4.0,Email
TKT002365,CUST03020,2024-12-26,Other,Medium,3,3.0,Chat
TKT002366,CUST03020,2025-03-20,Billing,Low,3,4.0,Chat
TKT002367,CUST03021,2025-03-21,Billing,Medium,4,3.0,Phone
TKT002368,CUST03024,2026-02-13,Cancellation,Medium,1,4.0,Chat
TKT002369,CUST03027,2025-07-18,Cancellation,Medium,4,3.0,Email
TKT002370,CUST03028,2025-12-15,Technical,Low,11,3.0,Phone
TKT002371,CUST03030,2024-10-12,Connectivity,Low,3,3.0,Chat
TKT002372,CUST03030,2024-11-16,Technical,Low,1,4.0,Chat
TKT002373,CUST03031,2026-03-14,Other,Medium,11,3.0,Phone
TKT002374,CUST03032,2025-12-30,Cancellation,Low,4,4.0,App
TKT002375,CUST03032,2025-12-18,Other,High,2,3.0,App
TKT002376,CUST03033,2025-12-24,Technical,Low,5,4.0,Email
TKT002377,CUST03033,2026-06-09,Technical,Low,2,4.0,Chat
TKT002378,CUST03033,2025-03-03,Other,Low,3,4.0,Email
TKT002379,CUST03036,2026-05-14,Connectivity,Low,3,5.0,Email
TKT002380,CUST03037,2026-05-08,Cancellation,High,8,5.0,Phone
TKT002381,CUST03038,2026-05-07,Plan Change,High,3,3.0,Chat
TKT002382,CUST03040,2026-02-18,Plan Change,Low,8,4.0,Chat
TKT002383,CUST03041,2026-05-29,Cancellation,Medium,1,4.0,Phone
TKT002384,CUST03042,2025-11-24,Connectivity,Medium,2,3.0,App
TKT002385,CUST03043,2026-03-11,Connectivity,Medium,2,4.0,Phone
TKT002386,CUST03044,2026-05-29,Plan Change,Low,2,5.0,Phone
TKT002387,CUST03046,2026-04-13,Billing,Low,4,4.0,Chat
TKT002388,CUST03046,2025-05-04,Billing,Medium,3,3.0,Chat
TKT002389,CUST03047,2026-04-25,Plan Change,Low,7,5.0,Email
TKT002390,CUST03050,2025-07-10,Technical,High,8,4.0,Phone
TKT002391,CUST03050,2026-01-25,Billing,Low,2,4.0,Phone
TKT002392,CUST03051,2026-05-29,Connectivity,High,2,4.0,Phone
TKT002393,CUST03052,2025-09-21,Billing,Low,2,2.0,Phone
TKT002394,CUST03052,2025-11-28,Billing,Low,2,2.0,Phone
TKT002395,CUST03054,2025-09-03,Plan Change,Low,5,4.0,Chat
TKT002396,CUST03057,2025-03-25,Technical,Low,3,5.0,Email
TKT002397,CUST03057,2025-09-24,Connectivity,Low,3,5.0,Email
TKT002398,CUST03058,2025-01-17,Technical,High,6,3.0,App
TKT002399,CUST03061,2026-06-09,Cancellation,Medium,2,3.0,App
TKT002400,CUST03062,2025-12-10,Connectivity,Low,2,2.0,App
TKT002401,CUST03066,2026-05-04,Plan Change,Medium,4,4.0,Chat
TKT002402,CUST03066,2026-03-31,Billing,Medium,4,4.0,App
TKT002403,CUST03066,2025-12-28,Connectivity,Low,4,3.0,Phone
TKT002404,CUST03066,2025-09-24,Plan Change,Low,1,3.0,App
TKT002405,CUST03067,2026-05-30,Billing,Medium,3,4.0,Email
TKT002406,CUST03068,2026-01-30,Plan Change,High,5,2.0,Phone
TKT002407,CUST03069,2026-04-17,Plan Change,Low,4,4.0,Email
TKT002408,CUST03070,2026-02-17,Cancellation,Medium,2,3.0,Chat
TKT002409,CUST03070,2026-04-11,Plan Change,Low,3,5.0,Email
TKT002410,CUST03072,2025-11-11,Other,Low,7,4.0,App
TKT002411,CUST03074,2025-12-17,Other,High,5,2.0,App
TKT002412,CUST03077,2026-04-06,Plan Change,Low,3,4.0,Email
TKT002413,CUST03078,2025-07-12,Plan Change,High,1,3.0,Chat
TKT002414,CUST03078,2025-08-07,Other,Low,1,4.0,App
TKT002415,CUST03079,2025-12-21,Other,Medium,3,5.0,Phone
TKT002416,CUST03080,2026-06-12,Cancellation,Medium,2,3.0,Phone
TKT002417,CUST03081,2025-02-16,Connectivity,Low,1,3.0,App
TKT002418,CUST03086,2025-11-16,Cancellation,High,2,4.0,App
TKT002419,CUST03087,2026-03-20,Connectivity,Medium,3,4.0,Chat
TKT002420,CUST03088,2025-11-10,Cancellation,Medium,10,4.0,Chat
TKT002421,CUST03092,2025-10-18,Cancellation,Medium,3,4.0,Email
TKT002422,CUST03095,2026-04-09,Other,Low,15,4.0,Phone
TKT002423,CUST03096,2025-08-21,Plan Change,Low,3,4.0,App
TKT002424,CUST03097,2025-11-16,Other,High,3,2.0,Chat
TKT002425,CUST03097,2025-06-11,Cancellation,Low,5,2.0,App
TKT002426,CUST03104,2026-02-22,Cancellation,Medium,3,5.0,Phone
TKT002427,CUST03104,2026-05-31,Billing,Low,7,4.0,App
TKT002428,CUST03106,2025-11-01,Cancellation,Low,6,5.0,App
TKT002429,CUST03108,2026-03-30,Plan Change,Low,3,5.0,Email
TKT002430,CUST03108,2026-04-03,Connectivity,Low,3,5.0,App
TKT002431,CUST03110,2025-08-14,Billing,Medium,2,3.0,Phone
TKT002432,CUST03112,2024-12-18,Cancellation,Low,2,5.0,Phone
TKT002433,CUST03113,2026-02-03,Plan Change,High,3,2.0,Chat
TKT002434,CUST03115,2025-12-06,Cancellation,Medium,2,5.0,Phone
TKT002435,CUST03116,2026-03-24,Cancellation,Medium,5,5.0,Chat
TKT002436,CUST03117,2025-07-31,Plan Change,Medium,1,4.0,Chat
TKT002437,CUST03121,2026-05-17,Cancellation,Medium,8,3.0,App
TKT002438,CUST03122,2025-12-08,Plan Change,Low,2,4.0,Email
TKT002439,CUST03125,2025-10-30,Cancellation,Medium,1,4.0,Chat
TKT002440,CUST03126,2026-03-18,Cancellation,Low,2,3.0,Email
TKT002441,CUST03126,2026-02-05,Other,Low,3,3.0,App
TKT002442,CUST03127,2026-02-14,Connectivity,Low,2,4.0,Email
TKT002443,CUST03127,2026-02-10,Connectivity,Low,1,2.0,Phone
TKT002444,CUST03127,2026-03-01,Other,Low,4,2.0,Phone
TKT002445,CUST03131,2026-04-09,Other,Low,2,4.0,Chat
TKT002446,CUST03132,2025-11-06,Connectivity,Low,6,3.0,App
TKT002447,CUST03133,2026-05-22,Billing,Medium,3,4.0,Phone
TKT002448,CUST03135,2024-11-13,Technical,Low,4,3.0,Chat
TKT002449,CUST03135,2026-05-14,Cancellation,Low,9,4.0,Phone
TKT002450,CUST03136,2026-05-16,Technical,Low,5,5.0,App
TKT002451,CUST03137,2025-11-20,Billing,High,2,2.0,Email
TKT002452,CUST03137,2025-03-01,Billing,Low,5,3.0,Chat
TKT002453,CUST03141,2025-04-18,Plan Change,Low,1,4.0,Email
TKT002454,CUST03142,2026-05-25,Billing,High,3,2.0,Phone
TKT002455,CUST03144,2025-02-20,Technical,Medium,4,3.0,App
TKT002456,CUST03145,2025-12-13,Plan Change,Low,4,4.0,Email
TKT002457,CUST03148,2026-02-22,Cancellation,Low,4,5.0,Chat
TKT002458,CUST03149,2026-03-28,Other,Low,1,5.0,App
TKT002459,CUST03150,2025-08-11,Cancellation,Low,6,5.0,Email
TKT002460,CUST03152,2025-10-01,Other,Low,5,4.0,Chat
TKT002461,CUST03155,2026-04-02,Plan Change,Medium,3,2.0,App
TKT002462,CUST03155,2026-04-19,Billing,Low,1,4.0,Email
TKT002463,CUST03156,2024-12-09,Cancellation,Medium,4,3.0,Chat
TKT002464,CUST03156,2024-12-25,Technical,High,2,3.0,App
TKT002465,CUST03158,2026-02-28,Connectivity,Low,1,4.0,App
TKT002466,CUST03158,2025-08-26,Technical,Medium,3,4.0,App
TKT002467,CUST03159,2025-12-03,Plan Change,Low,5,3.0,Phone
TKT002468,CUST03160,2025-12-16,Billing,High,7,4.0,Email
TKT002469,CUST03161,2025-10-06,Other,Low,4,4.0,Email
TKT002470,CUST03165,2026-03-11,Plan Change,Low,3,2.0,Email
TKT002471,CUST03165,2026-01-25,Cancellation,Low,5,3.0,Chat
TKT002472,CUST03166,2025-07-16,Other,Low,2,4.0,App
TKT002473,CUST03167,2025-02-06,Cancellation,Medium,1,5.0,App
TKT002474,CUST03168,2026-02-18,Plan Change,Low,4,3.0,App
TKT002475,CUST03168,2025-10-27,Cancellation,Medium,3,3.0,App
TKT002476,CUST03171,2025-08-14,Plan Change,High,3,3.0,Chat
TKT002477,CUST03171,2026-01-05,Other,Low,1,5.0,Email
TKT002478,CUST03172,2025-11-03,Connectivity,Low,2,3.0,Chat
TKT002479,CUST03173,2026-04-09,Connectivity,Medium,7,3.0,Phone
TKT002480,CUST03174,2025-12-24,Billing,Low,4,3.0,Phone
TKT002481,CUST03175,2025-04-22,Billing,Medium,4,2.0,Phone
TKT002482,CUST03175,2026-01-02,Billing,Medium,1,4.0,Email
TKT002483,CUST03177,2025-12-04,Plan Change,High,7,3.0,Email
TKT002484,CUST03179,2025-12-16,Cancellation,Low,3,5.0,App
TKT002485,CUST03180,2025-02-19,Plan Change,Low,2,3.0,Email
TKT002486,CUST03181,2025-10-08,Plan Change,High,1,1.0,App
TKT002487,CUST03181,2025-01-31,Plan Change,Low,3,3.0,App
TKT002488,CUST03183,2025-09-02,Other,Medium,3,4.0,App
TKT002489,CUST03184,2025-04-05,Billing,Low,2,5.0,Chat
TKT002490,CUST03186,2026-02-09,Connectivity,Medium,7,4.0,Phone
TKT002491,CUST03188,2025-12-07,Billing,Medium,1,4.0,Email
TKT002492,CUST03188,2025-04-02,Billing,Medium,7,3.0,Chat
TKT002493,CUST03189,2025-12-02,Billing,Medium,3,4.0,Phone
TKT002494,CUST03193,2026-04-26,Cancellation,Medium,4,4.0,Phone
TKT002495,CUST03193,2026-01-22,Plan Change,Low,4,4.0,App
TKT002496,CUST03193,2026-06-21,Technical,Low,3,5.0,Email
TKT002497,CUST03194,2025-01-03,Connectivity,Low,3,4.0,Email
TKT002498,CUST03194,2026-04-07,Technical,Low,4,3.0,Phone
TKT002499,CUST03194,2024-08-18,Technical,Medium,2,4.0,App
TKT002500,CUST03194,2024-08-19,Plan Change,Low,5,3.0,App
TKT002501,CUST03195,2026-03-30,Billing,Medium,12,2.0,App
TKT002502,CUST03195,2025-08-10,Cancellation,Low,3,2.0,Email
TKT002503,CUST03198,2025-10-19,Other,Low,4,4.0,Chat
TKT002504,CUST03199,2025-06-07,Other,Medium,5,5.0,Chat
TKT002505,CUST03199,2025-07-18,Technical,Low,1,4.0,App
TKT002506,CUST03199,2025-11-08,Cancellation,High,4,2.0,Chat
TKT002507,CUST03201,2026-03-08,Technical,Low,9,2.0,App
TKT002508,CUST03202,2025-08-13,Plan Change,Medium,2,3.0,Phone
TKT002509,CUST03202,2025-11-09,Connectivity,Low,2,3.0,Email
TKT002510,CUST03202,2026-02-25,Other,Medium,3,4.0,Chat
TKT002511,CUST03204,2025-12-02,Technical,Low,2,3.0,App
TKT002512,CUST03205,2026-04-30,Billing,Medium,6,5.0,Chat
TKT002513,CUST03205,2025-12-23,Technical,Low,2,2.0,Email
TKT002514,CUST03206,2025-12-09,Technical,Low,2,4.0,Email
TKT002515,CUST03207,2025-12-06,Plan Change,Medium,4,5.0,Email
TKT002516,CUST03207,2025-12-17,Cancellation,Low,2,4.0,Phone
TKT002517,CUST03207,2025-11-18,Cancellation,Medium,5,4.0,Chat
TKT002518,CUST03207,2025-12-03,Billing,High,1,2.0,Chat
TKT002519,CUST03210,2024-11-04,Cancellation,Low,2,4.0,Phone
TKT002520,CUST03213,2025-05-05,Connectivity,Medium,1,4.0,Phone
TKT002521,CUST03214,2025-12-30,Plan Change,Medium,5,3.0,App
TKT002522,CUST03216,2024-04-15,Cancellation,Low,4,3.0,Phone
TKT002523,CUST03218,2026-05-05,Technical,Low,5,4.0,Chat
TKT002524,CUST03218,2026-05-22,Cancellation,Low,3,2.0,Email
TKT002525,CUST03219,2026-01-24,Connectivity,Low,5,2.0,Chat
TKT002526,CUST03226,2026-04-14,Billing,Medium,1,4.0,Chat
TKT002527,CUST03226,2026-05-20,Technical,High,1,3.0,App
TKT002528,CUST03227,2026-03-13,Other,Low,3,5.0,Chat
TKT002529,CUST03228,2026-01-08,Connectivity,Medium,2,5.0,Phone
TKT002530,CUST03229,2026-04-24,Other,Low,3,4.0,Chat
TKT002531,CUST03230,2025-12-19,Cancellation,Medium,1,4.0,Chat
TKT002532,CUST03230,2026-06-14,Cancellation,Low,4,5.0,Phone
TKT002533,CUST03231,2026-04-21,Plan Change,Low,1,3.0,Phone
TKT002534,CUST03235,2026-04-29,Other,Medium,2,3.0,Chat
TKT002535,CUST03236,2026-01-28,Connectivity,Low,4,5.0,App
TKT002536,CUST03237,2025-08-04,Technical,Low,9,4.0,Email
TKT002537,CUST03240,2026-01-26,Billing,Low,1,5.0,Email
TKT002538,CUST03241,2025-10-09,Plan Change,Medium,2,3.0,App
TKT002539,CUST03241,2025-07-10,Cancellation,Medium,2,4.0,Chat
TKT002540,CUST03246,2026-01-23,Other,High,5,2.0,Chat
TKT002541,CUST03248,2026-01-05,Billing,Low,4,3.0,App
TKT002542,CUST03253,2025-09-22,Billing,High,5,3.0,App
TKT002543,CUST03254,2025-11-25,Plan Change,Medium,1,3.0,Email
TKT002544,CUST03258,2025-10-30,Connectivity,Medium,2,5.0,App
TKT002545,CUST03264,2025-11-09,Cancellation,Medium,3,4.0,Chat
TKT002546,CUST03265,2025-12-09,Billing,Medium,1,3.0,App
TKT002547,CUST03265,2026-03-08,Connectivity,Low,1,2.0,Email
TKT002548,CUST03266,2026-01-13,Plan Change,Medium,2,3.0,Phone
TKT002549,CUST03267,2026-05-11,Other,Low,4,2.0,Chat
TKT002550,CUST03269,2024-10-16,Technical,Low,3,5.0,Chat
TKT002551,CUST03269,2026-03-30,Billing,Low,2,3.0,Phone
TKT002552,CUST03269,2025-04-03,Connectivity,Medium,7,4.0,App
TKT002553,CUST03270,2026-04-05,Technical,Low,6,3.0,Phone
TKT002554,CUST03271,2025-02-07,Connectivity,High,3,3.0,App
TKT002555,CUST03271,2025-12-19,Technical,Low,4,4.0,Chat
TKT002556,CUST03272,2026-05-18,Plan Change,Medium,3,3.0,Chat
TKT002557,CUST03273,2026-03-08,Technical,High,3,2.0,Email
TKT002558,CUST03273,2026-05-17,Connectivity,Medium,4,4.0,Chat
TKT002559,CUST03274,2025-08-29,Plan Change,Low,13,3.0,Email
TKT002560,CUST03274,2025-12-16,Connectivity,Low,2,3.0,App
TKT002561,CUST03275,2026-03-14,Plan Change,Low,1,5.0,Chat
TKT002562,CUST03275,2025-11-19,Connectivity,Low,8,4.0,Email
TKT002563,CUST03281,2025-08-23,Technical,Low,3,4.0,Phone
TKT002564,CUST03281,2025-08-30,Billing,Low,2,3.0,Email
TKT002565,CUST03282,2025-09-25,Cancellation,Low,3,5.0,App
TKT002566,CUST03283,2025-12-29,Technical,Low,5,3.0,Email
TKT002567,CUST03283,2025-05-11,Connectivity,Low,4,4.0,App
TKT002568,CUST03284,2026-06-06,Plan Change,High,2,4.0,Email
TKT002569,CUST03285,2024-12-30,Cancellation,Low,4,4.0,App
TKT002570,CUST03285,2025-04-28,Plan Change,High,4,4.0,Phone
TKT002571,CUST03287,2025-12-23,Plan Change,Low,3,3.0,Email
TKT002572,CUST03287,2026-03-12,Cancellation,Low,4,3.0,Phone
TKT002573,CUST03288,2025-08-14,Other,Low,3,4.0,Email
TKT002574,CUST03290,2025-12-25,Technical,Medium,3,4.0,App
TKT002575,CUST03290,2026-01-11,Billing,Low,5,3.0,Email
TKT002576,CUST03291,2025-02-25,Connectivity,Low,3,4.0,Email
TKT002577,CUST03291,2025-05-05,Billing,Medium,6,4.0,Phone
TKT002578,CUST03293,2026-03-17,Other,High,4,3.0,Phone
TKT002579,CUST03293,2025-12-13,Plan Change,Low,26,4.0,App
TKT002580,CUST03293,2026-01-11,Plan Change,Low,5,3.0,App
TKT002581,CUST03298,2025-08-09,Other,Medium,3,4.0,Email
TKT002582,CUST03302,2026-03-02,Cancellation,Low,3,3.0,Phone
TKT002583,CUST03302,2026-04-06,Billing,Low,2,4.0,Email
TKT002584,CUST03304,2024-03-18,Cancellation,High,4,3.0,Chat
TKT002585,CUST03305,2026-06-07,Connectivity,Low,1,3.0,Email
TKT002586,CUST03306,2026-03-15,Cancellation,High,3,2.0,App
TKT002587,CUST03307,2025-09-14,Billing,Medium,5,4.0,Email
TKT002588,CUST03310,2025-10-09,Technical,Medium,4,3.0,Phone
TKT002589,CUST03314,2025-03-27,Other,Low,6,3.0,App
TKT002590,CUST03314,2025-05-07,Cancellation,Low,1,3.0,Phone
TKT002591,CUST03317,2024-11-30,Other,Low,2,4.0,Email
TKT002592,CUST03317,2024-10-27,Other,Low,3,5.0,Phone
TKT002593,CUST03318,2025-11-16,Cancellation,High,4,5.0,App
TKT002594,CUST03319,2026-05-07,Connectivity,Medium,1,2.0,App
TKT002595,CUST03322,2026-01-02,Plan Change,Medium,3,2.0,Chat
TKT002596,CUST03324,2026-05-15,Cancellation,Low,6,3.0,Chat
TKT002597,CUST03325,2025-10-09,Technical,Low,6,4.0,App
TKT002598,CUST03325,2024-09-15,Technical,Low,2,4.0,Chat
TKT002599,CUST03329,2026-04-30,Technical,Low,5,4.0,Email
TKT002600,CUST03329,2026-02-08,Technical,Low,5,5.0,App
TKT002601,CUST03329,2025-02-28,Connectivity,High,1,4.0,App
TKT002602,CUST03330,2026-03-06,Other,Low,2,3.0,Chat
TKT002603,CUST03332,2025-04-23,Billing,Low,2,4.0,Phone
TKT002604,CUST03332,2025-03-28,Connectivity,Medium,2,5.0,App
TKT002605,CUST03333,2025-03-15,Technical,Low,6,5.0,Chat
TKT002606,CUST03333,2025-02-23,Plan Change,Low,1,5.0,App
TKT002607,CUST03334,2024-08-16,Other,Medium,1,5.0,Chat
TKT002608,CUST03334,2026-03-01,Plan Change,Medium,4,4.0,App
TKT002609,CUST03335,2026-05-08,Other,Low,3,4.0,Phone
TKT002610,CUST03335,2026-05-21,Plan Change,Low,3,3.0,Phone
TKT002611,CUST03338,2025-06-29,Plan Change,Low,2,4.0,Email
TKT002612,CUST03338,2025-09-25,Other,Medium,3,5.0,App
TKT002613,CUST03340,2026-04-24,Other,Low,5,3.0,App
TKT002614,CUST03341,2025-03-21,Plan Change,Medium,5,5.0,Phone
TKT002615,CUST03343,2025-11-03,Plan Change,Low,3,4.0,Email
TKT002616,CUST03343,2024-05-23,Cancellation,Medium,1,5.0,Chat
TKT002617,CUST03344,2026-01-14,Other,Medium,2,4.0,Chat
TKT002618,CUST03345,2025-07-01,Plan Change,Low,3,5.0,Email
TKT002619,CUST03345,2026-02-05,Billing,Low,3,3.0,Phone
TKT002620,CUST03346,2026-05-17,Cancellation,Low,6,3.0,Email
TKT002621,CUST03348,2025-10-20,Technical,Medium,2,5.0,App
TKT002622,CUST03348,2026-01-09,Other,Low,6,4.0,Email
TKT002623,CUST03349,2025-09-19,Plan Change,Low,2,3.0,Phone
TKT002624,CUST03351,2026-05-05,Plan Change,Medium,1,5.0,App
TKT002625,CUST03353,2026-02-17,Technical,Medium,2,4.0,Phone
TKT002626,CUST03353,2025-07-20,Connectivity,Medium,3,4.0,Phone
TKT002627,CUST03353,2025-07-24,Connectivity,Low,5,4.0,App
TKT002628,CUST03354,2025-08-29,Billing,Low,2,3.0,Chat
TKT002629,CUST03354,2026-02-16,Cancellation,Medium,2,4.0,Chat
TKT002630,CUST03356,2025-03-31,Cancellation,Low,7,2.0,Email
TKT002631,CUST03364,2024-06-20,Technical,Low,5,4.0,Phone
TKT002632,CUST03367,2026-02-28,Plan Change,Low,6,2.0,App
TKT002633,CUST03371,2025-09-26,Connectivity,Medium,1,4.0,App
TKT002634,CUST03372,2026-04-26,Cancellation,Medium,5,4.0,Email
TKT002635,CUST03373,2026-01-25,Connectivity,Low,8,3.0,Email
TKT002636,CUST03375,2026-04-01,Cancellation,Low,4,3.0,App
TKT002637,CUST03378,2026-04-10,Cancellation,Low,4,5.0,Phone
TKT002638,CUST03381,2025-10-01,Connectivity,Low,4,4.0,Email
TKT002639,CUST03381,2025-07-26,Connectivity,Low,4,2.0,Phone
TKT002640,CUST03382,2026-06-08,Technical,Medium,2,4.0,Email
TKT002641,CUST03383,2026-03-22,Connectivity,Low,1,4.0,Phone
TKT002642,CUST03386,2026-02-15,Billing,High,6,2.0,App
TKT002643,CUST03387,2026-05-18,Connectivity,Medium,1,4.0,Phone
TKT002644,CUST03387,2025-05-17,Billing,Medium,4,4.0,Email
TKT002645,CUST03387,2026-01-21,Cancellation,Low,7,4.0,App
TKT002646,CUST03387,2025-02-01,Other,Low,2,5.0,Chat
TKT002647,CUST03387,2025-10-24,Connectivity,Medium,2,3.0,Phone
TKT002648,CUST03388,2024-05-05,Plan Change,Low,16,5.0,App
TKT002649,CUST03389,2026-02-18,Technical,Medium,2,4.0,App
TKT002650,CUST03391,2024-12-11,Plan Change,Low,1,4.0,Phone
TKT002651,CUST03392,2026-05-09,Connectivity,High,6,4.0,App
TKT002652,CUST03393,2024-07-26,Plan Change,Low,2,3.0,Phone
TKT002653,CUST03393,2025-03-04,Cancellation,Medium,3,4.0,Phone
TKT002654,CUST03395,2026-03-24,Plan Change,Medium,2,4.0,App
TKT002655,CUST03399,2024-10-21,Plan Change,Low,3,3.0,Email
TKT002656,CUST03399,2024-11-07,Billing,Low,6,5.0,Email
TKT002657,CUST03400,2025-09-14,Billing,Low,2,2.0,Phone
TKT002658,CUST03403,2025-08-11,Connectivity,High,2,4.0,App
TKT002659,CUST03404,2025-11-01,Cancellation,Medium,2,4.0,Chat
TKT002660,CUST03407,2025-07-03,Billing,Medium,1,5.0,Chat
TKT002661,CUST03408,2025-12-16,Connectivity,Low,5,3.0,Email
TKT002662,CUST03410,2025-09-13,Plan Change,Low,8,4.0,Chat
TKT002663,CUST03410,2026-05-25,Plan Change,Medium,2,3.0,Chat
TKT002664,CUST03410,2026-01-21,Billing,High,5,3.0,Phone
TKT002665,CUST03411,2025-08-26,Billing,High,6,2.0,Phone
TKT002666,CUST03413,2026-06-14,Connectivity,Low,4,4.0,Chat
TKT002667,CUST03415,2026-05-15,Cancellation,Low,5,3.0,Email
TKT002668,CUST03416,2025-11-20,Technical,Low,2,4.0,Phone
TKT002669,CUST03416,2026-04-12,Cancellation,Low,3,4.0,Email
TKT002670,CUST03418,2025-02-16,Plan Change,Low,5,5.0,Phone
TKT002671,CUST03421,2025-07-04,Other,Low,4,4.0,Email
TKT002672,CUST03421,2025-12-11,Connectivity,Low,1,4.0,Phone
TKT002673,CUST03422,2024-09-18,Plan Change,Low,3,4.0,App
TKT002674,CUST03424,2026-04-22,Connectivity,Low,1,4.0,Phone
TKT002675,CUST03425,2025-10-08,Plan Change,Low,3,4.0,Email
TKT002676,CUST03426,2025-12-10,Technical,Low,1,4.0,Phone
TKT002677,CUST03427,2025-02-11,Cancellation,Low,3,5.0,Email
TKT002678,CUST03429,2025-09-17,Plan Change,High,6,4.0,Email
TKT002679,CUST03433,2026-01-17,Plan Change,Medium,2,5.0,Email
TKT002680,CUST03434,2025-10-05,Connectivity,Medium,5,3.0,Email
TKT002681,CUST03434,2026-05-11,Cancellation,Low,8,3.0,Email
TKT002682,CUST03436,2025-02-24,Connectivity,Low,9,4.0,App
TKT002683,CUST03437,2024-08-11,Plan Change,Medium,3,3.0,Phone
TKT002684,CUST03437,2024-11-17,Cancellation,Low,4,3.0,Phone
TKT002685,CUST03438,2025-01-07,Plan Change,Low,7,4.0,App
TKT002686,CUST03440,2025-12-19,Technical,Low,4,4.0,Email
TKT002687,CUST03442,2026-03-09,Cancellation,High,2,3.0,Chat
TKT002688,CUST03442,2026-04-17,Other,Medium,3,4.0,Phone
TKT002689,CUST03442,2026-01-20,Cancellation,Medium,2,4.0,Chat
TKT002690,CUST03443,2026-03-23,Technical,Low,8,3.0,Phone
TKT002691,CUST03444,2025-06-15,Plan Change,Low,4,3.0,App
TKT002692,CUST03445,2025-12-29,Other,High,6,3.0,App
TKT002693,CUST03445,2025-03-09,Connectivity,Medium,3,3.0,Phone
TKT002694,CUST03445,2024-09-08,Billing,Low,8,3.0,Chat
TKT002695,CUST03449,2026-02-06,Billing,Low,6,3.0,Email
TKT002696,CUST03449,2026-06-14,Billing,Low,4,4.0,Chat
TKT002697,CUST03450,2026-05-09,Billing,Medium,11,3.0,App
TKT002698,CUST03451,2025-11-15,Connectivity,Low,10,3.0,Chat
TKT002699,CUST03451,2025-11-19,Plan Change,Medium,1,4.0,Chat
TKT002700,CUST03452,2026-05-17,Billing,Medium,1,4.0,Phone
TKT002701,CUST03454,2026-02-21,Other,Low,1,3.0,Chat
TKT002702,CUST03455,2026-01-31,Other,Low,2,4.0,Chat
TKT002703,CUST03456,2026-03-25,Cancellation,Medium,2,3.0,App
TKT002704,CUST03458,2026-01-01,Plan Change,Low,6,2.0,Chat
TKT002705,CUST03458,2025-09-26,Cancellation,Medium,2,5.0,Email
TKT002706,CUST03459,2025-07-13,Connectivity,Low,3,3.0,App
TKT002707,CUST03460,2026-06-14,Billing,Low,4,3.0,App
TKT002708,CUST03461,2025-11-01,Other,Low,2,4.0,Email
TKT002709,CUST03462,2025-11-27,Cancellation,Low,2,4.0,Phone
TKT002710,CUST03464,2025-12-11,Billing,Medium,1,3.0,Email
TKT002711,CUST03465,2026-04-06,Plan Change,Low,4,4.0,Chat
TKT002712,CUST03467,2026-03-16,Other,Low,2,4.0,App
TKT002713,CUST03468,2025-08-10,Technical,Medium,4,2.0,Email
TKT002714,CUST03470,2026-04-07,Plan Change,Low,5,3.0,App
TKT002715,CUST03470,2025-11-18,Technical,Medium,4,3.0,Chat
TKT002716,CUST03472,2025-03-17,Billing,High,4,3.0,Phone
TKT002717,CUST03472,2024-10-20,Cancellation,Low,6,5.0,Chat
TKT002718,CUST03472,2026-04-04,Technical,High,2,3.0,Phone
TKT002719,CUST03472,2024-12-27,Connectivity,Low,2,4.0,App
TKT002720,CUST03472,2025-02-06,Billing,Low,6,2.0,Chat
TKT002721,CUST03473,2025-01-27,Plan Change,Medium,6,4.0,Chat
TKT002722,CUST03474,2025-03-03,Other,Low,3,3.0,Phone
TKT002723,CUST03474,2025-09-10,Other,Low,5,4.0,Chat
TKT002724,CUST03476,2025-12-29,Technical,Low,6,4.0,App
TKT002725,CUST03485,2025-12-19,Billing,Medium,5,3.0,Phone
TKT002726,CUST03487,2025-03-20,Connectivity,Medium,3,3.0,Phone
TKT002727,CUST03490,2026-04-17,Connectivity,Low,3,3.0,Email
TKT002728,CUST03491,2026-01-07,Technical,Medium,9,3.0,App
TKT002729,CUST03492,2026-05-31,Other,Low,2,4.0,Email
TKT002730,CUST03494,2025-05-20,Billing,Medium,3,4.0,Email
TKT002731,CUST03496,2026-03-09,Billing,High,2,2.0,Phone
TKT002732,CUST03496,2026-03-06,Other,Medium,8,4.0,Email
TKT002733,CUST03501,2025-10-26,Billing,Medium,3,3.0,Chat
TKT002734,CUST03502,2026-03-28,Billing,Low,3,4.0,Chat
TKT002735,CUST03505,2025-10-11,Other,Medium,1,4.0,Chat
TKT002736,CUST03505,2025-03-15,Cancellation,Low,3,4.0,Phone
TKT002737,CUST03507,2024-08-04,Plan Change,Medium,4,3.0,Email
TKT002738,CUST03512,2025-03-04,Plan Change,Low,9,3.0,Phone
TKT002739,CUST03513,2025-07-28,Plan Change,Medium,5,5.0,Email
TKT002740,CUST03513,2026-06-19,Billing,Medium,1,2.0,Chat
TKT002741,CUST03516,2026-01-09,Cancellation,Medium,2,3.0,App
TKT002742,CUST03516,2026-04-16,Technical,Low,7,5.0,Email
TKT002743,CUST03516,2026-05-24,Other,Low,10,5.0,Chat
TKT002744,CUST03516,2026-01-24,Cancellation,Low,4,4.0,Chat
TKT002745,CUST03518,2026-02-04,Technical,Medium,10,5.0,Chat
TKT002746,CUST03518,2026-03-13,Plan Change,Medium,2,3.0,Email
TKT002747,CUST03521,2026-05-30,Plan Change,Medium,1,3.0,Phone
TKT002748,CUST03521,2026-02-12,Other,Low,3,4.0,Email
TKT002749,CUST03521,2026-03-29,Technical,Medium,2,5.0,App
TKT002750,CUST03526,2026-03-08,Connectivity,Low,5,3.0,Chat
TKT002751,CUST03526,2025-06-04,Connectivity,Low,2,3.0,Email
TKT002752,CUST03526,2024-10-01,Technical,Low,8,4.0,Phone
TKT002753,CUST03527,2025-10-18,Technical,High,3,3.0,App
TKT002754,CUST03529,2026-02-23,Plan Change,Medium,5,3.0,Chat
TKT002755,CUST03532,2025-12-12,Connectivity,Low,4,4.0,Phone
TKT002756,CUST03533,2025-11-10,Other,Low,9,4.0,App
TKT002757,CUST03536,2026-05-05,Cancellation,Low,4,4.0,Email
TKT002758,CUST03537,2026-03-05,Plan Change,Medium,2,5.0,Phone
TKT002759,CUST03538,2026-05-08,Connectivity,Low,3,3.0,Email
TKT002760,CUST03539,2026-05-09,Plan Change,Medium,4,3.0,App
TKT002761,CUST03540,2026-05-03,Cancellation,Low,2,3.0,Chat
TKT002762,CUST03541,2025-09-01,Plan Change,Low,2,3.0,Email
TKT002763,CUST03541,2025-10-27,Connectivity,Low,3,5.0,App
TKT002764,CUST03543,2025-09-24,Billing,High,3,3.0,Phone
TKT002765,CUST03543,2026-01-27,Plan Change,Medium,1,4.0,Email
TKT002766,CUST03545,2025-08-10,Cancellation,Low,1,5.0,Email
TKT002767,CUST03550,2025-07-20,Plan Change,Medium,6,4.0,Phone
TKT002768,CUST03550,2025-11-06,Cancellation,High,5,2.0,App
TKT002769,CUST03552,2026-01-16,Other,Medium,6,5.0,Phone
TKT002770,CUST03552,2026-01-01,Connectivity,Low,2,4.0,Phone
TKT002771,CUST03554,2026-01-10,Connectivity,Low,4,4.0,App
TKT002772,CUST03557,2024-12-03,Cancellation,Low,4,3.0,Phone
TKT002773,CUST03560,2024-10-17,Other,Medium,5,5.0,Phone
TKT002774,CUST03560,2026-02-23,Plan Change,Low,6,5.0,App
TKT002775,CUST03563,2024-08-29,Connectivity,Low,1,4.0,Email
TKT002776,CUST03566,2026-03-02,Connectivity,Medium,2,5.0,Email
TKT002777,CUST03567,2024-11-12,Billing,Low,3,3.0,Chat
TKT002778,CUST03567,2024-12-22,Billing,Low,3,4.0,Chat
TKT002779,CUST03568,2025-07-12,Technical,Medium,2,3.0,Email
TKT002780,CUST03568,2026-05-19,Billing,High,1,4.0,Chat
TKT002781,CUST03568,2025-10-25,Billing,Medium,3,3.0,App
TKT002782,CUST03569,2025-06-26,Billing,Low,6,4.0,Chat
TKT002783,CUST03570,2026-05-18,Technical,Low,2,5.0,App
TKT002784,CUST03573,2026-06-16,Other,Low,4,5.0,App
TKT002785,CUST03574,2025-08-11,Billing,Low,9,2.0,App
TKT002786,CUST03575,2025-07-20,Cancellation,Low,1,4.0,Email
TKT002787,CUST03578,2026-01-02,Billing,Medium,1,5.0,Phone
TKT002788,CUST03578,2025-09-13,Technical,Low,6,3.0,Phone
TKT002789,CUST03583,2026-03-15,Plan Change,Low,3,4.0,Phone
TKT002790,CUST03583,2025-11-16,Plan Change,Medium,1,4.0,Email
TKT002791,CUST03585,2026-01-10,Other,Low,4,5.0,App
TKT002792,CUST03587,2026-04-29,Plan Change,Medium,5,5.0,Chat
TKT002793,CUST03587,2026-04-14,Other,Low,2,5.0,Email
TKT002794,CUST03591,2024-12-12,Billing,Low,6,4.0,Email
TKT002795,CUST03595,2025-05-01,Plan Change,Low,6,5.0,App
TKT002796,CUST03597,2026-04-27,Plan Change,High,1,4.0,Phone
TKT002797,CUST03598,2026-05-07,Technical,Low,3,5.0,App
TKT002798,CUST03598,2025-11-20,Connectivity,Medium,4,3.0,Chat
TKT002799,CUST03598,2026-05-14,Connectivity,Medium,3,4.0,Chat
TKT002800,CUST03600,2026-05-27,Connectivity,Low,5,4.0,Chat
TKT002801,CUST03601,2026-05-05,Plan Change,Low,2,4.0,Chat
TKT002802,CUST03601,2025-11-08,Cancellation,Low,4,3.0,Chat
TKT002803,CUST03603,2026-05-01,Plan Change,Low,8,4.0,App
TKT002804,CUST03606,2025-03-20,Connectivity,Medium,4,3.0,Phone
TKT002805,CUST03608,2024-10-24,Other,Low,2,4.0,Chat
TKT002806,CUST03611,2026-03-13,Cancellation,Low,12,5.0,Phone
TKT002807,CUST03615,2025-11-01,Technical,Medium,3,5.0,Email
TKT002808,CUST03615,2026-06-02,Connectivity,Low,3,3.0,Phone
TKT002809,CUST03616,2026-02-21,Technical,Low,3,4.0,Email
TKT002810,CUST03616,2026-04-09,Connectivity,Low,3,3.0,Chat
TKT002811,CUST03617,2025-09-27,Cancellation,Medium,2,5.0,Chat
TKT002812,CUST03618,2026-05-18,Cancellation,Low,2,5.0,Phone
TKT002813,CUST03619,2025-09-23,Cancellation,Medium,7,4.0,Email
TKT002814,CUST03620,2026-05-17,Connectivity,Low,3,5.0,Email
TKT002815,CUST03621,2026-05-30,Billing,Medium,2,3.0,App
TKT002816,CUST03622,2026-04-17,Plan Change,Medium,5,2.0,Phone
TKT002817,CUST03624,2026-02-01,Plan Change,High,18,3.0,Phone
TKT002818,CUST03625,2025-08-30,Technical,Low,5,5.0,Email
TKT002819,CUST03625,2025-11-05,Plan Change,Medium,2,5.0,Email
TKT002820,CUST03625,2025-11-26,Other,Low,5,4.0,Phone
TKT002821,CUST03628,2026-01-14,Billing,Medium,1,4.0,Chat
TKT002822,CUST03628,2026-03-02,Billing,Low,3,4.0,App
TKT002823,CUST03629,2025-10-20,Connectivity,High,5,3.0,Chat
TKT002824,CUST03631,2026-02-08,Billing,Low,4,3.0,Chat
TKT002825,CUST03631,2025-11-23,Cancellation,Low,4,4.0,Email
TKT002826,CUST03634,2026-03-16,Technical,Low,2,3.0,App
TKT002827,CUST03636,2026-03-08,Billing,Low,3,3.0,Phone
TKT002828,CUST03637,2025-08-19,Technical,Medium,3,3.0,App
TKT002829,CUST03637,2026-02-20,Technical,Low,3,2.0,Chat
TKT002830,CUST03641,2026-03-26,Billing,Low,6,3.0,Email
TKT002831,CUST03643,2025-11-15,Other,Low,5,4.0,Email
TKT002832,CUST03644,2025-12-31,Technical,Low,5,5.0,App
TKT002833,CUST03646,2026-03-11,Billing,Medium,3,3.0,Email
TKT002834,CUST03646,2025-11-05,Billing,Low,4,4.0,Phone
TKT002835,CUST03646,2026-02-07,Cancellation,Low,3,3.0,Chat
TKT002836,CUST03646,2025-12-15,Connectivity,Low,1,3.0,App
TKT002837,CUST03647,2026-03-01,Billing,Low,8,5.0,Email
TKT002838,CUST03648,2026-03-05,Cancellation,Low,1,3.0,Email
TKT002839,CUST03648,2025-11-16,Technical,Medium,2,3.0,Email
TKT002840,CUST03650,2026-01-22,Other,High,5,3.0,App
TKT002841,CUST03651,2025-01-02,Technical,High,2,4.0,Email
TKT002842,CUST03652,2025-01-14,Plan Change,Low,4,4.0,Email
TKT002843,CUST03654,2025-04-07,Technical,Low,4,3.0,App
TKT002844,CUST03656,2026-05-01,Cancellation,Medium,2,4.0,Email
TKT002845,CUST03657,2026-04-15,Cancellation,Low,3,3.0,Email
TKT002846,CUST03658,2025-08-18,Technical,Low,3,4.0,Chat
TKT002847,CUST03658,2025-01-09,Plan Change,Low,5,4.0,Phone
TKT002848,CUST03659,2026-01-02,Other,Medium,2,4.0,Chat
TKT002849,CUST03660,2026-05-31,Other,Low,7,5.0,Phone
TKT002850,CUST03660,2025-11-04,Plan Change,Low,2,4.0,Phone
TKT002851,CUST03662,2026-01-21,Cancellation,Low,3,3.0,Email
TKT002852,CUST03665,2026-01-23,Cancellation,Low,2,2.0,Chat
TKT002853,CUST03667,2025-11-05,Technical,Medium,4,3.0,App
TKT002854,CUST03667,2025-09-28,Billing,Medium,2,4.0,App
TKT002855,CUST03667,2025-12-11,Plan Change,Low,4,3.0,Chat
TKT002856,CUST03667,2025-07-29,Billing,Low,1,5.0,Chat
TKT002857,CUST03668,2025-02-25,Other,Medium,2,3.0,Phone
TKT002858,CUST03669,2024-08-20,Cancellation,Low,4,4.0,Email
TKT002859,CUST03670,2024-05-17,Billing,Medium,2,3.0,Email
TKT002860,CUST03673,2025-09-09,Technical,High,1,4.0,Chat
TKT002861,CUST03673,2025-08-22,Cancellation,Low,5,4.0,App
TKT002862,CUST03674,2026-04-26,Other,Medium,5,4.0,Email
TKT002863,CUST03677,2026-05-14,Technical,Low,1,3.0,Phone
TKT002864,CUST03677,2025-02-03,Technical,Medium,1,4.0,Email
TKT002865,CUST03677,2025-04-06,Plan Change,Low,4,4.0,Email
TKT002866,CUST03682,2026-03-04,Plan Change,Medium,3,4.0,Phone
TKT002867,CUST03684,2026-05-22,Other,High,6,2.0,Phone
TKT002868,CUST03684,2025-03-17,Connectivity,Low,1,5.0,Email
TKT002869,CUST03684,2025-12-06,Cancellation,Low,4,5.0,Chat
TKT002870,CUST03684,2024-12-29,Cancellation,Medium,3,3.0,Chat
TKT002871,CUST03686,2025-08-18,Other,Medium,10,4.0,App
TKT002872,CUST03686,2025-06-06,Technical,Medium,3,3.0,Phone
TKT002873,CUST03688,2024-10-09,Billing,Medium,7,3.0,Phone
TKT002874,CUST03689,2025-07-09,Billing,Low,3,4.0,Phone
TKT002875,CUST03691,2025-11-13,Billing,Low,3,1.0,Chat
TKT002876,CUST03693,2025-08-01,Cancellation,Low,1,5.0,Email
TKT002877,CUST03693,2025-10-28,Cancellation,Low,4,3.0,Phone
TKT002878,CUST03694,2026-03-03,Billing,Low,2,3.0,App
TKT002879,CUST03695,2025-03-18,Other,Low,3,4.0,App
TKT002880,CUST03697,2026-04-30,Technical,Low,3,4.0,App
TKT002881,CUST03698,2025-11-13,Technical,Low,5,3.0,Email
TKT002882,CUST03698,2025-02-16,Billing,High,2,2.0,Phone
TKT002883,CUST03698,2025-11-07,Connectivity,Low,2,4.0,App
TKT002884,CUST03699,2026-05-09,Cancellation,Low,9,3.0,Email
TKT002885,CUST03700,2026-04-03,Other,Low,2,4.0,Phone
TKT002886,CUST03700,2026-05-22,Technical,Medium,1,4.0,Email
TKT002887,CUST03701,2026-04-22,Billing,Low,5,2.0,Email
TKT002888,CUST03701,2025-05-21,Technical,Low,2,5.0,Chat
TKT002889,CUST03701,2025-08-21,Plan Change,Medium,14,5.0,Email
TKT002890,CUST03706,2026-05-28,Connectivity,Low,6,5.0,Chat
TKT002891,CUST03706,2026-04-22,Cancellation,High,10,4.0,Phone
TKT002892,CUST03711,2025-03-01,Connectivity,Low,2,3.0,Phone
TKT002893,CUST03712,2025-06-04,Billing,Low,3,3.0,Chat
TKT002894,CUST03713,2025-08-20,Plan Change,Low,4,3.0,App
TKT002895,CUST03713,2025-04-25,Other,Low,3,3.0,Phone
TKT002896,CUST03713,2025-12-31,Cancellation,High,1,3.0,App
TKT002897,CUST03714,2026-06-07,Billing,Medium,4,4.0,Email
TKT002898,CUST03714,2025-12-18,Other,Low,9,3.0,Chat
TKT002899,CUST03717,2026-04-05,Cancellation,Low,6,3.0,Phone
TKT002900,CUST03717,2026-03-21,Connectivity,Low,2,3.0,Chat
TKT002901,CUST03718,2026-03-03,Plan Change,Medium,2,3.0,Email
TKT002902,CUST03719,2025-11-22,Billing,Medium,4,5.0,App
TKT002903,CUST03722,2026-05-11,Connectivity,Low,6,4.0,Chat
TKT002904,CUST03723,2025-10-06,Other,Low,7,2.0,Chat
TKT002905,CUST03723,2026-03-31,Cancellation,Low,5,5.0,Chat
TKT002906,CUST03723,2026-04-21,Connectivity,Medium,2,4.0,App
TKT002907,CUST03724,2026-05-14,Plan Change,Low,5,3.0,App
TKT002908,CUST03727,2026-01-06,Connectivity,Low,2,5.0,Phone
TKT002909,CUST03727,2025-06-11,Plan Change,Medium,3,4.0,Chat
TKT002910,CUST03727,2025-08-25,Billing,Medium,5,4.0,Phone
TKT002911,CUST03728,2025-09-02,Cancellation,Low,1,4.0,App
TKT002912,CUST03731,2026-04-06,Cancellation,Low,1,4.0,App
TKT002913,CUST03731,2026-05-21,Connectivity,Low,6,5.0,Email
TKT002914,CUST03731,2026-05-01,Connectivity,Medium,3,5.0,Email
TKT002915,CUST03733,2025-09-25,Connectivity,Low,4,4.0,Email
TKT002916,CUST03734,2026-06-14,Connectivity,Low,1,5.0,App
TKT002917,CUST03736,2026-05-25,Billing,Low,5,3.0,Email
TKT002918,CUST03739,2025-01-15,Billing,Low,2,4.0,Chat
TKT002919,CUST03741,2026-01-26,Other,Low,4,5.0,Chat
TKT002920,CUST03741,2025-11-25,Technical,Low,4,3.0,App
TKT002921,CUST03743,2024-11-24,Technical,High,2,3.0,Phone
TKT002922,CUST03744,2024-08-24,Connectivity,High,2,4.0,Phone
TKT002923,CUST03744,2026-03-30,Connectivity,Medium,2,4.0,Email
TKT002924,CUST03748,2026-04-25,Technical,Low,2,3.0,Chat
TKT002925,CUST03751,2025-08-15,Billing,Medium,4,3.0,Phone
TKT002926,CUST03755,2026-04-27,Billing,Medium,3,3.0,App
TKT002927,CUST03757,2026-05-04,Other,Low,6,3.0,Phone
TKT002928,CUST03757,2026-01-29,Technical,Medium,3,3.0,Chat
TKT002929,CUST03759,2026-02-26,Billing,Medium,2,3.0,Phone
TKT002930,CUST03759,2026-04-14,Connectivity,Medium,1,5.0,App
TKT002931,CUST03763,2026-03-21,Plan Change,Low,4,3.0,Email
TKT002932,CUST03763,2025-06-06,Cancellation,Low,4,4.0,App
TKT002933,CUST03764,2026-05-27,Technical,Low,1,4.0,Phone
TKT002934,CUST03764,2026-04-25,Technical,Low,3,3.0,Email
TKT002935,CUST03765,2026-04-26,Cancellation,Low,2,4.0,App
TKT002936,CUST03771,2024-08-30,Connectivity,Low,5,2.0,Email
TKT002937,CUST03771,2025-03-17,Other,Medium,1,3.0,Phone
TKT002938,CUST03772,2025-10-19,Other,Medium,8,3.0,Email
TKT002939,CUST03772,2025-07-08,Technical,Low,3,3.0,Email
TKT002940,CUST03772,2024-10-19,Connectivity,Low,3,5.0,Chat
TKT002941,CUST03773,2025-03-25,Cancellation,Low,2,4.0,App
TKT002942,CUST03776,2026-03-29,Technical,Medium,6,2.0,App
TKT002943,CUST03776,2025-11-27,Other,Low,5,4.0,Chat
TKT002944,CUST03777,2026-02-13,Plan Change,Low,5,,Chat
TKT002945,CUST03779,2025-12-24,Technical,High,2,3.0,Email
TKT002946,CUST03780,2024-11-23,Connectivity,Medium,4,3.0,Email
TKT002947,CUST03780,2024-11-04,Billing,Medium,2,2.0,Email
TKT002948,CUST03781,2026-04-29,Other,Low,3,3.0,Phone
TKT002949,CUST03782,2025-12-06,Plan Change,Low,4,4.0,App
TKT002950,CUST03782,2025-10-07,Technical,High,5,3.0,Chat
TKT002951,CUST03783,2026-01-11,Technical,Medium,2,4.0,Chat
TKT002952,CUST03784,2025-12-23,Billing,High,7,3.0,App
TKT002953,CUST03785,2024-11-08,Billing,Low,6,3.0,Email
TKT002954,CUST03787,2026-06-19,Plan Change,High,4,5.0,Phone
TKT002955,CUST03787,2026-06-01,Other,Medium,5,4.0,Email
TKT002956,CUST03787,2026-02-02,Other,Medium,2,3.0,App
TKT002957,CUST03787,2026-01-01,Other,Low,2,5.0,Chat
TKT002958,CUST03789,2026-01-12,Billing,Low,6,4.0,Phone
TKT002959,CUST03790,2026-04-20,Technical,Medium,3,4.0,Email
TKT002960,CUST03791,2025-08-25,Connectivity,Medium,1,4.0,Phone
TKT002961,CUST03793,2025-10-24,Plan Change,Medium,7,5.0,Email
TKT002962,CUST03793,2026-03-27,Connectivity,Low,3,3.0,App
TKT002963,CUST03794,2025-07-04,Plan Change,Medium,1,3.0,Chat
TKT002964,CUST03794,2026-05-30,Billing,Low,6,2.0,Email
TKT002965,CUST03795,2026-05-27,Technical,Low,8,3.0,Phone
TKT002966,CUST03796,2026-04-21,Plan Change,Low,2,5.0,App
TKT002967,CUST03796,2025-04-23,Technical,Medium,5,3.0,Chat
TKT002968,CUST03797,2025-11-28,Technical,Medium,4,3.0,Chat
TKT002969,CUST03800,2025-07-22,Connectivity,Low,2,3.0,Chat
TKT002970,CUST03801,2026-04-15,Plan Change,Low,7,4.0,Chat
TKT002971,CUST03801,2026-02-26,Other,Medium,3,3.0,Chat
TKT002972,CUST03804,2026-04-25,Plan Change,Medium,1,4.0,Email
TKT002973,CUST03804,2025-01-11,Connectivity,Low,2,3.0,App
TKT002974,CUST03804,2024-10-19,Connectivity,High,4,4.0,Email
TKT002975,CUST03805,2025-01-26,Other,Low,2,3.0,Chat
TKT002976,CUST03808,2025-09-16,Other,Low,5,4.0,Chat
TKT002977,CUST03809,2026-02-15,Other,Low,5,4.0,App
TKT002978,CUST03811,2026-05-16,Technical,High,5,2.0,App
TKT002979,CUST03811,2026-04-09,Billing,High,2,3.0,App
TKT002980,CUST03812,2026-05-14,Connectivity,Low,4,4.0,Phone
TKT002981,CUST03813,2025-05-03,Technical,Medium,4,2.0,Chat
TKT002982,CUST03823,2025-10-12,Billing,Medium,6,4.0,Email
TKT002983,CUST03824,2026-04-11,Technical,Low,5,5.0,Email
TKT002984,CUST03826,2025-07-24,Cancellation,Medium,3,4.0,App
TKT002985,CUST03826,2025-03-28,Cancellation,Medium,3,4.0,Phone
TKT002986,CUST03826,2024-08-28,Connectivity,Low,3,4.0,Chat
TKT002987,CUST03829,2026-05-30,Cancellation,Medium,3,5.0,Phone
TKT002988,CUST03829,2026-05-05,Other,Low,2,2.0,App
TKT002989,CUST03831,2025-12-12,Other,Low,4,4.0,App
TKT002990,CUST03837,2026-02-09,Billing,Low,2,3.0,App
TKT002991,CUST03838,2024-12-31,Connectivity,Medium,4,3.0,Chat
TKT002992,CUST03841,2026-05-19,Other,Low,1,3.0,Chat
TKT002993,CUST03841,2026-05-01,Other,Low,2,3.0,Email
TKT002994,CUST03842,2026-06-05,Technical,High,7,3.0,App
TKT002995,CUST03842,2026-06-08,Connectivity,Medium,7,4.0,Email
TKT002996,CUST03843,2026-04-23,Technical,Low,1,2.0,Phone
TKT002997,CUST03843,2025-12-13,Plan Change,Low,4,4.0,Phone
TKT002998,CUST03844,2025-12-02,Connectivity,Medium,12,4.0,Chat
TKT002999,CUST03844,2025-10-25,Billing,Medium,2,3.0,Phone
TKT003000,CUST03845,2025-08-04,Technical,High,3,2.0,Email
TKT003001,CUST03846,2025-07-14,Other,High,8,2.0,App
TKT003002,CUST03848,2025-12-23,Technical,Low,2,3.0,App
TKT003003,CUST03850,2026-03-03,Plan Change,Low,1,4.0,Chat
TKT003004,CUST03850,2026-05-21,Cancellation,Medium,8,3.0,Phone
TKT003005,CUST03852,2026-05-15,Cancellation,Low,3,3.0,App
TKT003006,CUST03857,2024-12-16,Connectivity,Low,1,4.0,Email
TKT003007,CUST03858,2026-04-12,Connectivity,High,4,2.0,Phone
TKT003008,CUST03858,2025-08-18,Technical,Low,4,4.0,Chat
TKT003009,CUST03858,2026-01-12,Technical,Medium,5,4.0,Email
TKT003010,CUST03858,2025-06-07,Plan Change,Low,1,5.0,Chat
TKT003011,CUST03858,2025-02-19,Billing,Medium,2,4.0,Email
TKT003012,CUST03859,2026-05-13,Other,Low,2,2.0,Email
TKT003013,CUST03860,2025-11-05,Billing,Low,2,3.0,Chat
TKT003014,CUST03864,2026-04-28,Other,Medium,1,3.0,Chat
TKT003015,CUST03864,2026-05-07,Other,Medium,6,4.0,Chat
TKT003016,CUST03864,2025-11-17,Billing,Low,6,3.0,Email
TKT003017,CUST03866,2025-12-23,Connectivity,Low,6,4.0,App
TKT003018,CUST03867,2024-12-03,Billing,Low,5,4.0,Phone
TKT003019,CUST03868,2026-01-11,Connectivity,High,4,3.0,Phone
TKT003020,CUST03868,2025-12-04,Technical,High,2,3.0,App
TKT003021,CUST03868,2026-02-05,Technical,Low,4,3.0,Chat
TKT003022,CUST03868,2025-12-12,Cancellation,Low,4,2.0,Email
TKT003023,CUST03872,2025-02-18,Other,Medium,2,2.0,Email
TKT003024,CUST03872,2024-07-21,Cancellation,Low,3,3.0,Phone
TKT003025,CUST03875,2026-05-19,Billing,Low,6,3.0,Phone
TKT003026,CUST03877,2026-03-13,Technical,Low,5,2.0,Email
TKT003027,CUST03878,2025-12-13,Cancellation,Medium,4,4.0,Chat
TKT003028,CUST03878,2025-12-25,Billing,Low,6,4.0,Chat
TKT003029,CUST03879,2024-08-04,Technical,Low,1,4.0,App
TKT003030,CUST03880,2025-12-21,Technical,Medium,5,4.0,Chat
TKT003031,CUST03881,2025-05-15,Cancellation,Medium,4,5.0,Phone
TKT003032,CUST03884,2025-10-14,Billing,Low,2,4.0,App
TKT003033,CUST03886,2025-01-27,Technical,Low,4,4.0,App
TKT003034,CUST03888,2026-04-03,Cancellation,Low,3,3.0,Chat
TKT003035,CUST03888,2025-07-26,Other,Medium,2,3.0,Email
TKT003036,CUST03888,2025-08-20,Other,Medium,2,3.0,App
TKT003037,CUST03890,2026-02-24,Connectivity,Medium,4,4.0,App
TKT003038,CUST03891,2025-05-22,Billing,Medium,5,3.0,Phone
TKT003039,CUST03893,2026-04-17,Cancellation,Low,3,5.0,App
TKT003040,CUST03893,2026-04-10,Plan Change,Low,2,3.0,Email
TKT003041,CUST03894,2026-05-31,Plan Change,Low,1,3.0,App
TKT003042,CUST03894,2026-01-19,Billing,Low,2,3.0,Phone
TKT003043,CUST03894,2026-03-20,Plan Change,Low,2,4.0,Chat
TKT003044,CUST03895,2026-03-20,Cancellation,Low,5,5.0,Phone
TKT003045,CUST03898,2025-05-24,Cancellation,Medium,3,3.0,Email
TKT003046,CUST03899,2026-01-18,Plan Change,Medium,3,4.0,App
TKT003047,CUST03901,2024-12-21,Cancellation,Low,6,3.0,Chat
TKT003048,CUST03902,2025-06-24,Other,Medium,4,4.0,Phone
TKT003049,CUST03905,2025-12-22,Other,Medium,3,3.0,Phone
TKT003050,CUST03906,2026-04-14,Billing,Medium,6,4.0,Email
TKT003051,CUST03909,2025-09-27,Other,Medium,2,5.0,App
TKT003052,CUST03910,2026-02-09,Connectivity,High,3,4.0,App
TKT003053,CUST03910,2025-10-31,Connectivity,Medium,3,4.0,App
TKT003054,CUST03912,2026-04-09,Connectivity,High,1,4.0,Email
TKT003055,CUST03916,2026-05-07,Billing,Low,3,2.0,Phone
TKT003056,CUST03916,2025-11-22,Cancellation,High,2,5.0,Email
TKT003057,CUST03916,2025-12-25,Connectivity,Low,8,4.0,Phone
TKT003058,CUST03918,2026-05-24,Connectivity,Low,1,3.0,Chat
TKT003059,CUST03928,2025-09-15,Plan Change,Medium,3,5.0,App
TKT003060,CUST03928,2026-01-19,Billing,Low,2,3.0,App
TKT003061,CUST03929,2025-12-17,Connectivity,Low,5,3.0,Chat
TKT003062,CUST03933,2026-01-11,Plan Change,Low,4,3.0,Phone
TKT003063,CUST03936,2026-04-25,Other,Low,4,5.0,Phone
TKT003064,CUST03939,2026-03-04,Other,Medium,2,4.0,App
TKT003065,CUST03939,2026-05-03,Connectivity,High,4,3.0,Chat
TKT003066,CUST03940,2025-10-31,Billing,High,4,2.0,Email
TKT003067,CUST03941,2025-05-25,Plan Change,Medium,2,5.0,Email
TKT003068,CUST03941,2025-07-24,Technical,High,2,3.0,Email
TKT003069,CUST03943,2025-07-26,Technical,Low,2,5.0,Email
TKT003070,CUST03945,2026-05-04,Connectivity,Low,3,3.0,Phone
TKT003071,CUST03945,2026-04-11,Connectivity,Medium,2,4.0,App
TKT003072,CUST03947,2026-06-12,Billing,Medium,4,4.0,App
TKT003073,CUST03948,2025-04-29,Plan Change,Low,11,4.0,App
TKT003074,CUST03948,2025-07-11,Plan Change,Medium,3,2.0,App
TKT003075,CUST03950,2025-06-15,Other,Low,6,3.0,Chat
TKT003076,CUST03951,2025-11-21,Cancellation,Medium,2,3.0,App
TKT003077,CUST03952,2026-03-06,Technical,Low,8,5.0,App
TKT003078,CUST03955,2025-12-22,Billing,Low,2,5.0,App
TKT003079,CUST03959,2024-11-10,Billing,Medium,12,3.0,Phone
TKT003080,CUST03959,2025-10-18,Cancellation,Medium,2,5.0,App
TKT003081,CUST03959,2024-09-08,Cancellation,High,1,4.0,Phone
TKT003082,CUST03959,2024-11-02,Technical,Low,3,3.0,App
TKT003083,CUST03959,2025-11-17,Plan Change,Low,3,5.0,Email
TKT003084,CUST03959,2025-12-31,Cancellation,Low,3,3.0,App
TKT003085,CUST03961,2025-11-10,Technical,Medium,1,4.0,Chat
TKT003086,CUST03962,2025-11-15,Plan Change,Medium,2,5.0,Phone
TKT003087,CUST03962,2024-12-15,Other,Medium,5,4.0,App
TKT003088,CUST03963,2026-01-23,Billing,Low,6,4.0,App
TKT003089,CUST03963,2024-10-23,Connectivity,Medium,2,3.0,Chat
TKT003090,CUST03965,2026-01-13,Billing,Medium,4,5.0,Email
TKT003091,CUST03966,2025-03-12,Plan Change,Medium,6,4.0,Chat
TKT003092,CUST03967,2025-06-26,Connectivity,Low,2,3.0,Chat
TKT003093,CUST03969,2024-05-25,Other,Low,3,4.0,App
TKT003094,CUST03969,2026-06-01,Billing,Low,2,3.0,Chat
TKT003095,CUST03972,2025-10-26,Connectivity,Low,3,5.0,Chat
TKT003096,CUST03972,2025-08-20,Billing,Medium,3,4.0,Phone
TKT003097,CUST03972,2026-06-09,Plan Change,Medium,5,4.0,Phone
TKT003098,CUST03972,2025-09-22,Technical,Low,1,5.0,Email
TKT003099,CUST03973,2024-09-28,Billing,High,3,4.0,Email
TKT003100,CUST03975,2026-04-30,Other,Medium,1,4.0,App
TKT003101,CUST03976,2026-06-09,Connectivity,High,2,2.0,Email
TKT003102,CUST03976,2026-04-15,Plan Change,Medium,2,5.0,Email
TKT003103,CUST03979,2025-06-02,Billing,Low,4,4.0,Chat
TKT003104,CUST03981,2026-06-15,Connectivity,Medium,2,4.0,Chat
TKT003105,CUST03982,2026-03-01,Billing,Medium,2,5.0,Chat
TKT003106,CUST03983,2025-08-17,Technical,Low,4,4.0,App
TKT003107,CUST03984,2025-06-22,Technical,Medium,2,4.0,Phone
TKT003108,CUST03984,2025-09-05,Technical,Low,3,3.0,App
TKT003109,CUST03984,2026-03-06,Billing,Medium,2,4.0,Chat
TKT003110,CUST03985,2026-05-11,Connectivity,Medium,1,4.0,Chat
TKT003111,CUST03985,2026-03-20,Technical,Medium,6,3.0,Email
TKT003112,CUST03986,2026-04-10,Billing,Medium,1,4.0,Email
TKT003113,CUST03987,2026-04-24,Connectivity,Low,5,3.0,Phone
TKT003114,CUST03987,2026-01-29,Connectivity,Low,1,2.0,Email
TKT003115,CUST03988,2026-05-07,Billing,Low,4,4.0,App
TKT003116,CUST03990,2026-06-07,Billing,Low,3,3.0,Chat
TKT003117,CUST03990,2026-04-09,Cancellation,Low,9,3.0,Phone
TKT003118,CUST03991,2024-05-12,Plan Change,Medium,4,4.0,Email
TKT003119,CUST03993,2025-09-30,Connectivity,Medium,5,4.0,Email
TKT003120,CUST03993,2025-06-27,Cancellation,Low,5,4.0,Phone
TKT003121,CUST03995,2025-01-16,Plan Change,Low,4,4.0,Email
TKT003122,CUST03996,2026-05-22,Plan Change,Low,2,5.0,Email
TKT003123,CUST03997,2025-02-11,Cancellation,Low,3,4.0,App
TKT003124,CUST04003,2026-03-26,Billing,Low,7,3.0,App
TKT003125,CUST04003,2026-04-20,Cancellation,Medium,2,5.0,App
TKT003126,CUST04009,2025-04-02,Other,Low,5,3.0,Phone
TKT003127,CUST04010,2025-05-01,Connectivity,Low,3,3.0,Phone
TKT003128,CUST04012,2026-03-07,Billing,Low,4,3.0,App
TKT003129,CUST04013,2026-04-20,Other,High,2,4.0,App
TKT003130,CUST04013,2026-03-07,Cancellation,Low,3,3.0,Phone
TKT003131,CUST04019,2026-02-21,Cancellation,Low,3,4.0,Email
TKT003132,CUST04019,2026-03-02,Other,Low,6,4.0,Email
TKT003133,CUST04020,2025-01-25,Cancellation,Low,3,4.0,Phone
TKT003134,CUST04022,2025-08-09,Connectivity,Medium,8,4.0,Phone
TKT003135,CUST04022,2024-11-16,Billing,Low,1,4.0,Email
TKT003136,CUST04027,2026-02-06,Billing,Low,3,4.0,App
TKT003137,CUST04028,2025-03-21,Technical,Medium,2,3.0,Phone
TKT003138,CUST04028,2026-04-26,Billing,Medium,3,4.0,App
TKT003139,CUST04029,2025-07-05,Billing,Medium,3,4.0,Chat
TKT003140,CUST04030,2026-06-03,Billing,Medium,3,5.0,Phone
TKT003141,CUST04030,2026-04-09,Cancellation,Low,6,3.0,Phone
TKT003142,CUST04030,2025-10-16,Technical,Low,10,4.0,Chat
TKT003143,CUST04032,2024-12-27,Billing,Low,8,4.0,Phone
TKT003144,CUST04032,2025-07-15,Cancellation,Low,10,3.0,Phone
TKT003145,CUST04033,2025-09-10,Plan Change,High,3,4.0,Chat
TKT003146,CUST04033,2025-07-20,Cancellation,Low,1,3.0,App
TKT003147,CUST04034,2025-03-05,Other,Low,3,3.0,Email
TKT003148,CUST04039,2026-01-19,Billing,Low,2,5.0,Email
TKT003149,CUST04040,2025-02-28,Billing,Medium,4,4.0,Email
TKT003150,CUST04040,2026-03-02,Plan Change,Medium,7,4.0,App
TKT003151,CUST04040,2024-06-13,Technical,Low,3,4.0,App
TKT003152,CUST04043,2024-09-05,Billing,High,5,4.0,Chat
TKT003153,CUST04044,2025-02-06,Technical,Medium,2,2.0,Phone
TKT003154,CUST04045,2026-03-20,Billing,Low,3,4.0,Chat
TKT003155,CUST04047,2026-05-15,Connectivity,Low,1,4.0,Chat
TKT003156,CUST04050,2026-04-30,Billing,Low,2,3.0,Email
TKT003157,CUST04051,2026-04-06,Connectivity,Low,3,5.0,App
TKT003158,CUST04053,2025-12-23,Billing,Low,2,2.0,App
TKT003159,CUST04056,2025-11-24,Connectivity,Medium,2,4.0,App
TKT003160,CUST04056,2025-08-20,Connectivity,Low,2,3.0,Chat
TKT003161,CUST04056,2025-11-22,Billing,Medium,6,3.0,App
TKT003162,CUST04057,2024-07-25,Cancellation,Low,10,3.0,Phone
TKT003163,CUST04057,2024-07-07,Plan Change,Low,4,4.0,Phone
TKT003164,CUST04057,2024-07-24,Cancellation,Medium,4,4.0,Phone
TKT003165,CUST04058,2026-04-27,Technical,Medium,1,4.0,Email
TKT003166,CUST04058,2026-01-14,Billing,Low,1,3.0,App
TKT003167,CUST04060,2026-03-12,Cancellation,Low,1,4.0,Phone
TKT003168,CUST04061,2026-04-22,Billing,Low,3,4.0,Email
TKT003169,CUST04061,2026-04-22,Plan Change,Medium,4,5.0,App
TKT003170,CUST04064,2026-05-19,Billing,High,3,3.0,Phone
TKT003171,CUST04065,2025-12-02,Billing,Low,3,4.0,App
TKT003172,CUST04069,2025-11-19,Technical,High,3,4.0,Email
TKT003173,CUST04071,2025-04-29,Technical,Medium,3,4.0,App
TKT003174,CUST04072,2026-04-24,Technical,Medium,4,5.0,Phone
TKT003175,CUST04073,2025-12-14,Plan Change,Medium,4,4.0,Phone
TKT003176,CUST04073,2024-12-02,Billing,Medium,3,4.0,Phone
TKT003177,CUST04074,2025-11-19,Cancellation,Medium,13,4.0,Email
TKT003178,CUST04075,2025-03-23,Cancellation,High,3,3.0,Phone
TKT003179,CUST04075,2026-05-16,Cancellation,Medium,9,3.0,Phone
TKT003180,CUST04078,2025-09-09,Connectivity,Low,2,3.0,Chat
TKT003181,CUST04079,2026-04-25,Technical,Low,7,4.0,Phone
TKT003182,CUST04079,2025-06-11,Cancellation,Medium,3,4.0,Phone
TKT003183,CUST04081,2025-12-04,Cancellation,Low,9,5.0,App
TKT003184,CUST04085,2026-04-16,Plan Change,Low,8,5.0,App
TKT003185,CUST04086,2026-01-12,Cancellation,Medium,4,5.0,App
TKT003186,CUST04086,2025-12-26,Technical,Medium,2,3.0,Phone
TKT003187,CUST04086,2025-05-20,Plan Change,Low,5,3.0,Phone
TKT003188,CUST04086,2025-04-23,Other,Low,6,4.0,App
TKT003189,CUST04088,2026-01-08,Other,Low,2,4.0,Chat
TKT003190,CUST04089,2026-02-16,Cancellation,Low,2,3.0,Phone
TKT003191,CUST04089,2026-05-13,Billing,Medium,14,1.0,Phone
TKT003192,CUST04090,2025-11-20,Cancellation,Medium,14,5.0,Chat
TKT003193,CUST04092,2026-02-15,Connectivity,High,2,4.0,Phone
TKT003194,CUST04096,2026-01-21,Cancellation,Low,4,5.0,App
TKT003195,CUST04098,2025-03-29,Technical,Medium,3,4.0,Email
TKT003196,CUST04098,2026-05-13,Billing,Low,1,5.0,Phone
TKT003197,CUST04099,2026-02-16,Cancellation,Medium,2,5.0,App
TKT003198,CUST04099,2024-12-30,Billing,Low,4,5.0,Email
TKT003199,CUST04099,2024-10-17,Billing,Low,3,4.0,Email
TKT003200,CUST04102,2026-06-01,Cancellation,Low,5,3.0,Phone
TKT003201,CUST04103,2025-03-04,Technical,Low,3,5.0,Chat
TKT003202,CUST04104,2026-02-26,Technical,Low,2,3.0,Chat
TKT003203,CUST04104,2025-09-12,Technical,Low,4,4.0,Chat
TKT003204,CUST04104,2025-12-08,Plan Change,Medium,3,4.0,App
TKT003205,CUST04105,2026-03-30,Other,Medium,3,5.0,App
TKT003206,CUST04105,2024-08-18,Cancellation,Low,5,4.0,Phone
TKT003207,CUST04108,2026-04-01,Plan Change,Low,15,4.0,App
TKT003208,CUST04108,2025-10-11,Technical,Low,6,4.0,App
TKT003209,CUST04109,2025-07-06,Billing,Low,3,4.0,Phone
TKT003210,CUST04109,2025-03-16,Cancellation,Low,3,4.0,Chat
TKT003211,CUST04113,2026-05-27,Connectivity,Low,3,4.0,Phone
TKT003212,CUST04115,2026-06-09,Billing,Low,2,4.0,Phone
TKT003213,CUST04117,2026-06-03,Connectivity,Low,2,4.0,Chat
TKT003214,CUST04117,2026-06-19,Technical,Low,2,4.0,Chat
TKT003215,CUST04118,2026-04-26,Connectivity,Low,3,2.0,Phone
TKT003216,CUST04120,2026-06-06,Other,High,3,4.0,Chat
TKT003217,CUST04122,2025-06-03,Cancellation,High,1,2.0,Phone
TKT003218,CUST04122,2025-10-20,Plan Change,Medium,3,4.0,Chat
TKT003219,CUST04123,2025-02-25,Cancellation,Medium,3,3.0,Chat
TKT003220,CUST04125,2025-11-29,Technical,Low,7,4.0,Email
TKT003221,CUST04126,2025-09-14,Plan Change,Low,7,5.0,Chat
TKT003222,CUST04126,2025-10-06,Billing,Low,4,4.0,Phone
TKT003223,CUST04128,2025-07-18,Technical,High,4,4.0,Email
TKT003224,CUST04129,2026-04-18,Cancellation,High,3,3.0,Chat
TKT003225,CUST04130,2025-11-14,Connectivity,Medium,2,4.0,Chat
TKT003226,CUST04131,2026-05-25,Billing,Low,7,4.0,Phone
TKT003227,CUST04131,2026-04-13,Other,Low,2,2.0,Email
TKT003228,CUST04133,2026-03-06,Technical,High,5,4.0,Phone
TKT003229,CUST04133,2026-03-13,Connectivity,Low,1,3.0,Email
TKT003230,CUST04133,2026-03-01,Connectivity,High,5,3.0,Email
TKT003231,CUST04137,2025-10-23,Technical,High,1,3.0,Email
TKT003232,CUST04139,2026-03-29,Technical,Low,3,4.0,Phone
TKT003233,CUST04140,2026-02-13,Connectivity,Low,5,4.0,Email
TKT003234,CUST04140,2026-05-19,Other,Medium,2,4.0,Email
TKT003235,CUST04141,2026-06-01,Billing,Low,6,3.0,App
TKT003236,CUST04142,2025-12-13,Cancellation,Low,1,4.0,App
TKT003237,CUST04143,2026-04-02,Other,High,3,2.0,Chat
TKT003238,CUST04144,2026-02-01,Billing,Medium,1,4.0,Phone
TKT003239,CUST04144,2026-02-26,Plan Change,High,2,2.0,Phone
TKT003240,CUST04145,2026-01-14,Billing,Medium,4,4.0,App
TKT003241,CUST04149,2026-06-08,Other,High,14,2.0,App
TKT003242,CUST04149,2026-03-14,Cancellation,Low,17,3.0,App
TKT003243,CUST04150,2025-09-23,Plan Change,Low,5,5.0,Phone
TKT003244,CUST04151,2025-05-15,Other,Low,1,3.0,Phone
TKT003245,CUST04152,2025-07-19,Billing,Low,2,3.0,Chat
TKT003246,CUST04153,2024-11-23,Plan Change,Medium,1,4.0,Phone
TKT003247,CUST04153,2025-07-08,Technical,Medium,1,3.0,Email
TKT003248,CUST04153,2024-08-26,Other,High,5,3.0,App
TKT003249,CUST04155,2026-04-25,Connectivity,Low,3,3.0,Email
TKT003250,CUST04155,2025-05-19,Technical,Low,2,5.0,App
TKT003251,CUST04156,2026-01-20,Other,High,4,3.0,App
TKT003252,CUST04158,2025-09-29,Billing,Medium,3,3.0,App
TKT003253,CUST04159,2025-10-21,Plan Change,Low,3,3.0,Chat
TKT003254,CUST04159,2025-08-18,Other,Low,6,5.0,Email
TKT003255,CUST04160,2025-07-25,Other,Medium,5,4.0,Chat
TKT003256,CUST04160,2024-11-23,Technical,Medium,3,3.0,Email
TKT003257,CUST04163,2025-11-07,Billing,Low,6,5.0,Chat
TKT003258,CUST04163,2025-03-01,Connectivity,Low,3,4.0,Chat
TKT003259,CUST04165,2026-02-12,Plan Change,Low,4,5.0,Phone
TKT003260,CUST04165,2026-04-26,Technical,Medium,2,3.0,Chat
TKT003261,CUST04165,2026-04-12,Plan Change,Low,5,4.0,Phone
TKT003262,CUST04166,2024-11-26,Cancellation,Medium,4,5.0,Chat
TKT003263,CUST04169,2026-05-18,Connectivity,Medium,6,4.0,Chat
TKT003264,CUST04169,2024-10-26,Billing,Low,3,4.0,Email
TKT003265,CUST04171,2025-11-17,Connectivity,Medium,3,3.0,Phone
TKT003266,CUST04172,2025-10-23,Connectivity,High,6,3.0,Phone
TKT003267,CUST04173,2025-09-04,Connectivity,Medium,1,3.0,App
TKT003268,CUST04176,2026-02-12,Technical,Low,3,4.0,App
TKT003269,CUST04176,2026-04-28,Connectivity,Medium,4,3.0,Chat
TKT003270,CUST04177,2025-05-24,Other,Low,4,4.0,App
TKT003271,CUST04177,2025-10-26,Technical,Low,4,5.0,Phone
TKT003272,CUST04179,2025-05-30,Technical,Low,6,4.0,Phone
TKT003273,CUST04180,2026-04-29,Technical,Low,11,3.0,Phone
TKT003274,CUST04182,2025-08-30,Technical,Low,2,4.0,Email
TKT003275,CUST04182,2025-05-14,Other,High,3,3.0,Chat
TKT003276,CUST04183,2025-12-06,Billing,Medium,3,3.0,Email
TKT003277,CUST04184,2025-08-13,Other,High,5,3.0,Phone
TKT003278,CUST04184,2025-09-07,Plan Change,Low,5,4.0,Phone
TKT003279,CUST04184,2025-07-17,Connectivity,High,2,3.0,Phone
TKT003280,CUST04184,2025-03-08,Connectivity,Low,4,3.0,Email
TKT003281,CUST04184,2024-08-15,Cancellation,Low,6,4.0,Chat
TKT003282,CUST04184,2025-09-08,Connectivity,Low,4,5.0,Phone
TKT003283,CUST04185,2025-09-11,Billing,Medium,1,2.0,Chat
TKT003284,CUST04191,2026-02-22,Plan Change,Low,3,4.0,Chat
TKT003285,CUST04191,2026-03-01,Technical,Medium,1,4.0,Email
TKT003286,CUST04191,2026-04-10,Connectivity,Low,5,4.0,App
TKT003287,CUST04192,2026-02-11,Plan Change,Medium,3,3.0,Email
TKT003288,CUST04193,2026-05-29,Plan Change,Medium,4,4.0,Chat
TKT003289,CUST04193,2025-08-20,Plan Change,Medium,3,4.0,Chat
TKT003290,CUST04194,2026-03-19,Plan Change,Low,1,4.0,Phone
TKT003291,CUST04194,2024-12-10,Plan Change,Medium,3,5.0,Chat
TKT003292,CUST04199,2026-05-23,Other,Low,10,3.0,Chat
TKT003293,CUST04205,2025-01-14,Other,Low,3,3.0,Email
TKT003294,CUST04209,2025-06-19,Connectivity,Medium,4,4.0,Chat
TKT003295,CUST04209,2026-02-22,Plan Change,Low,5,3.0,Chat
TKT003296,CUST04212,2026-01-31,Cancellation,Low,5,4.0,App
TKT003297,CUST04212,2025-03-20,Cancellation,Low,2,4.0,Email
TKT003298,CUST04214,2026-05-23,Other,Low,1,5.0,Phone
TKT003299,CUST04214,2026-05-30,Cancellation,Low,4,4.0,Email
TKT003300,CUST04215,2025-01-07,Other,Medium,6,4.0,Phone
TKT003301,CUST04216,2026-03-08,Connectivity,Low,3,3.0,Phone
TKT003302,CUST04218,2025-03-06,Technical,Low,4,3.0,Phone
TKT003303,CUST04220,2026-05-05,Connectivity,Low,9,2.0,Email
TKT003304,CUST04221,2026-04-24,Cancellation,Medium,7,4.0,Phone
TKT003305,CUST04222,2025-05-06,Cancellation,High,4,2.0,Phone
TKT003306,CUST04224,2026-03-15,Technical,Low,1,4.0,App
TKT003307,CUST04226,2026-02-25,Connectivity,Low,4,5.0,App
TKT003308,CUST04227,2026-03-15,Technical,Low,5,4.0,Email
TKT003309,CUST04228,2026-02-06,Other,Low,6,3.0,Chat
TKT003310,CUST04229,2025-03-08,Other,Low,1,4.0,App
TKT003311,CUST04230,2026-04-14,Other,High,4,3.0,Email
TKT003312,CUST04230,2025-10-11,Plan Change,High,1,1.0,App
TKT003313,CUST04236,2025-07-14,Connectivity,Low,2,4.0,Chat
TKT003314,CUST04236,2025-08-03,Technical,Medium,3,3.0,Phone
TKT003315,CUST04237,2026-03-15,Cancellation,Medium,4,3.0,Chat
TKT003316,CUST04239,2025-12-31,Cancellation,High,7,3.0,Phone
TKT003317,CUST04240,2025-12-07,Plan Change,Low,1,4.0,Email
TKT003318,CUST04243,2026-03-12,Connectivity,Low,5,4.0,Chat
TKT003319,CUST04243,2025-09-04,Cancellation,Medium,6,4.0,Phone
TKT003320,CUST04246,2026-01-26,Billing,Low,3,4.0,Email
TKT003321,CUST04247,2026-03-28,Connectivity,High,4,3.0,Phone
TKT003322,CUST04248,2026-03-24,Connectivity,Low,3,4.0,Phone
TKT003323,CUST04249,2025-03-08,Technical,Low,2,5.0,Chat
TKT003324,CUST04250,2026-06-18,Other,Medium,3,5.0,App
TKT003325,CUST04251,2026-01-05,Billing,Low,2,5.0,Email
TKT003326,CUST04251,2025-06-17,Billing,Low,3,4.0,App
TKT003327,CUST04252,2025-05-20,Connectivity,Low,1,3.0,App
TKT003328,CUST04252,2025-01-12,Billing,Medium,3,3.0,Email
TKT003329,CUST04253,2025-04-06,Connectivity,Medium,6,5.0,Phone
TKT003330,CUST04255,2026-03-26,Plan Change,Low,9,3.0,Phone
TKT003331,CUST04257,2025-11-06,Cancellation,High,3,3.0,App
TKT003332,CUST04257,2025-12-02,Plan Change,Medium,4,3.0,Phone
TKT003333,CUST04257,2025-11-02,Cancellation,Medium,3,3.0,Email
TKT003334,CUST04258,2025-06-25,Connectivity,Medium,3,3.0,Email
TKT003335,CUST04259,2025-04-17,Cancellation,Low,3,5.0,Phone
TKT003336,CUST04261,2025-02-11,Cancellation,Low,8,3.0,Chat
TKT003337,CUST04264,2025-09-06,Plan Change,Medium,4,5.0,App
TKT003338,CUST04266,2026-02-12,Other,Low,6,4.0,Chat
TKT003339,CUST04268,2026-05-19,Connectivity,Low,2,2.0,App
TKT003340,CUST04269,2025-06-11,Plan Change,Low,5,4.0,Phone
TKT003341,CUST04269,2026-02-20,Connectivity,Low,12,4.0,App
TKT003342,CUST04270,2025-12-27,Connectivity,Medium,4,1.0,Phone
TKT003343,CUST04271,2026-05-22,Other,Low,2,5.0,App
TKT003344,CUST04272,2025-04-05,Billing,Low,4,3.0,Phone
TKT003345,CUST04272,2025-07-09,Cancellation,Low,1,5.0,App
TKT003346,CUST04272,2025-11-26,Plan Change,Medium,5,5.0,App
TKT003347,CUST04273,2025-08-03,Cancellation,Medium,2,5.0,Phone
TKT003348,CUST04273,2025-05-31,Connectivity,Medium,2,3.0,Chat
TKT003349,CUST04274,2025-07-09,Technical,Medium,2,3.0,Email
TKT003350,CUST04275,2026-06-02,Plan Change,Low,3,4.0,Chat
TKT003351,CUST04280,2026-02-21,Plan Change,Medium,3,2.0,Email
TKT003352,CUST04280,2025-11-11,Cancellation,Medium,13,4.0,Email
TKT003353,CUST04281,2025-11-06,Billing,Medium,1,3.0,Phone
TKT003354,CUST04282,2026-03-21,Billing,Medium,8,3.0,Chat
TKT003355,CUST04282,2026-01-05,Billing,Medium,2,5.0,App
TKT003356,CUST04284,2025-12-16,Billing,High,3,3.0,Chat
TKT003357,CUST04284,2025-09-27,Other,Low,2,5.0,Phone
TKT003358,CUST04286,2025-01-16,Billing,Low,1,3.0,App
TKT003359,CUST04286,2024-10-08,Cancellation,Low,7,2.0,Email
TKT003360,CUST04287,2025-05-25,Technical,Medium,3,4.0,Email
TKT003361,CUST04290,2024-12-21,Plan Change,Low,1,3.0,Chat
TKT003362,CUST04291,2026-05-22,Cancellation,Low,3,5.0,App
TKT003363,CUST04295,2025-07-21,Billing,Low,1,4.0,Phone
TKT003364,CUST04295,2024-11-08,Cancellation,High,3,5.0,App
TKT003365,CUST04296,2026-06-04,Plan Change,Medium,1,5.0,Chat
TKT003366,CUST04296,2025-04-15,Connectivity,High,13,1.0,App
TKT003367,CUST04297,2025-10-06,Technical,Medium,3,4.0,App
TKT003368,CUST04298,2025-10-26,Connectivity,High,1,3.0,App
TKT003369,CUST04299,2025-05-16,Connectivity,Medium,8,4.0,Email
TKT003370,CUST04301,2026-01-14,Plan Change,Low,6,3.0,Email
TKT003371,CUST04302,2026-05-06,Other,Medium,11,4.0,Chat
TKT003372,CUST04302,2026-04-28,Other,Low,2,5.0,Phone
TKT003373,CUST04302,2026-05-25,Cancellation,Low,3,4.0,Email
TKT003374,CUST04304,2026-03-19,Cancellation,Low,10,5.0,Email
TKT003375,CUST04305,2026-05-27,Other,Low,3,4.0,App
TKT003376,CUST04306,2025-08-15,Connectivity,Medium,3,4.0,Chat
TKT003377,CUST04307,2025-03-28,Connectivity,High,4,4.0,Chat
TKT003378,CUST04308,2024-10-23,Other,Low,2,5.0,App
TKT003379,CUST04309,2026-05-31,Billing,Low,4,3.0,Phone
TKT003380,CUST04310,2026-05-13,Connectivity,Medium,3,5.0,Phone
TKT003381,CUST04310,2025-10-29,Billing,Low,5,4.0,Chat
TKT003382,CUST04312,2025-03-02,Technical,Low,3,2.0,Email
TKT003383,CUST04315,2026-03-16,Technical,Low,3,4.0,Email
TKT003384,CUST04315,2026-03-24,Cancellation,Low,4,4.0,App
TKT003385,CUST04316,2026-02-03,Technical,Low,4,3.0,App
TKT003386,CUST04316,2024-10-19,Plan Change,High,2,3.0,App
TKT003387,CUST04317,2026-04-15,Plan Change,Low,2,5.0,Email
TKT003388,CUST04317,2025-09-09,Connectivity,Medium,3,4.0,Email
TKT003389,CUST04317,2025-08-22,Billing,Low,3,3.0,Phone
TKT003390,CUST04322,2025-03-05,Connectivity,Low,2,5.0,Chat
TKT003391,CUST04324,2026-03-13,Technical,Low,2,3.0,Phone
TKT003392,CUST04326,2026-05-09,Billing,Low,2,3.0,Chat
TKT003393,CUST04326,2025-07-13,Plan Change,Medium,4,5.0,App
TKT003394,CUST04327,2026-05-25,Cancellation,Low,4,4.0,Email
TKT003395,CUST04327,2026-06-16,Cancellation,High,9,3.0,Phone
TKT003396,CUST04328,2026-03-31,Plan Change,Low,5,4.0,Phone
TKT003397,CUST04328,2026-05-08,Plan Change,Low,5,4.0,Chat
TKT003398,CUST04330,2026-06-13,Connectivity,Low,7,4.0,App
TKT003399,CUST04331,2026-01-17,Technical,Low,4,2.0,Email
TKT003400,CUST04334,2025-12-12,Other,Low,3,4.0,Chat
TKT003401,CUST04334,2026-05-16,Technical,Low,3,5.0,Email
TKT003402,CUST04334,2026-04-15,Plan Change,Low,3,3.0,Phone
TKT003403,CUST04335,2026-03-29,Cancellation,High,2,3.0,Email
TKT003404,CUST04335,2026-01-04,Plan Change,Low,6,5.0,App
TKT003405,CUST04337,2025-04-30,Connectivity,Low,5,4.0,App
TKT003406,CUST04338,2025-06-24,Billing,Low,4,4.0,App
TKT003407,CUST04338,2025-05-09,Technical,Low,3,4.0,Email
TKT003408,CUST04339,2026-04-24,Billing,Low,2,3.0,Phone
TKT003409,CUST04340,2026-01-24,Other,Medium,4,3.0,Email
TKT003410,CUST04341,2026-03-07,Billing,Low,5,4.0,Email
TKT003411,CUST04342,2026-04-30,Other,Medium,2,4.0,Chat
TKT003412,CUST04342,2026-01-30,Other,Low,5,3.0,Email
TKT003413,CUST04342,2026-06-07,Billing,Low,5,3.0,App
TKT003414,CUST04342,2026-05-13,Connectivity,Medium,3,3.0,Email
TKT003415,CUST04343,2025-04-12,Other,Medium,5,4.0,Chat
TKT003416,CUST04344,2025-10-31,Plan Change,Low,6,4.0,App
TKT003417,CUST04345,2026-03-18,Plan Change,Low,2,3.0,Email
TKT003418,CUST04345,2026-01-30,Cancellation,Medium,2,4.0,Phone
TKT003419,CUST04354,2025-09-14,Connectivity,Low,1,3.0,App
TKT003420,CUST04354,2026-05-14,Connectivity,Medium,5,4.0,Chat
TKT003421,CUST04354,2026-05-03,Connectivity,Medium,2,4.0,Chat
TKT003422,CUST04355,2026-05-19,Connectivity,Medium,7,3.0,App
TKT003423,CUST04357,2026-06-08,Connectivity,Low,5,3.0,Chat
TKT003424,CUST04358,2024-10-01,Plan Change,Medium,1,3.0,Phone
TKT003425,CUST04359,2026-04-24,Other,High,6,4.0,Chat
TKT003426,CUST04359,2025-11-28,Other,High,4,4.0,Chat
TKT003427,CUST04360,2025-04-05,Connectivity,Low,5,3.0,Chat
TKT003428,CUST04360,2025-03-24,Billing,Medium,1,4.0,Chat
TKT003429,CUST04361,2026-03-31,Plan Change,Low,1,3.0,Phone
TKT003430,CUST04365,2026-05-24,Technical,Medium,3,3.0,Email
TKT003431,CUST04371,2025-01-24,Other,High,2,3.0,Email
TKT003432,CUST04372,2026-01-23,Cancellation,Low,5,3.0,Phone
TKT003433,CUST04373,2026-05-31,Cancellation,Low,2,4.0,Email
TKT003434,CUST04374,2025-08-12,Billing,Low,6,2.0,Phone
TKT003435,CUST04376,2026-04-11,Billing,Low,4,3.0,App
TKT003436,CUST04376,2025-11-01,Other,Medium,4,4.0,Phone
TKT003437,CUST04380,2026-05-09,Technical,Low,2,3.0,Email
TKT003438,CUST04381,2026-05-13,Other,Low,6,3.0,App
TKT003439,CUST04382,2026-03-07,Technical,Low,6,,App
TKT003440,CUST04382,2025-03-27,Cancellation,Low,4,3.0,Email
TKT003441,CUST04382,2024-12-08,Connectivity,Medium,2,3.0,Email
TKT003442,CUST04382,2024-09-01,Connectivity,Medium,1,5.0,App
TKT003443,CUST04384,2025-05-01,Technical,Medium,4,4.0,App
TKT003444,CUST04388,2026-02-24,Plan Change,Low,2,3.0,App
TKT003445,CUST04389,2026-01-09,Plan Change,Medium,1,4.0,Phone
TKT003446,CUST04390,2026-02-21,Connectivity,Low,4,3.0,Chat
TKT003447,CUST04391,2026-04-10,Plan Change,Medium,1,4.0,Chat
TKT003448,CUST04392,2026-04-16,Plan Change,Medium,4,4.0,Chat
TKT003449,CUST04392,2025-01-09,Billing,Low,3,5.0,Email
TKT003450,CUST04395,2025-04-01,Other,Medium,3,5.0,Email
TKT003451,CUST04396,2026-02-11,Technical,High,2,2.0,Chat
TKT003452,CUST04397,2026-02-13,Plan Change,Medium,1,5.0,Email
TKT003453,CUST04399,2026-03-28,Connectivity,Low,4,4.0,App
TKT003454,CUST04400,2025-09-16,Connectivity,Low,11,4.0,App
TKT003455,CUST04401,2025-10-30,Other,Medium,2,2.0,Phone
TKT003456,CUST04402,2025-10-08,Technical,Medium,3,3.0,Chat
TKT003457,CUST04403,2026-03-11,Billing,Low,1,2.0,Email
TKT003458,CUST04406,2026-05-21,Plan Change,Low,1,,Email
TKT003459,CUST04407,2025-10-21,Other,Medium,8,3.0,Email
TKT003460,CUST04408,2025-02-27,Cancellation,Medium,4,4.0,App
TKT003461,CUST04408,2024-08-08,Technical,Low,3,3.0,App
TKT003462,CUST04410,2024-11-30,Plan Change,Low,7,4.0,Phone
TKT003463,CUST04410,2025-03-15,Cancellation,Low,5,5.0,Chat
TKT003464,CUST04410,2025-02-01,Billing,Low,3,4.0,Chat
TKT003465,CUST04410,2025-06-14,Other,Medium,4,4.0,Chat
TKT003466,CUST04410,2025-02-12,Billing,Medium,1,4.0,Phone
TKT003467,CUST04411,2025-02-12,Plan Change,High,3,2.0,Email
TKT003468,CUST04412,2025-10-14,Other,Medium,3,3.0,Chat
TKT003469,CUST04415,2025-12-23,Technical,Low,8,3.0,Chat
TKT003470,CUST04415,2026-01-29,Connectivity,Low,3,3.0,Email
TKT003471,CUST04415,2025-08-26,Connectivity,Medium,1,4.0,Email
TKT003472,CUST04416,2026-02-07,Technical,Medium,3,5.0,Phone
TKT003473,CUST04416,2026-04-18,Connectivity,Medium,2,4.0,Chat
TKT003474,CUST04417,2024-06-15,Billing,Low,5,3.0,Email
TKT003475,CUST04425,2025-06-24,Plan Change,Low,3,4.0,App
TKT003476,CUST04428,2026-02-19,Cancellation,Low,2,3.0,App
TKT003477,CUST04430,2025-11-05,Plan Change,Low,1,5.0,Email
TKT003478,CUST04430,2026-04-30,Plan Change,Low,2,4.0,Chat
TKT003479,CUST04431,2026-05-24,Other,High,4,3.0,Phone
TKT003480,CUST04432,2026-01-28,Cancellation,Low,2,4.0,Email
TKT003481,CUST04435,2025-06-16,Plan Change,Low,4,3.0,Email
TKT003482,CUST04436,2026-01-02,Technical,Low,9,4.0,Chat
TKT003483,CUST04437,2026-03-29,Other,Medium,3,4.0,Email
TKT003484,CUST04438,2025-12-02,Technical,Low,6,3.0,App
TKT003485,CUST04439,2026-06-11,Technical,Medium,3,4.0,Email
TKT003486,CUST04439,2026-05-06,Cancellation,Medium,1,3.0,App
TKT003487,CUST04440,2026-04-06,Other,Medium,1,4.0,App
TKT003488,CUST04442,2026-06-01,Plan Change,High,3,2.0,Phone
TKT003489,CUST04443,2025-07-07,Other,Medium,2,5.0,Phone
TKT003490,CUST04444,2025-10-08,Connectivity,Low,3,5.0,Email
TKT003491,CUST04447,2026-04-01,Billing,Low,4,4.0,Chat
TKT003492,CUST04447,2026-02-25,Plan Change,Medium,2,4.0,Email
TKT003493,CUST04448,2026-06-11,Connectivity,Low,1,5.0,Chat
TKT003494,CUST04448,2026-05-17,Cancellation,High,2,1.0,App
TKT003495,CUST04449,2025-09-24,Cancellation,Medium,2,5.0,App
TKT003496,CUST04450,2025-05-25,Plan Change,Low,5,3.0,Phone
TKT003497,CUST04450,2024-07-06,Plan Change,Medium,2,5.0,Chat
TKT003498,CUST04451,2026-04-20,Connectivity,Low,1,4.0,Chat
TKT003499,CUST04452,2024-11-17,Billing,Medium,5,4.0,App
TKT003500,CUST04452,2024-11-01,Technical,High,2,3.0,Chat
TKT003501,CUST04453,2026-02-12,Plan Change,Low,5,3.0,App
TKT003502,CUST04453,2024-09-30,Plan Change,Low,1,4.0,Phone
TKT003503,CUST04454,2026-04-30,Billing,High,5,2.0,Chat
TKT003504,CUST04458,2025-09-28,Technical,High,5,4.0,Chat
TKT003505,CUST04459,2025-09-22,Other,Low,3,4.0,Phone
TKT003506,CUST04459,2025-08-01,Technical,Low,10,3.0,App
TKT003507,CUST04460,2025-09-10,Plan Change,Low,7,4.0,Phone
TKT003508,CUST04463,2026-03-09,Cancellation,Medium,1,4.0,Phone
TKT003509,CUST04464,2026-03-09,Other,Medium,18,5.0,Phone
TKT003510,CUST04464,2026-02-05,Connectivity,High,9,5.0,App
TKT003511,CUST04465,2025-02-08,Other,Low,2,5.0,App
TKT003512,CUST04465,2026-05-03,Technical,Medium,5,4.0,Phone
TKT003513,CUST04466,2024-06-11,Technical,Low,4,5.0,App
TKT003514,CUST04467,2025-12-03,Plan Change,Medium,3,4.0,Chat
TKT003515,CUST04468,2024-11-04,Plan Change,Low,2,4.0,Phone
TKT003516,CUST04471,2026-01-31,Connectivity,Medium,7,3.0,App
TKT003517,CUST04473,2026-02-15,Other,Low,2,4.0,Email
TKT003518,CUST04475,2025-03-22,Billing,Medium,1,4.0,Chat
TKT003519,CUST04476,2026-02-15,Connectivity,Low,2,4.0,App
TKT003520,CUST04477,2025-09-12,Billing,Low,3,5.0,Email
TKT003521,CUST04479,2026-05-09,Technical,Medium,6,5.0,App
TKT003522,CUST04479,2026-01-19,Connectivity,Medium,5,4.0,Phone
TKT003523,CUST04479,2026-04-11,Billing,Medium,2,3.0,Phone
TKT003524,CUST04480,2026-03-02,Billing,Low,3,4.0,App
TKT003525,CUST04483,2025-06-22,Plan Change,Medium,2,4.0,Email
TKT003526,CUST04485,2025-02-18,Technical,Low,2,4.0,App
TKT003527,CUST04486,2025-05-05,Technical,Medium,2,5.0,Phone
TKT003528,CUST04486,2025-10-31,Billing,Low,4,3.0,App
TKT003529,CUST04486,2024-12-12,Connectivity,Low,6,5.0,Phone
TKT003530,CUST04487,2026-05-14,Cancellation,Low,2,5.0,Chat
TKT003531,CUST04488,2026-02-21,Connectivity,Low,4,5.0,Phone
TKT003532,CUST04489,2026-04-19,Plan Change,Low,2,4.0,Email
TKT003533,CUST04490,2025-05-17,Technical,Low,5,4.0,App
TKT003534,CUST04491,2025-09-04,Cancellation,Medium,4,3.0,Chat
TKT003535,CUST04492,2025-07-10,Connectivity,Low,3,3.0,Chat
TKT003536,CUST04492,2025-10-11,Other,Medium,5,4.0,Chat
TKT003537,CUST04492,2025-09-27,Billing,Medium,5,3.0,App
TKT003538,CUST04493,2025-12-13,Billing,Medium,4,3.0,App
TKT003539,CUST04494,2025-05-18,Connectivity,Low,2,3.0,App
TKT003540,CUST04494,2025-04-25,Cancellation,Medium,3,4.0,Email
TKT003541,CUST04495,2025-06-06,Other,Low,2,4.0,Email
TKT003542,CUST04497,2025-09-30,Cancellation,Low,2,4.0,Chat
TKT003543,CUST04498,2026-05-04,Connectivity,Low,10,4.0,Phone
TKT003544,CUST04500,2025-05-09,Plan Change,Low,1,4.0,Phone
TKT003545,CUST04501,2026-05-11,Other,Low,1,4.0,Phone
TKT003546,CUST04501,2026-04-10,Other,Medium,2,5.0,Chat
TKT003547,CUST04503,2026-02-27,Cancellation,Low,3,3.0,Email
TKT003548,CUST04504,2026-04-11,Other,Medium,6,4.0,Phone
TKT003549,CUST04507,2026-04-12,Technical,Medium,2,5.0,Email
TKT003550,CUST04508,2025-09-30,Connectivity,Medium,1,3.0,Chat
TKT003551,CUST04508,2026-01-31,Technical,Medium,1,3.0,Phone
TKT003552,CUST04508,2025-12-01,Cancellation,Medium,1,4.0,App
TKT003553,CUST04511,2025-07-26,Plan Change,High,3,3.0,Chat
TKT003554,CUST04511,2025-11-03,Billing,Low,4,3.0,Email
TKT003555,CUST04512,2024-10-24,Plan Change,Low,4,4.0,Phone
TKT003556,CUST04513,2025-10-01,Technical,Low,2,4.0,Phone
TKT003557,CUST04514,2026-06-11,Connectivity,Low,3,4.0,App
TKT003558,CUST04515,2025-11-16,Billing,Low,7,1.0,Chat
TKT003559,CUST04516,2025-08-02,Technical,Low,4,3.0,Chat
TKT003560,CUST04517,2026-01-21,Cancellation,Low,2,3.0,Email
TKT003561,CUST04519,2025-07-24,Billing,Medium,5,4.0,App
TKT003562,CUST04521,2025-10-11,Connectivity,Medium,8,4.0,Email
TKT003563,CUST04521,2025-11-04,Other,High,5,4.0,Email
TKT003564,CUST04522,2026-03-08,Cancellation,Medium,4,5.0,Phone
TKT003565,CUST04522,2025-05-04,Connectivity,Low,7,3.0,Email
TKT003566,CUST04524,2026-02-27,Technical,Medium,1,2.0,Phone
TKT003567,CUST04526,2025-11-15,Technical,High,4,1.0,Chat
TKT003568,CUST04530,2024-09-12,Plan Change,Medium,2,3.0,Email
TKT003569,CUST04530,2025-07-22,Plan Change,Low,2,4.0,Email
TKT003570,CUST04530,2024-09-20,Other,High,3,3.0,Chat
TKT003571,CUST04530,2024-12-08,Connectivity,Low,2,3.0,Phone
TKT003572,CUST04531,2025-03-29,Billing,Medium,4,5.0,Chat
TKT003573,CUST04531,2026-01-28,Plan Change,Low,2,3.0,App
TKT003574,CUST04532,2025-03-30,Technical,Medium,4,4.0,Email
TKT003575,CUST04534,2026-03-15,Connectivity,Medium,3,3.0,Email
TKT003576,CUST04535,2026-04-21,Other,Medium,1,3.0,App
TKT003577,CUST04538,2026-05-23,Other,Medium,2,4.0,Email
TKT003578,CUST04539,2026-01-10,Connectivity,Low,2,4.0,Chat
TKT003579,CUST04539,2026-01-30,Plan Change,Medium,5,4.0,Chat
TKT003580,CUST04540,2026-04-14,Technical,High,2,3.0,App
TKT003581,CUST04540,2026-01-13,Plan Change,Low,4,3.0,Phone
TKT003582,CUST04541,2026-01-17,Connectivity,Low,8,4.0,Email
TKT003583,CUST04545,2026-06-21,Cancellation,Low,4,3.0,Phone
TKT003584,CUST04545,2026-05-27,Cancellation,Low,2,5.0,App
TKT003585,CUST04547,2026-04-05,Billing,Medium,5,3.0,Phone
TKT003586,CUST04550,2026-05-06,Plan Change,Medium,4,4.0,App
TKT003587,CUST04551,2025-04-17,Technical,Low,2,4.0,Email
TKT003588,CUST04551,2026-02-27,Cancellation,High,3,2.0,App
TKT003589,CUST04554,2026-05-20,Other,Medium,3,3.0,Phone
TKT003590,CUST04555,2025-08-03,Plan Change,Low,2,4.0,Chat
TKT003591,CUST04556,2025-09-26,Cancellation,Low,2,4.0,Chat
TKT003592,CUST04557,2026-06-08,Billing,Low,3,4.0,App
TKT003593,CUST04559,2025-04-14,Other,Medium,7,4.0,Phone
TKT003594,CUST04559,2026-03-07,Billing,Low,6,2.0,Chat
TKT003595,CUST04559,2026-05-09,Cancellation,Medium,2,4.0,Phone
TKT003596,CUST04563,2024-02-10,Technical,Medium,8,3.0,Email
TKT003597,CUST04567,2025-10-26,Plan Change,Low,4,4.0,Chat
TKT003598,CUST04568,2026-06-18,Billing,Medium,3,4.0,Chat
TKT003599,CUST04570,2025-11-20,Plan Change,High,2,2.0,Chat
TKT003600,CUST04572,2025-09-27,Other,Low,8,3.0,App
TKT003601,CUST04573,2026-02-22,Technical,Medium,3,4.0,Chat
TKT003602,CUST04576,2025-09-30,Technical,Medium,4,4.0,Phone
TKT003603,CUST04579,2025-10-02,Plan Change,Low,1,4.0,Email
TKT003604,CUST04580,2025-11-01,Plan Change,Low,2,3.0,App
TKT003605,CUST04581,2024-12-15,Cancellation,Medium,1,4.0,Email
TKT003606,CUST04581,2026-03-10,Other,Low,7,4.0,Phone
TKT003607,CUST04583,2025-07-24,Cancellation,Low,6,4.0,Phone
TKT003608,CUST04585,2025-08-20,Connectivity,Medium,4,4.0,Phone
TKT003609,CUST04587,2025-10-27,Connectivity,Medium,5,3.0,Email
TKT003610,CUST04587,2024-09-30,Connectivity,High,2,4.0,Email
TKT003611,CUST04587,2026-05-23,Connectivity,Low,2,3.0,App
TKT003612,CUST04587,2026-01-25,Billing,Medium,3,4.0,Chat
TKT003613,CUST04591,2025-01-09,Other,Low,11,5.0,Email
TKT003614,CUST04592,2026-04-04,Technical,Low,2,5.0,Chat
TKT003615,CUST04592,2026-05-27,Plan Change,Medium,2,4.0,Chat
TKT003616,CUST04593,2025-08-21,Cancellation,Low,2,5.0,Email
TKT003617,CUST04593,2025-07-06,Plan Change,Medium,3,4.0,Chat
TKT003618,CUST04594,2026-04-27,Technical,Medium,3,3.0,Chat
TKT003619,CUST04596,2026-03-07,Billing,Low,6,3.0,Phone
TKT003620,CUST04596,2026-02-22,Technical,Medium,2,4.0,Email
TKT003621,CUST04596,2026-02-12,Cancellation,Low,1,5.0,Chat
TKT003622,CUST04600,2025-08-18,Cancellation,Medium,10,3.0,App
TKT003623,CUST04600,2025-03-02,Technical,Low,1,4.0,Chat
TKT003624,CUST04601,2025-05-09,Other,Low,2,4.0,Email
TKT003625,CUST04602,2025-12-23,Connectivity,Low,1,4.0,Email
TKT003626,CUST04603,2026-01-05,Plan Change,High,6,3.0,App
TKT003627,CUST04604,2025-12-23,Plan Change,Low,4,5.0,App
TKT003628,CUST04604,2025-10-12,Other,Medium,6,4.0,Phone
TKT003629,CUST04605,2024-06-04,Other,High,7,2.0,Email
TKT003630,CUST04606,2025-09-09,Cancellation,Low,2,3.0,Chat
TKT003631,CUST04607,2025-01-02,Other,Medium,6,3.0,App
TKT003632,CUST04610,2026-04-25,Connectivity,Low,3,3.0,App
TKT003633,CUST04610,2026-06-15,Technical,Low,1,3.0,Email
TKT003634,CUST04612,2026-05-25,Cancellation,Low,3,4.0,App
TKT003635,CUST04616,2026-05-01,Plan Change,High,18,3.0,Email
TKT003636,CUST04620,2025-08-16,Plan Change,High,4,2.0,App
TKT003637,CUST04622,2026-03-18,Cancellation,Medium,2,2.0,Phone
TKT003638,CUST04622,2026-04-20,Other,High,1,3.0,App
TKT003639,CUST04623,2025-10-08,Other,Medium,2,4.0,App
TKT003640,CUST04623,2025-12-31,Billing,Medium,3,4.0,Chat
TKT003641,CUST04624,2026-05-21,Cancellation,Low,1,3.0,Chat
TKT003642,CUST04625,2026-06-23,Cancellation,Low,2,3.0,App
TKT003643,CUST04625,2026-02-01,Billing,Medium,2,5.0,Email
TKT003644,CUST04625,2026-06-11,Technical,High,2,3.0,Email
TKT003645,CUST04626,2026-04-26,Plan Change,Medium,4,3.0,Phone
TKT003646,CUST04626,2026-04-02,Billing,Medium,5,5.0,App
TKT003647,CUST04628,2026-03-31,Connectivity,Low,3,3.0,App
TKT003648,CUST04628,2025-12-13,Connectivity,Medium,7,4.0,App
TKT003649,CUST04630,2026-01-04,Connectivity,Medium,7,4.0,Email
TKT003650,CUST04632,2025-07-04,Other,Medium,3,3.0,App
TKT003651,CUST04633,2025-12-26,Billing,High,2,1.0,App
TKT003652,CUST04635,2025-11-03,Cancellation,Low,5,4.0,Phone
TKT003653,CUST04637,2026-04-24,Other,Low,3,3.0,Email
TKT003654,CUST04637,2026-03-10,Technical,Low,2,3.0,Chat
TKT003655,CUST04638,2025-05-23,Plan Change,Medium,3,2.0,Phone
TKT003656,CUST04640,2026-04-12,Connectivity,Low,3,4.0,Phone
TKT003657,CUST04640,2026-04-20,Technical,Medium,1,4.0,Email
TKT003658,CUST04641,2026-05-23,Other,High,4,3.0,Phone
TKT003659,CUST04642,2025-06-09,Technical,Medium,1,4.0,Chat
TKT003660,CUST04643,2025-08-27,Billing,Low,4,3.0,App
TKT003661,CUST04643,2026-04-24,Connectivity,Low,3,4.0,App
TKT003662,CUST04643,2025-08-26,Connectivity,Low,7,2.0,App
TKT003663,CUST04646,2026-06-22,Connectivity,Low,3,4.0,Chat
TKT003664,CUST04646,2026-05-27,Other,Low,2,3.0,Chat
TKT003665,CUST04647,2026-03-28,Connectivity,Medium,5,5.0,Chat
TKT003666,CUST04649,2026-02-19,Connectivity,Medium,5,3.0,Chat
TKT003667,CUST04650,2026-05-06,Other,Low,6,3.0,App
TKT003668,CUST04651,2026-05-19,Connectivity,Low,2,5.0,Email
TKT003669,CUST04652,2026-03-23,Billing,Medium,1,4.0,App
TKT003670,CUST04652,2024-11-09,Technical,Medium,2,3.0,Email
TKT003671,CUST04653,2025-12-22,Technical,Medium,14,4.0,Phone
TKT003672,CUST04654,2025-09-09,Plan Change,Medium,2,2.0,Phone
TKT003673,CUST04655,2025-11-28,Cancellation,Medium,5,3.0,Chat
TKT003674,CUST04656,2025-07-28,Other,Medium,1,3.0,App
TKT003675,CUST04656,2025-11-12,Billing,Low,3,3.0,Phone
TKT003676,CUST04658,2026-04-12,Technical,Medium,1,4.0,Phone
TKT003677,CUST04658,2025-04-19,Plan Change,Medium,2,4.0,Chat
TKT003678,CUST04658,2025-12-13,Connectivity,Low,2,5.0,Phone
TKT003679,CUST04660,2026-02-18,Technical,Low,7,5.0,Phone
TKT003680,CUST04662,2025-08-22,Cancellation,Low,3,3.0,Chat
TKT003681,CUST04664,2026-02-01,Connectivity,Low,5,4.0,Email
TKT003682,CUST04664,2025-09-25,Billing,Low,1,4.0,Phone
TKT003683,CUST04672,2026-05-06,Cancellation,Low,2,4.0,App
TKT003684,CUST04673,2026-05-24,Plan Change,Medium,10,3.0,App
TKT003685,CUST04673,2026-05-02,Technical,Low,10,4.0,Chat
TKT003686,CUST04674,2025-07-13,Cancellation,Medium,4,3.0,Phone
TKT003687,CUST04675,2025-05-18,Connectivity,Low,3,3.0,Chat
TKT003688,CUST04677,2026-02-27,Other,Medium,1,3.0,Phone
TKT003689,CUST04681,2025-01-24,Other,Low,3,3.0,Phone
TKT003690,CUST04682,2024-10-25,Other,Medium,9,4.0,App
TKT003691,CUST04692,2025-09-04,Billing,Low,4,3.0,App
TKT003692,CUST04693,2025-03-07,Technical,Low,4,3.0,Email
TKT003693,CUST04694,2025-08-28,Cancellation,High,5,3.0,Email
TKT003694,CUST04694,2025-08-26,Connectivity,High,1,3.0,Chat
TKT003695,CUST04694,2026-02-05,Plan Change,Medium,3,4.0,Email
TKT003696,CUST04696,2025-05-27,Cancellation,High,5,2.0,App
TKT003697,CUST04698,2026-05-15,Technical,Medium,3,4.0,App
TKT003698,CUST04703,2025-01-14,Technical,Medium,3,4.0,Chat
TKT003699,CUST04703,2025-04-04,Connectivity,High,3,3.0,Chat
TKT003700,CUST04703,2025-10-25,Other,Medium,3,4.0,App
TKT003701,CUST04704,2026-01-02,Cancellation,Low,1,4.0,Email
TKT003702,CUST04705,2026-04-01,Other,Medium,1,4.0,Email
TKT003703,CUST04705,2026-01-17,Plan Change,Low,5,4.0,Phone
TKT003704,CUST04709,2025-09-16,Cancellation,Low,2,4.0,Email
TKT003705,CUST04710,2026-02-23,Plan Change,High,5,2.0,Email
TKT003706,CUST04711,2026-01-03,Other,Low,2,3.0,Email
TKT003707,CUST04713,2024-10-29,Other,Low,1,3.0,Email
TKT003708,CUST04715,2025-11-09,Billing,Medium,5,4.0,Email
TKT003709,CUST04715,2026-01-01,Other,Low,3,3.0,Chat
TKT003710,CUST04715,2025-09-12,Billing,Low,2,3.0,Chat
TKT003711,CUST04716,2026-01-19,Connectivity,Low,1,4.0,Chat
TKT003712,CUST04717,2025-01-19,Connectivity,Medium,3,3.0,Email
TKT003713,CUST04718,2025-08-31,Connectivity,Medium,3,3.0,Phone
TKT003714,CUST04719,2025-03-15,Cancellation,Low,3,5.0,Chat
TKT003715,CUST04721,2026-03-07,Connectivity,Medium,8,4.0,Email
TKT003716,CUST04724,2026-05-09,Connectivity,Low,5,3.0,Chat
TKT003717,CUST04725,2025-08-27,Other,Low,6,4.0,Chat
TKT003718,CUST04729,2025-12-24,Technical,Low,3,5.0,Phone
TKT003719,CUST04730,2025-05-23,Billing,Low,2,4.0,Phone
TKT003720,CUST04734,2026-02-27,Other,Low,3,4.0,Chat
TKT003721,CUST04736,2025-10-31,Plan Change,Low,3,5.0,Chat
TKT003722,CUST04736,2026-04-04,Billing,Low,2,4.0,Phone
TKT003723,CUST04738,2024-08-20,Connectivity,High,6,3.0,App
TKT003724,CUST04739,2026-05-04,Technical,Low,4,2.0,Phone
TKT003725,CUST04740,2024-11-06,Plan Change,Medium,3,4.0,Phone
TKT003726,CUST04741,2025-06-24,Plan Change,Medium,2,4.0,Phone
TKT003727,CUST04741,2025-08-20,Cancellation,Medium,2,3.0,Email
TKT003728,CUST04742,2025-06-26,Other,Low,2,3.0,App
TKT003729,CUST04746,2025-05-31,Technical,Medium,10,5.0,Email
TKT003730,CUST04747,2024-10-30,Technical,Low,5,3.0,Chat
TKT003731,CUST04747,2025-06-08,Other,Medium,3,3.0,Phone
TKT003732,CUST04750,2026-01-19,Other,Low,1,4.0,Chat
TKT003733,CUST04752,2026-01-03,Billing,Medium,8,2.0,Phone
TKT003734,CUST04755,2026-06-05,Plan Change,High,3,3.0,Chat
TKT003735,CUST04756,2025-09-20,Technical,Medium,1,3.0,Chat
TKT003736,CUST04756,2025-07-23,Connectivity,Low,2,4.0,Email
TKT003737,CUST04757,2025-09-15,Billing,Medium,3,5.0,Chat
TKT003738,CUST04759,2026-02-23,Billing,Low,2,4.0,Chat
TKT003739,CUST04759,2026-05-03,Plan Change,Low,1,5.0,App
TKT003740,CUST04760,2025-06-30,Cancellation,High,6,4.0,Chat
TKT003741,CUST04761,2025-06-27,Connectivity,Low,2,5.0,Email
TKT003742,CUST04763,2026-03-31,Plan Change,Low,3,3.0,Email
TKT003743,CUST04765,2026-02-28,Plan Change,Medium,3,4.0,Chat
TKT003744,CUST04766,2026-04-04,Connectivity,Medium,7,3.0,Chat
TKT003745,CUST04766,2024-11-08,Connectivity,Low,5,3.0,App
TKT003746,CUST04767,2026-02-24,Plan Change,Low,5,3.0,App
TKT003747,CUST04769,2026-04-08,Other,Low,3,3.0,Email
TKT003748,CUST04771,2024-03-14,Billing,Medium,7,5.0,Chat
TKT003749,CUST04771,2025-03-22,Other,Low,2,3.0,Phone
TKT003750,CUST04772,2026-03-22,Technical,Low,1,2.0,App
TKT003751,CUST04774,2026-06-01,Other,Medium,2,4.0,Email
TKT003752,CUST04774,2026-03-07,Cancellation,High,3,3.0,Phone
TKT003753,CUST04774,2026-05-31,Cancellation,Medium,4,5.0,Email
TKT003754,CUST04775,2025-06-30,Technical,Medium,6,4.0,Phone
TKT003755,CUST04775,2025-11-01,Other,Low,1,4.0,Chat
TKT003756,CUST04778,2025-09-08,Connectivity,Medium,6,3.0,Chat
TKT003757,CUST04778,2026-02-21,Plan Change,Low,3,4.0,App
TKT003758,CUST04778,2024-06-18,Cancellation,Low,4,4.0,Email
TKT003759,CUST04778,2024-10-27,Other,Low,3,3.0,Phone
TKT003760,CUST04779,2026-01-13,Cancellation,Medium,9,3.0,Chat
TKT003761,CUST04780,2025-08-20,Plan Change,Low,1,2.0,Email
TKT003762,CUST04781,2025-03-07,Billing,Medium,10,3.0,Email
TKT003763,CUST04785,2026-02-03,Other,Low,2,3.0,Phone
TKT003764,CUST04786,2024-12-10,Technical,Low,4,5.0,Phone
TKT003765,CUST04787,2025-05-08,Plan Change,Low,1,5.0,Email
TKT003766,CUST04789,2024-03-20,Other,Low,4,3.0,App
TKT003767,CUST04791,2026-03-19,Billing,Low,1,5.0,Email
TKT003768,CUST04792,2026-06-14,Plan Change,Medium,5,3.0,Chat
TKT003769,CUST04794,2025-04-05,Plan Change,Low,3,5.0,Email
TKT003770,CUST04794,2026-05-10,Cancellation,Low,9,5.0,Chat
TKT003771,CUST04794,2026-04-13,Billing,Low,1,4.0,App
TKT003772,CUST04795,2025-08-30,Plan Change,Low,1,3.0,Email
TKT003773,CUST04796,2026-02-03,Technical,Low,1,4.0,App
TKT003774,CUST04796,2025-03-14,Other,Medium,3,4.0,App
TKT003775,CUST04799,2026-03-16,Connectivity,Low,8,3.0,Phone
TKT003776,CUST04800,2026-02-08,Connectivity,Medium,2,3.0,Phone
TKT003777,CUST04800,2025-08-29,Technical,High,5,3.0,Email
TKT003778,CUST04801,2025-08-05,Other,Low,6,4.0,App
TKT003779,CUST04801,2025-07-12,Connectivity,Low,1,4.0,Chat
TKT003780,CUST04803,2025-06-29,Other,Low,3,5.0,App
TKT003781,CUST04804,2025-07-16,Connectivity,High,5,2.0,Chat
TKT003782,CUST04805,2025-09-29,Billing,Low,4,4.0,App
TKT003783,CUST04807,2024-07-16,Plan Change,Low,7,4.0,Phone
TKT003784,CUST04808,2024-06-26,Connectivity,Medium,2,5.0,Email
TKT003785,CUST04809,2026-04-29,Other,Low,3,4.0,Chat
TKT003786,CUST04809,2026-05-03,Plan Change,Medium,10,4.0,Email
TKT003787,CUST04810,2026-03-02,Other,Medium,3,5.0,Phone
TKT003788,CUST04812,2025-03-26,Connectivity,Medium,5,3.0,Phone
TKT003789,CUST04812,2025-12-14,Cancellation,Low,2,3.0,Phone
TKT003790,CUST04816,2026-02-12,Connectivity,Medium,3,4.0,Chat
TKT003791,CUST04816,2026-01-31,Connectivity,Low,2,3.0,Email
TKT003792,CUST04817,2025-12-18,Connectivity,Low,4,4.0,App
TKT003793,CUST04817,2025-12-06,Technical,Medium,2,4.0,Chat
TKT003794,CUST04821,2026-01-21,Billing,Low,2,4.0,Email
TKT003795,CUST04822,2025-07-18,Billing,Low,3,4.0,App
TKT003796,CUST04823,2026-02-11,Plan Change,Medium,3,4.0,Email
TKT003797,CUST04825,2025-03-29,Technical,Medium,3,5.0,App
TKT003798,CUST04826,2025-05-04,Plan Change,Medium,4,3.0,App
TKT003799,CUST04828,2026-06-11,Technical,Low,1,4.0,App
TKT003800,CUST04828,2026-05-22,Technical,Low,2,4.0,Phone
TKT003801,CUST04829,2025-11-25,Other,Medium,3,3.0,Chat
TKT003802,CUST04829,2025-10-20,Other,Low,3,4.0,Chat
TKT003803,CUST04830,2026-04-27,Technical,Low,9,3.0,Email
TKT003804,CUST04830,2026-06-15,Connectivity,Low,5,4.0,App
TKT003805,CUST04830,2026-05-07,Technical,Low,2,5.0,App
TKT003806,CUST04831,2025-01-29,Connectivity,Low,3,4.0,Phone
TKT003807,CUST04832,2026-01-22,Plan Change,Medium,6,4.0,Chat
TKT003808,CUST04835,2025-12-23,Plan Change,Low,3,3.0,Email
TKT003809,CUST04837,2025-10-03,Plan Change,Low,2,4.0,Phone
TKT003810,CUST04837,2025-05-25,Cancellation,Medium,3,4.0,Phone
TKT003811,CUST04838,2026-05-25,Billing,Medium,3,4.0,Chat
TKT003812,CUST04838,2026-05-18,Plan Change,Medium,1,4.0,Email
TKT003813,CUST04839,2025-07-09,Plan Change,Low,1,5.0,Phone
TKT003814,CUST04839,2026-02-13,Other,Low,3,4.0,Phone
TKT003815,CUST04839,2025-11-17,Connectivity,High,7,2.0,App
TKT003816,CUST04840,2025-07-21,Other,Medium,1,4.0,Phone
TKT003817,CUST04847,2026-03-12,Plan Change,Low,4,4.0,Chat
TKT003818,CUST04848,2026-01-16,Cancellation,Low,1,3.0,Chat
TKT003819,CUST04851,2026-06-03,Billing,Low,5,4.0,Phone
TKT003820,CUST04853,2025-12-01,Plan Change,Low,4,4.0,Email
TKT003821,CUST04853,2026-02-03,Connectivity,Medium,7,4.0,Phone
TKT003822,CUST04854,2026-04-17,Billing,Medium,4,4.0,Chat
TKT003823,CUST04854,2026-03-18,Cancellation,Low,3,3.0,Email
TKT003824,CUST04855,2025-09-03,Billing,Low,1,5.0,App
TKT003825,CUST04856,2025-12-07,Connectivity,Low,3,3.0,Chat
TKT003826,CUST04857,2025-12-17,Other,Low,1,3.0,Phone
TKT003827,CUST04859,2026-01-26,Technical,Low,5,4.0,Chat
TKT003828,CUST04859,2026-04-20,Connectivity,Low,6,4.0,Email
TKT003829,CUST04860,2026-03-21,Billing,Medium,3,4.0,Phone
TKT003830,CUST04861,2025-04-29,Other,Low,1,3.0,App
TKT003831,CUST04863,2026-03-26,Plan Change,Medium,3,4.0,Phone
TKT003832,CUST04865,2025-08-05,Cancellation,Medium,3,3.0,Chat
TKT003833,CUST04867,2024-03-02,Connectivity,Medium,3,5.0,Email
TKT003834,CUST04870,2025-12-14,Other,Low,3,4.0,Chat
TKT003835,CUST04871,2025-06-07,Technical,Medium,7,4.0,App
TKT003836,CUST04871,2025-03-22,Plan Change,Low,9,2.0,Phone
TKT003837,CUST04873,2026-05-09,Other,Low,4,5.0,Phone
TKT003838,CUST04877,2026-05-22,Plan Change,Medium,9,5.0,Phone
TKT003839,CUST04877,2026-05-11,Plan Change,Medium,8,4.0,Email
TKT003840,CUST04879,2025-11-08,Billing,Low,4,4.0,Email
TKT003841,CUST04882,2025-02-20,Plan Change,Low,6,3.0,Email
TKT003842,CUST04883,2025-04-21,Cancellation,Low,5,3.0,Email
TKT003843,CUST04884,2026-05-11,Connectivity,High,3,4.0,Chat
TKT003844,CUST04885,2024-07-28,Cancellation,Medium,3,4.0,Email
TKT003845,CUST04887,2025-09-30,Plan Change,Low,3,5.0,Chat
TKT003846,CUST04890,2026-02-26,Plan Change,High,2,3.0,Phone
TKT003847,CUST04891,2026-04-21,Billing,Medium,4,3.0,Email
TKT003848,CUST04891,2026-03-22,Technical,High,2,4.0,Chat
TKT003849,CUST04891,2025-10-25,Connectivity,Low,5,3.0,Phone
TKT003850,CUST04892,2025-10-22,Billing,Low,5,2.0,App
TKT003851,CUST04896,2024-09-30,Cancellation,Low,14,3.0,Phone
TKT003852,CUST04896,2025-10-07,Plan Change,High,5,2.0,Chat
TKT003853,CUST04899,2025-11-16,Cancellation,Low,2,4.0,Phone
TKT003854,CUST04900,2024-08-04,Other,Low,2,3.0,App
TKT003855,CUST04902,2026-05-31,Billing,Medium,6,3.0,Chat
TKT003856,CUST04902,2025-05-01,Technical,Low,2,3.0,Chat
TKT003857,CUST04902,2025-12-13,Plan Change,Medium,2,5.0,Email
TKT003858,CUST04905,2026-03-13,Plan Change,Low,6,4.0,Chat
TKT003859,CUST04906,2026-05-30,Cancellation,High,3,4.0,App
TKT003860,CUST04909,2026-01-07,Technical,Low,2,4.0,Phone
TKT003861,CUST04910,2025-08-19,Billing,Low,1,3.0,Email
TKT003862,CUST04911,2026-02-26,Billing,High,1,2.0,App
TKT003863,CUST04912,2025-11-03,Connectivity,Medium,3,3.0,Email
TKT003864,CUST04913,2025-08-29,Technical,Medium,3,5.0,Phone
TKT003865,CUST04916,2025-11-15,Cancellation,Medium,5,3.0,App
TKT003866,CUST04918,2026-04-10,Other,High,2,4.0,Phone
TKT003867,CUST04918,2025-04-04,Technical,Low,6,4.0,Phone
TKT003868,CUST04918,2024-08-09,Technical,Low,1,3.0,Email
TKT003869,CUST04918,2025-02-03,Connectivity,High,1,2.0,App
TKT003870,CUST04919,2025-03-26,Cancellation,Low,7,2.0,Email
TKT003871,CUST04920,2026-02-19,Cancellation,Low,6,3.0,Phone
TKT003872,CUST04921,2025-11-30,Billing,Medium,3,3.0,Chat
TKT003873,CUST04925,2026-02-21,Technical,Medium,1,2.0,Email
TKT003874,CUST04925,2026-04-21,Other,Medium,9,4.0,App
TKT003875,CUST04926,2025-04-15,Cancellation,Medium,6,4.0,App
TKT003876,CUST04928,2026-03-18,Other,Low,4,4.0,Phone
TKT003877,CUST04928,2025-05-24,Connectivity,Medium,1,3.0,Phone
TKT003878,CUST04929,2025-04-25,Cancellation,Low,2,4.0,Chat
TKT003879,CUST04930,2025-06-07,Plan Change,Low,2,4.0,App
TKT003880,CUST04932,2025-12-13,Other,Low,2,4.0,App
TKT003881,CUST04932,2026-02-11,Technical,Medium,4,4.0,App
TKT003882,CUST04932,2025-11-09,Other,High,3,2.0,Phone
TKT003883,CUST04933,2025-05-02,Other,Low,8,5.0,Phone
TKT003884,CUST04933,2026-05-02,Billing,Low,4,3.0,App
TKT003885,CUST04935,2026-06-05,Cancellation,Low,2,,Email
TKT003886,CUST04935,2026-05-04,Plan Change,Medium,8,3.0,Phone
TKT003887,CUST04938,2026-02-19,Technical,Low,3,4.0,Phone
TKT003888,CUST04940,2026-04-11,Cancellation,Low,3,3.0,Email
TKT003889,CUST04940,2026-05-24,Billing,Medium,6,4.0,Email
TKT003890,CUST04941,2025-08-21,Cancellation,Low,2,2.0,Phone
TKT003891,CUST04943,2026-05-08,Billing,Low,2,4.0,Phone
TKT003892,CUST04944,2024-12-03,Technical,Low,3,5.0,Phone
TKT003893,CUST04944,2024-08-25,Billing,Low,4,3.0,Email
TKT003894,CUST04945,2025-11-19,Cancellation,Medium,3,4.0,App
TKT003895,CUST04945,2026-01-25,Cancellation,High,4,4.0,Chat
TKT003896,CUST04945,2026-03-03,Billing,Medium,4,3.0,Email
TKT003897,CUST04946,2025-04-12,Connectivity,Low,7,3.0,Email
TKT003898,CUST04946,2026-02-28,Technical,Low,2,4.0,Chat
TKT003899,CUST04948,2025-05-13,Billing,Low,1,4.0,Email
TKT003900,CUST04950,2025-09-30,Connectivity,Medium,1,4.0,Chat
TKT003901,CUST04952,2026-01-26,Cancellation,Medium,2,4.0,Email
TKT003902,CUST04953,2024-06-07,Plan Change,Low,8,4.0,Email
TKT003903,CUST04956,2026-05-10,Cancellation,Medium,7,3.0,Email
TKT003904,CUST04958,2026-04-11,Billing,Medium,6,5.0,Email
TKT003905,CUST04958,2026-05-25,Cancellation,Medium,5,3.0,Email
TKT003906,CUST04958,2026-02-11,Other,High,2,2.0,Phone
TKT003907,CUST04962,2025-06-10,Connectivity,Low,8,4.0,App
TKT003908,CUST04962,2025-06-27,Other,Low,3,2.0,Chat
TKT003909,CUST04963,2026-04-13,Cancellation,Low,3,4.0,Chat
TKT003910,CUST04964,2026-01-06,Connectivity,Low,2,3.0,Email
TKT003911,CUST04965,2025-12-20,Plan Change,Low,6,4.0,Chat
TKT003912,CUST04967,2025-08-28,Connectivity,Medium,3,3.0,App
TKT003913,CUST04968,2025-02-24,Billing,Medium,6,5.0,Email
TKT003914,CUST04968,2025-01-30,Billing,Medium,2,4.0,Chat
TKT003915,CUST04968,2026-02-21,Cancellation,Medium,3,4.0,Chat
TKT003916,CUST04970,2025-05-21,Technical,Medium,4,4.0,Chat
TKT003917,CUST04972,2025-02-28,Plan Change,Low,4,5.0,Phone
TKT003918,CUST04972,2024-05-07,Technical,Low,4,3.0,Email
TKT003919,CUST04972,2025-11-15,Technical,Low,2,3.0,App
TKT003920,CUST04972,2024-12-03,Technical,Low,3,3.0,Chat
TKT003921,CUST04974,2024-12-21,Other,High,12,3.0,Chat
TKT003922,CUST04976,2026-02-14,Technical,Low,2,4.0,Chat
TKT003923,CUST04977,2026-03-16,Cancellation,Low,6,3.0,Email
TKT003924,CUST04977,2026-06-03,Billing,Medium,1,5.0,Chat
TKT003925,CUST04977,2026-06-06,Technical,Medium,4,3.0,Phone
TKT003926,CUST04978,2025-07-04,Cancellation,Low,2,3.0,Email
TKT003927,CUST04981,2026-04-13,Other,Medium,1,5.0,App
TKT003928,CUST04981,2026-05-18,Connectivity,Medium,1,3.0,App
TKT003929,CUST04981,2026-02-12,Billing,Low,7,2.0,Phone
TKT003930,CUST04983,2026-04-24,Cancellation,High,3,3.0,Email
TKT003931,CUST04983,2026-04-12,Other,Medium,6,5.0,Chat
TKT003932,CUST04983,2025-09-09,Other,Low,3,2.0,Chat
TKT003933,CUST04983,2025-10-11,Technical,Low,3,5.0,Phone
TKT003934,CUST04984,2024-05-06,Technical,Low,7,2.0,App
TKT003935,CUST04985,2025-03-04,Technical,High,7,3.0,Chat
TKT003936,CUST04985,2025-10-25,Cancellation,Low,1,4.0,App
TKT003937,CUST04988,2025-09-03,Technical,Medium,6,3.0,Chat
TKT003938,CUST04989,2025-10-23,Billing,Medium,6,3.0,App
TKT003939,CUST04991,2026-03-23,Plan Change,Low,3,4.0,App
TKT003940,CUST04995,2025-10-06,Connectivity,High,3,4.0,Phone
TKT003941,CUST05000,2026-05-30,Plan Change,Low,1,4.0,Email
TKT003942,CUST05000,2026-03-29,Other,Medium,9,3.0,Phone
TKT003943,CUST05000,2026-01-22,Plan Change,Low,3,5.0,Phone
TKT003944,CUST05001,2025-07-17,Other,Low,8,4.0,App
TKT003945,CUST05002,2026-05-19,Billing,Low,3,4.0,Chat
TKT003946,CUST05006,2024-07-17,Cancellation,Medium,3,5.0,App
TKT003947,CUST05007,2025-06-16,Billing,Medium,4,3.0,Phone
TKT003948,CUST05009,2026-04-11,Technical,Low,2,4.0,Email
TKT003949,CUST05011,2025-07-14,Other,Low,2,4.0,Phone
TKT003950,CUST05012,2026-05-14,Billing,Medium,4,4.0,Phone
TKT003951,CUST05012,2026-04-21,Plan Change,Low,4,5.0,Phone
TKT003952,CUST05013,2026-02-15,Billing,Low,2,4.0,Email
TKT003953,CUST05013,2025-11-17,Plan Change,Low,2,4.0,Phone
TKT003954,CUST05013,2026-05-22,Cancellation,Low,4,4.0,Chat
TKT003955,CUST05014,2025-01-29,Other,Low,3,4.0,Phone
TKT003956,CUST05014,2025-10-14,Technical,Low,5,4.0,Email
TKT003957,CUST05017,2025-11-08,Other,Low,6,5.0,App
TKT003958,CUST05021,2024-12-13,Other,Low,1,4.0,Phone
TKT003959,CUST05021,2026-01-07,Technical,Low,3,4.0,App
TKT003960,CUST05022,2024-05-07,Other,Low,2,4.0,Chat
TKT003961,CUST05023,2025-09-12,Billing,Medium,4,3.0,Email
TKT003962,CUST05023,2024-12-03,Cancellation,Low,4,4.0,Phone
TKT003963,CUST05023,2026-04-26,Technical,Medium,3,2.0,Chat
TKT003964,CUST05023,2025-12-03,Billing,Low,3,3.0,App
TKT003965,CUST05025,2026-03-28,Connectivity,Low,3,4.0,Email
TKT003966,CUST05027,2024-08-22,Connectivity,Medium,3,3.0,App
TKT003967,CUST05028,2026-06-03,Other,Medium,7,3.0,Chat
TKT003968,CUST05029,2026-02-21,Cancellation,Low,6,4.0,Email
TKT003969,CUST05030,2024-11-10,Connectivity,Medium,2,3.0,App
TKT003970,CUST05030,2026-06-08,Technical,High,7,3.0,Phone
TKT003971,CUST05032,2026-03-06,Cancellation,Medium,3,3.0,Phone
TKT003972,CUST05033,2025-05-06,Plan Change,Medium,2,4.0,Phone
TKT003973,CUST05034,2025-06-19,Connectivity,Low,2,5.0,Chat
TKT003974,CUST05037,2025-06-17,Cancellation,Low,5,4.0,Phone
TKT003975,CUST05038,2024-11-10,Billing,Low,5,4.0,App
TKT003976,CUST05040,2025-06-08,Other,Low,2,4.0,Email
TKT003977,CUST05040,2026-05-10,Other,Medium,3,4.0,Chat
TKT003978,CUST05041,2024-02-26,Billing,Medium,4,2.0,Email
TKT003979,CUST05042,2025-11-26,Billing,Low,3,1.0,Phone
TKT003980,CUST05045,2024-08-21,Plan Change,Low,3,3.0,Phone
TKT003981,CUST05046,2024-12-11,Plan Change,Medium,1,4.0,App
TKT003982,CUST05047,2025-05-08,Other,Low,3,5.0,Chat
TKT003983,CUST05049,2025-12-13,Cancellation,Low,8,4.0,App
TKT003984,CUST05049,2026-01-21,Technical,Low,1,4.0,Email
TKT003985,CUST05049,2026-06-05,Plan Change,Medium,11,4.0,Phone
TKT003986,CUST05050,2025-11-01,Technical,Medium,9,4.0,Email
TKT003987,CUST05052,2025-08-03,Billing,Low,6,4.0,Chat
TKT003988,CUST05053,2024-07-18,Technical,Low,2,5.0,Chat
TKT003989,CUST05054,2026-05-17,Cancellation,Medium,4,5.0,Phone
TKT003990,CUST05056,2024-11-15,Cancellation,Low,4,3.0,App
TKT003991,CUST05058,2025-03-12,Technical,Low,3,5.0,App
TKT003992,CUST05064,2025-08-09,Technical,Low,5,4.0,Chat
TKT003993,CUST05065,2025-10-29,Cancellation,High,2,4.0,Chat
TKT003994,CUST05066,2026-05-16,Connectivity,Medium,5,4.0,Chat
TKT003995,CUST05067,2025-12-15,Billing,High,5,3.0,App
TKT003996,CUST05067,2026-03-16,Connectivity,Low,2,5.0,Phone
TKT003997,CUST05067,2026-01-13,Other,Low,10,4.0,Phone
TKT003998,CUST05068,2026-03-18,Technical,Low,9,3.0,Phone
TKT003999,CUST05069,2025-10-19,Plan Change,Medium,4,4.0,Phone
TKT004000,CUST05069,2026-04-16,Plan Change,High,5,2.0,Email
TKT004001,CUST05070,2025-12-28,Plan Change,Medium,4,4.0,Phone
TKT004002,CUST05071,2026-06-07,Technical,High,9,4.0,Phone
TKT004003,CUST05072,2024-10-16,Plan Change,Low,11,5.0,Chat
TKT004004,CUST05074,2026-04-12,Billing,Low,2,3.0,Phone
TKT004005,CUST05075,2026-06-01,Billing,Low,2,3.0,Phone
TKT004006,CUST05075,2026-05-15,Technical,Medium,4,4.0,App
TKT004007,CUST05075,2026-05-18,Other,Medium,1,4.0,Phone
TKT004008,CUST05077,2026-03-18,Billing,Medium,5,5.0,App
TKT004009,CUST05078,2025-08-07,Cancellation,High,5,3.0,App
TKT004010,CUST05078,2024-02-15,Other,High,2,3.0,App
TKT004011,CUST05079,2024-12-10,Connectivity,Low,2,5.0,Phone
TKT004012,CUST05079,2024-12-20,Billing,Low,3,4.0,Email
TKT004013,CUST05082,2026-05-24,Technical,Low,3,3.0,App
TKT004014,CUST05083,2025-08-04,Connectivity,Low,6,4.0,Email
TKT004015,CUST05085,2025-05-21,Connectivity,Low,2,4.0,Email
TKT004016,CUST05086,2026-02-13,Other,Low,3,4.0,Email
TKT004017,CUST05087,2025-12-29,Other,Medium,2,4.0,Phone
TKT004018,CUST05087,2026-01-14,Other,Low,2,3.0,Chat
TKT004019,CUST05090,2025-08-07,Billing,Low,2,3.0,Phone
TKT004020,CUST05091,2026-06-04,Cancellation,Low,3,4.0,Phone
TKT004021,CUST05095,2026-02-25,Connectivity,Low,2,4.0,Phone
TKT004022,CUST05096,2025-05-06,Connectivity,Medium,3,2.0,Email
TKT004023,CUST05097,2025-05-09,Plan Change,Medium,3,5.0,Email
TKT004024,CUST05098,2026-05-03,Connectivity,Medium,13,4.0,Chat
TKT004025,CUST05098,2026-01-09,Connectivity,Medium,7,5.0,Email
TKT004026,CUST05098,2026-03-31,Billing,Low,4,5.0,Chat
TKT004027,CUST05099,2025-02-14,Cancellation,Low,2,3.0,Email
TKT004028,CUST05100,2025-05-18,Plan Change,High,4,2.0,App
TKT004029,CUST05102,2025-10-16,Other,Low,2,3.0,Chat
TKT004030,CUST05102,2025-09-02,Other,Low,5,3.0,Email
TKT004031,CUST05103,2025-04-25,Technical,Medium,1,3.0,Email
TKT004032,CUST05105,2025-03-22,Billing,Low,3,4.0,Email
TKT004033,CUST05105,2024-12-25,Plan Change,Low,1,4.0,Phone
TKT004034,CUST05107,2025-12-30,Billing,Low,2,3.0,Chat
TKT004035,CUST05109,2026-02-16,Connectivity,Medium,1,4.0,Phone
TKT004036,CUST05113,2025-09-24,Technical,High,2,3.0,Phone
TKT004037,CUST05113,2024-12-24,Billing,Medium,4,4.0,Chat
TKT004038,CUST05116,2026-03-15,Billing,Low,5,3.0,Phone
TKT004039,CUST05118,2025-09-20,Billing,Medium,2,4.0,Phone
TKT004040,CUST05119,2026-05-29,Cancellation,Low,3,4.0,App
TKT004041,CUST05120,2025-02-26,Plan Change,Low,4,3.0,Email
TKT004042,CUST05120,2025-08-24,Billing,Medium,2,3.0,Chat
TKT004043,CUST05121,2024-09-25,Connectivity,Medium,3,4.0,App
TKT004044,CUST05122,2025-12-22,Billing,Low,2,4.0,Phone
TKT004045,CUST05122,2026-02-12,Plan Change,Medium,1,4.0,Chat
TKT004046,CUST05124,2026-04-26,Other,Low,6,4.0,App
TKT004047,CUST05124,2025-11-13,Connectivity,Medium,4,4.0,Phone
TKT004048,CUST05125,2026-03-31,Plan Change,Low,3,4.0,Chat
TKT004049,CUST05126,2025-08-24,Plan Change,Medium,2,2.0,Chat
TKT004050,CUST05126,2025-12-11,Plan Change,Low,4,4.0,Phone
TKT004051,CUST05128,2025-03-03,Plan Change,Low,2,4.0,Phone
TKT004052,CUST05129,2025-09-29,Cancellation,Low,2,4.0,Chat
TKT004053,CUST05130,2025-12-04,Cancellation,Medium,3,4.0,App
TKT004054,CUST05131,2026-01-20,Other,Medium,2,4.0,App
TKT004055,CUST05131,2026-02-25,Technical,Low,2,3.0,Email
TKT004056,CUST05139,2026-04-03,Connectivity,Low,4,4.0,Chat
TKT004057,CUST05139,2025-05-15,Other,Low,5,5.0,Email
TKT004058,CUST05139,2026-01-25,Connectivity,Medium,6,4.0,Email
TKT004059,CUST05140,2025-11-03,Plan Change,Low,11,5.0,Chat
TKT004060,CUST05140,2026-05-24,Other,Medium,1,4.0,App
TKT004061,CUST05141,2026-01-24,Technical,Low,1,3.0,App
TKT004062,CUST05141,2025-11-01,Plan Change,High,2,2.0,Email
TKT004063,CUST05142,2025-02-28,Connectivity,Low,2,5.0,App
TKT004064,CUST05145,2026-02-14,Other,Medium,3,4.0,Phone
TKT004065,CUST05148,2025-07-12,Billing,Low,2,3.0,Chat
TKT004066,CUST05148,2025-09-15,Cancellation,High,6,2.0,Email
TKT004067,CUST05150,2025-12-28,Cancellation,Medium,9,4.0,App
TKT004068,CUST05150,2025-09-20,Technical,Low,3,5.0,Chat
TKT004069,CUST05151,2026-06-11,Cancellation,Low,7,4.0,Email
TKT004070,CUST05152,2024-10-14,Cancellation,Low,14,4.0,App
TKT004071,CUST05152,2024-08-16,Technical,Low,4,5.0,Phone
TKT004072,CUST05157,2026-05-05,Billing,Low,2,3.0,Phone
TKT004073,CUST05159,2026-06-10,Billing,Low,3,3.0,Email
TKT004074,CUST05161,2026-05-27,Technical,Low,2,4.0,Phone
TKT004075,CUST05162,2026-03-14,Cancellation,Medium,1,4.0,Chat
TKT004076,CUST05164,2026-03-22,Connectivity,Medium,2,4.0,Chat
TKT004077,CUST05166,2026-06-11,Billing,Medium,12,3.0,Email
TKT004078,CUST05168,2026-02-24,Other,High,2,3.0,App
TKT004079,CUST05171,2026-02-22,Technical,Medium,5,4.0,Phone
TKT004080,CUST05171,2025-06-10,Technical,Low,2,3.0,Email
TKT004081,CUST05172,2026-05-25,Technical,Low,3,4.0,Phone
TKT004082,CUST05172,2026-05-11,Connectivity,Low,10,3.0,Email
TKT004083,CUST05173,2025-10-07,Other,Medium,2,5.0,Phone
TKT004084,CUST05174,2025-07-23,Technical,Medium,2,4.0,Phone
TKT004085,CUST05174,2025-10-23,Connectivity,Low,4,3.0,Phone
TKT004086,CUST05175,2026-04-25,Plan Change,Medium,5,4.0,Chat
TKT004087,CUST05175,2026-03-29,Plan Change,Low,2,3.0,Chat
TKT004088,CUST05178,2026-05-27,Plan Change,Low,3,5.0,App
TKT004089,CUST05181,2025-10-01,Other,Low,10,3.0,Phone
TKT004090,CUST05184,2026-04-18,Cancellation,Low,2,3.0,Phone
TKT004091,CUST05185,2025-12-24,Cancellation,Medium,2,5.0,Email
TKT004092,CUST05188,2024-07-20,Plan Change,Medium,1,5.0,Phone
TKT004093,CUST05188,2024-10-25,Plan Change,High,2,4.0,Email
TKT004094,CUST05189,2026-03-07,Cancellation,Medium,1,5.0,Chat
TKT004095,CUST05190,2025-06-10,Technical,Medium,6,5.0,Phone
TKT004096,CUST05190,2025-06-12,Plan Change,Medium,4,3.0,App
TKT004097,CUST05193,2026-02-08,Technical,Low,5,5.0,Phone
TKT004098,CUST05193,2025-05-29,Plan Change,High,6,2.0,App
TKT004099,CUST05195,2025-02-21,Plan Change,Medium,2,4.0,App
TKT004100,CUST05195,2024-04-18,Billing,Low,7,1.0,Email
TKT004101,CUST05195,2026-01-26,Other,Low,4,4.0,Phone
TKT004102,CUST05195,2025-11-11,Billing,Low,1,4.0,Phone
TKT004103,CUST05196,2025-02-13,Connectivity,Medium,4,4.0,Chat
TKT004104,CUST05196,2025-07-19,Cancellation,Medium,4,4.0,Chat
TKT004105,CUST05196,2025-12-20,Technical,Low,4,3.0,Phone
TKT004106,CUST05203,2025-06-05,Cancellation,Medium,5,3.0,App
TKT004107,CUST05203,2025-12-12,Cancellation,Low,5,3.0,Phone
TKT004108,CUST05203,2026-01-29,Billing,Low,1,3.0,Email
TKT004109,CUST05204,2025-12-16,Technical,Medium,3,5.0,App
TKT004110,CUST05205,2025-04-05,Technical,Low,2,2.0,Email
TKT004111,CUST05207,2025-03-14,Connectivity,Low,10,4.0,App
TKT004112,CUST05207,2025-06-01,Other,Medium,3,4.0,Phone
TKT004113,CUST05207,2025-12-23,Cancellation,Low,7,4.0,Email
TKT004114,CUST05209,2026-04-30,Billing,Low,1,3.0,Email
TKT004115,CUST05210,2025-09-02,Cancellation,Low,4,4.0,App
TKT004116,CUST05210,2025-10-21,Technical,Medium,6,5.0,App
TKT004117,CUST05211,2025-10-29,Cancellation,Medium,2,3.0,App
TKT004118,CUST05211,2025-06-16,Cancellation,Low,5,3.0,Email
TKT004119,CUST05212,2025-12-09,Connectivity,Medium,4,5.0,Chat
TKT004120,CUST05214,2026-06-02,Other,Medium,10,5.0,Phone
TKT004121,CUST05214,2026-05-10,Billing,Low,2,5.0,Phone
TKT004122,CUST05218,2025-09-26,Connectivity,High,3,2.0,Phone
TKT004123,CUST05220,2026-06-21,Connectivity,Medium,2,3.0,Email
TKT004124,CUST05222,2026-06-11,Other,Low,10,4.0,Phone
TKT004125,CUST05222,2026-06-12,Connectivity,Low,4,4.0,App
TKT004126,CUST05225,2026-04-26,Plan Change,High,1,2.0,App
TKT004127,CUST05226,2024-11-25,Connectivity,Medium,3,2.0,Chat
TKT004128,CUST05226,2025-05-26,Connectivity,Medium,5,4.0,Phone
TKT004129,CUST05229,2025-04-28,Connectivity,High,5,3.0,App
TKT004130,CUST05230,2025-11-19,Connectivity,Medium,4,4.0,App
TKT004131,CUST05231,2026-04-23,Connectivity,Low,5,4.0,Email
TKT004132,CUST05234,2026-05-30,Cancellation,Medium,6,5.0,Phone
TKT004133,CUST05236,2026-02-01,Plan Change,Low,5,5.0,Email
TKT004134,CUST05238,2025-09-26,Cancellation,Low,1,5.0,Phone
TKT004135,CUST05240,2025-07-19,Technical,Low,2,4.0,Phone
TKT004136,CUST05241,2026-01-13,Billing,Low,7,4.0,Email
TKT004137,CUST05243,2025-08-01,Other,Medium,6,4.0,Chat
TKT004138,CUST05243,2026-02-08,Other,High,9,1.0,Email
TKT004139,CUST05244,2026-01-15,Technical,Low,3,4.0,Phone
TKT004140,CUST05245,2025-09-30,Plan Change,Low,5,3.0,Phone
TKT004141,CUST05245,2025-12-11,Connectivity,Medium,3,4.0,Email
TKT004142,CUST05245,2026-03-27,Other,Low,5,5.0,Phone
TKT004143,CUST05246,2025-10-16,Connectivity,Low,4,3.0,Phone
TKT004144,CUST05248,2024-08-20,Connectivity,High,2,4.0,App
TKT004145,CUST05249,2026-05-23,Connectivity,High,2,4.0,Email
TKT004146,CUST05251,2025-12-30,Cancellation,Low,2,3.0,App
TKT004147,CUST05251,2026-04-15,Plan Change,Medium,3,5.0,Email
TKT004148,CUST05254,2026-05-05,Plan Change,Low,4,2.0,Chat
TKT004149,CUST05254,2026-03-14,Plan Change,Low,2,4.0,Email
TKT004150,CUST05255,2025-05-19,Plan Change,Low,2,3.0,Chat
TKT004151,CUST05255,2025-11-09,Connectivity,Low,3,4.0,Phone
TKT004152,CUST05256,2026-05-11,Connectivity,Medium,4,3.0,Email
TKT004153,CUST05257,2025-03-18,Plan Change,Low,4,3.0,Phone
TKT004154,CUST05258,2025-11-11,Connectivity,Low,2,3.0,App
TKT004155,CUST05258,2024-04-24,Other,Medium,3,3.0,App
TKT004156,CUST05258,2025-11-11,Plan Change,Low,1,3.0,Chat
TKT004157,CUST05258,2024-11-26,Other,Medium,8,4.0,Phone
TKT004158,CUST05259,2025-04-29,Cancellation,Medium,2,3.0,Phone
TKT004159,CUST05264,2025-01-18,Cancellation,Low,2,5.0,Email
TKT004160,CUST05265,2026-02-28,Plan Change,Medium,2,4.0,Phone
TKT004161,CUST05267,2024-10-20,Other,Low,2,4.0,App
TKT004162,CUST05270,2025-04-09,Plan Change,Low,2,4.0,Chat
TKT004163,CUST05270,2025-10-13,Plan Change,Low,7,3.0,Chat
TKT004164,CUST05272,2026-02-03,Cancellation,High,3,2.0,Email
TKT004165,CUST05273,2025-10-01,Connectivity,Medium,3,3.0,Chat
TKT004166,CUST05273,2025-12-31,Billing,Medium,1,2.0,Email
TKT004167,CUST05273,2025-09-15,Connectivity,Low,3,4.0,App
TKT004168,CUST05273,2025-07-16,Connectivity,Low,3,4.0,Email
TKT004169,CUST05273,2026-01-26,Connectivity,Medium,4,4.0,Email
TKT004170,CUST05276,2026-06-19,Plan Change,Low,8,4.0,Email
TKT004171,CUST05276,2026-02-17,Technical,Medium,4,4.0,Email
TKT004172,CUST05278,2026-04-15,Cancellation,Low,9,5.0,Email
TKT004173,CUST05278,2026-03-15,Other,Low,4,3.0,App
TKT004174,CUST05278,2026-06-08,Technical,Low,2,3.0,Email
TKT004175,CUST05280,2025-12-02,Plan Change,Low,6,4.0,Chat
TKT004176,CUST05281,2025-09-03,Billing,Medium,2,4.0,Email
TKT004177,CUST05284,2026-02-06,Billing,High,3,3.0,Phone
TKT004178,CUST05286,2025-06-19,Billing,Medium,4,5.0,Phone
TKT004179,CUST05286,2024-11-16,Plan Change,High,3,3.0,Chat
TKT004180,CUST05289,2026-02-24,Connectivity,Low,4,5.0,Phone
TKT004181,CUST05290,2026-05-24,Technical,High,2,4.0,Email
TKT004182,CUST05291,2026-06-02,Other,Medium,1,3.0,Phone
TKT004183,CUST05291,2026-05-10,Technical,Low,3,3.0,App
TKT004184,CUST05291,2026-05-11,Other,Low,4,3.0,Chat
TKT004185,CUST05293,2026-01-29,Other,High,3,3.0,Phone
TKT004186,CUST05293,2025-11-06,Technical,Low,4,3.0,Chat
TKT004187,CUST05295,2026-04-09,Other,Low,2,5.0,App
TKT004188,CUST05295,2026-06-12,Connectivity,Medium,3,4.0,Chat
TKT004189,CUST05296,2026-05-24,Connectivity,Medium,1,5.0,Email
TKT004190,CUST05296,2025-09-25,Plan Change,Medium,3,4.0,Phone
TKT004191,CUST05298,2025-03-07,Plan Change,Low,4,5.0,Email
TKT004192,CUST05298,2026-03-10,Cancellation,High,4,4.0,Email
TKT004193,CUST05299,2026-01-28,Connectivity,Medium,3,3.0,Email
TKT004194,CUST05301,2026-04-13,Connectivity,Low,3,,App
TKT004195,CUST05301,2025-10-11,Connectivity,Low,3,4.0,Chat
TKT004196,CUST05301,2025-12-02,Cancellation,Low,2,5.0,App
TKT004197,CUST05301,2026-03-10,Connectivity,Low,2,5.0,App
TKT004198,CUST05302,2025-11-24,Billing,Medium,3,3.0,Email
TKT004199,CUST05303,2026-02-28,Cancellation,Low,2,3.0,Phone
TKT004200,CUST05304,2025-09-27,Cancellation,Medium,4,4.0,App
TKT004201,CUST05308,2025-10-21,Plan Change,Medium,1,4.0,Email
TKT004202,CUST05308,2025-07-22,Cancellation,Medium,3,2.0,Chat
TKT004203,CUST05308,2026-05-12,Technical,Low,5,4.0,Chat
TKT004204,CUST05310,2026-01-08,Connectivity,Medium,2,4.0,Phone
TKT004205,CUST05315,2024-05-10,Connectivity,Low,8,4.0,Phone
TKT004206,CUST05315,2024-04-10,Cancellation,Medium,3,2.0,Phone
TKT004207,CUST05316,2025-05-24,Plan Change,Medium,4,3.0,Email
TKT004208,CUST05322,2025-09-21,Connectivity,Medium,2,4.0,Phone
TKT004209,CUST05323,2025-11-16,Connectivity,Medium,4,3.0,Email
TKT004210,CUST05324,2025-08-10,Technical,Low,1,5.0,App
TKT004211,CUST05324,2026-05-03,Billing,Low,1,3.0,Email
TKT004212,CUST05325,2025-11-22,Technical,Low,4,5.0,App
TKT004213,CUST05325,2026-05-16,Billing,Low,2,4.0,Email
TKT004214,CUST05327,2025-10-24,Cancellation,Medium,4,2.0,Email
TKT004215,CUST05330,2024-08-26,Billing,Low,4,3.0,Email
TKT004216,CUST05331,2025-11-23,Plan Change,Medium,5,4.0,App
TKT004217,CUST05332,2026-03-04,Cancellation,Low,5,3.0,Email
TKT004218,CUST05333,2025-03-29,Cancellation,Medium,3,2.0,App
TKT004219,CUST05334,2025-11-04,Cancellation,Medium,3,5.0,Email
TKT004220,CUST05334,2025-11-11,Technical,Low,4,3.0,Phone
TKT004221,CUST05335,2026-01-05,Technical,Low,3,4.0,Phone
TKT004222,CUST05336,2025-06-30,Connectivity,Low,5,3.0,App
TKT004223,CUST05336,2026-04-07,Connectivity,Medium,4,3.0,Chat
TKT004224,CUST05337,2025-11-21,Technical,High,4,3.0,Phone
TKT004225,CUST05342,2026-06-08,Billing,Low,1,4.0,App
TKT004226,CUST05344,2025-12-05,Plan Change,Low,9,4.0,Email
TKT004227,CUST05346,2026-04-07,Billing,Low,1,4.0,App
TKT004228,CUST05347,2025-10-26,Cancellation,Medium,5,3.0,Email
TKT004229,CUST05348,2026-06-07,Cancellation,Low,3,3.0,Chat
TKT004230,CUST05349,2024-04-16,Connectivity,Low,6,5.0,Phone
TKT004231,CUST05350,2025-10-18,Technical,Medium,4,4.0,Phone
TKT004232,CUST05356,2025-08-07,Cancellation,Medium,7,3.0,Chat
TKT004233,CUST05358,2026-06-21,Technical,Low,4,4.0,Chat
TKT004234,CUST05359,2026-02-09,Billing,Medium,2,3.0,Chat
TKT004235,CUST05359,2026-01-21,Other,Low,3,2.0,Email
TKT004236,CUST05361,2025-07-20,Connectivity,Low,3,2.0,App
TKT004237,CUST05362,2026-06-10,Technical,Low,5,3.0,App
TKT004238,CUST05362,2026-05-17,Plan Change,Low,2,4.0,Chat
TKT004239,CUST05363,2026-01-23,Plan Change,Low,2,4.0,Chat
TKT004240,CUST05363,2025-10-01,Plan Change,Medium,2,4.0,Email
TKT004241,CUST05365,2026-05-31,Plan Change,Low,3,2.0,Phone
TKT004242,CUST05365,2026-05-03,Plan Change,Low,4,3.0,Email
TKT004243,CUST05365,2026-05-12,Connectivity,Medium,4,4.0,App
TKT004244,CUST05366,2025-08-29,Other,Low,1,4.0,Chat
TKT004245,CUST05368,2026-04-27,Other,Medium,2,3.0,App
TKT004246,CUST05368,2025-10-19,Connectivity,Low,2,5.0,App
TKT004247,CUST05370,2025-01-19,Billing,Medium,1,4.0,Chat
TKT004248,CUST05371,2025-05-13,Other,Medium,5,4.0,Email
TKT004249,CUST05371,2025-11-15,Billing,Low,1,,Chat
TKT004250,CUST05372,2026-03-25,Connectivity,Low,6,4.0,Phone
TKT004251,CUST05373,2024-06-08,Technical,Low,6,4.0,Chat
TKT004252,CUST05378,2025-01-18,Plan Change,Low,4,3.0,Email
TKT004253,CUST05378,2026-01-18,Plan Change,Medium,2,3.0,Email
TKT004254,CUST05381,2024-11-12,Cancellation,Medium,2,4.0,Chat
TKT004255,CUST05383,2026-04-24,Plan Change,Low,11,4.0,App
TKT004256,CUST05384,2026-03-18,Plan Change,Low,2,4.0,Phone
TKT004257,CUST05385,2025-12-29,Technical,Medium,2,3.0,Phone
TKT004258,CUST05386,2024-10-02,Billing,Medium,3,2.0,Chat
TKT004259,CUST05387,2026-05-18,Cancellation,Medium,6,5.0,Phone
TKT004260,CUST05387,2026-03-26,Billing,Low,2,3.0,Email
TKT004261,CUST05387,2025-09-25,Cancellation,Medium,2,3.0,Email
TKT004262,CUST05388,2026-02-17,Plan Change,Low,16,3.0,Phone
TKT004263,CUST05389,2025-10-09,Connectivity,Low,3,5.0,Chat
TKT004264,CUST05390,2026-01-06,Cancellation,Low,5,2.0,Email
TKT004265,CUST05391,2026-03-15,Cancellation,Medium,1,4.0,Phone
TKT004266,CUST05391,2026-02-24,Cancellation,Medium,4,3.0,Chat
TKT004267,CUST05392,2024-12-30,Connectivity,High,2,3.0,App
TKT004268,CUST05394,2026-03-20,Billing,Low,3,5.0,Chat
TKT004269,CUST05399,2026-01-08,Billing,Medium,3,5.0,Email
TKT004270,CUST05399,2026-03-29,Technical,Medium,3,5.0,App
TKT004271,CUST05400,2025-11-23,Billing,Low,1,4.0,App
TKT004272,CUST05403,2026-04-13,Other,Low,3,4.0,Phone
TKT004273,CUST05404,2025-03-13,Technical,Low,7,4.0,Phone
TKT004274,CUST05406,2026-06-02,Cancellation,Medium,3,5.0,Phone
TKT004275,CUST05408,2026-06-13,Billing,Medium,5,2.0,Chat
TKT004276,CUST05408,2026-05-15,Plan Change,Low,5,4.0,Email
TKT004277,CUST05410,2024-10-08,Technical,Low,3,4.0,Phone
TKT004278,CUST05410,2024-10-28,Technical,Low,1,4.0,Phone
TKT004279,CUST05411,2026-05-26,Technical,High,7,3.0,Phone
TKT004280,CUST05412,2024-09-29,Billing,Medium,3,4.0,Email
TKT004281,CUST05413,2025-03-07,Other,Medium,9,3.0,Chat
TKT004282,CUST05413,2026-05-01,Connectivity,Low,8,4.0,Email
TKT004283,CUST05414,2026-04-24,Connectivity,Low,1,4.0,App
TKT004284,CUST05415,2026-02-17,Other,Low,6,4.0,Email
TKT004285,CUST05416,2025-08-20,Technical,High,1,2.0,Chat
TKT004286,CUST05419,2025-04-14,Cancellation,Medium,7,3.0,Chat
TKT004287,CUST05419,2025-10-19,Plan Change,Medium,3,5.0,Email
TKT004288,CUST05420,2026-01-26,Cancellation,Low,4,4.0,Phone
TKT004289,CUST05421,2026-05-16,Connectivity,Medium,1,3.0,Phone
TKT004290,CUST05423,2025-08-12,Technical,Low,5,4.0,App
TKT004291,CUST05423,2025-08-12,Technical,Low,4,3.0,Phone
TKT004292,CUST05425,2026-06-16,Connectivity,Low,9,4.0,App
TKT004293,CUST05425,2026-05-15,Other,Medium,8,3.0,Chat
TKT004294,CUST05426,2025-04-06,Other,Medium,5,4.0,Email
TKT004295,CUST05428,2025-05-29,Cancellation,Medium,2,5.0,Email
TKT004296,CUST05429,2025-12-21,Billing,Medium,1,3.0,App
TKT004297,CUST05429,2026-03-27,Connectivity,Low,3,3.0,Phone
TKT004298,CUST05430,2026-01-08,Connectivity,Medium,1,4.0,Email
TKT004299,CUST05430,2025-07-27,Other,High,2,3.0,Chat
TKT004300,CUST05431,2024-05-15,Plan Change,Low,3,3.0,Phone
TKT004301,CUST05432,2025-04-26,Plan Change,High,2,2.0,Email
TKT004302,CUST05434,2026-06-01,Connectivity,Low,5,3.0,Chat
TKT004303,CUST05434,2026-06-01,Plan Change,Medium,2,4.0,Chat
TKT004304,CUST05436,2025-05-08,Plan Change,Low,2,4.0,Chat
TKT004305,CUST05439,2025-08-25,Connectivity,Medium,1,4.0,App
TKT004306,CUST05439,2025-07-29,Other,Medium,1,4.0,App
TKT004307,CUST05442,2026-02-21,Billing,Low,2,4.0,Chat
TKT004308,CUST05444,2025-07-04,Cancellation,Medium,1,4.0,App
TKT004309,CUST05446,2026-01-05,Technical,Medium,4,2.0,Chat
TKT004310,CUST05446,2026-01-28,Connectivity,Low,4,4.0,Email
TKT004311,CUST05447,2026-05-24,Other,Medium,5,3.0,Phone
TKT004312,CUST05449,2025-07-14,Plan Change,Low,2,3.0,Phone
TKT004313,CUST05451,2024-07-31,Other,Low,4,3.0,Chat
TKT004314,CUST05452,2026-03-17,Cancellation,Medium,4,4.0,Email
TKT004315,CUST05458,2025-12-05,Technical,Medium,4,4.0,Phone
TKT004316,CUST05459,2026-02-04,Technical,Medium,6,5.0,Email
TKT004317,CUST05460,2025-12-28,Connectivity,Low,5,4.0,Email
TKT004318,CUST05461,2026-04-14,Plan Change,Medium,1,4.0,Email
TKT004319,CUST05462,2025-12-14,Billing,Low,2,3.0,App
TKT004320,CUST05462,2025-08-02,Plan Change,Low,3,4.0,Phone
TKT004321,CUST05463,2026-02-13,Cancellation,Low,1,3.0,App
TKT004322,CUST05464,2025-11-10,Connectivity,Low,2,5.0,App
TKT004323,CUST05468,2025-09-16,Plan Change,Low,4,3.0,App
TKT004324,CUST05472,2026-04-22,Plan Change,Medium,2,5.0,Email
TKT004325,CUST05473,2025-05-30,Other,Low,3,3.0,Email
TKT004326,CUST05480,2026-05-02,Other,Low,3,5.0,Chat
TKT004327,CUST05480,2025-11-03,Cancellation,Medium,6,3.0,App
TKT004328,CUST05481,2026-06-01,Other,Low,1,3.0,App
TKT004329,CUST05481,2026-04-18,Technical,Low,3,5.0,Chat
TKT004330,CUST05481,2026-02-23,Other,Medium,3,3.0,App
TKT004331,CUST05482,2025-12-22,Plan Change,Low,1,3.0,Chat
TKT004332,CUST05483,2026-01-18,Plan Change,Medium,5,4.0,Chat
TKT004333,CUST05484,2024-12-20,Connectivity,Low,4,4.0,App
TKT004334,CUST05485,2025-08-11,Technical,Low,5,5.0,Chat
TKT004335,CUST05485,2026-05-03,Technical,Medium,4,5.0,Email
TKT004336,CUST05486,2025-08-07,Billing,Medium,7,4.0,App
TKT004337,CUST05487,2025-01-30,Connectivity,Medium,3,5.0,Chat
TKT004338,CUST05489,2025-05-18,Plan Change,Low,3,4.0,Phone
TKT004339,CUST05489,2025-03-15,Technical,High,2,3.0,Email
TKT004340,CUST05492,2026-01-13,Plan Change,Medium,2,3.0,App
TKT004341,CUST05493,2024-12-05,Connectivity,Medium,3,4.0,App
TKT004342,CUST05495,2026-04-12,Other,Medium,4,3.0,App
TKT004343,CUST05495,2026-03-04,Billing,Low,3,4.0,App
TKT004344,CUST05496,2026-06-07,Technical,Medium,2,3.0,Phone
TKT004345,CUST05496,2026-04-22,Connectivity,Low,3,2.0,Phone
TKT004346,CUST05497,2026-01-30,Connectivity,Medium,2,3.0,Email
TKT004347,CUST05501,2025-11-18,Billing,Low,1,4.0,Chat
TKT004348,CUST05502,2025-07-18,Plan Change,Medium,2,5.0,Chat
TKT004349,CUST05502,2024-07-02,Technical,Low,2,5.0,Chat
TKT004350,CUST05503,2024-08-13,Connectivity,Medium,3,5.0,Email
TKT004351,CUST05503,2025-02-24,Technical,High,1,3.0,Chat
TKT004352,CUST05503,2025-03-26,Cancellation,Low,11,3.0,Phone
TKT004353,CUST05505,2024-12-18,Plan Change,Low,3,4.0,Chat
TKT004354,CUST05507,2025-09-16,Plan Change,Low,7,3.0,Phone
TKT004355,CUST05507,2026-01-28,Other,Medium,2,4.0,Phone
TKT004356,CUST05508,2025-07-27,Other,Medium,2,2.0,Chat
TKT004357,CUST05509,2025-07-11,Connectivity,Low,4,4.0,App
TKT004358,CUST05510,2025-05-22,Billing,Low,6,5.0,Phone
TKT004359,CUST05511,2026-01-26,Other,Medium,3,4.0,App
TKT004360,CUST05516,2025-08-22,Plan Change,Low,2,5.0,Email
TKT004361,CUST05516,2025-12-08,Cancellation,Low,2,4.0,Chat
TKT004362,CUST05517,2026-03-07,Other,Medium,2,3.0,Phone
TKT004363,CUST05519,2025-05-27,Other,Low,8,4.0,Chat
TKT004364,CUST05519,2025-02-14,Plan Change,Medium,3,4.0,Chat
TKT004365,CUST05520,2026-05-06,Technical,Medium,2,3.0,Chat
TKT004366,CUST05521,2024-08-07,Other,Low,3,3.0,Chat
TKT004367,CUST05523,2026-01-10,Cancellation,High,4,4.0,Email
TKT004368,CUST05525,2024-08-04,Cancellation,Medium,4,4.0,Chat
TKT004369,CUST05526,2026-05-25,Cancellation,Medium,4,4.0,Email
TKT004370,CUST05527,2026-05-12,Technical,Medium,1,4.0,Email
TKT004371,CUST05527,2026-04-23,Plan Change,Low,4,4.0,Email
TKT004372,CUST05528,2026-04-23,Other,Medium,11,4.0,Phone
TKT004373,CUST05529,2026-05-11,Other,Low,19,3.0,Phone
TKT004374,CUST05530,2025-04-03,Technical,Medium,1,4.0,Email
TKT004375,CUST05534,2025-08-05,Connectivity,Medium,7,2.0,Chat
TKT004376,CUST05535,2026-06-03,Connectivity,Medium,2,4.0,Email
TKT004377,CUST05535,2026-06-10,Billing,Low,1,3.0,Email
TKT004378,CUST05539,2025-01-07,Cancellation,Medium,2,5.0,Phone
TKT004379,CUST05539,2025-02-05,Connectivity,Medium,4,4.0,Phone
TKT004380,CUST05544,2026-04-10,Billing,High,5,2.0,Phone
TKT004381,CUST05544,2026-04-29,Billing,Medium,1,4.0,Chat
TKT004382,CUST05548,2025-08-21,Connectivity,Medium,2,5.0,Phone
TKT004383,CUST05550,2025-08-28,Billing,Low,3,4.0,Chat
TKT004384,CUST05550,2025-11-02,Technical,Medium,4,3.0,Phone
TKT004385,CUST05552,2026-05-22,Connectivity,Low,7,3.0,Phone
TKT004386,CUST05553,2026-02-28,Connectivity,Medium,3,4.0,Email
TKT004387,CUST05554,2025-12-25,Other,Low,3,4.0,Email
TKT004388,CUST05554,2026-01-30,Connectivity,Low,7,4.0,Chat
TKT004389,CUST05555,2026-03-13,Billing,Medium,4,4.0,Email
TKT004390,CUST05556,2026-01-25,Plan Change,Low,2,5.0,Phone
TKT004391,CUST05556,2026-02-12,Technical,Medium,4,3.0,Phone
TKT004392,CUST05560,2026-06-12,Plan Change,Medium,1,3.0,Phone
TKT004393,CUST05560,2025-12-04,Connectivity,Low,3,3.0,Chat
TKT004394,CUST05560,2026-06-09,Connectivity,Low,5,4.0,App
TKT004395,CUST05561,2026-04-16,Technical,Medium,5,4.0,Chat
TKT004396,CUST05562,2026-01-21,Plan Change,High,2,4.0,Email
TKT004397,CUST05562,2025-08-09,Plan Change,Medium,2,4.0,Email
TKT004398,CUST05565,2026-03-11,Technical,Low,2,4.0,Email
TKT004399,CUST05566,2025-10-31,Technical,Medium,8,4.0,App
TKT004400,CUST05567,2024-11-09,Other,High,13,3.0,Email
TKT004401,CUST05567,2025-09-25,Billing,High,5,4.0,App
TKT004402,CUST05569,2024-07-22,Cancellation,High,2,1.0,Email
TKT004403,CUST05571,2025-10-02,Connectivity,Low,3,4.0,Chat
TKT004404,CUST05573,2025-06-05,Connectivity,High,1,2.0,Chat
TKT004405,CUST05575,2024-05-22,Billing,Low,1,4.0,App
TKT004406,CUST05576,2026-05-21,Billing,Low,2,4.0,Phone
TKT004407,CUST05577,2024-10-27,Technical,Low,2,3.0,Phone
TKT004408,CUST05580,2026-04-28,Billing,Low,2,4.0,Chat
TKT004409,CUST05582,2025-09-12,Connectivity,Low,3,3.0,App
TKT004410,CUST05583,2024-08-14,Technical,Medium,4,4.0,Phone
TKT004411,CUST05583,2026-05-14,Cancellation,Medium,4,5.0,Phone
TKT004412,CUST05584,2026-03-07,Billing,Low,8,3.0,Phone
TKT004413,CUST05585,2026-05-14,Plan Change,Low,3,5.0,Phone
TKT004414,CUST05586,2026-03-16,Plan Change,Medium,6,5.0,Email
TKT004415,CUST05591,2025-04-23,Connectivity,Low,2,4.0,Chat
TKT004416,CUST05593,2026-01-07,Connectivity,Medium,6,5.0,Chat
TKT004417,CUST05593,2025-07-31,Technical,Low,3,4.0,App
TKT004418,CUST05593,2026-05-31,Technical,Medium,3,4.0,Phone
TKT004419,CUST05594,2026-05-24,Plan Change,Low,3,4.0,App
TKT004420,CUST05595,2026-05-16,Cancellation,Low,2,5.0,Phone
TKT004421,CUST05596,2025-04-06,Connectivity,High,1,2.0,Email
TKT004422,CUST05598,2026-02-22,Plan Change,Low,7,4.0,Email
TKT004423,CUST05599,2025-10-17,Connectivity,Medium,2,3.0,Chat
TKT004424,CUST05602,2025-11-03,Other,Medium,2,5.0,App
TKT004425,CUST05604,2026-02-19,Technical,Low,2,4.0,App
TKT004426,CUST05605,2025-12-17,Other,Low,1,3.0,Email
TKT004427,CUST05606,2025-06-14,Technical,Low,1,4.0,Email
TKT004428,CUST05607,2026-05-13,Other,High,1,1.0,App
TKT004429,CUST05608,2025-09-13,Billing,Medium,3,4.0,Chat
TKT004430,CUST05608,2026-05-28,Other,Medium,4,4.0,App
TKT004431,CUST05609,2024-06-21,Plan Change,Low,2,4.0,App
TKT004432,CUST05614,2026-05-01,Other,High,3,3.0,Email
TKT004433,CUST05616,2025-02-09,Plan Change,Low,2,3.0,Chat
TKT004434,CUST05617,2026-02-04,Other,Low,5,4.0,Email
TKT004435,CUST05618,2025-11-06,Billing,Medium,3,4.0,Email
TKT004436,CUST05621,2026-02-06,Connectivity,Low,3,5.0,Email
TKT004437,CUST05621,2025-11-21,Technical,Medium,2,4.0,Chat
TKT004438,CUST05622,2026-02-09,Technical,Medium,5,4.0,Chat
TKT004439,CUST05622,2026-02-15,Other,Medium,4,4.0,App
TKT004440,CUST05622,2026-05-12,Billing,Low,3,4.0,Chat
TKT004441,CUST05624,2025-11-23,Plan Change,Low,1,5.0,Chat
TKT004442,CUST05624,2026-03-13,Cancellation,Low,5,4.0,Email
TKT004443,CUST05626,2026-06-22,Connectivity,Medium,9,5.0,Email
TKT004444,CUST05627,2025-10-17,Technical,High,4,3.0,Phone
TKT004445,CUST05627,2025-06-05,Cancellation,High,4,2.0,App
TKT004446,CUST05631,2025-01-20,Connectivity,Medium,2,3.0,Chat
TKT004447,CUST05632,2025-11-22,Cancellation,Low,3,3.0,Chat
TKT004448,CUST05633,2026-05-17,Cancellation,Medium,5,5.0,Email
TKT004449,CUST05633,2026-05-21,Plan Change,Low,2,3.0,Email
TKT004450,CUST05634,2026-03-15,Connectivity,High,4,2.0,Chat
TKT004451,CUST05635,2025-11-13,Technical,High,3,4.0,Phone
TKT004452,CUST05637,2025-11-12,Technical,Medium,3,4.0,Chat
TKT004453,CUST05639,2025-04-26,Billing,Low,6,3.0,App
TKT004454,CUST05640,2026-01-07,Other,Low,2,3.0,Phone
TKT004455,CUST05640,2025-08-28,Connectivity,Low,2,4.0,App
TKT004456,CUST05641,2024-06-02,Billing,Medium,1,5.0,Phone
TKT004457,CUST05641,2025-11-26,Technical,Low,4,4.0,Phone
TKT004458,CUST05643,2026-01-01,Connectivity,High,4,2.0,App
TKT004459,CUST05647,2025-12-05,Cancellation,Low,6,3.0,App
TKT004460,CUST05648,2026-03-17,Technical,Low,1,3.0,Phone
TKT004461,CUST05651,2025-10-08,Technical,Low,4,4.0,Chat
TKT004462,CUST05652,2026-05-24,Billing,High,5,2.0,App
TKT004463,CUST05653,2025-11-28,Billing,Medium,4,4.0,Chat
TKT004464,CUST05654,2025-05-24,Connectivity,Low,7,4.0,Email
TKT004465,CUST05655,2026-01-11,Plan Change,Low,1,3.0,App
TKT004466,CUST05655,2026-01-13,Cancellation,Medium,3,4.0,Chat
TKT004467,CUST05657,2025-10-10,Connectivity,Low,6,4.0,Email
TKT004468,CUST05658,2025-09-06,Plan Change,Low,5,3.0,Phone
TKT004469,CUST05658,2026-02-09,Connectivity,High,3,3.0,Chat
TKT004470,CUST05658,2026-05-18,Billing,Low,2,2.0,App
TKT004471,CUST05660,2025-02-15,Other,Medium,2,5.0,App
TKT004472,CUST05661,2026-06-18,Cancellation,Low,3,3.0,App
TKT004473,CUST05661,2026-06-04,Other,Low,2,5.0,App
TKT004474,CUST05665,2025-05-14,Cancellation,Low,2,4.0,Chat
TKT004475,CUST05666,2024-10-28,Billing,High,5,3.0,App
TKT004476,CUST05666,2025-12-28,Plan Change,Medium,2,5.0,Email
TKT004477,CUST05667,2026-04-24,Billing,Low,1,5.0,Chat
TKT004478,CUST05668,2024-05-21,Cancellation,Low,8,3.0,Email
TKT004479,CUST05668,2025-06-10,Connectivity,Medium,3,5.0,Email
TKT004480,CUST05669,2026-03-29,Connectivity,Low,15,4.0,App
TKT004481,CUST05670,2026-05-16,Billing,Medium,1,5.0,Email
TKT004482,CUST05670,2026-05-12,Cancellation,Medium,6,4.0,Chat
TKT004483,CUST05672,2026-05-01,Billing,Medium,2,4.0,Phone
TKT004484,CUST05672,2026-04-13,Connectivity,Low,5,3.0,Phone
TKT004485,CUST05672,2026-03-25,Other,Low,4,4.0,Chat
TKT004486,CUST05672,2026-03-30,Other,Medium,10,4.0,App
TKT004487,CUST05674,2026-04-23,Plan Change,Low,3,4.0,Email
TKT004488,CUST05675,2026-04-11,Technical,Medium,1,3.0,Email
TKT004489,CUST05677,2025-11-28,Billing,Medium,2,2.0,App
TKT004490,CUST05678,2025-11-25,Technical,Low,1,4.0,App
TKT004491,CUST05679,2025-10-02,Plan Change,Low,2,4.0,Email
TKT004492,CUST05679,2024-12-19,Technical,Low,6,5.0,Phone
TKT004493,CUST05681,2026-05-01,Plan Change,Low,4,2.0,App
TKT004494,CUST05682,2026-06-04,Cancellation,Low,4,4.0,Email
TKT004495,CUST05682,2026-05-06,Technical,Low,6,3.0,Email
TKT004496,CUST05683,2025-10-31,Cancellation,Medium,4,4.0,Phone
TKT004497,CUST05684,2025-11-22,Connectivity,Low,2,5.0,Phone
TKT004498,CUST05685,2026-05-03,Other,Low,2,4.0,App
TKT004499,CUST05687,2026-02-16,Technical,High,2,3.0,Phone
TKT004500,CUST05689,2025-02-23,Cancellation,Low,3,4.0,Phone
TKT004501,CUST05689,2026-02-05,Billing,Low,3,3.0,Chat
TKT004502,CUST05690,2025-09-13,Billing,High,6,3.0,Phone
TKT004503,CUST05691,2026-05-05,Other,Medium,8,3.0,Email
TKT004504,CUST05691,2026-03-21,Cancellation,Low,2,4.0,Chat
TKT004505,CUST05692,2026-02-23,Billing,Low,2,2.0,App
TKT004506,CUST05695,2025-12-04,Other,Medium,6,4.0,Chat
TKT004507,CUST05697,2026-06-04,Other,Low,2,4.0,App
TKT004508,CUST05698,2026-05-07,Cancellation,Low,2,5.0,App
TKT004509,CUST05700,2026-05-07,Plan Change,Low,3,4.0,Phone
TKT004510,CUST05702,2025-04-23,Other,Medium,3,4.0,Phone
TKT004511,CUST05702,2025-02-17,Connectivity,Low,7,3.0,Phone
TKT004512,CUST05702,2025-03-10,Cancellation,Medium,6,4.0,Phone
TKT004513,CUST05703,2025-08-25,Plan Change,Low,7,4.0,App
TKT004514,CUST05703,2025-09-08,Connectivity,High,3,3.0,Phone
TKT004515,CUST05705,2026-04-14,Technical,Medium,2,5.0,Chat
TKT004516,CUST05705,2026-02-21,Technical,Low,2,3.0,App
TKT004517,CUST05708,2026-01-22,Cancellation,Low,5,4.0,Email
TKT004518,CUST05709,2026-03-06,Plan Change,Low,3,3.0,Chat
TKT004519,CUST05710,2026-05-06,Connectivity,High,5,2.0,App
TKT004520,CUST05710,2026-05-26,Other,Low,3,4.0,App
TKT004521,CUST05713,2026-03-17,Billing,Low,2,4.0,Phone
TKT004522,CUST05717,2025-11-11,Technical,Low,1,4.0,App
TKT004523,CUST05717,2025-01-23,Other,Medium,10,4.0,Email
TKT004524,CUST05717,2025-02-16,Technical,Low,1,4.0,App
TKT004525,CUST05721,2025-09-04,Billing,High,8,1.0,Phone
TKT004526,CUST05724,2026-02-14,Other,Low,6,4.0,App
TKT004527,CUST05728,2026-01-04,Connectivity,Medium,1,4.0,Chat
TKT004528,CUST05729,2026-04-15,Cancellation,Low,2,4.0,App
TKT004529,CUST05730,2026-05-05,Technical,Low,2,4.0,Email
TKT004530,CUST05731,2025-05-13,Cancellation,Medium,8,4.0,Email
TKT004531,CUST05733,2026-03-13,Billing,Low,4,3.0,Phone
TKT004532,CUST05735,2026-02-16,Cancellation,Low,4,4.0,Chat
TKT004533,CUST05739,2025-12-31,Cancellation,Low,3,4.0,Phone
TKT004534,CUST05739,2026-02-04,Cancellation,High,2,3.0,Email
TKT004535,CUST05741,2025-10-19,Technical,Low,4,5.0,Email
TKT004536,CUST05743,2025-09-07,Cancellation,Low,10,3.0,Chat
TKT004537,CUST05746,2025-05-15,Other,Low,9,4.0,Email
TKT004538,CUST05749,2025-09-22,Cancellation,Low,3,4.0,Email
TKT004539,CUST05751,2025-12-17,Cancellation,Low,1,4.0,Chat
TKT004540,CUST05752,2026-06-18,Cancellation,Low,5,4.0,App
TKT004541,CUST05752,2026-03-18,Plan Change,Low,10,3.0,Chat
TKT004542,CUST05753,2026-06-14,Billing,Low,5,3.0,Phone
TKT004543,CUST05753,2026-05-15,Cancellation,Low,3,4.0,Chat
TKT004544,CUST05754,2025-12-04,Cancellation,Medium,4,4.0,Chat
TKT004545,CUST05759,2025-06-06,Plan Change,Low,6,4.0,App
TKT004546,CUST05761,2026-02-10,Other,Medium,4,4.0,Chat
TKT004547,CUST05762,2025-12-25,Billing,Low,2,4.0,App
TKT004548,CUST05763,2025-02-17,Billing,Medium,4,3.0,Email
TKT004549,CUST05764,2025-01-24,Billing,Low,2,3.0,App
TKT004550,CUST05768,2026-06-01,Cancellation,Low,3,4.0,Phone
TKT004551,CUST05769,2025-10-06,Billing,Medium,3,3.0,Email
TKT004552,CUST05770,2026-05-28,Other,Low,5,3.0,Phone
TKT004553,CUST05771,2025-07-14,Connectivity,Medium,2,5.0,Phone
TKT004554,CUST05772,2025-10-28,Technical,Medium,2,3.0,Phone
TKT004555,CUST05777,2026-05-17,Plan Change,Medium,1,4.0,Email
TKT004556,CUST05783,2025-11-12,Cancellation,Medium,2,4.0,Chat
TKT004557,CUST05785,2026-01-12,Other,Low,2,5.0,App
TKT004558,CUST05785,2026-01-17,Other,High,3,2.0,Phone
TKT004559,CUST05789,2026-01-31,Connectivity,Medium,3,3.0,Email
TKT004560,CUST05791,2025-12-01,Billing,Low,2,4.0,Email
TKT004561,CUST05791,2025-01-09,Connectivity,Medium,4,3.0,Email
TKT004562,CUST05791,2025-03-18,Other,Medium,7,4.0,App
TKT004563,CUST05791,2024-03-15,Technical,Low,8,3.0,Email
TKT004564,CUST05794,2025-12-25,Cancellation,High,4,3.0,Chat
TKT004565,CUST05794,2026-03-05,Technical,High,5,3.0,Phone
TKT004566,CUST05794,2025-12-30,Plan Change,Medium,4,3.0,App
TKT004567,CUST05796,2026-02-03,Technical,Medium,15,3.0,Email
TKT004568,CUST05797,2025-03-26,Other,High,2,3.0,App
TKT004569,CUST05798,2026-02-06,Other,Medium,6,5.0,Phone
TKT004570,CUST05798,2025-09-24,Billing,High,4,3.0,Email
TKT004571,CUST05798,2026-05-04,Technical,High,4,3.0,Chat
TKT004572,CUST05799,2025-11-15,Plan Change,Low,4,3.0,Email
TKT004573,CUST05801,2026-06-17,Cancellation,Low,2,5.0,Chat
TKT004574,CUST05803,2025-06-01,Plan Change,Low,3,4.0,App
TKT004575,CUST05805,2025-07-28,Cancellation,Medium,1,3.0,Chat
TKT004576,CUST05805,2024-10-05,Billing,Low,3,4.0,Email
TKT004577,CUST05805,2025-04-28,Technical,High,1,2.0,App
TKT004578,CUST05805,2025-06-10,Connectivity,High,6,3.0,App
TKT004579,CUST05805,2025-05-27,Cancellation,High,3,3.0,Chat
TKT004580,CUST05805,2025-07-23,Connectivity,Low,3,3.0,Email
TKT004581,CUST05806,2025-04-25,Other,Medium,1,4.0,App
TKT004582,CUST05807,2025-04-24,Billing,Medium,4,4.0,Phone
TKT004583,CUST05808,2026-03-21,Plan Change,Low,2,2.0,App
TKT004584,CUST05809,2025-04-11,Connectivity,Low,4,4.0,App
TKT004585,CUST05814,2025-08-28,Technical,Low,3,3.0,App
TKT004586,CUST05815,2025-10-04,Plan Change,Low,3,3.0,Phone
TKT004587,CUST05816,2026-04-28,Technical,High,4,1.0,Phone
TKT004588,CUST05817,2025-12-25,Billing,Medium,3,3.0,Chat
TKT004589,CUST05819,2024-09-11,Cancellation,Low,3,3.0,Phone
TKT004590,CUST05827,2025-05-21,Technical,Low,4,5.0,Phone
TKT004591,CUST05827,2026-04-01,Technical,Low,2,4.0,Phone
TKT004592,CUST05828,2025-10-16,Connectivity,High,1,3.0,Phone
TKT004593,CUST05829,2026-04-11,Plan Change,Low,10,5.0,App
TKT004594,CUST05829,2026-04-21,Plan Change,Medium,2,3.0,Phone
TKT004595,CUST05829,2026-06-02,Other,Low,3,4.0,Chat
TKT004596,CUST05829,2026-06-23,Billing,Medium,8,4.0,Chat
TKT004597,CUST05831,2026-01-09,Plan Change,Medium,7,4.0,Chat
TKT004598,CUST05832,2026-05-06,Plan Change,Low,2,3.0,Chat
TKT004599,CUST05833,2025-07-21,Billing,Medium,1,2.0,App
TKT004600,CUST05833,2025-09-05,Technical,Medium,4,4.0,Phone
TKT004601,CUST05835,2026-06-08,Cancellation,Low,4,4.0,Phone
TKT004602,CUST05838,2025-08-03,Other,Low,2,2.0,Email
TKT004603,CUST05839,2026-05-02,Plan Change,Low,2,4.0,Phone
TKT004604,CUST05841,2026-02-21,Cancellation,High,3,2.0,Email
TKT004605,CUST05841,2025-02-11,Plan Change,Low,3,5.0,Chat
TKT004606,CUST05843,2026-05-13,Plan Change,Low,2,4.0,Email
TKT004607,CUST05845,2026-06-12,Billing,Low,3,4.0,Phone
TKT004608,CUST05850,2026-01-31,Plan Change,High,8,3.0,Phone
TKT004609,CUST05850,2026-03-07,Technical,Low,12,3.0,Email
TKT004610,CUST05851,2025-08-10,Billing,Medium,2,4.0,Phone
TKT004611,CUST05856,2026-05-20,Cancellation,Low,3,4.0,Chat
TKT004612,CUST05856,2025-05-13,Cancellation,Medium,3,3.0,App
TKT004613,CUST05857,2026-06-15,Plan Change,Low,8,4.0,Chat
TKT004614,CUST05857,2026-06-12,Other,Low,3,4.0,App
TKT004615,CUST05862,2025-09-29,Billing,Low,5,4.0,Chat
TKT004616,CUST05863,2026-02-13,Billing,Medium,2,3.0,Phone
TKT004617,CUST05864,2026-01-30,Billing,Medium,7,2.0,Phone
TKT004618,CUST05865,2024-08-12,Plan Change,Medium,3,5.0,Email
TKT004619,CUST05866,2024-12-02,Plan Change,High,3,2.0,App
TKT004620,CUST05871,2026-01-26,Billing,Medium,8,4.0,App
TKT004621,CUST05872,2026-06-02,Plan Change,Medium,3,4.0,Email
TKT004622,CUST05873,2025-09-08,Other,Low,3,3.0,Phone
TKT004623,CUST05875,2025-06-08,Technical,Low,3,4.0,Chat
TKT004624,CUST05877,2025-11-27,Connectivity,Low,2,4.0,Phone
TKT004625,CUST05881,2026-03-08,Technical,Medium,9,5.0,Email
TKT004626,CUST05882,2026-05-17,Plan Change,Low,8,4.0,Chat
TKT004627,CUST05882,2026-02-08,Plan Change,Medium,4,5.0,Chat
TKT004628,CUST05883,2025-12-15,Other,Low,1,4.0,Email
TKT004629,CUST05883,2026-01-07,Plan Change,Medium,1,3.0,App
TKT004630,CUST05885,2026-05-19,Billing,Medium,9,4.0,App
TKT004631,CUST05887,2026-01-17,Billing,Medium,5,3.0,App
TKT004632,CUST05887,2026-04-27,Cancellation,Low,5,5.0,Phone
TKT004633,CUST05888,2026-03-10,Plan Change,Medium,2,3.0,Email
TKT004634,CUST05891,2025-05-26,Cancellation,Low,3,4.0,Chat
TKT004635,CUST05894,2026-05-19,Connectivity,Low,2,3.0,App
TKT004636,CUST05895,2026-04-07,Plan Change,High,6,4.0,Email
TKT004637,CUST05897,2025-12-02,Billing,Low,5,4.0,Email
TKT004638,CUST05898,2025-12-29,Connectivity,Low,2,3.0,App
TKT004639,CUST05898,2025-07-28,Other,Medium,4,3.0,App
TKT004640,CUST05899,2025-01-22,Technical,Low,6,4.0,Phone
TKT004641,CUST05899,2024-04-17,Plan Change,Medium,5,3.0,Email
TKT004642,CUST05900,2026-06-18,Connectivity,Low,3,3.0,Phone
TKT004643,CUST05900,2026-01-02,Plan Change,High,6,2.0,Phone
TKT004644,CUST05901,2025-12-22,Plan Change,Low,1,3.0,Phone
TKT004645,CUST05902,2025-02-28,Plan Change,Low,3,3.0,Chat
TKT004646,CUST05902,2026-03-15,Billing,Low,2,4.0,App
TKT004647,CUST05903,2025-02-01,Billing,Medium,12,3.0,App
TKT004648,CUST05904,2024-08-29,Technical,Low,2,5.0,Phone
TKT004649,CUST05904,2024-06-29,Cancellation,Low,6,5.0,Email
TKT004650,CUST05908,2025-03-02,Connectivity,Low,6,2.0,Email
TKT004651,CUST05908,2025-03-26,Plan Change,Medium,3,5.0,Phone
TKT004652,CUST05910,2025-02-04,Cancellation,Medium,3,3.0,Phone
TKT004653,CUST05911,2025-06-22,Billing,Low,4,5.0,App
TKT004654,CUST05912,2026-04-05,Connectivity,Medium,3,4.0,Phone
TKT004655,CUST05913,2024-07-05,Other,Medium,4,4.0,Chat
TKT004656,CUST05914,2026-01-10,Plan Change,Low,4,4.0,Phone
TKT004657,CUST05916,2025-03-23,Other,Medium,3,4.0,Phone
TKT004658,CUST05916,2025-01-15,Connectivity,Low,2,5.0,Chat
TKT004659,CUST05917,2025-12-27,Plan Change,Low,2,3.0,Phone
TKT004660,CUST05919,2025-05-02,Technical,Low,1,4.0,App
TKT004661,CUST05920,2025-04-10,Cancellation,Low,4,4.0,Email
TKT004662,CUST05923,2025-02-09,Technical,Low,8,4.0,Chat
TKT004663,CUST05923,2025-02-14,Connectivity,Low,2,4.0,Phone
TKT004664,CUST05925,2026-05-11,Plan Change,Low,1,3.0,Chat
TKT004665,CUST05925,2026-05-08,Billing,Low,2,3.0,Chat
TKT004666,CUST05926,2024-09-18,Cancellation,Low,1,5.0,Chat
TKT004667,CUST05926,2025-10-19,Other,Medium,1,4.0,Email
TKT004668,CUST05926,2026-05-04,Technical,Low,1,3.0,App
TKT004669,CUST05927,2026-01-23,Plan Change,High,2,3.0,Phone
TKT004670,CUST05930,2026-06-15,Other,Low,2,4.0,Email
TKT004671,CUST05931,2026-02-16,Other,High,2,3.0,App
TKT004672,CUST05931,2025-05-31,Connectivity,Medium,2,3.0,Phone
TKT004673,CUST05934,2026-05-11,Cancellation,Low,2,3.0,App
TKT004674,CUST05935,2026-04-26,Plan Change,Low,5,5.0,Email
TKT004675,CUST05935,2025-03-05,Other,Low,1,4.0,Email
TKT004676,CUST05936,2025-01-27,Billing,Medium,3,4.0,Phone
TKT004677,CUST05938,2025-09-30,Other,Low,1,4.0,Chat
TKT004678,CUST05938,2026-01-21,Billing,Low,3,2.0,Email
TKT004679,CUST05942,2025-11-09,Technical,High,5,3.0,Email
TKT004680,CUST05942,2025-03-26,Plan Change,Low,2,3.0,App
TKT004681,CUST05943,2025-04-02,Billing,Low,3,4.0,Email
TKT004682,CUST05943,2026-04-20,Plan Change,Low,7,3.0,App
TKT004683,CUST05944,2025-05-07,Billing,Medium,6,2.0,App
TKT004684,CUST05944,2024-07-23,Cancellation,High,5,4.0,Email
TKT004685,CUST05946,2026-06-18,Other,Low,3,4.0,Chat
TKT004686,CUST05946,2026-05-01,Other,High,1,2.0,Phone
TKT004687,CUST05948,2026-01-08,Technical,Low,4,4.0,Email
TKT004688,CUST05949,2026-01-10,Technical,High,1,3.0,Email
TKT004689,CUST05950,2026-01-30,Technical,Low,4,4.0,Email
TKT004690,CUST05952,2025-04-19,Other,Low,1,3.0,Chat
TKT004691,CUST05953,2026-04-21,Technical,Low,5,4.0,Phone
TKT004692,CUST05954,2026-01-20,Plan Change,Low,6,4.0,Chat
TKT004693,CUST05958,2025-09-28,Plan Change,Low,2,5.0,Chat
TKT004694,CUST05960,2025-04-23,Billing,Low,3,3.0,Chat
TKT004695,CUST05961,2025-08-17,Plan Change,Medium,7,3.0,Email
TKT004696,CUST05961,2026-04-16,Plan Change,Low,9,4.0,Email
TKT004697,CUST05962,2026-02-12,Other,Medium,1,3.0,App
TKT004698,CUST05964,2026-02-10,Cancellation,Low,3,3.0,Phone
TKT004699,CUST05965,2026-06-17,Plan Change,Low,2,4.0,App
TKT004700,CUST05967,2025-09-07,Other,Low,4,5.0,Email
TKT004701,CUST05967,2026-02-02,Cancellation,Medium,3,4.0,Phone
TKT004702,CUST05968,2026-05-21,Plan Change,Medium,1,4.0,App
TKT004703,CUST05968,2026-01-30,Other,Medium,1,3.0,Email
TKT004704,CUST05975,2026-06-07,Plan Change,Medium,2,4.0,Phone
TKT004705,CUST05978,2026-04-08,Billing,High,3,4.0,Phone
TKT004706,CUST05978,2026-05-14,Billing,Low,1,3.0,App
TKT004707,CUST05978,2025-10-31,Plan Change,Medium,3,4.0,App
TKT004708,CUST05979,2025-09-12,Cancellation,Low,5,5.0,Chat
TKT004709,CUST05981,2025-11-18,Connectivity,Low,9,2.0,Chat
TKT004710,CUST05982,2025-11-26,Connectivity,Medium,3,5.0,Phone
TKT004711,CUST05984,2026-04-24,Plan Change,Low,4,4.0,Chat
TKT004712,CUST05984,2024-11-23,Plan Change,Low,3,4.0,App
TKT004713,CUST05986,2026-01-25,Connectivity,Medium,5,5.0,Email
TKT004714,CUST05987,2026-02-03,Other,Medium,3,3.0,Chat
TKT004715,CUST05988,2024-08-22,Other,Low,1,5.0,Email
TKT004716,CUST05989,2025-07-01,Technical,Medium,3,4.0,Chat
TKT004717,CUST05990,2026-02-01,Connectivity,Low,1,3.0,Phone
TKT004718,CUST05991,2024-11-13,Technical,Low,2,2.0,Phone
TKT004719,CUST05993,2024-08-16,Other,Low,6,3.0,Chat
TKT004720,CUST05994,2026-03-22,Other,Low,3,4.0,Phone
TKT004721,CUST05994,2026-06-27,Cancellation,High,4,3.0,Phone
TKT004722,CUST05995,2025-12-29,Cancellation,Medium,2,5.0,Chat
TKT004723,CUST05996,2026-05-05,Technical,Low,3,3.0,App
TKT004724,CUST05997,2025-11-28,Other,Low,2,3.0,Phone
TKT004725,CUST05997,2025-03-11,Billing,Medium,1,2.0,Chat
TKT004726,CUST05998,2024-11-29,Billing,Medium,2,3.0,Chat
TKT004727,CUST05999,2026-02-15,Plan Change,Low,1,3.0,Phone
TKT004728,CUST06000,2024-11-17,Connectivity,Medium,2,4.0,App
TKT004729,CUST06001,2026-01-09,Billing,Low,2,4.0,Phone
TKT004730,CUST06003,2026-05-22,Other,Medium,12,4.0,Phone
TKT004731,CUST06003,2026-05-22,Billing,Medium,1,3.0,Chat
TKT004732,CUST06006,2026-06-02,Other,Low,2,4.0,Phone
TKT004733,CUST06006,2025-07-30,Connectivity,Low,2,4.0,Email
TKT004734,CUST06011,2026-02-06,Cancellation,Medium,4,3.0,Chat
TKT004735,CUST06013,2026-05-05,Billing,Low,2,5.0,Email
TKT004736,CUST06015,2025-09-15,Connectivity,Medium,5,3.0,Chat
TKT004737,CUST06015,2026-05-19,Billing,Medium,9,3.0,Email
TKT004738,CUST06016,2026-04-25,Billing,Medium,2,3.0,Phone
TKT004739,CUST06016,2026-02-03,Technical,Low,3,4.0,Chat
TKT004740,CUST06018,2026-02-04,Plan Change,Medium,5,4.0,Phone
TKT004741,CUST06019,2026-04-29,Billing,Medium,2,4.0,App
TKT004742,CUST06020,2024-12-01,Technical,Medium,5,4.0,Email
TKT004743,CUST06021,2025-02-26,Billing,Low,4,5.0,Phone
TKT004744,CUST06021,2025-12-10,Plan Change,High,2,3.0,Chat
TKT004745,CUST06023,2026-01-02,Connectivity,Medium,5,4.0,Phone
TKT004746,CUST06024,2025-07-27,Cancellation,Low,7,4.0,Email
TKT004747,CUST06025,2025-02-28,Technical,Medium,2,5.0,App
TKT004748,CUST06025,2025-10-23,Cancellation,Low,2,5.0,Chat
TKT004749,CUST06026,2026-03-13,Cancellation,Low,4,4.0,Email
TKT004750,CUST06026,2025-02-14,Connectivity,Low,6,1.0,Phone
TKT004751,CUST06027,2025-01-24,Billing,Medium,4,2.0,App
TKT004752,CUST06029,2026-01-12,Technical,Medium,3,2.0,Phone
TKT004753,CUST06029,2025-04-18,Other,Low,6,3.0,Phone
TKT004754,CUST06030,2024-07-17,Plan Change,Low,4,3.0,Email
TKT004755,CUST06031,2026-05-10,Connectivity,Low,3,4.0,App
TKT004756,CUST06033,2025-12-10,Plan Change,Low,5,5.0,App
TKT004757,CUST06034,2026-06-02,Plan Change,Medium,1,3.0,Chat
TKT004758,CUST06041,2025-09-23,Technical,Low,5,3.0,Chat
TKT004759,CUST06043,2026-05-13,Connectivity,Low,3,2.0,Phone
TKT004760,CUST06045,2026-05-21,Billing,Medium,4,4.0,Email
TKT004761,CUST06046,2026-05-14,Technical,Low,3,3.0,App
TKT004762,CUST06047,2026-06-17,Other,Medium,10,2.0,Email
TKT004763,CUST06048,2024-09-18,Technical,High,1,3.0,Chat
TKT004764,CUST06052,2025-08-20,Cancellation,Low,2,5.0,App
TKT004765,CUST06054,2025-12-02,Plan Change,Low,4,4.0,Chat
TKT004766,CUST06054,2026-01-03,Technical,Medium,5,4.0,Email
TKT004767,CUST06056,2024-11-16,Plan Change,Low,8,3.0,Chat
TKT004768,CUST06060,2025-08-21,Plan Change,Low,4,4.0,App
TKT004769,CUST06060,2026-01-16,Connectivity,Low,1,5.0,Email
TKT004770,CUST06061,2025-12-11,Plan Change,Low,1,5.0,App
TKT004771,CUST06063,2026-03-14,Technical,Low,5,3.0,Chat
TKT004772,CUST06065,2026-04-24,Other,Low,3,4.0,Chat
TKT004773,CUST06066,2026-04-25,Technical,Low,5,4.0,Chat
TKT004774,CUST06066,2025-08-08,Technical,Medium,1,5.0,App
TKT004775,CUST06067,2026-03-04,Plan Change,Low,3,3.0,Chat
TKT004776,CUST06068,2026-04-24,Technical,Medium,1,3.0,Chat
TKT004777,CUST06068,2024-07-22,Technical,Low,2,4.0,App
TKT004778,CUST06068,2024-08-02,Billing,Medium,2,4.0,Email
TKT004779,CUST06068,2025-03-11,Technical,Low,5,4.0,Chat
TKT004780,CUST06070,2024-10-18,Other,Low,1,4.0,Email
TKT004781,CUST06070,2025-09-08,Technical,Low,16,4.0,Phone
TKT004782,CUST06070,2025-08-16,Other,Medium,2,3.0,Email
TKT004783,CUST06072,2025-10-13,Billing,Low,3,3.0,Phone
TKT004784,CUST06074,2026-02-14,Connectivity,High,1,3.0,Chat
TKT004785,CUST06074,2025-12-19,Cancellation,Medium,3,4.0,App
TKT004786,CUST06077,2026-01-16,Technical,Low,2,3.0,Chat
TKT004787,CUST06079,2024-11-17,Connectivity,Low,1,4.0,App
TKT004788,CUST06080,2026-04-20,Cancellation,Low,5,4.0,Chat
TKT004789,CUST06080,2026-06-07,Other,Medium,4,4.0,Email
TKT004790,CUST06083,2024-12-17,Plan Change,Low,3,4.0,Chat
TKT004791,CUST06083,2025-10-27,Cancellation,High,3,3.0,Phone
TKT004792,CUST06083,2024-11-13,Technical,Low,5,3.0,Email
TKT004793,CUST06084,2025-12-11,Billing,Low,3,2.0,Email
TKT004794,CUST06085,2024-04-15,Cancellation,Low,6,5.0,Phone
TKT004795,CUST06085,2025-05-30,Technical,Medium,3,5.0,Phone
TKT004796,CUST06087,2024-11-03,Technical,Low,2,4.0,Email
TKT004797,CUST06088,2025-05-13,Technical,Medium,3,4.0,Phone
TKT004798,CUST06090,2026-06-18,Plan Change,Low,2,4.0,Chat
TKT004799,CUST06092,2025-09-27,Billing,Low,1,5.0,Chat
TKT004800,CUST06094,2026-05-24,Technical,Low,5,4.0,Chat
TKT004801,CUST06094,2026-01-13,Connectivity,Low,5,4.0,Email
TKT004802,CUST06094,2025-07-03,Plan Change,Low,3,4.0,Chat
TKT004803,CUST06096,2026-03-19,Technical,Medium,8,3.0,Email
TKT004804,CUST06097,2026-06-10,Technical,Low,1,5.0,Phone
TKT004805,CUST06097,2026-06-20,Plan Change,Medium,3,4.0,Phone
TKT004806,CUST06098,2025-07-23,Billing,Low,6,5.0,Email
TKT004807,CUST06100,2025-09-16,Cancellation,Medium,5,4.0,Phone
TKT004808,CUST06101,2025-10-25,Other,Low,3,4.0,App
TKT004809,CUST06103,2026-01-31,Technical,Low,3,4.0,App
TKT004810,CUST06103,2025-10-22,Cancellation,High,3,3.0,Phone
TKT004811,CUST06104,2025-09-17,Technical,Medium,5,4.0,Email
TKT004812,CUST06106,2025-07-28,Other,Low,4,3.0,Chat
TKT004813,CUST06111,2025-12-20,Technical,Medium,8,4.0,App
TKT004814,CUST06112,2025-09-24,Billing,Medium,6,5.0,App
TKT004815,CUST06115,2024-05-05,Billing,Low,7,4.0,Phone
TKT004816,CUST06116,2026-05-21,Billing,Medium,1,4.0,Chat
TKT004817,CUST06116,2026-05-05,Billing,High,1,4.0,Email
TKT004818,CUST06116,2026-04-20,Billing,Low,2,3.0,Phone
TKT004819,CUST06117,2025-06-20,Technical,Low,12,4.0,App
TKT004820,CUST06117,2025-05-08,Billing,Low,4,4.0,Phone
TKT004821,CUST06120,2025-07-22,Technical,Medium,3,4.0,Email
TKT004822,CUST06121,2026-05-16,Connectivity,Low,4,4.0,Phone
TKT004823,CUST06122,2026-05-09,Plan Change,Low,3,5.0,Email
TKT004824,CUST06123,2026-04-30,Other,Low,6,4.0,Phone
TKT004825,CUST06125,2025-11-02,Plan Change,High,1,2.0,Email
TKT004826,CUST06126,2025-07-05,Cancellation,Low,5,3.0,Phone
TKT004827,CUST06127,2025-10-17,Plan Change,Medium,6,3.0,Chat
TKT004828,CUST06128,2026-01-28,Cancellation,Low,2,3.0,Phone
TKT004829,CUST06128,2025-03-09,Technical,Low,2,4.0,Email
TKT004830,CUST06131,2026-02-09,Other,Low,10,4.0,Chat
TKT004831,CUST06132,2025-09-16,Plan Change,High,4,2.0,Phone
TKT004832,CUST06133,2026-03-13,Cancellation,Medium,3,2.0,App
TKT004833,CUST06134,2025-11-19,Plan Change,Low,5,3.0,Chat
TKT004834,CUST06135,2025-02-02,Cancellation,Medium,3,4.0,Chat
TKT004835,CUST06136,2026-03-13,Plan Change,High,4,3.0,App
TKT004836,CUST06136,2026-01-24,Other,Medium,8,4.0,Email
TKT004837,CUST06137,2025-08-30,Other,Medium,4,4.0,App
TKT004838,CUST06141,2025-12-15,Cancellation,Low,2,5.0,Chat
TKT004839,CUST06141,2026-01-25,Connectivity,Medium,5,2.0,Phone
TKT004840,CUST06141,2025-07-27,Plan Change,Low,2,4.0,Phone
TKT004841,CUST06142,2026-04-12,Billing,Medium,4,4.0,App
TKT004842,CUST06146,2026-02-09,Connectivity,Medium,9,4.0,App
TKT004843,CUST06146,2025-10-25,Other,Low,1,4.0,Chat
TKT004844,CUST06147,2024-08-25,Connectivity,Low,2,5.0,Email
TKT004845,CUST06148,2026-04-19,Plan Change,High,2,2.0,App
TKT004846,CUST06152,2026-05-22,Plan Change,Low,4,4.0,Phone
TKT004847,CUST06152,2026-06-13,Plan Change,Medium,6,4.0,App
TKT004848,CUST06154,2026-03-02,Connectivity,Medium,2,3.0,Chat
TKT004849,CUST06155,2026-02-08,Connectivity,Medium,1,4.0,Chat
TKT004850,CUST06156,2026-03-31,Other,Low,3,5.0,Email
TKT004851,CUST06156,2025-10-25,Billing,Low,1,5.0,App
TKT004852,CUST06157,2026-02-23,Cancellation,Low,4,3.0,Chat
TKT004853,CUST06159,2025-05-31,Plan Change,Medium,2,5.0,Phone
TKT004854,CUST06163,2025-09-06,Connectivity,High,5,3.0,Email
TKT004855,CUST06163,2025-05-31,Plan Change,Low,2,5.0,Email
TKT004856,CUST06165,2026-03-21,Billing,Low,4,4.0,Email
TKT004857,CUST06165,2026-04-10,Other,Low,7,3.0,Email
TKT004858,CUST06167,2025-09-16,Other,High,3,2.0,Chat
TKT004859,CUST06168,2024-11-18,Cancellation,Low,4,4.0,Phone
TKT004860,CUST06168,2025-10-12,Other,Low,2,5.0,App
TKT004861,CUST06170,2025-04-21,Billing,Low,2,5.0,Chat
TKT004862,CUST06171,2025-10-23,Other,Low,2,5.0,Chat
TKT004863,CUST06172,2025-07-31,Connectivity,Medium,4,4.0,Phone
TKT004864,CUST06172,2025-10-26,Billing,Low,3,2.0,Phone
TKT004865,CUST06172,2026-04-06,Plan Change,Low,4,2.0,Phone
TKT004866,CUST06175,2026-05-27,Connectivity,Medium,6,5.0,Chat
TKT004867,CUST06180,2025-06-29,Other,Low,4,3.0,Email
TKT004868,CUST06181,2025-07-02,Billing,Medium,4,3.0,App
TKT004869,CUST06188,2025-04-07,Cancellation,Medium,2,4.0,Email
TKT004870,CUST06190,2024-11-17,Billing,Medium,5,4.0,App
TKT004871,CUST06193,2025-10-05,Billing,Medium,2,3.0,Chat
TKT004872,CUST06194,2026-02-16,Plan Change,Low,5,5.0,Email
TKT004873,CUST06198,2026-01-09,Connectivity,Medium,7,2.0,Chat
TKT004874,CUST06198,2026-05-14,Other,Medium,1,5.0,Chat
TKT004875,CUST06200,2025-10-30,Technical,Medium,2,4.0,Email
TKT004876,CUST06201,2026-05-09,Billing,Low,2,4.0,App
TKT004877,CUST06203,2024-10-02,Billing,Medium,2,3.0,App
TKT004878,CUST06204,2025-03-25,Cancellation,Low,2,2.0,App
TKT004879,CUST06204,2026-04-29,Cancellation,Low,3,4.0,Chat
TKT004880,CUST06204,2025-02-01,Other,Low,4,5.0,Chat
TKT004881,CUST06205,2026-03-02,Connectivity,Low,4,5.0,App
TKT004882,CUST06206,2025-02-10,Technical,Low,7,5.0,Phone
TKT004883,CUST06207,2025-12-25,Billing,Medium,4,4.0,App
TKT004884,CUST06208,2025-01-31,Connectivity,Low,4,5.0,App
TKT004885,CUST06208,2025-01-30,Connectivity,Low,2,4.0,Email
TKT004886,CUST06216,2025-11-07,Plan Change,Low,5,1.0,Chat
TKT004887,CUST06217,2025-09-26,Cancellation,Medium,1,5.0,Phone
TKT004888,CUST06217,2026-04-21,Connectivity,Medium,9,4.0,Email
TKT004889,CUST06218,2025-11-09,Plan Change,Low,2,4.0,Email
TKT004890,CUST06220,2026-02-16,Billing,High,4,2.0,Chat
TKT004891,CUST06220,2025-06-04,Other,High,4,3.0,Chat
TKT004892,CUST06221,2024-11-09,Other,Low,2,2.0,Email
TKT004893,CUST06222,2026-03-08,Billing,Medium,3,4.0,Chat
TKT004894,CUST06225,2026-05-21,Plan Change,Low,1,5.0,Phone
TKT004895,CUST06227,2025-01-18,Plan Change,High,1,3.0,Chat
TKT004896,CUST06229,2026-01-20,Billing,Low,10,4.0,Chat
TKT004897,CUST06229,2026-02-23,Connectivity,Low,8,4.0,Email
TKT004898,CUST06230,2024-12-19,Billing,Low,12,4.0,Phone
TKT004899,CUST06232,2026-02-19,Other,Medium,1,3.0,Email
TKT004900,CUST06238,2026-04-03,Other,Medium,3,5.0,Chat
TKT004901,CUST06238,2026-02-25,Technical,Low,5,4.0,Phone
TKT004902,CUST06238,2026-02-15,Cancellation,High,4,3.0,Email
TKT004903,CUST06241,2025-03-27,Other,Medium,4,4.0,Chat
TKT004904,CUST06244,2025-03-30,Technical,High,1,3.0,Email
TKT004905,CUST06245,2026-06-08,Plan Change,Low,11,3.0,Chat
TKT004906,CUST06246,2026-03-09,Cancellation,Medium,6,,Phone
TKT004907,CUST06246,2026-03-19,Other,Low,2,5.0,Phone
TKT004908,CUST06246,2026-05-16,Billing,High,6,2.0,Chat
TKT004909,CUST06248,2026-02-06,Other,Low,3,2.0,App
TKT004910,CUST06250,2026-06-10,Billing,Low,3,3.0,App
TKT004911,CUST06250,2026-05-12,Other,Low,4,3.0,App
TKT004912,CUST06252,2026-05-17,Cancellation,Low,2,3.0,Email
TKT004913,CUST06255,2025-03-02,Other,Medium,4,4.0,Chat
TKT004914,CUST06255,2025-05-23,Plan Change,Low,2,4.0,App
TKT004915,CUST06256,2026-05-27,Connectivity,Low,3,4.0,Email
TKT004916,CUST06256,2026-04-13,Connectivity,Low,3,3.0,Chat
TKT004917,CUST06261,2026-03-28,Cancellation,Medium,4,3.0,App
TKT004918,CUST06263,2026-05-12,Billing,Low,3,4.0,Phone
TKT004919,CUST06266,2025-12-31,Technical,Medium,2,2.0,Chat
TKT004920,CUST06267,2026-02-11,Cancellation,Low,2,4.0,Email
TKT004921,CUST06267,2026-01-13,Plan Change,Low,4,4.0,Phone
TKT004922,CUST06269,2026-04-26,Connectivity,Low,2,4.0,Phone
TKT004923,CUST06270,2025-05-16,Technical,High,1,3.0,Chat
TKT004924,CUST06272,2026-04-06,Technical,Low,14,4.0,Chat
TKT004925,CUST06281,2025-02-12,Connectivity,Medium,2,3.0,Email
TKT004926,CUST06282,2026-05-25,Connectivity,Medium,2,3.0,Chat
TKT004927,CUST06284,2025-12-19,Billing,High,2,3.0,Chat
TKT004928,CUST06285,2025-09-16,Connectivity,High,8,3.0,App
TKT004929,CUST06286,2025-05-30,Other,Low,5,4.0,Chat
TKT004930,CUST06286,2024-08-23,Connectivity,Low,6,4.0,App
TKT004931,CUST06289,2026-04-16,Plan Change,Medium,8,4.0,Chat
TKT004932,CUST06289,2026-04-29,Plan Change,Low,4,4.0,Phone
TKT004933,CUST06289,2026-05-08,Technical,Low,4,5.0,Chat
TKT004934,CUST06289,2026-03-22,Technical,Medium,6,3.0,Phone
TKT004935,CUST06294,2025-10-08,Other,Medium,2,3.0,Email
TKT004936,CUST06294,2025-07-21,Connectivity,Medium,3,4.0,Email
TKT004937,CUST06295,2025-07-30,Technical,High,3,3.0,Email
TKT004938,CUST06296,2025-07-31,Billing,Medium,6,3.0,Phone
TKT004939,CUST06296,2025-12-14,Plan Change,Low,1,5.0,Chat
TKT004940,CUST06297,2026-01-04,Plan Change,Medium,1,4.0,Phone
TKT004941,CUST06299,2024-06-29,Other,Low,1,4.0,Chat
TKT004942,CUST06304,2025-08-12,Technical,Medium,6,5.0,Email
TKT004943,CUST06304,2026-05-04,Plan Change,Medium,3,4.0,Chat
TKT004944,CUST06304,2026-03-19,Cancellation,Low,1,3.0,App
TKT004945,CUST06305,2026-05-24,Technical,Medium,2,4.0,Email
TKT004946,CUST06305,2026-04-18,Plan Change,Medium,3,3.0,App
TKT004947,CUST06305,2026-04-27,Cancellation,Low,3,4.0,App
TKT004948,CUST06306,2025-12-05,Plan Change,Low,3,3.0,Email
TKT004949,CUST06307,2026-02-19,Plan Change,Medium,5,4.0,Chat
TKT004950,CUST06310,2026-04-08,Billing,Low,1,4.0,Phone
TKT004951,CUST06312,2026-06-05,Cancellation,Low,2,3.0,Email
TKT004952,CUST06314,2026-03-21,Cancellation,Low,3,5.0,Email
TKT004953,CUST06315,2026-03-19,Plan Change,Low,4,4.0,Phone
TKT004954,CUST06316,2025-05-04,Cancellation,Low,4,5.0,Phone
TKT004955,CUST06318,2026-01-12,Connectivity,Medium,3,4.0,Chat
TKT004956,CUST06321,2025-08-28,Billing,High,6,2.0,App
TKT004957,CUST06321,2024-04-13,Technical,Medium,1,4.0,Phone
TKT004958,CUST06322,2025-03-28,Other,High,4,2.0,Phone
TKT004959,CUST06324,2026-05-29,Technical,Low,1,3.0,App
TKT004960,CUST06324,2025-08-21,Other,Low,3,3.0,App
TKT004961,CUST06326,2026-03-13,Connectivity,Low,1,4.0,Phone
TKT004962,CUST06327,2026-01-21,Connectivity,Medium,6,4.0,Phone
TKT004963,CUST06329,2026-05-27,Technical,High,1,3.0,Email
TKT004964,CUST06330,2025-09-30,Other,Low,1,5.0,Phone
TKT004965,CUST06333,2026-02-27,Plan Change,Low,2,3.0,Phone
TKT004966,CUST06334,2025-11-02,Technical,Medium,2,5.0,Phone
TKT004967,CUST06338,2026-03-03,Other,Medium,4,4.0,App
TKT004968,CUST06338,2025-12-04,Other,Medium,1,3.0,App
TKT004969,CUST06338,2025-11-27,Billing,High,2,3.0,Email
TKT004970,CUST06340,2025-11-28,Cancellation,Low,6,3.0,Chat
TKT004971,CUST06340,2026-02-23,Plan Change,Medium,5,3.0,App
TKT004972,CUST06341,2025-02-14,Connectivity,Low,5,3.0,Email
TKT004973,CUST06341,2025-12-06,Billing,Medium,3,3.0,App
TKT004974,CUST06341,2025-11-11,Other,Medium,3,3.0,Email
TKT004975,CUST06341,2024-07-22,Cancellation,Medium,3,4.0,App
TKT004976,CUST06341,2025-04-29,Plan Change,Low,4,3.0,Chat
TKT004977,CUST06343,2025-03-02,Other,High,2,3.0,Phone
TKT004978,CUST06347,2025-08-03,Plan Change,Medium,6,4.0,Chat
TKT004979,CUST06348,2025-01-25,Plan Change,Medium,1,2.0,Phone
TKT004980,CUST06349,2026-02-20,Connectivity,Medium,2,4.0,Chat
TKT004981,CUST06353,2025-01-03,Billing,Low,3,4.0,App
TKT004982,CUST06353,2025-05-31,Cancellation,Low,2,3.0,App
TKT004983,CUST06353,2025-07-18,Technical,Medium,8,3.0,App
TKT004984,CUST06355,2024-12-13,Connectivity,Low,5,4.0,Chat
TKT004985,CUST06356,2025-10-02,Cancellation,Medium,2,3.0,Chat
TKT004986,CUST06356,2024-12-15,Connectivity,Low,2,4.0,Chat
TKT004987,CUST06357,2025-01-08,Technical,Low,3,5.0,App
TKT004988,CUST06357,2026-02-24,Connectivity,High,2,4.0,App
TKT004989,CUST06358,2025-10-24,Technical,High,2,2.0,App
TKT004990,CUST06359,2026-03-21,Plan Change,Low,3,3.0,Phone
TKT004991,CUST06359,2026-01-19,Plan Change,Medium,3,4.0,App
TKT004992,CUST06363,2025-04-20,Plan Change,Low,2,4.0,Email
TKT004993,CUST06367,2025-02-03,Technical,Low,4,4.0,Chat
TKT004994,CUST06367,2025-12-05,Connectivity,Medium,3,3.0,Chat
TKT004995,CUST06367,2025-05-12,Cancellation,Medium,2,4.0,Phone
TKT004996,CUST06368,2026-05-03,Other,Low,4,4.0,Chat
TKT004997,CUST06370,2026-05-10,Technical,Low,3,3.0,Phone
TKT004998,CUST06371,2025-08-11,Plan Change,Low,2,5.0,Email
TKT004999,CUST06371,2025-07-07,Cancellation,Low,5,4.0,Phone
TKT005000,CUST06372,2025-12-23,Plan Change,Low,4,4.0,Email
TKT005001,CUST06372,2025-12-30,Connectivity,Medium,1,4.0,App
TKT005002,CUST06373,2025-12-10,Other,Medium,6,3.0,Phone
TKT005003,CUST06374,2025-08-27,Technical,Low,6,4.0,Email
TKT005004,CUST06378,2025-05-16,Technical,Low,2,3.0,Chat
TKT005005,CUST06381,2026-03-21,Plan Change,Medium,1,4.0,Phone
TKT005006,CUST06391,2026-03-18,Technical,Low,2,4.0,App
TKT005007,CUST06391,2026-04-11,Billing,Low,1,3.0,Phone
TKT005008,CUST06391,2025-11-17,Plan Change,High,2,4.0,Chat
TKT005009,CUST06392,2025-10-01,Plan Change,High,6,3.0,Phone
TKT005010,CUST06392,2024-10-19,Technical,Low,2,4.0,App
TKT005011,CUST06393,2026-02-01,Technical,Medium,3,3.0,Phone
TKT005012,CUST06395,2026-01-25,Billing,Low,2,2.0,Email
TKT005013,CUST06395,2026-01-18,Billing,Medium,3,5.0,Email
TKT005014,CUST06396,2026-05-24,Other,Low,2,5.0,Chat
TKT005015,CUST06396,2026-05-14,Connectivity,High,9,4.0,Phone
TKT005016,CUST06397,2025-01-08,Plan Change,Low,2,3.0,Phone
TKT005017,CUST06398,2026-04-08,Billing,High,2,3.0,Email
TKT005018,CUST06398,2026-04-14,Billing,High,2,2.0,Phone
TKT005019,CUST06399,2025-08-25,Technical,Low,2,4.0,Chat
TKT005020,CUST06400,2025-06-03,Billing,Medium,7,4.0,App
TKT005021,CUST06404,2026-02-15,Connectivity,Low,3,5.0,App
TKT005022,CUST06407,2026-04-13,Other,Medium,8,3.0,App
TKT005023,CUST06407,2025-05-25,Other,Medium,7,4.0,App
TKT005024,CUST06408,2025-04-29,Connectivity,Low,11,4.0,App
TKT005025,CUST06409,2025-10-09,Technical,High,14,3.0,Email
TKT005026,CUST06411,2025-10-05,Technical,Low,1,4.0,App
TKT005027,CUST06414,2025-08-31,Cancellation,Medium,5,5.0,Chat
TKT005028,CUST06414,2026-02-18,Plan Change,Medium,1,4.0,App
TKT005029,CUST06415,2026-01-21,Billing,Medium,3,3.0,App
TKT005030,CUST06415,2025-09-04,Other,Low,2,3.0,Phone
TKT005031,CUST06416,2026-01-05,Cancellation,Low,5,3.0,App
TKT005032,CUST06418,2024-10-09,Connectivity,Low,4,4.0,Phone
TKT005033,CUST06419,2025-12-19,Other,Low,2,4.0,App
TKT005034,CUST06419,2026-05-19,Connectivity,Low,4,5.0,Phone
TKT005035,CUST06421,2025-12-21,Billing,Medium,7,3.0,Email
TKT005036,CUST06422,2026-06-18,Connectivity,Low,3,4.0,App
TKT005037,CUST06423,2026-05-17,Other,Low,2,2.0,App
TKT005038,CUST06424,2024-11-17,Billing,Medium,2,3.0,App
TKT005039,CUST06425,2026-05-10,Other,Low,1,3.0,Email
TKT005040,CUST06428,2026-04-23,Technical,Medium,5,3.0,App
TKT005041,CUST06428,2026-05-16,Billing,Medium,3,4.0,App
TKT005042,CUST06429,2026-03-16,Cancellation,Low,9,2.0,App
TKT005043,CUST06429,2026-06-03,Billing,Medium,4,4.0,Chat
TKT005044,CUST06429,2026-03-19,Cancellation,Low,2,4.0,Email
TKT005045,CUST06432,2026-05-30,Technical,Medium,2,3.0,Chat
TKT005046,CUST06436,2026-06-09,Cancellation,High,8,3.0,Phone
TKT005047,CUST06436,2026-01-09,Plan Change,Medium,10,3.0,Phone
TKT005048,CUST06436,2026-05-31,Other,Medium,2,4.0,Email
TKT005049,CUST06437,2025-09-21,Technical,High,5,3.0,Email
TKT005050,CUST06437,2025-12-26,Other,Low,2,4.0,App
TKT005051,CUST06438,2024-07-15,Technical,Low,7,4.0,Phone
TKT005052,CUST06441,2025-12-06,Connectivity,Low,3,2.0,Email
TKT005053,CUST06441,2025-01-10,Other,High,4,3.0,Chat
TKT005054,CUST06442,2026-04-20,Billing,Medium,5,5.0,App
TKT005055,CUST06442,2026-05-07,Cancellation,High,3,2.0,Chat
TKT005056,CUST06445,2026-05-15,Connectivity,Low,6,5.0,App
TKT005057,CUST06448,2026-03-31,Connectivity,Low,2,2.0,Email
TKT005058,CUST06449,2026-05-31,Cancellation,Low,3,5.0,Email
TKT005059,CUST06449,2025-11-07,Connectivity,Medium,5,2.0,App
TKT005060,CUST06452,2024-12-23,Plan Change,Low,5,3.0,App
TKT005061,CUST06453,2025-10-26,Technical,High,7,4.0,Phone
TKT005062,CUST06454,2026-05-30,Plan Change,Low,2,5.0,App
TKT005063,CUST06454,2026-02-08,Plan Change,Low,4,4.0,Phone
TKT005064,CUST06455,2025-04-23,Plan Change,Low,2,4.0,Email
TKT005065,CUST06457,2025-10-09,Cancellation,Low,10,5.0,Phone
TKT005066,CUST06458,2026-05-11,Billing,Low,2,3.0,Chat
TKT005067,CUST06460,2025-11-14,Cancellation,Low,2,3.0,Phone
TKT005068,CUST06464,2025-09-24,Technical,Medium,3,2.0,Phone
TKT005069,CUST06464,2025-08-17,Billing,Medium,5,3.0,Email
TKT005070,CUST06467,2024-10-15,Technical,High,2,2.0,Email
TKT005071,CUST06467,2024-06-17,Technical,Medium,2,4.0,Email
TKT005072,CUST06470,2026-04-06,Technical,Low,3,5.0,Chat
TKT005073,CUST06470,2026-04-10,Technical,Medium,3,4.0,Email
TKT005074,CUST06470,2026-01-21,Other,Low,5,3.0,Chat
TKT005075,CUST06470,2026-01-24,Connectivity,Low,2,4.0,Phone
TKT005076,CUST06474,2025-04-15,Technical,High,7,2.0,App
TKT005077,CUST06475,2025-07-05,Technical,Medium,7,2.0,Phone
TKT005078,CUST06480,2026-05-21,Plan Change,Medium,2,4.0,Phone
TKT005079,CUST06481,2024-05-08,Connectivity,Medium,5,3.0,App
TKT005080,CUST06482,2025-12-10,Technical,Low,6,4.0,Email
TKT005081,CUST06483,2026-05-24,Cancellation,Medium,3,2.0,App
TKT005082,CUST06483,2026-06-22,Connectivity,Low,6,4.0,Chat
TKT005083,CUST06485,2025-12-19,Cancellation,Low,4,3.0,App
TKT005084,CUST06486,2026-04-17,Other,Medium,3,4.0,Chat
TKT005085,CUST06487,2026-04-16,Cancellation,Medium,3,3.0,Email
TKT005086,CUST06487,2026-05-27,Plan Change,Medium,4,2.0,Email
TKT005087,CUST06488,2026-05-13,Connectivity,Low,1,5.0,Email
TKT005088,CUST06488,2025-09-27,Billing,High,2,3.0,Chat
TKT005089,CUST06488,2026-05-02,Other,Medium,2,4.0,Email
TKT005090,CUST06489,2025-03-02,Billing,Low,3,4.0,Chat
TKT005091,CUST06491,2026-05-24,Plan Change,Medium,4,3.0,Phone
TKT005092,CUST06492,2026-04-04,Billing,Low,3,5.0,Phone
TKT005093,CUST06492,2026-01-15,Technical,High,3,4.0,Chat
TKT005094,CUST06492,2025-12-29,Plan Change,Low,1,4.0,Email
TKT005095,CUST06493,2026-03-18,Connectivity,Medium,3,4.0,Phone
TKT005096,CUST06493,2026-06-09,Other,Low,3,2.0,App
TKT005097,CUST06493,2026-04-07,Technical,Low,6,5.0,Email
TKT005098,CUST06495,2025-05-17,Technical,Medium,11,3.0,App
TKT005099,CUST06495,2025-05-20,Billing,Low,4,5.0,Chat
TKT005100,CUST06495,2025-09-03,Billing,Medium,3,3.0,Phone
TKT005101,CUST06496,2026-03-23,Connectivity,Low,2,4.0,Chat
TKT005102,CUST06497,2025-11-22,Technical,High,1,3.0,Email
TKT005103,CUST06498,2025-08-03,Cancellation,Medium,5,2.0,App
TKT005104,CUST06498,2026-01-09,Billing,Medium,1,3.0,Phone
TKT005105,CUST06499,2024-09-28,Connectivity,Low,5,4.0,Phone
TKT005106,CUST06499,2025-06-06,Plan Change,Low,8,4.0,Phone
TKT005107,CUST06500,2026-06-02,Billing,Low,5,4.0,Phone
TKT005108,CUST06502,2024-08-10,Plan Change,Medium,5,4.0,Email
TKT005109,CUST06502,2024-07-08,Plan Change,Medium,4,5.0,Phone
TKT005110,CUST06502,2024-06-15,Cancellation,Medium,4,5.0,Phone
TKT005111,CUST06504,2026-05-11,Billing,Low,2,4.0,Chat
TKT005112,CUST06504,2026-03-10,Connectivity,Low,2,4.0,Phone
TKT005113,CUST06505,2026-04-14,Cancellation,Low,3,3.0,Phone
TKT005114,CUST06506,2025-12-18,Plan Change,Medium,6,4.0,App
TKT005115,CUST06506,2024-11-04,Technical,Low,1,5.0,App
TKT005116,CUST06506,2025-01-01,Connectivity,Low,1,4.0,Email
TKT005117,CUST06506,2026-03-09,Technical,Medium,3,4.0,App
TKT005118,CUST06507,2025-09-24,Other,Medium,2,3.0,Chat
TKT005119,CUST06508,2026-03-07,Billing,Low,1,4.0,App
TKT005120,CUST06511,2026-05-04,Connectivity,Low,4,4.0,Chat
TKT005121,CUST06511,2026-05-29,Connectivity,High,4,2.0,Email
TKT005122,CUST06512,2026-06-09,Plan Change,Medium,3,3.0,Email
TKT005123,CUST06513,2026-05-14,Other,Medium,2,3.0,Chat
TKT005124,CUST06513,2026-03-02,Technical,Low,1,3.0,Chat
TKT005125,CUST06516,2024-08-16,Billing,Low,3,3.0,Phone
TKT005126,CUST06518,2026-04-08,Plan Change,Low,2,2.0,Chat
TKT005127,CUST06518,2025-08-28,Billing,Low,2,3.0,App
TKT005128,CUST06521,2026-02-22,Billing,Medium,1,3.0,App
TKT005129,CUST06521,2026-04-09,Plan Change,Low,3,4.0,Email
TKT005130,CUST06523,2025-05-06,Plan Change,Low,2,4.0,Chat
TKT005131,CUST06524,2025-07-27,Connectivity,Low,1,5.0,Chat
TKT005132,CUST06527,2026-05-25,Technical,Low,4,3.0,Email
TKT005133,CUST06531,2025-12-03,Connectivity,Low,3,4.0,Phone
TKT005134,CUST06533,2026-05-31,Billing,Low,5,1.0,Email
TKT005135,CUST06536,2026-05-04,Other,Medium,4,5.0,Phone
TKT005136,CUST06538,2025-03-02,Technical,Medium,1,4.0,Phone
TKT005137,CUST06538,2025-09-26,Other,Medium,4,4.0,Chat
TKT005138,CUST06539,2026-05-11,Other,Medium,5,4.0,Phone
TKT005139,CUST06540,2025-11-15,Billing,Low,2,2.0,Phone
TKT005140,CUST06540,2025-04-14,Plan Change,Medium,4,4.0,Chat
TKT005141,CUST06545,2026-02-09,Connectivity,Medium,4,4.0,App
TKT005142,CUST06546,2025-12-12,Plan Change,Low,5,4.0,Phone
TKT005143,CUST06548,2025-05-22,Technical,Medium,3,3.0,Chat
TKT005144,CUST06549,2026-02-08,Other,Medium,4,4.0,Chat
TKT005145,CUST06549,2026-03-17,Cancellation,High,4,2.0,App
TKT005146,CUST06549,2026-03-23,Billing,Medium,3,4.0,Phone
TKT005147,CUST06549,2026-04-21,Plan Change,Medium,1,2.0,Chat
TKT005148,CUST06550,2026-03-26,Connectivity,Low,14,4.0,Phone
TKT005149,CUST06553,2025-04-24,Technical,Low,3,4.0,Email
TKT005150,CUST06554,2026-03-15,Plan Change,Low,3,3.0,Chat
TKT005151,CUST06554,2026-03-08,Cancellation,Medium,10,3.0,Email
TKT005152,CUST06555,2026-02-02,Other,Low,3,3.0,Chat
TKT005153,CUST06555,2025-11-19,Other,Medium,6,4.0,Chat
TKT005154,CUST06559,2026-04-23,Technical,Medium,2,4.0,App
TKT005155,CUST06560,2026-03-13,Connectivity,Medium,2,4.0,Email
TKT005156,CUST06562,2026-04-20,Billing,Medium,6,4.0,Chat
TKT005157,CUST06563,2025-04-19,Cancellation,Medium,2,3.0,Email
TKT005158,CUST06564,2026-04-18,Billing,Low,2,5.0,Chat
TKT005159,CUST06564,2025-01-15,Plan Change,Medium,10,5.0,App
TKT005160,CUST06564,2025-09-14,Other,Medium,2,4.0,Phone
TKT005161,CUST06565,2026-01-31,Billing,Low,2,5.0,Chat
TKT005162,CUST06567,2026-04-08,Cancellation,Low,2,3.0,Chat
TKT005163,CUST06567,2025-08-16,Technical,Low,3,3.0,App
TKT005164,CUST06568,2024-10-05,Billing,Medium,3,4.0,Email
TKT005165,CUST06570,2026-04-26,Technical,High,5,3.0,Phone
TKT005166,CUST06573,2025-09-18,Connectivity,Low,3,4.0,Email
TKT005167,CUST06573,2025-11-28,Billing,Low,7,2.0,App
TKT005168,CUST06574,2026-03-20,Technical,Low,2,4.0,App
TKT005169,CUST06575,2026-01-10,Other,Medium,2,5.0,Email
TKT005170,CUST06575,2026-04-30,Connectivity,Medium,4,4.0,App
TKT005171,CUST06575,2026-05-21,Billing,High,2,4.0,Email
TKT005172,CUST06577,2024-08-27,Technical,Low,2,3.0,Phone
TKT005173,CUST06577,2025-11-13,Cancellation,Medium,4,5.0,Chat
TKT005174,CUST06577,2025-01-25,Technical,Low,4,5.0,Phone
TKT005175,CUST06578,2025-12-20,Technical,Low,3,3.0,App
TKT005176,CUST06578,2026-02-17,Plan Change,Low,1,3.0,Chat
TKT005177,CUST06579,2026-06-08,Plan Change,Medium,1,3.0,Email
TKT005178,CUST06580,2025-05-07,Billing,Medium,5,3.0,Chat
TKT005179,CUST06580,2025-07-14,Plan Change,Medium,3,4.0,App
TKT005180,CUST06582,2026-01-18,Other,Medium,4,4.0,Email
TKT005181,CUST06582,2026-02-16,Cancellation,Medium,3,5.0,Email
TKT005182,CUST06582,2026-06-22,Other,Medium,1,4.0,App
TKT005183,CUST06582,2026-06-05,Other,Medium,1,3.0,Phone
TKT005184,CUST06585,2025-08-18,Technical,Low,3,3.0,Chat
TKT005185,CUST06585,2024-08-22,Cancellation,Medium,8,4.0,App
TKT005186,CUST06588,2025-08-20,Billing,Low,6,5.0,Email
TKT005187,CUST06589,2024-10-31,Billing,Medium,6,3.0,Email
TKT005188,CUST06589,2024-08-06,Technical,Low,1,3.0,App
TKT005189,CUST06590,2024-07-19,Connectivity,Medium,4,5.0,Chat
TKT005190,CUST06590,2026-04-15,Plan Change,Low,7,4.0,Email
TKT005191,CUST06592,2026-04-26,Technical,High,4,3.0,App
TKT005192,CUST06594,2026-01-08,Plan Change,Medium,1,3.0,Chat
TKT005193,CUST06595,2024-10-22,Cancellation,Medium,3,5.0,Email
TKT005194,CUST06597,2026-04-30,Cancellation,Low,7,4.0,App
TKT005195,CUST06598,2026-04-17,Billing,Low,2,4.0,Phone
TKT005196,CUST06599,2025-01-26,Plan Change,Low,4,4.0,Email
TKT005197,CUST06600,2026-01-16,Other,Medium,1,3.0,Email
TKT005198,CUST06602,2025-05-02,Connectivity,Medium,1,4.0,Chat
TKT005199,CUST06603,2026-05-01,Cancellation,Low,7,4.0,Phone
TKT005200,CUST06606,2026-03-29,Cancellation,Low,3,4.0,Chat
TKT005201,CUST06606,2026-02-04,Other,Low,4,3.0,Phone
TKT005202,CUST06608,2026-05-24,Cancellation,Low,4,3.0,Chat
TKT005203,CUST06611,2025-12-15,Billing,Low,9,5.0,Phone
TKT005204,CUST06611,2026-04-26,Plan Change,Low,2,3.0,Phone
TKT005205,CUST06615,2026-03-02,Plan Change,Low,10,4.0,Chat
TKT005206,CUST06616,2026-05-10,Technical,Medium,8,3.0,Chat
TKT005207,CUST06620,2025-06-24,Billing,High,2,2.0,Chat
TKT005208,CUST06621,2025-11-29,Other,Low,2,3.0,App
TKT005209,CUST06623,2025-11-24,Plan Change,Medium,2,5.0,Chat
TKT005210,CUST06625,2025-04-02,Technical,High,2,3.0,App
TKT005211,CUST06625,2025-08-27,Connectivity,Medium,4,3.0,Phone
TKT005212,CUST06627,2025-09-12,Connectivity,Medium,2,4.0,Email
TKT005213,CUST06628,2026-02-10,Billing,Low,3,5.0,App
TKT005214,CUST06629,2026-04-25,Technical,Low,1,3.0,Phone
TKT005215,CUST06630,2026-05-13,Cancellation,Low,2,3.0,Phone
TKT005216,CUST06630,2026-03-25,Technical,Low,10,4.0,App
TKT005217,CUST06630,2026-03-09,Connectivity,Medium,4,5.0,Phone
TKT005218,CUST06631,2026-03-15,Billing,Low,2,4.0,Chat
TKT005219,CUST06634,2026-06-12,Other,Low,3,3.0,App
TKT005220,CUST06637,2025-06-28,Plan Change,Low,1,5.0,Chat
TKT005221,CUST06640,2024-08-18,Plan Change,Low,7,3.0,Chat
TKT005222,CUST06641,2025-08-23,Billing,Low,3,2.0,Chat
TKT005223,CUST06642,2025-12-19,Billing,Low,7,4.0,Chat
TKT005224,CUST06643,2024-07-23,Cancellation,Low,6,5.0,Phone
TKT005225,CUST06643,2024-12-09,Cancellation,Medium,2,4.0,App
TKT005226,CUST06645,2026-02-05,Plan Change,Low,1,4.0,Chat
TKT005227,CUST06645,2024-12-05,Other,High,4,3.0,Chat
TKT005228,CUST06647,2025-06-18,Other,Medium,3,5.0,Chat
TKT005229,CUST06647,2024-11-04,Billing,Low,7,3.0,Phone
TKT005230,CUST06647,2026-03-21,Other,Low,1,2.0,Chat
TKT005231,CUST06648,2025-10-23,Cancellation,Medium,3,2.0,Phone
TKT005232,CUST06648,2025-12-29,Other,Medium,1,2.0,Phone
TKT005233,CUST06649,2026-06-22,Cancellation,Low,2,3.0,App
TKT005234,CUST06650,2026-01-28,Technical,Low,9,2.0,Email
TKT005235,CUST06652,2026-06-05,Connectivity,Medium,1,4.0,Chat
TKT005236,CUST06652,2026-02-21,Plan Change,Low,2,3.0,Email
TKT005237,CUST06653,2026-06-17,Cancellation,Low,5,4.0,App
TKT005238,CUST06655,2025-04-08,Technical,Low,1,4.0,App
TKT005239,CUST06656,2026-06-15,Technical,Low,2,3.0,App
TKT005240,CUST06657,2026-03-29,Plan Change,Medium,1,5.0,Email
TKT005241,CUST06658,2026-01-15,Billing,High,6,4.0,App
TKT005242,CUST06658,2025-10-11,Technical,Low,14,5.0,Phone
TKT005243,CUST06659,2024-09-09,Billing,Medium,4,4.0,Chat
TKT005244,CUST06660,2026-06-15,Connectivity,Low,4,5.0,Phone
TKT005245,CUST06660,2026-04-02,Cancellation,High,4,1.0,App
TKT005246,CUST06661,2025-04-14,Billing,Low,5,3.0,Email
TKT005247,CUST06663,2026-05-31,Technical,Low,4,3.0,Email
TKT005248,CUST06665,2026-03-26,Cancellation,High,4,2.0,Email
TKT005249,CUST06665,2025-04-14,Billing,Low,3,3.0,Phone
TKT005250,CUST06665,2025-10-28,Other,Low,3,5.0,Email
TKT005251,CUST06667,2024-12-26,Cancellation,Low,3,4.0,Chat
TKT005252,CUST06668,2024-12-24,Technical,Medium,1,3.0,Email
TKT005253,CUST06668,2025-07-08,Connectivity,Medium,8,4.0,Chat
TKT005254,CUST06669,2026-02-10,Cancellation,Low,5,3.0,Email
TKT005255,CUST06672,2026-04-07,Plan Change,Medium,3,4.0,Email
TKT005256,CUST06677,2025-05-29,Technical,Medium,4,5.0,Chat
TKT005257,CUST06679,2026-01-30,Other,Medium,6,5.0,App
TKT005258,CUST06679,2026-04-14,Plan Change,Low,6,3.0,Chat
TKT005259,CUST06680,2026-04-06,Plan Change,Medium,4,4.0,Phone
TKT005260,CUST06680,2026-04-24,Billing,Low,5,4.0,Email
TKT005261,CUST06682,2026-06-07,Connectivity,Low,1,3.0,Email
TKT005262,CUST06685,2026-04-01,Plan Change,Low,8,3.0,Chat
TKT005263,CUST06685,2026-05-15,Plan Change,Low,2,5.0,Phone
TKT005264,CUST06687,2026-02-17,Cancellation,Medium,2,3.0,Email
TKT005265,CUST06689,2026-04-09,Cancellation,High,1,1.0,Email
TKT005266,CUST06690,2026-03-19,Connectivity,Medium,5,4.0,Phone
TKT005267,CUST06690,2025-12-24,Other,Low,2,3.0,Email
TKT005268,CUST06691,2025-09-19,Plan Change,Low,1,3.0,Email
TKT005269,CUST06692,2026-04-15,Other,Low,5,4.0,App
TKT005270,CUST06697,2025-11-30,Cancellation,Low,1,2.0,Email
TKT005271,CUST06701,2025-05-10,Billing,Medium,1,3.0,App
TKT005272,CUST06701,2025-03-08,Connectivity,High,3,2.0,Email
TKT005273,CUST06701,2025-11-18,Billing,Low,4,5.0,App
TKT005274,CUST06704,2024-04-09,Technical,Low,1,4.0,Phone
TKT005275,CUST06706,2025-12-19,Connectivity,Low,4,4.0,App
TKT005276,CUST06706,2026-01-03,Other,Low,11,4.0,Phone
TKT005277,CUST06707,2025-04-29,Plan Change,Medium,1,5.0,Email
TKT005278,CUST06708,2025-09-11,Connectivity,Low,2,3.0,Chat
TKT005279,CUST06709,2026-06-04,Connectivity,Low,7,5.0,Phone
TKT005280,CUST06709,2026-05-03,Other,Medium,4,5.0,App
TKT005281,CUST06711,2026-03-24,Technical,Low,3,5.0,Chat
TKT005282,CUST06712,2026-01-23,Other,Low,6,3.0,App
TKT005283,CUST06712,2026-06-09,Other,Low,3,3.0,Chat
TKT005284,CUST06715,2025-11-11,Plan Change,Low,2,5.0,Phone
TKT005285,CUST06715,2026-01-05,Connectivity,Low,2,4.0,Phone
TKT005286,CUST06715,2026-05-27,Plan Change,Low,1,4.0,Chat
TKT005287,CUST06717,2025-04-29,Cancellation,Medium,2,3.0,Phone
TKT005288,CUST06719,2026-05-21,Cancellation,Medium,2,4.0,Email
TKT005289,CUST06721,2026-04-17,Other,Low,3,3.0,App
TKT005290,CUST06722,2026-04-12,Billing,Medium,3,3.0,Phone
TKT005291,CUST06723,2026-01-16,Plan Change,Medium,4,3.0,Chat
TKT005292,CUST06725,2026-06-06,Cancellation,Medium,6,4.0,Email
TKT005293,CUST06726,2025-12-04,Plan Change,Low,4,4.0,Phone
TKT005294,CUST06726,2024-09-18,Connectivity,Medium,2,4.0,App
TKT005295,CUST06727,2026-04-10,Other,Low,2,3.0,Phone
TKT005296,CUST06729,2025-12-01,Other,High,3,2.0,Email
TKT005297,CUST06729,2025-11-23,Cancellation,High,1,3.0,Chat
TKT005298,CUST06730,2025-11-09,Plan Change,Low,7,4.0,Phone
TKT005299,CUST06736,2026-06-05,Billing,Medium,3,3.0,App
TKT005300,CUST06736,2026-05-20,Plan Change,Low,2,5.0,Email
TKT005301,CUST06737,2026-04-14,Billing,Low,3,3.0,App
TKT005302,CUST06737,2026-04-23,Plan Change,Low,6,4.0,Chat
TKT005303,CUST06739,2025-10-06,Billing,Medium,3,3.0,App
TKT005304,CUST06740,2025-12-18,Connectivity,Medium,1,5.0,App
TKT005305,CUST06741,2025-11-13,Billing,Low,1,3.0,Email
TKT005306,CUST06741,2026-04-22,Cancellation,Low,2,4.0,Chat
TKT005307,CUST06741,2024-12-25,Connectivity,Medium,1,3.0,Email
TKT005308,CUST06742,2026-02-25,Technical,Low,9,5.0,Chat
TKT005309,CUST06742,2026-03-10,Connectivity,Low,3,5.0,Chat
TKT005310,CUST06743,2025-07-23,Connectivity,Medium,2,4.0,App
TKT005311,CUST06744,2025-09-01,Connectivity,Low,7,4.0,Chat
TKT005312,CUST06745,2026-02-06,Connectivity,Low,1,3.0,Email
TKT005313,CUST06747,2026-05-24,Connectivity,Medium,6,4.0,Phone
TKT005314,CUST06751,2025-08-30,Other,Medium,6,2.0,Email
TKT005315,CUST06752,2024-05-22,Connectivity,Low,4,5.0,Phone
TKT005316,CUST06752,2025-11-30,Plan Change,Low,4,4.0,App
TKT005317,CUST06753,2024-12-19,Other,Low,3,3.0,Email
TKT005318,CUST06753,2025-09-25,Connectivity,Medium,1,4.0,Phone
TKT005319,CUST06753,2024-10-23,Cancellation,Low,2,5.0,Email
TKT005320,CUST06754,2025-04-13,Other,Medium,3,4.0,Chat
TKT005321,CUST06754,2025-04-25,Cancellation,Low,6,5.0,Chat
TKT005322,CUST06755,2025-09-03,Connectivity,Low,3,3.0,App
TKT005323,CUST06761,2026-04-11,Plan Change,Low,2,4.0,Chat
TKT005324,CUST06762,2026-03-22,Billing,Medium,3,3.0,Chat
TKT005325,CUST06763,2025-02-18,Plan Change,Medium,3,3.0,Phone
TKT005326,CUST06764,2025-06-07,Technical,Medium,5,3.0,Phone
TKT005327,CUST06767,2025-12-16,Cancellation,Low,4,3.0,Chat
TKT005328,CUST06769,2026-02-28,Billing,Low,5,2.0,Phone
TKT005329,CUST06771,2024-08-11,Plan Change,Low,7,4.0,Phone
TKT005330,CUST06773,2026-02-17,Connectivity,Low,3,4.0,App
TKT005331,CUST06774,2026-06-03,Technical,Low,1,4.0,App
TKT005332,CUST06775,2026-01-06,Cancellation,Medium,2,4.0,Email
TKT005333,CUST06775,2025-10-24,Technical,Medium,2,5.0,App
TKT005334,CUST06776,2026-05-30,Technical,Low,1,4.0,Email
TKT005335,CUST06776,2026-06-12,Connectivity,Low,2,5.0,App
TKT005336,CUST06776,2026-06-05,Other,Low,4,4.0,Phone
TKT005337,CUST06778,2026-05-31,Other,Low,2,4.0,Email
TKT005338,CUST06778,2026-01-12,Other,Low,4,5.0,Email
TKT005339,CUST06778,2026-05-14,Technical,Medium,1,5.0,Phone
TKT005340,CUST06783,2025-09-24,Connectivity,Low,5,4.0,Email
TKT005341,CUST06784,2025-10-04,Other,Medium,2,2.0,App
TKT005342,CUST06785,2025-02-08,Connectivity,Medium,1,5.0,Chat
TKT005343,CUST06785,2025-11-12,Other,Low,2,3.0,App
TKT005344,CUST06786,2026-05-27,Plan Change,Medium,5,5.0,Email
TKT005345,CUST06788,2024-05-17,Plan Change,Low,1,3.0,Phone
TKT005346,CUST06792,2025-11-27,Technical,Medium,2,4.0,Phone
TKT005347,CUST06792,2024-09-10,Cancellation,Medium,1,4.0,Email
TKT005348,CUST06793,2024-09-21,Technical,Low,4,3.0,App
TKT005349,CUST06793,2026-03-09,Technical,Low,1,4.0,App
TKT005350,CUST06794,2024-10-03,Other,Low,2,2.0,App
TKT005351,CUST06794,2024-02-28,Cancellation,Medium,3,5.0,Email
TKT005352,CUST06794,2024-10-24,Other,Medium,3,3.0,Phone
TKT005353,CUST06795,2026-04-11,Billing,Low,4,4.0,App
TKT005354,CUST06796,2026-03-05,Other,Low,1,3.0,App
TKT005355,CUST06796,2026-02-26,Plan Change,Medium,2,4.0,Email
TKT005356,CUST06796,2025-05-20,Technical,Low,10,4.0,Phone
TKT005357,CUST06798,2025-11-19,Cancellation,Low,2,4.0,Chat
TKT005358,CUST06798,2025-06-23,Connectivity,Low,2,3.0,Email
TKT005359,CUST06799,2025-11-06,Plan Change,Medium,6,5.0,Chat
TKT005360,CUST06800,2026-05-24,Billing,Medium,7,3.0,Phone
TKT005361,CUST06800,2026-04-15,Cancellation,Low,6,4.0,Email
TKT005362,CUST06804,2026-02-22,Connectivity,Low,7,4.0,App
TKT005363,CUST06804,2026-04-17,Plan Change,Low,9,3.0,Phone
TKT005364,CUST06805,2026-06-22,Cancellation,Medium,3,4.0,Email
TKT005365,CUST06808,2025-08-28,Connectivity,Low,5,4.0,App
TKT005366,CUST06808,2025-10-31,Technical,Low,5,3.0,App
TKT005367,CUST06810,2024-09-27,Technical,Low,3,4.0,App
TKT005368,CUST06811,2026-03-14,Billing,Low,4,3.0,Phone
TKT005369,CUST06811,2026-05-26,Cancellation,Low,4,3.0,Chat
TKT005370,CUST06813,2026-03-30,Technical,Low,1,4.0,Email
TKT005371,CUST06815,2026-01-31,Plan Change,Low,6,4.0,Phone
TKT005372,CUST06818,2026-03-17,Cancellation,Medium,3,3.0,App
TKT005373,CUST06819,2026-04-20,Connectivity,Low,6,4.0,Phone
TKT005374,CUST06820,2026-04-21,Plan Change,Medium,5,4.0,Phone
TKT005375,CUST06822,2025-09-01,Other,Medium,3,3.0,App
TKT005376,CUST06822,2026-04-03,Billing,Low,3,3.0,Phone
TKT005377,CUST06823,2026-02-27,Connectivity,Low,4,5.0,Chat
TKT005378,CUST06826,2026-02-19,Technical,Low,7,4.0,Chat
TKT005379,CUST06828,2026-05-17,Connectivity,Medium,3,4.0,Email
TKT005380,CUST06829,2026-05-01,Billing,Low,1,4.0,Phone
TKT005381,CUST06829,2025-10-02,Technical,Low,5,4.0,Email
TKT005382,CUST06830,2025-05-31,Cancellation,Low,3,5.0,Chat
TKT005383,CUST06832,2025-12-26,Plan Change,Medium,3,4.0,App
TKT005384,CUST06835,2025-05-09,Connectivity,Low,1,3.0,Chat
TKT005385,CUST06839,2026-04-26,Cancellation,Low,5,3.0,Chat
TKT005386,CUST06840,2026-01-11,Cancellation,High,2,2.0,App
TKT005387,CUST06840,2025-04-17,Other,Low,10,5.0,Chat
TKT005388,CUST06840,2025-04-11,Cancellation,Low,8,3.0,Email
TKT005389,CUST06840,2025-09-18,Cancellation,Low,1,3.0,Chat
TKT005390,CUST06840,2025-05-20,Technical,Low,6,4.0,Phone
TKT005391,CUST06841,2025-04-28,Plan Change,Medium,2,3.0,Phone
TKT005392,CUST06841,2025-04-28,Connectivity,Low,3,5.0,Chat
TKT005393,CUST06841,2025-12-06,Cancellation,Medium,9,5.0,Phone
TKT005394,CUST06842,2026-03-09,Connectivity,Low,3,4.0,Chat
TKT005395,CUST06845,2026-05-24,Connectivity,Low,4,5.0,Chat
TKT005396,CUST06848,2026-04-29,Cancellation,Low,3,5.0,Email
TKT005397,CUST06853,2026-04-28,Technical,Low,2,3.0,Chat
TKT005398,CUST06855,2025-12-10,Plan Change,Medium,2,5.0,Phone
TKT005399,CUST06855,2026-04-20,Other,Medium,3,3.0,App
TKT005400,CUST06855,2025-12-28,Connectivity,Low,3,4.0,Email
TKT005401,CUST06859,2026-04-12,Other,Medium,4,3.0,Chat
TKT005402,CUST06859,2025-07-02,Plan Change,Medium,18,5.0,Chat
TKT005403,CUST06863,2025-02-09,Cancellation,Low,22,5.0,Chat
TKT005404,CUST06863,2024-10-10,Billing,Low,2,3.0,Email
TKT005405,CUST06866,2025-05-23,Other,Medium,3,5.0,Chat
TKT005406,CUST06868,2025-08-28,Other,High,4,3.0,App
TKT005407,CUST06869,2026-04-16,Plan Change,Medium,1,4.0,Phone
TKT005408,CUST06869,2024-08-21,Other,Low,3,4.0,Email
TKT005409,CUST06871,2024-09-07,Plan Change,Medium,3,3.0,Email
TKT005410,CUST06872,2026-05-30,Other,High,1,3.0,App
TKT005411,CUST06873,2024-07-22,Other,Low,2,3.0,Chat
TKT005412,CUST06877,2024-12-28,Plan Change,Low,2,5.0,Email
TKT005413,CUST06877,2024-11-04,Billing,Low,2,3.0,App
TKT005414,CUST06878,2026-04-17,Plan Change,Medium,3,5.0,Email
TKT005415,CUST06879,2025-05-31,Billing,Medium,4,4.0,App
TKT005416,CUST06882,2025-08-29,Cancellation,Low,5,4.0,Chat
TKT005417,CUST06883,2025-05-13,Billing,Low,2,4.0,Email
TKT005418,CUST06884,2026-04-05,Cancellation,Low,2,4.0,Email
TKT005419,CUST06884,2026-01-31,Other,Medium,5,3.0,Email
TKT005420,CUST06884,2026-02-13,Technical,Medium,7,3.0,Email
TKT005421,CUST06884,2026-04-17,Other,Medium,2,4.0,Email
TKT005422,CUST06885,2025-12-12,Other,Low,2,5.0,Chat
TKT005423,CUST06887,2026-01-21,Other,Low,9,3.0,App
TKT005424,CUST06887,2026-03-21,Plan Change,Low,3,5.0,Phone
TKT005425,CUST06888,2026-05-23,Cancellation,Low,4,2.0,App
TKT005426,CUST06892,2026-02-03,Plan Change,Medium,3,3.0,Email
TKT005427,CUST06892,2025-12-22,Connectivity,Medium,4,3.0,Email
TKT005428,CUST06896,2024-11-17,Technical,Medium,3,3.0,Email
TKT005429,CUST06896,2026-01-26,Cancellation,Low,4,4.0,App
TKT005430,CUST06900,2024-08-05,Technical,Low,3,5.0,App
TKT005431,CUST06901,2026-04-15,Other,Low,4,3.0,Phone
TKT005432,CUST06902,2026-01-22,Cancellation,Medium,7,3.0,Phone
TKT005433,CUST06904,2026-02-15,Connectivity,Medium,6,4.0,Chat
TKT005434,CUST06904,2025-06-25,Technical,Low,2,4.0,Chat
TKT005435,CUST06904,2025-02-06,Billing,Medium,5,3.0,Phone
TKT005436,CUST06906,2025-08-19,Billing,Low,2,3.0,App
TKT005437,CUST06906,2026-04-10,Cancellation,Low,3,4.0,App
TKT005438,CUST06910,2026-01-15,Plan Change,Low,10,4.0,App
TKT005439,CUST06913,2025-12-19,Plan Change,Low,14,5.0,Phone
TKT005440,CUST06916,2026-06-08,Technical,Medium,1,4.0,Chat
TKT005441,CUST06917,2025-12-22,Cancellation,Low,6,4.0,Chat
TKT005442,CUST06922,2025-10-09,Billing,Low,2,4.0,Email
TKT005443,CUST06923,2025-03-05,Connectivity,Medium,2,3.0,Email
TKT005444,CUST06926,2026-03-27,Other,Medium,5,4.0,Phone
TKT005445,CUST06927,2024-06-23,Cancellation,Medium,3,5.0,App
TKT005446,CUST06929,2025-03-17,Cancellation,Medium,8,3.0,Email
TKT005447,CUST06929,2025-04-04,Billing,Medium,6,3.0,Email
TKT005448,CUST06930,2026-05-11,Plan Change,Low,4,3.0,Chat
TKT005449,CUST06930,2026-05-24,Billing,Low,5,4.0,App
TKT005450,CUST06933,2026-03-30,Plan Change,Low,9,3.0,Phone
TKT005451,CUST06934,2025-09-17,Billing,Low,1,3.0,App
TKT005452,CUST06935,2026-04-30,Connectivity,Low,2,4.0,Chat
TKT005453,CUST06936,2026-05-06,Plan Change,Low,6,3.0,Chat
TKT005454,CUST06936,2026-03-22,Connectivity,Low,10,4.0,Chat
TKT005455,CUST06936,2026-01-19,Cancellation,Low,3,4.0,Chat
TKT005456,CUST06937,2026-01-06,Plan Change,Low,10,3.0,Email
TKT005457,CUST06939,2026-01-26,Plan Change,Low,4,4.0,Chat
TKT005458,CUST06939,2025-03-31,Other,Low,2,3.0,App
TKT005459,CUST06940,2025-06-19,Billing,Medium,1,3.0,Chat
TKT005460,CUST06941,2026-03-07,Technical,Medium,6,4.0,App
TKT005461,CUST06942,2026-05-26,Cancellation,Medium,1,4.0,Chat
TKT005462,CUST06943,2025-04-26,Connectivity,Medium,3,4.0,App
TKT005463,CUST06943,2024-11-26,Plan Change,High,10,3.0,Chat
TKT005464,CUST06944,2025-08-29,Other,Low,3,3.0,Email
TKT005465,CUST06944,2025-09-05,Cancellation,Medium,3,4.0,Email
TKT005466,CUST06945,2026-06-10,Cancellation,Medium,1,3.0,Chat
TKT005467,CUST06947,2026-05-04,Cancellation,Medium,4,3.0,App
TKT005468,CUST06948,2026-06-11,Cancellation,Low,5,5.0,Phone
TKT005469,CUST06948,2026-03-09,Cancellation,High,5,2.0,Email
TKT005470,CUST06949,2025-11-05,Connectivity,High,2,4.0,App
TKT005471,CUST06949,2026-03-02,Plan Change,High,3,2.0,Chat
TKT005472,CUST06950,2025-10-05,Cancellation,Medium,5,3.0,App
TKT005473,CUST06951,2025-12-09,Cancellation,High,3,2.0,Email
TKT005474,CUST06952,2025-10-31,Cancellation,Low,5,4.0,Phone
TKT005475,CUST06955,2025-09-15,Billing,Low,2,4.0,Phone
TKT005476,CUST06955,2025-11-22,Billing,Low,3,3.0,Email
TKT005477,CUST06960,2025-12-04,Plan Change,Medium,5,4.0,Chat
TKT005478,CUST06961,2025-07-07,Technical,Low,4,5.0,Phone
TKT005479,CUST06961,2025-01-30,Connectivity,Low,6,3.0,App
TKT005480,CUST06964,2024-10-31,Technical,High,1,3.0,Chat
TKT005481,CUST06965,2024-02-12,Cancellation,Low,1,3.0,Email
TKT005482,CUST06966,2025-12-25,Other,Medium,2,3.0,Phone
TKT005483,CUST06967,2026-05-12,Plan Change,Medium,5,4.0,Email
TKT005484,CUST06968,2025-11-25,Connectivity,Low,5,4.0,Chat
TKT005485,CUST06969,2025-11-15,Connectivity,Medium,8,3.0,Email
TKT005486,CUST06970,2025-12-18,Cancellation,Medium,6,4.0,Phone
TKT005487,CUST06970,2026-05-18,Billing,Low,7,3.0,App
TKT005488,CUST06970,2025-07-09,Billing,Low,2,3.0,App
TKT005489,CUST06971,2024-09-30,Billing,Low,3,3.0,App
TKT005490,CUST06971,2026-01-20,Other,High,2,4.0,Email
TKT005491,CUST06974,2025-12-21,Cancellation,Low,8,3.0,Email
TKT005492,CUST06976,2025-08-21,Technical,Medium,2,3.0,Phone
TKT005493,CUST06978,2024-08-30,Billing,Low,2,3.0,Phone
TKT005494,CUST06980,2026-03-08,Other,Low,8,3.0,Chat
TKT005495,CUST06981,2026-05-02,Cancellation,Low,5,5.0,Phone
TKT005496,CUST06981,2026-03-20,Plan Change,Medium,3,4.0,Phone
TKT005497,CUST06981,2026-05-20,Plan Change,Low,3,4.0,Phone
TKT005498,CUST06983,2026-01-07,Plan Change,Low,3,4.0,Email
TKT005499,CUST06985,2025-08-25,Cancellation,High,3,4.0,Email
TKT005500,CUST06985,2025-04-13,Billing,Medium,4,3.0,App
TKT005501,CUST06986,2026-02-20,Connectivity,Medium,2,4.0,App
TKT005502,CUST06988,2025-05-28,Cancellation,Low,1,4.0,Phone
TKT005503,CUST06988,2026-02-24,Connectivity,Low,3,5.0,Chat
TKT005504,CUST06989,2025-04-14,Technical,Low,2,3.0,Email
TKT005505,CUST06990,2025-01-17,Other,Low,6,4.0,Email
TKT005506,CUST06991,2025-10-11,Other,Low,6,3.0,Email
TKT005507,CUST06991,2025-06-19,Cancellation,Low,1,4.0,App
TKT005508,CUST06991,2025-08-05,Billing,Low,3,2.0,Chat
TKT005509,CUST06992,2025-10-14,Connectivity,Medium,6,2.0,App
TKT005510,CUST06992,2026-04-27,Other,High,7,4.0,Chat
TKT005511,CUST06993,2025-12-22,Billing,Medium,6,5.0,App
TKT005512,CUST06994,2026-05-27,Billing,Medium,5,3.0,Chat
TKT005513,CUST06997,2026-04-11,Cancellation,Medium,8,2.0,Email
TKT005514,CUST07002,2026-04-18,Other,Medium,3,4.0,Email
TKT005515,CUST07002,2025-07-11,Connectivity,Medium,3,4.0,Email
TKT005516,CUST07006,2025-08-27,Other,Medium,6,3.0,App
TKT005517,CUST07006,2025-06-02,Other,Medium,3,5.0,Phone
TKT005518,CUST07009,2026-05-11,Cancellation,Low,2,4.0,Email
TKT005519,CUST07009,2026-03-29,Other,Low,5,3.0,App
TKT005520,CUST07009,2025-09-17,Connectivity,Low,2,4.0,Email
TKT005521,CUST07010,2026-04-28,Other,High,3,4.0,Phone
TKT005522,CUST07011,2025-01-23,Billing,Low,6,3.0,Chat
TKT005523,CUST07012,2026-01-28,Cancellation,High,1,4.0,App
TKT005524,CUST07013,2024-10-22,Other,Medium,3,4.0,App
TKT005525,CUST07014,2026-04-04,Connectivity,Medium,5,3.0,Chat
TKT005526,CUST07015,2026-06-01,Cancellation,Low,2,4.0,Email
TKT005527,CUST07018,2024-12-04,Cancellation,Low,2,3.0,Chat
TKT005528,CUST07020,2025-11-08,Technical,Low,3,3.0,Chat
TKT005529,CUST07020,2025-12-04,Plan Change,Medium,4,3.0,Email
TKT005530,CUST07020,2025-10-20,Plan Change,Medium,2,3.0,App
TKT005531,CUST07021,2026-05-20,Other,Low,2,3.0,Chat
TKT005532,CUST07022,2024-11-21,Technical,Low,3,4.0,Chat
TKT005533,CUST07025,2025-08-15,Plan Change,Low,5,4.0,Email
TKT005534,CUST07025,2025-07-16,Other,Medium,3,5.0,Email
TKT005535,CUST07026,2026-01-27,Cancellation,Medium,9,4.0,App
TKT005536,CUST07027,2026-06-27,Other,High,7,2.0,Chat
TKT005537,CUST07028,2026-04-09,Cancellation,Low,4,2.0,Chat
TKT005538,CUST07028,2024-11-10,Other,Low,4,3.0,Phone
TKT005539,CUST07028,2025-12-31,Technical,Medium,3,2.0,Phone
TKT005540,CUST07028,2024-04-12,Cancellation,Low,1,4.0,Chat
TKT005541,CUST07029,2025-05-11,Billing,Low,4,4.0,Email
TKT005542,CUST07037,2026-04-04,Plan Change,Medium,3,5.0,Phone
TKT005543,CUST07038,2024-12-28,Billing,Low,5,3.0,App
TKT005544,CUST07039,2026-01-27,Connectivity,Low,9,5.0,Email
TKT005545,CUST07039,2026-04-04,Billing,Low,7,4.0,Chat
TKT005546,CUST07039,2026-02-01,Technical,Low,8,4.0,App
TKT005547,CUST07042,2026-05-26,Billing,Low,6,5.0,Chat
TKT005548,CUST07042,2026-05-19,Technical,Low,1,5.0,Phone
TKT005549,CUST07044,2025-08-31,Plan Change,High,10,3.0,Chat
TKT005550,CUST07044,2026-05-24,Cancellation,Low,5,4.0,App
TKT005551,CUST07048,2025-07-27,Technical,Low,3,4.0,App
TKT005552,CUST07049,2025-12-14,Plan Change,Medium,3,4.0,Chat
TKT005553,CUST07050,2026-04-11,Other,Low,1,3.0,Chat
TKT005554,CUST07052,2026-02-20,Other,Low,5,2.0,App
TKT005555,CUST07053,2026-02-19,Cancellation,Medium,4,3.0,Chat
TKT005556,CUST07055,2026-05-24,Billing,Medium,7,4.0,Email
TKT005557,CUST07058,2026-05-22,Technical,Medium,1,3.0,Email
TKT005558,CUST07058,2026-05-03,Technical,High,4,4.0,Chat
TKT005559,CUST07060,2026-01-12,Billing,Medium,1,4.0,Chat
TKT005560,CUST07062,2026-05-05,Plan Change,Low,1,4.0,Email
TKT005561,CUST07062,2026-05-08,Connectivity,Low,4,5.0,Email
TKT005562,CUST07063,2026-01-19,Technical,Low,7,3.0,Phone
TKT005563,CUST07063,2026-01-18,Plan Change,Low,2,4.0,Chat
TKT005564,CUST07065,2026-05-04,Billing,High,1,5.0,Phone
TKT005565,CUST07066,2026-02-18,Technical,Low,5,5.0,App
TKT005566,CUST07066,2025-02-14,Billing,Medium,4,3.0,Phone
TKT005567,CUST07067,2026-02-05,Plan Change,Low,5,3.0,App
TKT005568,CUST07068,2026-01-01,Plan Change,Low,4,5.0,App
TKT005569,CUST07071,2026-05-04,Billing,Medium,5,4.0,App
TKT005570,CUST07073,2026-05-24,Billing,Low,1,4.0,Email
TKT005571,CUST07074,2025-12-02,Plan Change,Medium,5,5.0,Phone
TKT005572,CUST07075,2026-04-12,Connectivity,Medium,5,3.0,Chat
TKT005573,CUST07078,2025-08-08,Connectivity,Medium,3,4.0,Phone
TKT005574,CUST07078,2025-08-19,Cancellation,Low,5,4.0,Email
TKT005575,CUST07081,2025-08-04,Connectivity,Medium,4,3.0,Chat
TKT005576,CUST07084,2025-12-11,Cancellation,Medium,7,3.0,Email
TKT005577,CUST07086,2025-11-30,Cancellation,Low,4,4.0,Chat
TKT005578,CUST07087,2025-09-09,Connectivity,Low,3,2.0,Phone
TKT005579,CUST07087,2025-08-21,Connectivity,Low,8,5.0,Phone
TKT005580,CUST07088,2026-03-04,Billing,Medium,5,3.0,Phone
TKT005581,CUST07089,2024-11-04,Other,Low,5,3.0,App
TKT005582,CUST07089,2024-08-24,Technical,Medium,2,3.0,App
TKT005583,CUST07090,2025-05-06,Other,Low,3,4.0,Chat
TKT005584,CUST07090,2025-05-11,Technical,Low,3,5.0,Email
TKT005585,CUST07091,2026-05-06,Connectivity,Medium,2,5.0,Email
TKT005586,CUST07092,2025-12-27,Plan Change,High,3,4.0,App
TKT005587,CUST07092,2026-02-26,Billing,Medium,6,4.0,App
TKT005588,CUST07093,2026-04-20,Other,Medium,3,4.0,App
TKT005589,CUST07095,2026-03-27,Billing,Medium,1,3.0,App
TKT005590,CUST07097,2025-10-26,Billing,Medium,4,4.0,Chat
TKT005591,CUST07097,2026-01-02,Connectivity,Low,1,3.0,Chat
TKT005592,CUST07099,2025-04-08,Plan Change,Medium,7,3.0,App
TKT005593,CUST07099,2025-03-15,Other,Low,1,5.0,Phone
TKT005594,CUST07099,2026-04-14,Cancellation,Low,2,4.0,Phone
TKT005595,CUST07102,2026-04-29,Cancellation,Low,1,3.0,App
TKT005596,CUST07102,2026-03-19,Billing,High,17,3.0,Phone
TKT005597,CUST07102,2026-05-02,Cancellation,Medium,2,3.0,Phone
TKT005598,CUST07106,2024-07-12,Technical,High,1,2.0,Chat
TKT005599,CUST07109,2025-07-06,Plan Change,Low,5,3.0,Email
TKT005600,CUST07110,2026-01-04,Technical,Medium,2,5.0,App
TKT005601,CUST07112,2025-09-15,Cancellation,Low,10,4.0,Phone
TKT005602,CUST07113,2026-05-28,Other,Low,7,3.0,Phone
TKT005603,CUST07114,2025-07-08,Technical,Low,4,4.0,Phone
TKT005604,CUST07115,2024-10-18,Cancellation,Medium,4,3.0,Chat
TKT005605,CUST07119,2025-07-20,Cancellation,Low,2,4.0,App
TKT005606,CUST07121,2026-06-02,Cancellation,Medium,3,4.0,Chat
TKT005607,CUST07122,2024-10-28,Cancellation,Low,4,5.0,Email
TKT005608,CUST07124,2026-02-10,Billing,Medium,3,4.0,App
TKT005609,CUST07124,2025-02-22,Cancellation,Low,1,4.0,Email
TKT005610,CUST07125,2026-04-19,Connectivity,Low,4,4.0,Chat
TKT005611,CUST07125,2026-05-26,Cancellation,Low,2,3.0,Chat
TKT005612,CUST07125,2026-05-28,Technical,Low,6,4.0,Email
TKT005613,CUST07126,2026-04-30,Technical,Low,4,4.0,Phone
TKT005614,CUST07126,2026-03-31,Technical,Low,2,3.0,Email
TKT005615,CUST07127,2025-12-12,Billing,Low,5,4.0,Chat
TKT005616,CUST07129,2026-06-03,Plan Change,Low,2,4.0,Chat
TKT005617,CUST07132,2026-05-05,Connectivity,Medium,5,4.0,Phone
TKT005618,CUST07132,2026-05-12,Plan Change,Medium,1,3.0,Phone
TKT005619,CUST07132,2026-04-04,Billing,Low,4,4.0,App
TKT005620,CUST07133,2025-06-30,Billing,Medium,7,4.0,Phone
TKT005621,CUST07135,2025-11-27,Technical,Low,6,5.0,Chat
TKT005622,CUST07135,2024-10-31,Other,Low,1,4.0,App
TKT005623,CUST07137,2026-04-25,Billing,Low,4,3.0,App
TKT005624,CUST07137,2025-12-14,Cancellation,Low,4,5.0,Phone
TKT005625,CUST07141,2026-04-08,Billing,Medium,8,5.0,App
TKT005626,CUST07142,2024-12-16,Plan Change,Medium,5,4.0,Chat
TKT005627,CUST07148,2026-04-16,Plan Change,Low,4,3.0,Chat
TKT005628,CUST07149,2025-05-07,Billing,Low,1,3.0,Chat
TKT005629,CUST07149,2024-10-23,Other,Low,1,4.0,Chat
TKT005630,CUST07152,2024-10-11,Connectivity,Low,4,3.0,App
TKT005631,CUST07153,2026-06-05,Billing,Medium,4,4.0,App
TKT005632,CUST07153,2026-03-31,Plan Change,Low,7,3.0,Phone
TKT005633,CUST07155,2026-01-11,Technical,High,3,3.0,Email
TKT005634,CUST07156,2024-04-04,Plan Change,Low,3,3.0,Email
TKT005635,CUST07156,2026-01-18,Technical,High,3,4.0,Email
TKT005636,CUST07159,2025-04-16,Other,Low,2,4.0,Email
TKT005637,CUST07160,2025-11-29,Other,Low,1,3.0,Chat
TKT005638,CUST07161,2025-12-21,Connectivity,Low,3,4.0,Chat
TKT005639,CUST07162,2025-12-14,Other,Low,6,4.0,Chat
TKT005640,CUST07163,2024-10-10,Billing,High,6,2.0,App
TKT005641,CUST07164,2026-05-09,Connectivity,High,7,3.0,Email
TKT005642,CUST07166,2025-12-20,Billing,Low,5,5.0,Email
TKT005643,CUST07167,2026-01-02,Connectivity,Low,3,5.0,Phone
TKT005644,CUST07168,2026-03-11,Cancellation,Medium,3,3.0,Phone
TKT005645,CUST07169,2026-04-29,Billing,Low,3,2.0,Phone
TKT005646,CUST07171,2024-07-04,Billing,Medium,3,4.0,Chat
TKT005647,CUST07172,2025-12-27,Technical,Medium,3,5.0,Phone
TKT005648,CUST07172,2026-05-06,Cancellation,High,8,4.0,App
TKT005649,CUST07173,2025-06-25,Cancellation,Medium,4,3.0,Phone
TKT005650,CUST07174,2026-02-08,Cancellation,Medium,2,4.0,Email
TKT005651,CUST07177,2025-05-22,Technical,Low,6,5.0,Phone
TKT005652,CUST07179,2024-09-29,Billing,Medium,6,3.0,Email
TKT005653,CUST07181,2026-03-28,Connectivity,Low,4,3.0,Email
TKT005654,CUST07181,2026-03-10,Plan Change,Low,1,5.0,Chat
TKT005655,CUST07183,2026-03-27,Cancellation,Medium,12,5.0,Email
TKT005656,CUST07183,2026-05-18,Cancellation,Medium,4,5.0,Phone
TKT005657,CUST07186,2026-05-27,Cancellation,Low,7,4.0,Phone
TKT005658,CUST07187,2024-09-01,Billing,Medium,1,5.0,Chat
TKT005659,CUST07188,2026-01-16,Billing,Low,2,3.0,Phone
TKT005660,CUST07188,2025-09-29,Cancellation,Low,4,4.0,Phone
TKT005661,CUST07188,2026-02-11,Cancellation,Medium,3,4.0,Chat
TKT005662,CUST07189,2026-04-26,Connectivity,Low,2,3.0,App
TKT005663,CUST07194,2026-05-12,Billing,High,2,2.0,Chat
TKT005664,CUST07200,2025-11-12,Cancellation,Low,4,5.0,App
TKT005665,CUST07201,2026-05-10,Plan Change,Low,4,5.0,Chat
TKT005666,CUST07207,2026-04-30,Other,Medium,1,4.0,Chat
TKT005667,CUST07208,2025-10-12,Plan Change,High,2,2.0,App
TKT005668,CUST07210,2024-11-02,Cancellation,Low,4,4.0,Chat
TKT005669,CUST07210,2025-04-19,Technical,Low,12,5.0,Chat
TKT005670,CUST07213,2024-03-27,Cancellation,Medium,12,4.0,Phone
TKT005671,CUST07214,2025-08-28,Other,Low,2,3.0,App
TKT005672,CUST07214,2026-02-20,Technical,Low,1,4.0,App
TKT005673,CUST07214,2025-08-10,Billing,High,2,3.0,Phone
TKT005674,CUST07216,2024-04-21,Plan Change,Low,2,4.0,App
TKT005675,CUST07216,2024-10-31,Billing,Medium,4,3.0,Chat
TKT005676,CUST07217,2025-06-29,Other,Low,10,3.0,App
TKT005677,CUST07218,2025-12-30,Technical,Low,3,3.0,Email
TKT005678,CUST07219,2025-09-16,Billing,High,4,3.0,Phone
TKT005679,CUST07220,2026-05-27,Cancellation,Medium,1,2.0,App
TKT005680,CUST07220,2025-11-16,Billing,Medium,2,4.0,Email
TKT005681,CUST07220,2026-04-28,Plan Change,Low,2,4.0,Phone
TKT005682,CUST07220,2026-04-12,Plan Change,Medium,2,5.0,Email
TKT005683,CUST07221,2025-10-21,Connectivity,Medium,2,4.0,Chat
TKT005684,CUST07222,2025-08-13,Technical,Low,13,5.0,App
TKT005685,CUST07223,2025-12-25,Connectivity,Low,2,3.0,Chat
TKT005686,CUST07224,2024-08-21,Connectivity,Low,2,5.0,Email
TKT005687,CUST07226,2025-12-06,Cancellation,Low,4,,Email
TKT005688,CUST07226,2026-03-29,Connectivity,Medium,2,4.0,Chat
TKT005689,CUST07227,2026-02-21,Connectivity,Low,4,4.0,Chat
TKT005690,CUST07229,2025-07-15,Billing,Low,1,4.0,Email
TKT005691,CUST07230,2024-12-29,Cancellation,Low,4,4.0,Chat
TKT005692,CUST07232,2026-01-21,Plan Change,High,2,5.0,Phone
TKT005693,CUST07234,2026-05-22,Other,Low,3,5.0,Phone
TKT005694,CUST07235,2025-10-01,Technical,Medium,1,3.0,App
TKT005695,CUST07236,2025-06-14,Other,Medium,5,4.0,Email
TKT005696,CUST07238,2024-08-30,Billing,Low,1,4.0,Phone
TKT005697,CUST07239,2026-05-06,Plan Change,Medium,1,4.0,Phone
TKT005698,CUST07242,2025-10-09,Cancellation,Medium,1,3.0,Chat
TKT005699,CUST07246,2025-12-04,Technical,Medium,3,4.0,App
TKT005700,CUST07248,2024-11-29,Cancellation,Low,2,4.0,Email
TKT005701,CUST07249,2026-03-07,Billing,Medium,3,3.0,Phone
TKT005702,CUST07250,2026-05-05,Billing,Low,2,3.0,App
TKT005703,CUST07250,2025-06-23,Cancellation,Low,4,3.0,Phone
TKT005704,CUST07251,2024-09-02,Cancellation,Low,3,4.0,Email
TKT005705,CUST07252,2025-12-12,Technical,Medium,2,3.0,Phone
TKT005706,CUST07254,2025-02-10,Plan Change,Low,2,5.0,Chat
TKT005707,CUST07255,2025-08-07,Plan Change,Low,2,3.0,Chat
TKT005708,CUST07259,2026-05-02,Technical,Low,1,5.0,Phone
TKT005709,CUST07261,2026-01-23,Plan Change,Low,4,3.0,Email
TKT005710,CUST07263,2025-07-04,Connectivity,Low,2,5.0,Email
TKT005711,CUST07264,2024-10-08,Plan Change,Medium,2,3.0,Email
TKT005712,CUST07271,2026-06-10,Plan Change,Low,3,2.0,Email
TKT005713,CUST07271,2026-02-24,Cancellation,Medium,2,5.0,App
TKT005714,CUST07272,2025-02-07,Connectivity,Medium,5,4.0,App
TKT005715,CUST07276,2025-08-07,Connectivity,Medium,1,4.0,Phone
TKT005716,CUST07277,2026-05-19,Billing,Medium,2,5.0,Phone
TKT005717,CUST07285,2025-09-22,Technical,Low,5,3.0,Phone
TKT005718,CUST07285,2026-03-24,Technical,Medium,2,4.0,Phone
TKT005719,CUST07286,2026-04-05,Other,Low,3,5.0,Phone
TKT005720,CUST07288,2026-01-31,Billing,High,2,2.0,Email
TKT005721,CUST07288,2025-12-16,Connectivity,Medium,3,3.0,Chat
TKT005722,CUST07289,2024-08-15,Cancellation,Medium,3,3.0,Phone
TKT005723,CUST07289,2025-08-01,Other,Medium,5,5.0,Chat
TKT005724,CUST07297,2025-06-06,Billing,Medium,10,5.0,Chat
TKT005725,CUST07298,2025-04-22,Cancellation,Medium,2,4.0,Phone
TKT005726,CUST07299,2025-11-25,Other,High,5,4.0,Email
TKT005727,CUST07299,2026-01-18,Technical,Medium,3,4.0,Chat
TKT005728,CUST07302,2024-03-28,Connectivity,High,7,3.0,Email
TKT005729,CUST07303,2026-02-17,Technical,High,4,3.0,Email
TKT005730,CUST07304,2026-02-08,Technical,High,6,3.0,Email
TKT005731,CUST07306,2025-03-03,Connectivity,Low,2,2.0,App
TKT005732,CUST07306,2026-01-16,Other,Medium,6,3.0,App
TKT005733,CUST07306,2026-02-19,Technical,Low,3,3.0,Email
TKT005734,CUST07308,2025-12-16,Other,Medium,5,2.0,Chat
TKT005735,CUST07310,2024-09-30,Connectivity,Low,3,4.0,Email
TKT005736,CUST07310,2025-11-27,Technical,Low,6,4.0,App
TKT005737,CUST07312,2026-01-15,Connectivity,Low,2,4.0,Phone
TKT005738,CUST07314,2025-10-03,Connectivity,Low,1,5.0,Chat
TKT005739,CUST07314,2025-12-08,Plan Change,Low,3,3.0,App
TKT005740,CUST07327,2025-01-28,Technical,Low,2,2.0,Chat
TKT005741,CUST07328,2026-01-07,Plan Change,High,2,3.0,Chat
TKT005742,CUST07331,2025-07-15,Other,Low,2,4.0,Chat
TKT005743,CUST07331,2026-05-13,Billing,Medium,4,5.0,Chat
TKT005744,CUST07334,2025-01-15,Billing,Medium,4,4.0,Chat
TKT005745,CUST07338,2025-10-14,Other,Low,7,4.0,App
TKT005746,CUST07338,2026-02-03,Billing,Medium,5,5.0,Email
TKT005747,CUST07341,2025-10-03,Cancellation,Medium,7,3.0,App
TKT005748,CUST07341,2025-06-15,Connectivity,Medium,3,3.0,Email
TKT005749,CUST07344,2025-02-18,Billing,Low,8,5.0,Email
TKT005750,CUST07344,2025-02-09,Cancellation,Low,1,5.0,Email
TKT005751,CUST07345,2026-04-20,Connectivity,Medium,1,4.0,Chat
TKT005752,CUST07346,2024-10-04,Technical,Low,3,4.0,App
TKT005753,CUST07348,2025-06-02,Other,Medium,4,3.0,Email
TKT005754,CUST07348,2026-03-06,Connectivity,Low,2,4.0,Chat
TKT005755,CUST07348,2026-05-10,Connectivity,Low,1,4.0,Email
TKT005756,CUST07350,2025-04-28,Technical,Low,4,4.0,Phone
TKT005757,CUST07351,2026-05-19,Connectivity,High,5,4.0,Phone
TKT005758,CUST07351,2026-05-08,Billing,Low,1,3.0,App
TKT005759,CUST07353,2025-02-19,Billing,Low,5,3.0,Email
TKT005760,CUST07357,2026-03-30,Other,Low,7,4.0,Chat
TKT005761,CUST07358,2025-11-14,Billing,Medium,4,3.0,App
TKT005762,CUST07359,2025-12-10,Connectivity,Medium,8,4.0,Chat
TKT005763,CUST07360,2026-03-08,Other,Medium,2,4.0,Phone
TKT005764,CUST07361,2025-01-23,Plan Change,Medium,3,2.0,Phone
TKT005765,CUST07364,2026-06-08,Plan Change,Low,3,3.0,Email
TKT005766,CUST07365,2025-10-31,Cancellation,Medium,5,4.0,Chat
TKT005767,CUST07367,2026-03-09,Cancellation,High,3,5.0,Chat
TKT005768,CUST07368,2025-05-17,Other,Low,3,5.0,Email
TKT005769,CUST07369,2026-05-16,Plan Change,Low,3,5.0,Email
TKT005770,CUST07369,2026-03-03,Cancellation,Low,4,4.0,Phone
TKT005771,CUST07370,2025-10-03,Plan Change,High,2,2.0,Email
TKT005772,CUST07372,2026-05-12,Connectivity,High,4,2.0,Phone
TKT005773,CUST07372,2024-09-20,Other,Low,5,4.0,Phone
TKT005774,CUST07374,2025-06-20,Plan Change,Medium,1,4.0,App
TKT005775,CUST07377,2026-03-22,Plan Change,High,4,2.0,Email
TKT005776,CUST07377,2025-02-21,Cancellation,Low,5,4.0,Email
TKT005777,CUST07381,2025-09-13,Cancellation,Medium,3,3.0,Phone
TKT005778,CUST07384,2025-07-11,Other,Low,4,4.0,Chat
TKT005779,CUST07387,2026-05-02,Other,Medium,2,2.0,Phone
TKT005780,CUST07388,2025-02-09,Cancellation,Low,1,5.0,Email
TKT005781,CUST07393,2025-02-23,Technical,Low,2,5.0,Phone
TKT005782,CUST07395,2026-05-14,Other,Medium,3,3.0,Chat
TKT005783,CUST07399,2025-06-23,Connectivity,Low,3,4.0,Phone
TKT005784,CUST07402,2026-03-16,Other,Low,9,3.0,Chat
TKT005785,CUST07405,2025-08-27,Technical,Medium,3,3.0,Phone
TKT005786,CUST07407,2025-07-30,Connectivity,Low,4,5.0,Email
TKT005787,CUST07413,2026-01-29,Cancellation,Low,10,4.0,Email
TKT005788,CUST07414,2024-09-27,Cancellation,Low,2,5.0,App
TKT005789,CUST07415,2026-03-16,Plan Change,Medium,3,3.0,Chat
TKT005790,CUST07415,2025-11-26,Plan Change,Low,3,3.0,Chat
TKT005791,CUST07417,2026-04-25,Technical,Medium,2,4.0,Email
TKT005792,CUST07418,2026-05-28,Plan Change,Low,4,4.0,Phone
TKT005793,CUST07418,2025-11-08,Technical,Low,1,4.0,Email
TKT005794,CUST07419,2025-10-18,Technical,Low,7,3.0,App
TKT005795,CUST07420,2024-11-06,Connectivity,Low,1,3.0,Chat
TKT005796,CUST07420,2025-02-18,Other,Low,3,4.0,Phone
TKT005797,CUST07420,2025-09-22,Technical,High,3,3.0,Phone
TKT005798,CUST07420,2025-06-23,Technical,Low,5,4.0,Phone
TKT005799,CUST07425,2024-11-26,Technical,Medium,3,4.0,Email
TKT005800,CUST07426,2026-06-04,Other,Medium,2,5.0,Chat
TKT005801,CUST07429,2026-05-13,Connectivity,Medium,1,5.0,Email
TKT005802,CUST07431,2026-05-04,Technical,Low,2,3.0,Email
TKT005803,CUST07431,2026-06-15,Billing,Medium,3,5.0,Chat
TKT005804,CUST07432,2024-03-23,Billing,High,4,3.0,Email
TKT005805,CUST07433,2026-02-17,Plan Change,Low,3,4.0,App
TKT005806,CUST07433,2026-01-10,Other,Low,4,4.0,Email
TKT005807,CUST07434,2025-11-25,Connectivity,Low,1,4.0,Phone
TKT005808,CUST07437,2026-05-31,Plan Change,High,4,2.0,Email
TKT005809,CUST07438,2025-12-10,Billing,Medium,4,4.0,Phone
TKT005810,CUST07441,2026-01-14,Cancellation,Low,4,4.0,Phone
TKT005811,CUST07441,2026-01-13,Cancellation,Low,6,4.0,Phone
TKT005812,CUST07442,2026-03-03,Billing,Medium,8,4.0,Chat
TKT005813,CUST07442,2026-01-28,Billing,Low,2,3.0,Phone
TKT005814,CUST07442,2026-04-06,Billing,Medium,1,3.0,App
TKT005815,CUST07444,2025-09-04,Plan Change,Low,4,3.0,App
TKT005816,CUST07446,2025-10-16,Plan Change,Low,6,2.0,Email
TKT005817,CUST07446,2026-04-15,Billing,Medium,6,4.0,Chat
TKT005818,CUST07448,2026-03-11,Plan Change,Medium,5,3.0,App
TKT005819,CUST07448,2025-11-04,Cancellation,Medium,3,4.0,Email
TKT005820,CUST07449,2025-11-17,Other,High,7,3.0,Email
TKT005821,CUST07450,2025-08-11,Plan Change,Medium,2,4.0,Phone
TKT005822,CUST07450,2025-06-17,Connectivity,Low,1,5.0,Phone
TKT005823,CUST07453,2025-11-08,Plan Change,Low,2,4.0,Chat
TKT005824,CUST07453,2026-02-27,Technical,High,4,4.0,App
TKT005825,CUST07453,2026-01-03,Technical,High,2,3.0,Phone
TKT005826,CUST07453,2024-11-18,Other,Medium,3,3.0,Chat
TKT005827,CUST07453,2025-11-01,Other,Low,2,4.0,App
TKT005828,CUST07453,2025-04-27,Plan Change,Low,7,3.0,Phone
TKT005829,CUST07454,2025-02-02,Connectivity,Medium,4,4.0,App
TKT005830,CUST07457,2025-01-29,Plan Change,Low,1,4.0,App
TKT005831,CUST07459,2024-09-13,Plan Change,Low,3,3.0,Chat
TKT005832,CUST07460,2025-02-06,Other,Medium,2,3.0,Phone
TKT005833,CUST07461,2025-03-11,Other,Medium,3,4.0,App
TKT005834,CUST07462,2025-11-27,Billing,Medium,2,5.0,Chat
TKT005835,CUST07462,2026-05-24,Billing,Low,4,3.0,Email
TKT005836,CUST07463,2024-12-24,Connectivity,Low,3,4.0,Chat
TKT005837,CUST07465,2026-05-06,Other,Low,6,5.0,Chat
TKT005838,CUST07470,2026-05-25,Connectivity,Low,2,3.0,Email
TKT005839,CUST07471,2024-10-28,Plan Change,Medium,1,4.0,Chat
TKT005840,CUST07472,2026-04-17,Billing,Low,3,4.0,Email
TKT005841,CUST07473,2026-02-24,Other,Medium,3,3.0,Chat
TKT005842,CUST07474,2025-01-23,Cancellation,Medium,5,4.0,Chat
TKT005843,CUST07474,2024-05-09,Technical,High,5,3.0,Email
TKT005844,CUST07475,2024-07-11,Billing,Medium,2,4.0,App
TKT005845,CUST07476,2025-10-28,Billing,Low,3,4.0,Email
TKT005846,CUST07477,2025-02-24,Technical,Medium,5,3.0,App
TKT005847,CUST07478,2026-03-09,Other,High,8,3.0,Phone
TKT005848,CUST07479,2024-10-15,Billing,Low,7,3.0,Chat
TKT005849,CUST07482,2025-08-10,Cancellation,Medium,9,3.0,Email
TKT005850,CUST07482,2025-05-27,Technical,Low,3,4.0,Phone
TKT005851,CUST07483,2024-09-25,Billing,Low,7,3.0,Phone
TKT005852,CUST07485,2026-02-19,Other,Low,7,3.0,Email
TKT005853,CUST07486,2025-04-21,Connectivity,Low,4,3.0,Phone
TKT005854,CUST07488,2026-02-20,Billing,Medium,3,4.0,App
TKT005855,CUST07488,2026-02-23,Other,Medium,4,4.0,App
TKT005856,CUST07489,2024-06-03,Plan Change,Medium,4,3.0,Phone
TKT005857,CUST07489,2025-02-06,Plan Change,High,2,3.0,Phone
TKT005858,CUST07491,2026-06-06,Billing,Medium,7,3.0,App
TKT005859,CUST07494,2026-06-09,Plan Change,Medium,8,3.0,Email
TKT005860,CUST07494,2026-03-29,Billing,Low,4,2.0,Phone
TKT005861,CUST07495,2024-12-25,Other,Medium,1,4.0,Phone
TKT005862,CUST07497,2025-05-05,Cancellation,Low,13,4.0,Email
TKT005863,CUST07497,2025-07-07,Technical,Low,7,4.0,Phone
TKT005864,CUST07499,2025-07-21,Plan Change,Low,3,3.0,Email
TKT005865,CUST07499,2025-01-08,Billing,Low,3,3.0,Chat
TKT005866,CUST07500,2025-01-04,Connectivity,Medium,2,4.0,Phone
TKT005867,CUST07501,2026-05-29,Other,Low,2,3.0,Chat
TKT005868,CUST07501,2026-04-21,Cancellation,Low,8,4.0,Email
TKT005869,CUST07503,2026-06-02,Cancellation,Medium,2,5.0,Phone
TKT005870,CUST07503,2026-05-17,Cancellation,High,2,3.0,App
TKT005871,CUST07504,2026-01-17,Cancellation,Low,4,3.0,Chat
TKT005872,CUST07505,2026-04-10,Technical,Medium,5,3.0,Chat
TKT005873,CUST07505,2025-09-12,Plan Change,Low,3,4.0,App
TKT005874,CUST07506,2025-11-04,Other,Low,8,3.0,Email
TKT005875,CUST07506,2025-10-29,Billing,Low,2,4.0,Phone
TKT005876,CUST07506,2025-06-18,Billing,Low,1,4.0,Email
TKT005877,CUST07506,2025-05-31,Billing,Medium,2,4.0,Chat
TKT005878,CUST07509,2026-05-31,Cancellation,Medium,2,4.0,Chat
TKT005879,CUST07509,2026-04-06,Billing,Low,4,4.0,Phone
TKT005880,CUST07509,2026-03-16,Plan Change,Medium,1,3.0,Chat
TKT005881,CUST07510,2026-04-15,Billing,Low,5,4.0,App
TKT005882,CUST07515,2024-06-11,Billing,High,4,2.0,Phone
TKT005883,CUST07516,2024-08-08,Other,Low,1,3.0,Email
TKT005884,CUST07518,2026-04-15,Other,Low,3,3.0,Phone
TKT005885,CUST07523,2026-04-27,Technical,Medium,5,5.0,Phone
TKT005886,CUST07524,2025-05-29,Billing,Medium,3,4.0,Email
TKT005887,CUST07525,2025-05-27,Cancellation,Medium,2,5.0,Email
TKT005888,CUST07525,2026-02-25,Plan Change,Medium,2,4.0,Email
TKT005889,CUST07526,2026-01-09,Plan Change,Medium,4,5.0,Chat
TKT005890,CUST07526,2026-04-27,Connectivity,Low,2,5.0,App
TKT005891,CUST07527,2025-10-17,Plan Change,Low,3,3.0,App
TKT005892,CUST07528,2026-05-27,Technical,Medium,5,2.0,Phone
TKT005893,CUST07528,2026-05-07,Technical,Low,6,3.0,Email
TKT005894,CUST07529,2026-05-24,Other,Medium,5,3.0,Chat
TKT005895,CUST07529,2026-05-02,Plan Change,Medium,4,3.0,Email
TKT005896,CUST07530,2026-06-08,Plan Change,Low,4,5.0,Chat
TKT005897,CUST07531,2025-08-16,Connectivity,Low,3,4.0,Phone
TKT005898,CUST07532,2026-03-16,Plan Change,Low,4,4.0,Email
TKT005899,CUST07532,2025-09-09,Technical,Medium,2,4.0,App
TKT005900,CUST07534,2026-05-16,Other,Low,3,3.0,App
TKT005901,CUST07534,2026-06-15,Plan Change,Low,7,5.0,App
TKT005902,CUST07535,2026-02-17,Connectivity,Low,2,3.0,Phone
TKT005903,CUST07537,2026-05-02,Connectivity,Low,7,3.0,Phone
TKT005904,CUST07537,2026-03-06,Billing,Medium,7,4.0,Chat
TKT005905,CUST07537,2026-06-10,Plan Change,Medium,1,4.0,Phone
TKT005906,CUST07538,2025-09-30,Other,Low,3,3.0,App
TKT005907,CUST07541,2024-10-27,Connectivity,Low,2,3.0,App
TKT005908,CUST07542,2025-01-18,Plan Change,Low,3,2.0,Email
TKT005909,CUST07542,2025-03-18,Connectivity,Low,5,3.0,Chat
TKT005910,CUST07545,2025-10-04,Other,Low,5,5.0,App
TKT005911,CUST07545,2026-05-05,Other,High,4,4.0,Phone
TKT005912,CUST07547,2025-01-12,Connectivity,Low,4,4.0,Phone
TKT005913,CUST07548,2026-05-03,Connectivity,High,4,2.0,Chat
TKT005914,CUST07548,2026-05-24,Billing,Low,3,5.0,Phone
TKT005915,CUST07548,2026-06-10,Cancellation,Medium,1,5.0,Chat
TKT005916,CUST07549,2025-07-21,Billing,Low,3,4.0,Email
TKT005917,CUST07551,2026-03-16,Cancellation,Medium,1,5.0,App
TKT005918,CUST07552,2026-02-17,Cancellation,Low,2,4.0,Phone
TKT005919,CUST07555,2025-05-28,Billing,Medium,2,3.0,Chat
TKT005920,CUST07556,2025-06-28,Other,High,3,2.0,Phone
TKT005921,CUST07557,2025-12-19,Connectivity,Medium,5,3.0,Phone
TKT005922,CUST07561,2026-01-25,Billing,Low,2,4.0,Phone
TKT005923,CUST07564,2026-03-12,Billing,Low,1,3.0,Phone
TKT005924,CUST07564,2026-03-16,Other,Medium,6,5.0,App
TKT005925,CUST07566,2025-08-29,Technical,Medium,5,4.0,Email
TKT005926,CUST07567,2025-03-30,Plan Change,Medium,5,4.0,Email
TKT005927,CUST07569,2025-12-28,Billing,Medium,4,4.0,Phone
TKT005928,CUST07569,2025-06-18,Billing,Low,6,3.0,Email
TKT005929,CUST07570,2026-04-16,Cancellation,Medium,3,4.0,App
TKT005930,CUST07571,2025-09-04,Other,Medium,3,5.0,Phone
TKT005931,CUST07573,2025-08-26,Billing,Low,3,3.0,Chat
TKT005932,CUST07573,2025-09-23,Cancellation,Low,3,5.0,Chat
TKT005933,CUST07574,2026-06-05,Cancellation,Low,2,4.0,App
TKT005934,CUST07575,2025-12-31,Other,Low,3,4.0,Chat
TKT005935,CUST07577,2024-12-31,Billing,Low,7,3.0,Email
TKT005936,CUST07578,2024-12-01,Other,Low,4,4.0,Phone
TKT005937,CUST07581,2026-01-09,Technical,Low,2,3.0,Phone
TKT005938,CUST07582,2026-06-15,Technical,Low,5,4.0,Chat
TKT005939,CUST07584,2026-03-05,Cancellation,Medium,7,3.0,App
TKT005940,CUST07585,2024-11-06,Billing,Low,5,5.0,App
TKT005941,CUST07590,2026-05-14,Billing,Low,3,3.0,Chat
TKT005942,CUST07591,2026-06-16,Other,High,8,3.0,Email
TKT005943,CUST07591,2026-06-05,Other,Low,3,4.0,Email
TKT005944,CUST07592,2026-01-08,Plan Change,Medium,2,4.0,App
TKT005945,CUST07592,2026-05-01,Technical,Medium,1,4.0,Phone
TKT005946,CUST07596,2026-03-31,Connectivity,Low,2,3.0,App
TKT005947,CUST07596,2025-07-22,Connectivity,Low,9,5.0,App
TKT005948,CUST07597,2026-04-22,Technical,Low,1,4.0,Phone
TKT005949,CUST07598,2025-07-11,Connectivity,Low,1,4.0,Chat
TKT005950,CUST07601,2024-07-31,Other,Low,3,4.0,App
TKT005951,CUST07602,2024-12-27,Connectivity,Low,4,4.0,Chat
TKT005952,CUST07603,2026-04-30,Connectivity,Low,7,3.0,Phone
TKT005953,CUST07607,2026-03-28,Plan Change,Low,2,3.0,App
TKT005954,CUST07609,2026-06-11,Connectivity,Medium,2,5.0,Chat
TKT005955,CUST07610,2024-09-21,Other,Low,1,5.0,App
TKT005956,CUST07611,2026-04-05,Connectivity,Low,6,3.0,Email
TKT005957,CUST07612,2026-01-03,Cancellation,Low,5,5.0,Chat
TKT005958,CUST07612,2026-05-29,Plan Change,Low,2,4.0,Email
TKT005959,CUST07612,2026-04-08,Other,Medium,5,3.0,App
TKT005960,CUST07613,2025-09-20,Other,Medium,3,5.0,App
TKT005961,CUST07613,2025-10-09,Plan Change,High,2,2.0,App
TKT005962,CUST07615,2026-01-11,Connectivity,Medium,4,4.0,Email
TKT005963,CUST07615,2026-04-07,Connectivity,Low,4,4.0,Chat
TKT005964,CUST07615,2025-02-01,Cancellation,Medium,5,4.0,Email
TKT005965,CUST07620,2025-11-21,Cancellation,High,4,4.0,App
TKT005966,CUST07621,2026-06-20,Other,Low,1,3.0,Phone
TKT005967,CUST07622,2025-07-07,Cancellation,Medium,3,4.0,App
TKT005968,CUST07622,2026-04-08,Other,Medium,5,,App
TKT005969,CUST07622,2025-10-09,Other,Low,4,5.0,App
TKT005970,CUST07624,2026-06-10,Plan Change,High,1,2.0,Email
TKT005971,CUST07624,2026-06-09,Cancellation,Low,2,4.0,Email
TKT005972,CUST07626,2025-12-03,Connectivity,Low,2,2.0,App
TKT005973,CUST07627,2024-11-22,Technical,Medium,4,3.0,Email
TKT005974,CUST07628,2026-01-27,Cancellation,Low,5,3.0,Email
TKT005975,CUST07630,2025-08-16,Other,Low,6,4.0,Chat
TKT005976,CUST07634,2026-03-17,Other,Low,1,5.0,Phone
TKT005977,CUST07634,2025-08-22,Technical,Low,2,4.0,Email
TKT005978,CUST07634,2026-02-01,Billing,Low,2,4.0,Phone
TKT005979,CUST07636,2025-08-20,Plan Change,Low,3,4.0,Email
TKT005980,CUST07638,2026-03-12,Billing,Low,4,4.0,Phone
TKT005981,CUST07638,2026-05-23,Plan Change,Low,2,3.0,Email
TKT005982,CUST07639,2025-08-09,Other,Medium,2,3.0,App
TKT005983,CUST07642,2024-06-18,Plan Change,Low,6,3.0,Phone
TKT005984,CUST07643,2026-03-08,Technical,Medium,3,3.0,Email
TKT005985,CUST07646,2026-06-06,Connectivity,Low,4,4.0,Email
TKT005986,CUST07647,2026-03-18,Plan Change,Medium,3,3.0,App
TKT005987,CUST07649,2026-04-07,Other,Medium,6,2.0,App
TKT005988,CUST07651,2025-04-04,Other,High,4,4.0,App
TKT005989,CUST07652,2025-07-20,Connectivity,Low,1,5.0,Email
TKT005990,CUST07653,2026-06-10,Other,Low,4,4.0,App
TKT005991,CUST07654,2026-06-10,Billing,Low,3,3.0,Email
TKT005992,CUST07656,2025-09-02,Billing,Low,2,4.0,Email
TKT005993,CUST07658,2026-02-17,Technical,Low,6,4.0,App
TKT005994,CUST07658,2026-03-09,Connectivity,Low,8,3.0,Chat
TKT005995,CUST07658,2025-10-25,Technical,Low,2,4.0,App
TKT005996,CUST07658,2025-11-26,Billing,Low,3,3.0,Chat
TKT005997,CUST07659,2026-02-18,Other,High,11,3.0,Email
TKT005998,CUST07660,2026-05-26,Plan Change,Medium,2,4.0,App
TKT005999,CUST07661,2026-04-21,Connectivity,Medium,2,4.0,Chat
TKT006000,CUST07661,2026-01-06,Connectivity,Low,3,3.0,Chat
TKT006001,CUST07662,2026-02-03,Technical,Low,2,3.0,Phone
TKT006002,CUST07662,2025-09-25,Technical,Low,2,5.0,Email
TKT006003,CUST07663,2025-11-17,Plan Change,Low,4,5.0,Chat
TKT006004,CUST07666,2026-01-20,Other,Medium,4,4.0,Phone
TKT006005,CUST07668,2025-08-19,Billing,High,1,3.0,Email
TKT006006,CUST07669,2025-12-21,Cancellation,Medium,7,4.0,Chat
TKT006007,CUST07673,2025-09-28,Other,Medium,2,3.0,Chat
TKT006008,CUST07675,2026-03-09,Other,Medium,2,3.0,Phone
TKT006009,CUST07679,2026-06-11,Cancellation,High,1,4.0,App
TKT006010,CUST07680,2025-12-13,Other,Medium,5,3.0,Email
TKT006011,CUST07684,2026-03-17,Billing,Low,2,4.0,Chat
TKT006012,CUST07686,2025-11-11,Technical,Medium,5,3.0,Chat
TKT006013,CUST07687,2026-03-31,Technical,Low,1,4.0,Email
TKT006014,CUST07687,2026-05-28,Technical,High,6,3.0,App
TKT006015,CUST07689,2026-04-04,Technical,High,4,4.0,Phone
TKT006016,CUST07689,2026-06-03,Plan Change,Medium,6,4.0,App
TKT006017,CUST07691,2026-02-24,Billing,Low,2,5.0,Phone
TKT006018,CUST07692,2026-06-03,Connectivity,Medium,4,4.0,Phone
TKT006019,CUST07695,2026-05-28,Other,Low,3,4.0,Phone
TKT006020,CUST07696,2025-06-20,Billing,Low,4,3.0,App
TKT006021,CUST07698,2026-03-29,Plan Change,Low,3,4.0,App
TKT006022,CUST07699,2026-03-09,Technical,High,1,2.0,Phone
TKT006023,CUST07700,2026-03-03,Cancellation,Low,1,5.0,App
TKT006024,CUST07700,2025-12-15,Cancellation,Medium,2,4.0,Email
TKT006025,CUST07700,2026-02-04,Billing,Low,5,3.0,Email
TKT006026,CUST07701,2025-06-24,Technical,Low,2,4.0,Phone
TKT006027,CUST07704,2025-07-10,Billing,Low,3,3.0,App
TKT006028,CUST07707,2025-01-10,Billing,High,3,3.0,App
TKT006029,CUST07708,2024-12-11,Connectivity,Low,5,3.0,Phone
TKT006030,CUST07708,2025-11-22,Other,High,4,2.0,App
TKT006031,CUST07709,2025-09-10,Connectivity,Low,4,3.0,Chat
TKT006032,CUST07711,2026-05-30,Connectivity,Low,3,3.0,App
TKT006033,CUST07711,2026-03-04,Plan Change,Low,11,4.0,Chat
TKT006034,CUST07712,2026-02-18,Connectivity,Low,5,4.0,App
TKT006035,CUST07713,2025-11-17,Connectivity,Medium,7,3.0,Email
TKT006036,CUST07714,2025-12-07,Other,Low,4,4.0,Phone
TKT006037,CUST07714,2026-01-27,Connectivity,High,2,2.0,Email
TKT006038,CUST07715,2026-01-30,Other,Low,2,5.0,App
TKT006039,CUST07717,2025-10-05,Plan Change,Medium,2,3.0,Phone
TKT006040,CUST07717,2025-09-10,Technical,Low,5,3.0,App
TKT006041,CUST07721,2026-06-27,Plan Change,Medium,3,5.0,Phone
TKT006042,CUST07722,2026-05-16,Other,Medium,2,4.0,App
TKT006043,CUST07725,2026-02-27,Plan Change,Medium,2,3.0,Chat
TKT006044,CUST07727,2025-12-21,Billing,High,1,4.0,Email
TKT006045,CUST07729,2026-04-19,Technical,High,1,3.0,Chat
TKT006046,CUST07731,2024-10-08,Billing,Low,7,3.0,App
TKT006047,CUST07733,2026-04-15,Connectivity,High,2,2.0,Chat
TKT006048,CUST07737,2026-04-18,Technical,Low,5,4.0,Email
TKT006049,CUST07742,2024-09-25,Connectivity,Medium,2,3.0,Chat
TKT006050,CUST07743,2026-01-31,Cancellation,High,5,2.0,Phone
TKT006051,CUST07744,2026-06-01,Billing,Medium,2,4.0,Email
TKT006052,CUST07745,2026-05-26,Cancellation,Low,5,4.0,Email
TKT006053,CUST07745,2026-05-29,Billing,Low,1,4.0,Chat
TKT006054,CUST07746,2026-03-15,Cancellation,Low,8,3.0,App
TKT006055,CUST07747,2025-08-25,Cancellation,Low,7,4.0,Chat
TKT006056,CUST07749,2025-04-22,Technical,Low,4,4.0,Phone
TKT006057,CUST07751,2024-11-28,Technical,Low,2,3.0,App
TKT006058,CUST07753,2025-08-20,Cancellation,Low,2,3.0,Email
TKT006059,CUST07754,2026-05-20,Connectivity,Low,14,4.0,Phone
TKT006060,CUST07756,2026-03-30,Technical,Low,1,4.0,Email
TKT006061,CUST07759,2025-11-06,Plan Change,Low,10,2.0,Phone
TKT006062,CUST07759,2025-09-04,Billing,Low,3,5.0,App
TKT006063,CUST07760,2026-06-09,Billing,Low,4,4.0,Phone
TKT006064,CUST07762,2025-09-12,Connectivity,Low,1,5.0,App
TKT006065,CUST07763,2025-09-12,Connectivity,Low,7,5.0,Email
TKT006066,CUST07763,2026-02-28,Plan Change,Low,1,5.0,App
TKT006067,CUST07766,2026-06-03,Technical,Medium,1,3.0,Chat
TKT006068,CUST07768,2026-05-26,Connectivity,Medium,2,4.0,App
TKT006069,CUST07769,2026-03-04,Technical,Low,2,4.0,Chat
TKT006070,CUST07769,2025-12-13,Other,Low,4,3.0,Phone
TKT006071,CUST07770,2024-10-31,Other,Low,6,4.0,Phone
TKT006072,CUST07770,2025-01-27,Other,Low,5,4.0,Email
TKT006073,CUST07771,2026-04-30,Technical,High,3,4.0,Email
TKT006074,CUST07771,2025-09-29,Technical,Low,3,4.0,App
TKT006075,CUST07773,2025-07-06,Connectivity,Low,6,2.0,Email
TKT006076,CUST07780,2025-09-18,Cancellation,Low,3,3.0,Chat
TKT006077,CUST07780,2026-03-13,Technical,High,1,2.0,Phone
TKT006078,CUST07781,2024-08-27,Billing,Low,3,4.0,Phone
TKT006079,CUST07783,2025-06-30,Technical,Medium,2,3.0,Chat
TKT006080,CUST07784,2026-05-01,Technical,High,1,3.0,App
TKT006081,CUST07787,2026-05-04,Plan Change,Medium,3,,App
TKT006082,CUST07788,2026-04-28,Other,Medium,5,3.0,Email
TKT006083,CUST07788,2025-10-03,Plan Change,Low,7,5.0,Phone
TKT006084,CUST07788,2026-02-25,Connectivity,Low,4,4.0,Chat
TKT006085,CUST07789,2025-08-20,Technical,High,5,3.0,Chat
TKT006086,CUST07789,2026-04-30,Billing,Low,1,4.0,Email
TKT006087,CUST07791,2026-01-21,Technical,Medium,2,5.0,App
TKT006088,CUST07792,2025-08-12,Other,Low,1,4.0,Email
TKT006089,CUST07792,2025-02-13,Billing,Low,12,4.0,Chat
TKT006090,CUST07792,2025-07-22,Billing,Low,4,4.0,Email
TKT006091,CUST07792,2025-10-07,Connectivity,Low,4,2.0,App
TKT006092,CUST07794,2024-10-17,Other,Low,7,5.0,Email
TKT006093,CUST07794,2025-09-28,Technical,Medium,6,2.0,Phone
TKT006094,CUST07796,2025-11-29,Technical,Low,5,4.0,App
TKT006095,CUST07797,2025-11-14,Connectivity,Medium,5,4.0,App
TKT006096,CUST07797,2025-06-17,Technical,Medium,4,4.0,Chat
TKT006097,CUST07800,2024-09-05,Billing,Low,2,4.0,App
TKT006098,CUST07801,2026-04-22,Billing,Medium,6,3.0,Phone
TKT006099,CUST07802,2025-10-06,Other,Medium,2,4.0,Phone
TKT006100,CUST07802,2025-12-31,Billing,Medium,3,2.0,Chat
TKT006101,CUST07803,2025-12-12,Billing,Low,3,3.0,App
TKT006102,CUST07804,2025-04-01,Cancellation,Medium,2,4.0,Email
TKT006103,CUST07805,2025-11-27,Plan Change,Low,2,4.0,Chat
TKT006104,CUST07805,2025-10-10,Other,High,6,2.0,App
TKT006105,CUST07807,2024-10-15,Plan Change,High,2,3.0,App
TKT006106,CUST07807,2024-10-11,Technical,Low,1,3.0,Email
TKT006107,CUST07807,2024-07-04,Other,Medium,5,3.0,Phone
TKT006108,CUST07810,2026-03-29,Cancellation,Medium,4,5.0,App
TKT006109,CUST07811,2026-04-14,Technical,Medium,2,4.0,Email
TKT006110,CUST07813,2026-02-23,Other,Medium,2,5.0,App
TKT006111,CUST07814,2026-01-31,Billing,Low,4,3.0,Phone
TKT006112,CUST07815,2025-07-23,Billing,Low,2,3.0,Phone
TKT006113,CUST07816,2026-01-30,Other,High,1,5.0,Chat
TKT006114,CUST07816,2026-05-04,Plan Change,Low,2,4.0,Phone
TKT006115,CUST07817,2025-10-15,Billing,Low,5,4.0,Chat
TKT006116,CUST07818,2024-12-18,Cancellation,Low,3,4.0,Chat
TKT006117,CUST07818,2026-01-25,Cancellation,Medium,2,5.0,Chat
TKT006118,CUST07819,2025-10-22,Plan Change,Low,6,3.0,Chat
TKT006119,CUST07820,2025-07-08,Technical,Low,2,2.0,Phone
TKT006120,CUST07820,2024-12-30,Cancellation,Low,2,5.0,Chat
TKT006121,CUST07821,2026-04-17,Plan Change,Medium,2,4.0,App
TKT006122,CUST07821,2026-03-05,Connectivity,Medium,2,3.0,Chat
TKT006123,CUST07823,2026-05-22,Cancellation,Medium,2,4.0,Email
TKT006124,CUST07824,2026-04-08,Connectivity,High,5,4.0,Phone
TKT006125,CUST07826,2025-02-16,Other,Medium,2,4.0,Email
TKT006126,CUST07827,2025-01-29,Billing,Low,5,2.0,Chat
TKT006127,CUST07828,2026-06-07,Cancellation,Low,2,4.0,App
TKT006128,CUST07830,2026-03-24,Other,Medium,10,3.0,App
TKT006129,CUST07830,2026-01-13,Connectivity,Low,2,4.0,App
TKT006130,CUST07831,2026-06-14,Billing,Low,2,3.0,App
TKT006131,CUST07831,2025-05-12,Technical,Medium,1,5.0,Chat
TKT006132,CUST07832,2025-01-26,Technical,Medium,2,4.0,Email
TKT006133,CUST07832,2025-07-02,Billing,Low,5,4.0,Email
TKT006134,CUST07838,2025-09-27,Technical,Medium,3,4.0,App
TKT006135,CUST07839,2025-09-26,Cancellation,Low,5,4.0,App
TKT006136,CUST07842,2026-03-31,Cancellation,Low,5,2.0,Chat
TKT006137,CUST07843,2025-02-01,Billing,Low,6,5.0,Chat
TKT006138,CUST07843,2024-12-11,Cancellation,Low,6,3.0,App
TKT006139,CUST07844,2026-01-15,Connectivity,Medium,3,3.0,App
TKT006140,CUST07844,2026-04-09,Cancellation,Medium,1,2.0,Email
TKT006141,CUST07844,2026-02-18,Other,Low,8,5.0,Phone
TKT006142,CUST07844,2026-06-01,Other,Low,3,3.0,Email
TKT006143,CUST07844,2026-03-08,Billing,Medium,3,3.0,App
TKT006144,CUST07845,2024-04-14,Technical,High,3,4.0,Phone
TKT006145,CUST07846,2025-05-03,Technical,Medium,2,4.0,App
TKT006146,CUST07849,2024-10-18,Plan Change,Medium,1,4.0,Chat
TKT006147,CUST07850,2026-01-24,Connectivity,Medium,11,5.0,Chat
TKT006148,CUST07850,2026-04-23,Technical,Low,2,3.0,Email
TKT006149,CUST07852,2026-05-07,Cancellation,Low,4,5.0,Chat
TKT006150,CUST07856,2024-12-04,Other,Low,1,4.0,App
TKT006151,CUST07857,2025-08-13,Cancellation,Medium,2,4.0,Phone
TKT006152,CUST07858,2024-08-19,Connectivity,Low,3,3.0,Phone
TKT006153,CUST07861,2026-03-02,Cancellation,Low,2,5.0,Phone
TKT006154,CUST07862,2025-07-06,Technical,Low,4,2.0,Phone
TKT006155,CUST07865,2026-05-03,Plan Change,Low,2,4.0,Email
TKT006156,CUST07866,2025-04-07,Billing,Low,4,3.0,Chat
TKT006157,CUST07867,2026-03-23,Billing,Low,6,3.0,Email
TKT006158,CUST07867,2026-04-06,Other,High,1,3.0,Email
TKT006159,CUST07868,2025-12-26,Other,Low,4,4.0,Chat
TKT006160,CUST07869,2026-04-29,Other,Low,4,3.0,Email
TKT006161,CUST07870,2025-03-11,Plan Change,High,2,3.0,Chat
TKT006162,CUST07874,2025-09-26,Connectivity,Low,4,3.0,Chat
TKT006163,CUST07875,2025-11-13,Technical,Low,2,3.0,Chat
TKT006164,CUST07875,2024-11-23,Technical,Low,3,4.0,Chat
TKT006165,CUST07878,2026-05-17,Billing,Low,2,2.0,Chat
TKT006166,CUST07878,2025-08-15,Cancellation,Low,2,5.0,Chat
TKT006167,CUST07885,2024-08-02,Connectivity,Low,4,3.0,Phone
TKT006168,CUST07885,2025-03-27,Connectivity,Medium,1,3.0,Phone
TKT006169,CUST07889,2025-02-14,Cancellation,Low,2,4.0,Chat
TKT006170,CUST07889,2024-11-03,Technical,Low,1,3.0,Email
TKT006171,CUST07889,2024-04-06,Technical,Low,1,5.0,Email
TKT006172,CUST07891,2025-12-23,Technical,High,3,3.0,App
TKT006173,CUST07892,2026-05-09,Billing,Low,2,2.0,Chat
TKT006174,CUST07893,2024-07-02,Connectivity,High,2,2.0,App
TKT006175,CUST07895,2026-04-07,Connectivity,Medium,5,4.0,App
TKT006176,CUST07895,2026-03-13,Technical,Medium,3,4.0,Email
TKT006177,CUST07895,2026-05-24,Plan Change,High,6,3.0,Chat
TKT006178,CUST07895,2026-05-21,Cancellation,Medium,1,4.0,App
TKT006179,CUST07899,2025-08-08,Other,Low,2,5.0,Email
TKT006180,CUST07900,2025-11-26,Other,Medium,2,4.0,Chat
TKT006181,CUST07901,2026-05-03,Other,Low,2,4.0,Phone
TKT006182,CUST07903,2026-01-27,Technical,Medium,1,4.0,Phone
TKT006183,CUST07905,2025-02-06,Cancellation,Low,3,4.0,Phone
TKT006184,CUST07905,2026-03-21,Cancellation,Low,2,4.0,Chat
TKT006185,CUST07906,2025-08-26,Other,Low,5,4.0,Chat
TKT006186,CUST07906,2026-03-30,Plan Change,Low,2,2.0,App
TKT006187,CUST07906,2026-01-06,Other,Low,2,3.0,App
TKT006188,CUST07907,2026-03-25,Billing,Low,4,3.0,App
TKT006189,CUST07908,2025-10-09,Technical,Low,1,4.0,Phone
TKT006190,CUST07909,2025-11-21,Technical,Medium,2,3.0,Chat
TKT006191,CUST07914,2025-07-11,Plan Change,Low,8,4.0,Phone
TKT006192,CUST07915,2026-03-30,Other,Medium,3,4.0,Email
TKT006193,CUST07915,2025-10-23,Plan Change,Low,2,4.0,Email
TKT006194,CUST07915,2026-06-06,Connectivity,Low,8,2.0,Phone
TKT006195,CUST07915,2026-01-28,Plan Change,Low,1,4.0,App
TKT006196,CUST07917,2024-06-18,Connectivity,Low,2,3.0,Chat
TKT006197,CUST07919,2025-10-15,Technical,Low,3,4.0,Chat
TKT006198,CUST07920,2026-04-09,Other,Medium,2,3.0,App
TKT006199,CUST07921,2026-02-02,Cancellation,Medium,4,4.0,Email
TKT006200,CUST07921,2025-04-21,Plan Change,High,2,1.0,Email
TKT006201,CUST07921,2025-04-03,Technical,Medium,2,3.0,Phone
TKT006202,CUST07922,2025-07-17,Plan Change,Medium,4,5.0,Phone
TKT006203,CUST07923,2024-10-08,Billing,Medium,1,2.0,Chat
TKT006204,CUST07924,2026-02-28,Plan Change,Low,9,5.0,Chat
TKT006205,CUST07924,2026-04-17,Billing,Low,4,2.0,Email
TKT006206,CUST07925,2026-03-20,Connectivity,Low,5,4.0,App
TKT006207,CUST07925,2026-01-18,Cancellation,High,2,3.0,Chat
TKT006208,CUST07925,2026-02-14,Cancellation,Medium,6,4.0,Chat
TKT006209,CUST07926,2026-05-30,Technical,Medium,6,4.0,Phone
TKT006210,CUST07927,2025-11-02,Plan Change,Low,3,3.0,Chat
TKT006211,CUST07929,2026-05-01,Cancellation,Low,5,2.0,App
TKT006212,CUST07930,2025-03-13,Connectivity,Medium,3,4.0,Phone
TKT006213,CUST07931,2025-11-17,Technical,Medium,4,2.0,Phone
TKT006214,CUST07935,2026-03-26,Billing,Medium,9,2.0,App
TKT006215,CUST07937,2026-01-07,Other,Low,1,5.0,Phone
TKT006216,CUST07942,2025-01-06,Cancellation,Medium,6,4.0,Phone
TKT006217,CUST07943,2026-04-29,Other,Medium,2,2.0,Chat
TKT006218,CUST07945,2026-03-19,Cancellation,Low,4,3.0,Chat
TKT006219,CUST07945,2026-04-23,Plan Change,Low,4,3.0,Chat
TKT006220,CUST07949,2024-09-14,Billing,Low,7,3.0,Phone
TKT006221,CUST07953,2025-08-02,Other,Low,2,4.0,Email
TKT006222,CUST07953,2025-03-26,Other,Low,5,3.0,Phone
TKT006223,CUST07955,2026-01-14,Other,Low,2,4.0,App
TKT006224,CUST07956,2026-03-28,Technical,Medium,2,4.0,Email
TKT006225,CUST07958,2026-03-25,Plan Change,Medium,3,4.0,Email
TKT006226,CUST07958,2025-10-11,Technical,Medium,10,3.0,Chat
TKT006227,CUST07959,2025-12-14,Plan Change,Medium,1,4.0,App
TKT006228,CUST07960,2025-12-17,Billing,Low,6,3.0,Email
TKT006229,CUST07963,2026-02-13,Other,High,1,3.0,Email
TKT006230,CUST07963,2026-03-13,Billing,Medium,1,4.0,App
TKT006231,CUST07964,2026-04-11,Technical,Medium,4,5.0,App
TKT006232,CUST07964,2026-05-15,Billing,Medium,3,3.0,Chat
TKT006233,CUST07966,2025-11-21,Connectivity,Medium,4,3.0,Phone
TKT006234,CUST07967,2026-03-28,Billing,Low,3,5.0,Chat
TKT006235,CUST07967,2024-12-13,Billing,Medium,3,3.0,Phone
TKT006236,CUST07968,2026-02-04,Billing,Medium,2,3.0,Chat
TKT006237,CUST07970,2026-06-05,Cancellation,Medium,4,4.0,Email
TKT006238,CUST07972,2025-11-21,Billing,Medium,11,3.0,Chat
TKT006239,CUST07973,2026-01-05,Connectivity,Low,3,2.0,Email
TKT006240,CUST07974,2026-04-11,Technical,Low,2,4.0,Email
TKT006241,CUST07975,2025-10-11,Plan Change,Medium,2,3.0,Phone
TKT006242,CUST07975,2025-12-05,Billing,Medium,3,4.0,Email
TKT006243,CUST07975,2026-05-23,Billing,High,1,5.0,App
TKT006244,CUST07975,2025-12-09,Plan Change,Low,13,2.0,Phone
TKT006245,CUST07976,2024-10-26,Connectivity,Medium,4,3.0,Phone
TKT006246,CUST07977,2026-05-03,Connectivity,Medium,4,5.0,Phone
TKT006247,CUST07982,2026-06-09,Other,Medium,3,5.0,Phone
TKT006248,CUST07982,2026-01-10,Technical,Low,6,5.0,Email
TKT006249,CUST07985,2026-05-10,Cancellation,Medium,4,3.0,Phone
TKT006250,CUST07987,2025-02-17,Plan Change,Low,2,4.0,Email
TKT006251,CUST07989,2025-01-15,Connectivity,Medium,2,3.0,Phone
TKT006252,CUST07989,2024-09-11,Technical,Low,2,3.0,Chat
TKT006253,CUST07990,2025-09-30,Connectivity,Medium,2,4.0,Chat
TKT006254,CUST07990,2026-02-10,Cancellation,Low,4,3.0,App
TKT006255,CUST07990,2025-06-05,Other,Low,2,4.0,Phone
TKT006256,CUST07990,2026-06-08,Cancellation,Medium,2,3.0,Email
TKT006257,CUST07992,2025-02-10,Billing,Medium,2,2.0,Chat
TKT006258,CUST07992,2025-01-24,Billing,Low,4,4.0,Phone
TKT006259,CUST07992,2025-06-28,Other,High,4,3.0,Chat
TKT006260,CUST07995,2025-11-26,Technical,Low,2,3.0,Email
TKT006261,CUST08000,2026-04-27,Plan Change,Low,21,5.0,Email
TKT006262,CUST08000,2026-03-15,Cancellation,Medium,1,4.0,App
TKT006263,CUST08001,2025-07-30,Technical,Low,5,3.0,Email
TKT006264,CUST08004,2026-02-05,Connectivity,Medium,4,4.0,Chat
TKT006265,CUST08006,2025-11-09,Cancellation,Low,2,3.0,Email
TKT006266,CUST08007,2025-04-24,Cancellation,Medium,7,5.0,Phone
TKT006267,CUST08008,2026-05-05,Cancellation,Low,8,4.0,Chat
TKT006268,CUST08011,2025-08-31,Technical,Medium,4,3.0,Phone
TKT006269,CUST08013,2026-04-14,Cancellation,Low,8,4.0,Chat
TKT006270,CUST08013,2026-01-10,Plan Change,Medium,3,4.0,App
TKT006271,CUST08014,2025-10-17,Plan Change,Low,3,4.0,Chat
TKT006272,CUST08014,2025-12-21,Cancellation,Low,3,4.0,Phone
TKT006273,CUST08015,2025-07-02,Technical,Low,4,2.0,Chat
TKT006274,CUST08015,2025-12-14,Other,High,1,2.0,Chat
TKT006275,CUST08017,2026-03-05,Cancellation,High,6,3.0,Email
TKT006276,CUST08018,2025-12-09,Technical,Medium,5,4.0,Email
TKT006277,CUST08018,2026-04-11,Plan Change,Low,12,3.0,Email
TKT006278,CUST08019,2025-09-12,Plan Change,Medium,3,3.0,Chat
TKT006279,CUST08019,2026-02-02,Billing,Low,1,2.0,Email
TKT006280,CUST08020,2025-09-18,Connectivity,High,2,2.0,App
TKT006281,CUST08021,2025-12-22,Technical,Low,1,4.0,Phone
TKT006282,CUST08021,2025-11-11,Connectivity,Medium,3,4.0,App
TKT006283,CUST08022,2026-02-12,Connectivity,Medium,1,3.0,Chat
TKT006284,CUST08022,2024-04-12,Plan Change,Medium,2,4.0,Chat
TKT006285,CUST08023,2026-01-18,Other,Low,3,5.0,Email
TKT006286,CUST08025,2025-02-08,Connectivity,Medium,8,4.0,Chat
TKT006287,CUST08029,2026-03-26,Other,Low,2,3.0,Phone
TKT006288,CUST08030,2025-08-08,Other,Medium,2,4.0,Email
TKT006289,CUST08030,2026-05-11,Cancellation,Low,3,4.0,Email
TKT006290,CUST08032,2026-01-04,Billing,Low,3,2.0,Chat
TKT006291,CUST08034,2026-02-10,Billing,Medium,2,4.0,Chat
TKT006292,CUST08036,2026-06-06,Technical,Low,1,3.0,App
TKT006293,CUST08037,2025-06-07,Plan Change,Medium,4,5.0,Phone
TKT006294,CUST08037,2025-10-07,Cancellation,Low,1,4.0,Phone
TKT006295,CUST08038,2025-08-05,Technical,Low,4,4.0,Phone
TKT006296,CUST08038,2026-01-02,Connectivity,Low,2,4.0,Chat
TKT006297,CUST08039,2025-10-25,Technical,Low,3,4.0,App
TKT006298,CUST08040,2025-05-20,Plan Change,Medium,1,3.0,Email
TKT006299,CUST08041,2025-01-23,Cancellation,High,10,3.0,App
TKT006300,CUST08044,2024-12-29,Other,Low,4,4.0,Email
TKT006301,CUST08045,2026-05-30,Connectivity,Low,2,4.0,Phone
TKT006302,CUST08045,2025-04-01,Other,Low,2,4.0,Email
TKT006303,CUST08045,2026-01-05,Billing,Medium,4,4.0,Phone
TKT006304,CUST08046,2025-12-26,Connectivity,Low,5,3.0,Phone
TKT006305,CUST08048,2026-04-11,Billing,Low,3,5.0,Email
TKT006306,CUST08050,2025-10-15,Other,Low,2,3.0,Phone
TKT006307,CUST08052,2025-10-18,Other,Medium,2,3.0,Email
TKT006308,CUST08053,2026-01-08,Cancellation,Low,6,4.0,Email
TKT006309,CUST08056,2026-03-27,Technical,Low,3,3.0,Email
TKT006310,CUST08056,2024-07-18,Technical,Low,2,3.0,Email
TKT006311,CUST08056,2025-10-02,Plan Change,Low,8,5.0,Email
TKT006312,CUST08057,2026-04-30,Other,Low,2,4.0,Phone
TKT006313,CUST08057,2025-11-06,Technical,Medium,3,4.0,Phone
TKT006314,CUST08058,2025-11-26,Other,Medium,3,3.0,Chat
TKT006315,CUST08058,2026-05-26,Billing,Medium,1,3.0,Phone
TKT006316,CUST08058,2026-04-28,Technical,Low,5,5.0,App
TKT006317,CUST08060,2026-05-06,Cancellation,Low,3,4.0,App
TKT006318,CUST08062,2025-09-15,Billing,Medium,3,3.0,Chat
TKT006319,CUST08062,2026-05-20,Technical,Low,6,5.0,Email
TKT006320,CUST08066,2025-01-13,Cancellation,Low,2,3.0,Email
TKT006321,CUST08067,2026-03-10,Other,Low,6,4.0,Phone
TKT006322,CUST08068,2025-06-28,Other,Medium,4,4.0,App
TKT006323,CUST08071,2026-05-16,Connectivity,Low,4,4.0,App
TKT006324,CUST08071,2024-11-09,Other,Medium,3,4.0,App
TKT006325,CUST08071,2025-10-19,Other,High,2,3.0,Phone
TKT006326,CUST08072,2026-06-04,Other,Medium,2,4.0,Phone
TKT006327,CUST08074,2026-02-07,Cancellation,Medium,6,3.0,Email
TKT006328,CUST08075,2026-01-18,Plan Change,Medium,5,3.0,App
TKT006329,CUST08075,2026-03-14,Technical,Low,1,4.0,Email
TKT006330,CUST08075,2026-05-02,Plan Change,High,3,3.0,Email
TKT006331,CUST08076,2026-05-01,Plan Change,Low,2,3.0,Phone
TKT006332,CUST08076,2026-05-13,Technical,Medium,2,4.0,App
TKT006333,CUST08078,2026-04-18,Connectivity,Low,2,4.0,Email
TKT006334,CUST08078,2026-03-29,Technical,Low,1,3.0,Email
TKT006335,CUST08078,2026-04-02,Connectivity,Medium,3,5.0,Chat
TKT006336,CUST08079,2025-09-16,Technical,Low,6,5.0,Email
TKT006337,CUST08080,2026-06-06,Other,Low,6,3.0,Email
TKT006338,CUST08080,2026-05-10,Billing,Medium,4,4.0,Phone
TKT006339,CUST08080,2026-05-28,Other,Medium,2,3.0,Email
TKT006340,CUST08082,2025-10-28,Cancellation,Low,4,3.0,App
TKT006341,CUST08082,2025-12-07,Billing,Low,7,4.0,Phone
TKT006342,CUST08083,2025-08-18,Connectivity,Low,2,4.0,App
TKT006343,CUST08084,2026-04-23,Plan Change,Low,2,3.0,Chat
TKT006344,CUST08084,2025-09-18,Technical,Low,3,4.0,Chat
TKT006345,CUST08085,2025-10-18,Connectivity,Medium,4,4.0,App
TKT006346,CUST08085,2025-06-20,Cancellation,Low,8,4.0,Email
TKT006347,CUST08086,2026-03-08,Other,Low,3,4.0,Email
TKT006348,CUST08087,2025-02-27,Billing,Medium,1,3.0,Email
TKT006349,CUST08087,2025-07-05,Plan Change,Medium,10,4.0,App
TKT006350,CUST08089,2025-08-09,Plan Change,Low,7,3.0,App
TKT006351,CUST08092,2025-12-25,Other,High,2,4.0,Email
TKT006352,CUST08093,2025-12-12,Other,Low,3,4.0,Email
TKT006353,CUST08093,2025-11-14,Other,High,6,4.0,Chat
TKT006354,CUST08094,2026-02-05,Technical,Low,7,3.0,Phone
TKT006355,CUST08095,2025-10-23,Technical,High,2,3.0,Email
TKT006356,CUST08096,2025-06-15,Connectivity,Low,3,4.0,Phone
TKT006357,CUST08098,2025-02-24,Technical,Medium,7,5.0,Chat
TKT006358,CUST08104,2025-04-23,Plan Change,Medium,3,5.0,Chat
TKT006359,CUST08104,2026-02-07,Billing,Medium,3,3.0,Phone
TKT006360,CUST08106,2025-07-28,Connectivity,Low,2,3.0,App
TKT006361,CUST08107,2026-04-09,Plan Change,Low,15,3.0,Email
TKT006362,CUST08108,2026-05-21,Connectivity,Low,10,3.0,Phone
TKT006363,CUST08108,2026-02-11,Cancellation,Low,7,5.0,Phone
TKT006364,CUST08108,2025-12-03,Other,High,7,3.0,Chat
TKT006365,CUST08109,2025-09-28,Plan Change,Medium,1,4.0,Chat
TKT006366,CUST08109,2025-06-15,Cancellation,High,6,3.0,Email
TKT006367,CUST08110,2026-05-18,Technical,High,3,2.0,Phone
TKT006368,CUST08112,2025-04-30,Cancellation,Low,1,5.0,Chat
TKT006369,CUST08116,2026-01-20,Other,Low,3,3.0,Email
TKT006370,CUST08118,2025-09-13,Technical,Medium,2,4.0,App
TKT006371,CUST08118,2025-10-18,Cancellation,Medium,1,5.0,Phone
TKT006372,CUST08118,2025-10-30,Technical,Low,2,4.0,Chat
TKT006373,CUST08122,2026-04-15,Technical,High,12,4.0,Email
TKT006374,CUST08124,2025-08-08,Cancellation,Low,3,4.0,Phone
TKT006375,CUST08125,2025-11-26,Connectivity,Low,3,4.0,Email
TKT006376,CUST08126,2026-05-23,Other,Medium,8,4.0,Phone
TKT006377,CUST08128,2025-09-04,Technical,Medium,3,4.0,Email
TKT006378,CUST08129,2026-04-06,Connectivity,Low,2,3.0,Chat
TKT006379,CUST08129,2025-07-06,Plan Change,Medium,1,4.0,Phone
TKT006380,CUST08130,2026-02-10,Technical,Low,2,4.0,App
TKT006381,CUST08131,2026-05-08,Technical,Medium,4,5.0,Phone
TKT006382,CUST08132,2026-03-12,Connectivity,Low,6,4.0,Email
TKT006383,CUST08132,2026-06-05,Plan Change,Medium,4,5.0,App
TKT006384,CUST08136,2025-09-19,Billing,High,2,3.0,Email
TKT006385,CUST08139,2025-07-15,Plan Change,Low,4,4.0,Email
TKT006386,CUST08141,2026-05-22,Billing,Medium,6,4.0,Phone
TKT006387,CUST08141,2026-01-22,Connectivity,Medium,3,2.0,Phone
TKT006388,CUST08143,2024-10-08,Billing,Low,5,4.0,Chat
TKT006389,CUST08148,2025-06-25,Technical,Medium,2,3.0,Email
TKT006390,CUST08148,2026-04-18,Cancellation,Low,3,4.0,App
TKT006391,CUST08148,2025-06-11,Plan Change,Medium,3,4.0,Phone
TKT006392,CUST08148,2024-12-13,Billing,Medium,2,3.0,Chat
TKT006393,CUST08149,2025-06-08,Cancellation,Low,9,4.0,Phone
TKT006394,CUST08149,2025-12-25,Other,Low,6,,Chat
TKT006395,CUST08149,2025-05-31,Cancellation,Low,2,4.0,Chat
TKT006396,CUST08150,2025-01-05,Other,Low,3,4.0,Phone
TKT006397,CUST08151,2025-10-16,Plan Change,Low,5,3.0,Email
TKT006398,CUST08154,2025-09-03,Cancellation,Low,1,3.0,Email
TKT006399,CUST08155,2025-10-24,Cancellation,Medium,4,5.0,App
TKT006400,CUST08155,2025-06-07,Plan Change,Low,2,4.0,App
TKT006401,CUST08155,2026-01-08,Other,Medium,4,4.0,Chat
TKT006402,CUST08155,2026-04-29,Connectivity,Medium,1,4.0,Email
TKT006403,CUST08157,2025-10-22,Technical,High,3,3.0,App
TKT006404,CUST08157,2026-02-21,Billing,Low,1,4.0,Email
TKT006405,CUST08158,2026-05-25,Plan Change,High,3,1.0,Email
TKT006406,CUST08159,2026-01-12,Other,Low,5,4.0,Email
TKT006407,CUST08161,2025-10-29,Plan Change,Low,6,3.0,App
TKT006408,CUST08161,2025-04-08,Technical,Low,9,4.0,Chat
TKT006409,CUST08163,2026-06-05,Billing,High,2,5.0,App
TKT006410,CUST08163,2026-05-30,Billing,Low,3,4.0,Chat
TKT006411,CUST08164,2025-05-03,Billing,Low,8,4.0,Chat
TKT006412,CUST08164,2025-09-28,Billing,Low,6,5.0,Phone
TKT006413,CUST08165,2025-09-30,Other,Medium,8,4.0,App
TKT006414,CUST08166,2026-04-18,Plan Change,Medium,2,3.0,Phone
TKT006415,CUST08170,2024-11-22,Billing,Low,1,4.0,Phone
TKT006416,CUST08172,2025-01-01,Connectivity,Low,4,3.0,Chat
TKT006417,CUST08173,2026-05-23,Other,Low,2,4.0,Phone
TKT006418,CUST08175,2026-02-10,Billing,Medium,3,3.0,Chat
TKT006419,CUST08175,2026-02-05,Billing,Low,2,2.0,Chat
TKT006420,CUST08179,2026-05-09,Billing,Medium,2,3.0,Email
TKT006421,CUST08183,2026-05-24,Technical,Medium,2,4.0,Chat
TKT006422,CUST08184,2026-04-14,Plan Change,Low,1,4.0,Phone
TKT006423,CUST08184,2025-10-19,Billing,High,4,3.0,App
TKT006424,CUST08189,2024-03-12,Other,Low,4,4.0,Phone
TKT006425,CUST08191,2025-12-28,Connectivity,Medium,2,5.0,Chat
TKT006426,CUST08191,2026-03-02,Other,Medium,2,4.0,Phone
TKT006427,CUST08192,2025-05-21,Connectivity,Low,5,5.0,Chat
TKT006428,CUST08193,2026-03-28,Plan Change,High,2,4.0,Email
TKT006429,CUST08196,2025-07-10,Cancellation,Low,2,4.0,App
TKT006430,CUST08197,2025-07-09,Billing,Medium,11,5.0,Email
TKT006431,CUST08198,2026-01-10,Technical,Low,4,3.0,Phone
TKT006432,CUST08198,2026-01-08,Plan Change,Medium,3,5.0,Phone
TKT006433,CUST08199,2025-01-19,Technical,Medium,6,5.0,Chat
TKT006434,CUST08202,2026-04-16,Plan Change,Low,3,2.0,Chat
TKT006435,CUST08203,2026-01-17,Cancellation,Low,3,5.0,Phone
TKT006436,CUST08204,2025-06-03,Cancellation,Medium,4,3.0,App
TKT006437,CUST08204,2026-02-11,Cancellation,Low,2,3.0,Chat
TKT006438,CUST08205,2026-05-03,Plan Change,Low,4,2.0,Chat
TKT006439,CUST08208,2026-02-08,Other,Low,1,5.0,App
TKT006440,CUST08208,2025-04-20,Plan Change,Low,3,3.0,App
TKT006441,CUST08208,2025-07-30,Connectivity,Medium,3,4.0,Email
TKT006442,CUST08210,2025-10-10,Plan Change,Medium,2,4.0,Phone
TKT006443,CUST08211,2026-05-12,Cancellation,Medium,4,4.0,Phone
TKT006444,CUST08211,2026-05-24,Technical,Low,9,4.0,Phone
TKT006445,CUST08213,2026-01-16,Connectivity,High,1,2.0,App
TKT006446,CUST08213,2025-01-02,Plan Change,Medium,3,4.0,Email
TKT006447,CUST08215,2026-04-18,Billing,Medium,3,2.0,Email
TKT006448,CUST08215,2025-12-17,Connectivity,Low,1,4.0,Email
TKT006449,CUST08216,2026-01-27,Technical,Medium,1,4.0,App
TKT006450,CUST08217,2025-05-26,Cancellation,Medium,4,4.0,Phone
TKT006451,CUST08218,2024-09-17,Cancellation,Low,2,3.0,Phone
TKT006452,CUST08219,2026-03-18,Technical,Low,5,3.0,Email
TKT006453,CUST08219,2025-08-28,Cancellation,Low,5,4.0,Email
TKT006454,CUST08224,2025-09-09,Connectivity,Medium,3,4.0,Chat
TKT006455,CUST08224,2025-08-09,Other,Low,4,3.0,Chat
TKT006456,CUST08225,2025-12-07,Billing,Low,2,4.0,Phone
TKT006457,CUST08226,2026-03-07,Other,Medium,4,5.0,Phone
TKT006458,CUST08230,2026-01-14,Other,Medium,2,3.0,Phone
TKT006459,CUST08230,2024-11-26,Plan Change,Low,6,4.0,Chat
TKT006460,CUST08232,2025-08-09,Technical,Low,1,2.0,Phone
TKT006461,CUST08233,2026-06-24,Billing,Low,3,4.0,Email
TKT006462,CUST08234,2026-03-26,Connectivity,Medium,5,3.0,Email
TKT006463,CUST08234,2025-09-24,Technical,High,3,3.0,Chat
TKT006464,CUST08235,2026-06-10,Other,Low,4,3.0,Phone
TKT006465,CUST08235,2026-05-19,Billing,Low,1,4.0,App
TKT006466,CUST08235,2026-06-08,Cancellation,High,2,3.0,App
TKT006467,CUST08236,2026-06-05,Billing,Medium,2,4.0,Chat
TKT006468,CUST08239,2025-01-25,Connectivity,Low,5,5.0,App
TKT006469,CUST08239,2025-11-04,Connectivity,High,4,3.0,App
TKT006470,CUST08240,2025-11-23,Other,Low,3,3.0,Phone
TKT006471,CUST08241,2026-05-25,Connectivity,Low,1,4.0,Email
TKT006472,CUST08243,2026-01-07,Connectivity,Low,2,4.0,App
TKT006473,CUST08246,2026-04-20,Connectivity,Low,3,2.0,Email
TKT006474,CUST08246,2026-04-29,Other,Low,3,4.0,Phone
TKT006475,CUST08251,2025-11-30,Technical,Medium,1,3.0,Email
TKT006476,CUST08252,2025-11-24,Technical,Medium,2,5.0,Email
TKT006477,CUST08253,2026-02-24,Billing,Low,3,2.0,Phone
TKT006478,CUST08255,2025-10-28,Connectivity,Low,4,3.0,App
TKT006479,CUST08257,2026-01-11,Plan Change,Low,10,3.0,App
TKT006480,CUST08258,2025-01-08,Technical,High,5,3.0,Email
TKT006481,CUST08259,2025-08-16,Plan Change,Low,8,5.0,App
TKT006482,CUST08259,2025-07-31,Cancellation,Low,3,4.0,Phone
TKT006483,CUST08260,2025-12-13,Plan Change,High,5,2.0,Phone
TKT006484,CUST08261,2025-12-26,Technical,High,5,2.0,Chat
TKT006485,CUST08262,2024-12-20,Cancellation,Medium,6,4.0,Email
TKT006486,CUST08264,2024-10-13,Billing,Low,4,4.0,Email
TKT006487,CUST08265,2026-02-19,Plan Change,Low,1,3.0,Chat
TKT006488,CUST08265,2026-03-01,Technical,Low,6,4.0,Phone
TKT006489,CUST08265,2026-05-24,Other,Low,2,3.0,Email
TKT006490,CUST08266,2026-01-14,Plan Change,High,4,4.0,Email
TKT006491,CUST08268,2026-02-13,Cancellation,Medium,4,5.0,Email
TKT006492,CUST08268,2025-11-04,Other,Low,2,5.0,Phone
TKT006493,CUST08272,2024-11-11,Cancellation,Medium,1,4.0,Phone
TKT006494,CUST08272,2025-07-12,Plan Change,Low,2,4.0,Email
TKT006495,CUST08272,2026-02-01,Other,Low,2,3.0,App
TKT006496,CUST08273,2025-08-01,Other,Low,5,2.0,Chat
TKT006497,CUST08274,2026-04-27,Other,Low,2,5.0,Email
TKT006498,CUST08275,2026-03-01,Technical,High,7,5.0,Chat
TKT006499,CUST08275,2026-05-26,Other,Low,3,3.0,Phone
TKT006500,CUST08276,2024-05-30,Plan Change,Low,5,4.0,Phone
TKT006501,CUST08277,2026-03-10,Technical,Low,7,3.0,Email
TKT006502,CUST08277,2026-02-05,Cancellation,Medium,2,4.0,Chat
TKT006503,CUST08280,2026-05-07,Billing,High,4,1.0,Email
TKT006504,CUST08280,2026-05-20,Other,Low,10,4.0,App
TKT006505,CUST08281,2026-02-07,Billing,Low,2,5.0,Email
TKT006506,CUST08281,2026-02-06,Billing,Low,7,3.0,Phone
TKT006507,CUST08281,2026-04-01,Billing,Low,3,4.0,Email
TKT006508,CUST08281,2026-01-07,Technical,Medium,3,4.0,Chat
TKT006509,CUST08282,2026-04-02,Billing,Low,5,5.0,App
TKT006510,CUST08284,2025-12-29,Technical,Medium,2,5.0,Chat
TKT006511,CUST08284,2025-06-19,Billing,Low,6,4.0,Email
TKT006512,CUST08286,2025-06-16,Billing,Medium,1,2.0,App
TKT006513,CUST08287,2025-09-21,Cancellation,High,1,4.0,Email
TKT006514,CUST08291,2025-09-04,Cancellation,Medium,4,5.0,App
TKT006515,CUST08291,2026-02-01,Plan Change,Medium,4,5.0,Chat
TKT006516,CUST08292,2026-06-22,Billing,Low,2,2.0,App
TKT006517,CUST08293,2026-03-22,Plan Change,Low,12,4.0,Phone
TKT006518,CUST08294,2025-11-11,Connectivity,Low,3,4.0,Email
TKT006519,CUST08294,2025-06-23,Plan Change,Medium,12,3.0,Chat
TKT006520,CUST08298,2025-03-02,Billing,Medium,6,5.0,App
TKT006521,CUST08298,2026-03-06,Plan Change,Medium,2,4.0,App
TKT006522,CUST08300,2025-04-04,Technical,Medium,2,3.0,Chat
TKT006523,CUST08301,2025-09-17,Cancellation,Medium,2,5.0,Phone
TKT006524,CUST08303,2024-08-21,Technical,Low,5,4.0,Chat
TKT006525,CUST08304,2025-04-02,Cancellation,Low,3,5.0,Email
TKT006526,CUST08304,2025-05-16,Cancellation,Medium,1,5.0,App
TKT006527,CUST08307,2026-05-08,Other,Medium,11,4.0,Chat
TKT006528,CUST08313,2026-06-11,Connectivity,Low,5,3.0,App
TKT006529,CUST08314,2026-02-18,Cancellation,Low,4,1.0,Email
TKT006530,CUST08315,2026-04-12,Other,Low,3,5.0,Chat
TKT006531,CUST08318,2026-05-30,Other,Medium,2,3.0,Chat
TKT006532,CUST08318,2025-01-05,Cancellation,Medium,2,5.0,Phone
TKT006533,CUST08318,2025-06-06,Other,Low,3,4.0,Email
TKT006534,CUST08320,2025-04-15,Cancellation,Low,1,3.0,Email
TKT006535,CUST08323,2026-04-02,Technical,Medium,1,3.0,Phone
TKT006536,CUST08325,2024-07-17,Billing,Low,5,5.0,Email
TKT006537,CUST08326,2026-03-18,Connectivity,Medium,2,4.0,Email
TKT006538,CUST08326,2026-06-02,Technical,Medium,5,2.0,Chat
TKT006539,CUST08327,2026-04-03,Technical,Low,7,3.0,App
TKT006540,CUST08327,2026-02-05,Technical,Medium,3,4.0,App
TKT006541,CUST08328,2025-07-19,Other,Low,2,3.0,Chat
TKT006542,CUST08328,2025-06-17,Plan Change,Low,2,4.0,App
TKT006543,CUST08329,2026-01-10,Billing,Medium,3,4.0,Phone
TKT006544,CUST08331,2025-03-29,Billing,Medium,10,4.0,Email
TKT006545,CUST08332,2025-10-27,Plan Change,Medium,2,4.0,Chat
TKT006546,CUST08333,2025-09-11,Connectivity,Low,3,5.0,Chat
TKT006547,CUST08334,2026-01-31,Technical,Low,4,5.0,Phone
TKT006548,CUST08335,2024-11-12,Connectivity,Medium,3,2.0,App
TKT006549,CUST08338,2026-03-21,Billing,Medium,1,3.0,Phone
TKT006550,CUST08340,2026-05-17,Cancellation,Low,1,4.0,App
TKT006551,CUST08342,2025-08-21,Connectivity,High,2,4.0,Phone
TKT006552,CUST08342,2025-10-06,Connectivity,Medium,3,4.0,Chat
TKT006553,CUST08342,2025-06-26,Cancellation,Low,6,3.0,Chat
TKT006554,CUST08342,2024-06-21,Technical,Low,2,4.0,Email
TKT006555,CUST08344,2025-03-02,Billing,Low,7,5.0,Chat
TKT006556,CUST08347,2025-06-14,Connectivity,Low,4,4.0,Phone
TKT006557,CUST08348,2024-11-11,Cancellation,Medium,4,5.0,Email
TKT006558,CUST08350,2026-05-17,Other,Low,5,4.0,App
TKT006559,CUST08350,2026-05-19,Plan Change,Medium,10,4.0,Chat
TKT006560,CUST08351,2026-03-01,Cancellation,Low,2,3.0,Phone
TKT006561,CUST08353,2026-05-06,Cancellation,Low,6,4.0,Phone
TKT006562,CUST08354,2026-02-12,Plan Change,Low,1,3.0,Email
TKT006563,CUST08356,2026-04-26,Cancellation,Low,2,,Email
TKT006564,CUST08358,2026-01-02,Billing,Low,1,3.0,Email
TKT006565,CUST08360,2024-12-21,Billing,Low,3,4.0,App
TKT006566,CUST08361,2026-02-08,Cancellation,Low,1,3.0,Email
TKT006567,CUST08362,2024-05-12,Connectivity,Medium,1,3.0,App
TKT006568,CUST08365,2025-06-25,Cancellation,High,1,3.0,App
TKT006569,CUST08367,2026-03-10,Cancellation,Low,4,3.0,Phone
TKT006570,CUST08369,2026-01-03,Connectivity,Medium,2,4.0,Email
TKT006571,CUST08370,2026-01-11,Connectivity,Low,1,4.0,Chat
TKT006572,CUST08371,2026-06-08,Billing,Low,2,3.0,Phone
TKT006573,CUST08371,2024-09-08,Billing,Low,4,3.0,Email
TKT006574,CUST08374,2024-06-11,Connectivity,Low,1,4.0,Email
TKT006575,CUST08375,2026-05-22,Connectivity,Low,1,4.0,Phone
TKT006576,CUST08376,2026-06-08,Other,Low,3,4.0,Email
TKT006577,CUST08377,2025-11-27,Cancellation,Low,3,5.0,Email
TKT006578,CUST08378,2026-05-07,Other,Medium,3,5.0,Chat
TKT006579,CUST08380,2025-12-24,Cancellation,Low,5,3.0,App
TKT006580,CUST08381,2025-05-16,Cancellation,Low,3,4.0,Phone
TKT006581,CUST08382,2025-11-16,Other,High,1,2.0,App
TKT006582,CUST08383,2026-06-03,Billing,Low,3,4.0,Phone
TKT006583,CUST08386,2025-12-09,Connectivity,Medium,3,4.0,Chat
TKT006584,CUST08387,2026-01-09,Technical,Low,3,4.0,App
TKT006585,CUST08387,2026-02-21,Connectivity,Low,4,4.0,App
TKT006586,CUST08388,2026-02-20,Connectivity,Medium,2,5.0,Phone
TKT006587,CUST08389,2026-05-05,Connectivity,Low,1,3.0,App
TKT006588,CUST08389,2026-05-18,Cancellation,Low,5,4.0,Chat
TKT006589,CUST08392,2025-12-18,Other,Medium,2,4.0,Phone
TKT006590,CUST08397,2026-02-19,Technical,Medium,3,3.0,Phone
TKT006591,CUST08398,2026-05-24,Connectivity,Low,2,4.0,App
TKT006592,CUST08400,2026-01-11,Plan Change,Medium,9,4.0,Chat
TKT006593,CUST08402,2025-11-05,Cancellation,Low,3,4.0,App
TKT006594,CUST08402,2024-10-20,Plan Change,Low,5,4.0,Email
TKT006595,CUST08402,2026-05-04,Other,Low,3,4.0,Chat
TKT006596,CUST08404,2024-09-27,Cancellation,Low,5,5.0,App
TKT006597,CUST08404,2024-07-21,Billing,Medium,3,4.0,Chat
TKT006598,CUST08404,2025-04-14,Billing,Medium,6,3.0,Email
TKT006599,CUST08405,2025-07-04,Plan Change,Low,4,3.0,Phone
TKT006600,CUST08405,2026-01-25,Other,High,4,4.0,App
TKT006601,CUST08405,2025-04-10,Other,Low,4,4.0,App
TKT006602,CUST08405,2025-06-25,Other,Medium,4,3.0,Email
TKT006603,CUST08414,2025-01-21,Billing,Low,6,3.0,Chat
TKT006604,CUST08417,2025-01-15,Other,Medium,3,5.0,Chat
TKT006605,CUST08418,2026-03-14,Plan Change,Medium,3,3.0,Phone
TKT006606,CUST08419,2026-05-26,Cancellation,Low,3,3.0,Phone
TKT006607,CUST08420,2026-02-10,Billing,Medium,1,4.0,Email
TKT006608,CUST08421,2024-12-14,Cancellation,Medium,2,3.0,Chat
TKT006609,CUST08423,2025-10-31,Other,Low,3,4.0,Chat
TKT006610,CUST08424,2026-02-23,Cancellation,Medium,5,5.0,Chat
TKT006611,CUST08426,2026-02-14,Connectivity,Medium,1,4.0,Phone
TKT006612,CUST08426,2026-03-20,Connectivity,Low,6,4.0,Phone
TKT006613,CUST08426,2026-03-29,Billing,Medium,5,4.0,Chat
TKT006614,CUST08427,2026-02-20,Other,Medium,4,3.0,Email
TKT006615,CUST08427,2025-07-16,Billing,Low,4,4.0,App
TKT006616,CUST08427,2024-12-12,Plan Change,Medium,1,4.0,Chat
TKT006617,CUST08429,2025-08-07,Other,Low,3,4.0,App
TKT006618,CUST08429,2024-08-10,Cancellation,Low,1,3.0,Phone
TKT006619,CUST08429,2024-07-14,Plan Change,Medium,2,3.0,Email
TKT006620,CUST08430,2025-06-01,Technical,Medium,10,5.0,Email
TKT006621,CUST08432,2025-02-06,Connectivity,Low,3,3.0,App
TKT006622,CUST08435,2025-11-05,Billing,Low,1,3.0,Email
TKT006623,CUST08435,2026-05-09,Billing,Low,3,4.0,Phone
TKT006624,CUST08437,2025-06-23,Cancellation,Medium,3,5.0,Chat
TKT006625,CUST08437,2025-08-23,Plan Change,Low,1,4.0,Phone
TKT006626,CUST08438,2025-05-04,Connectivity,Low,4,4.0,App
TKT006627,CUST08441,2026-05-17,Other,Low,2,4.0,App
TKT006628,CUST08441,2026-05-16,Plan Change,Low,2,5.0,Phone
TKT006629,CUST08442,2025-11-21,Technical,Low,1,3.0,Phone
TKT006630,CUST08443,2026-03-12,Billing,Low,2,3.0,Email
TKT006631,CUST08445,2025-04-24,Technical,Low,2,3.0,Email
TKT006632,CUST08446,2024-08-02,Cancellation,Low,2,4.0,App
TKT006633,CUST08447,2026-03-03,Billing,Low,2,3.0,Chat
TKT006634,CUST08450,2025-08-13,Connectivity,Low,2,4.0,Email
TKT006635,CUST08451,2025-03-31,Cancellation,Low,2,4.0,Phone
TKT006636,CUST08452,2025-02-27,Billing,Low,1,4.0,Chat
TKT006637,CUST08453,2025-06-28,Technical,Medium,3,4.0,Phone
TKT006638,CUST08454,2026-03-14,Connectivity,Low,3,4.0,Phone
TKT006639,CUST08457,2025-09-04,Technical,Low,6,3.0,Phone
TKT006640,CUST08457,2025-11-15,Billing,Low,1,5.0,Chat
TKT006641,CUST08457,2025-12-29,Billing,Medium,4,3.0,Chat
TKT006642,CUST08458,2025-04-04,Plan Change,Medium,6,4.0,Chat
TKT006643,CUST08458,2025-11-07,Billing,Low,4,2.0,Email
TKT006644,CUST08460,2025-10-06,Connectivity,Medium,3,4.0,Phone
TKT006645,CUST08460,2026-04-29,Cancellation,Low,7,4.0,App
TKT006646,CUST08460,2024-11-14,Cancellation,Medium,6,4.0,Email
TKT006647,CUST08462,2025-03-07,Cancellation,Medium,7,4.0,Phone
TKT006648,CUST08463,2026-05-10,Billing,Medium,4,2.0,App
TKT006649,CUST08463,2026-03-16,Cancellation,Medium,4,4.0,Email
TKT006650,CUST08465,2025-12-29,Connectivity,Medium,2,4.0,Phone
TKT006651,CUST08465,2026-06-12,Other,Medium,4,3.0,Chat
TKT006652,CUST08466,2025-03-31,Cancellation,Low,2,5.0,Phone
TKT006653,CUST08466,2025-07-17,Other,Medium,4,4.0,Chat
TKT006654,CUST08466,2024-11-03,Billing,Medium,3,4.0,Chat
TKT006655,CUST08469,2025-11-15,Connectivity,Medium,6,5.0,Phone
TKT006656,CUST08470,2025-11-04,Other,Medium,4,3.0,Chat
TKT006657,CUST08473,2026-04-21,Plan Change,Low,4,4.0,Email
TKT006658,CUST08473,2026-04-19,Connectivity,Low,12,3.0,Phone
TKT006659,CUST08476,2025-10-11,Technical,Low,2,3.0,Chat
TKT006660,CUST08477,2025-01-07,Technical,High,1,2.0,Email
TKT006661,CUST08479,2026-01-21,Technical,Low,7,4.0,Email
TKT006662,CUST08479,2025-07-17,Plan Change,Medium,3,2.0,App
TKT006663,CUST08482,2026-01-01,Other,Medium,2,4.0,Email
TKT006664,CUST08483,2026-03-03,Other,Medium,2,3.0,Email
TKT006665,CUST08484,2026-04-06,Cancellation,Low,9,4.0,Phone
TKT006666,CUST08484,2026-05-01,Other,Medium,2,5.0,Email
TKT006667,CUST08484,2026-03-18,Plan Change,Low,4,3.0,Chat
TKT006668,CUST08486,2026-01-04,Billing,Low,1,2.0,Chat
TKT006669,CUST08487,2026-02-13,Technical,Low,2,4.0,Phone
TKT006670,CUST08487,2026-05-21,Cancellation,High,3,3.0,Chat
TKT006671,CUST08488,2026-02-06,Cancellation,Low,3,3.0,Chat
TKT006672,CUST08488,2026-04-23,Other,Low,2,4.0,App
TKT006673,CUST08489,2026-01-16,Connectivity,Low,4,4.0,Email
TKT006674,CUST08490,2026-04-04,Billing,Medium,6,3.0,Chat
TKT006675,CUST08491,2026-05-19,Connectivity,High,3,2.0,Chat
TKT006676,CUST08494,2026-05-17,Billing,Low,6,3.0,Chat
TKT006677,CUST08495,2026-05-02,Plan Change,Low,2,4.0,App
TKT006678,CUST08499,2026-04-23,Connectivity,Low,6,4.0,Phone
TKT006679,CUST08499,2026-04-26,Plan Change,Low,2,4.0,Email
TKT006680,CUST08499,2025-12-21,Cancellation,Medium,12,4.0,App
TKT006681,CUST08500,2026-01-02,Technical,Medium,2,3.0,Email
TKT006682,CUST08503,2025-11-02,Technical,High,3,4.0,App
TKT006683,CUST08504,2026-04-18,Technical,Low,2,4.0,Chat
TKT006684,CUST08506,2024-10-05,Technical,Low,9,4.0,Chat
TKT006685,CUST08506,2026-05-16,Cancellation,Low,3,3.0,Chat
TKT006686,CUST08507,2026-03-21,Plan Change,Low,2,5.0,Chat
TKT006687,CUST08509,2026-04-03,Cancellation,Low,2,4.0,Email
TKT006688,CUST08510,2026-04-15,Billing,Low,3,3.0,App
TKT006689,CUST08511,2025-10-06,Other,Medium,3,5.0,App
TKT006690,CUST08513,2025-11-30,Plan Change,Low,1,5.0,App
TKT006691,CUST08514,2026-06-14,Plan Change,Medium,4,5.0,Email
TKT006692,CUST08514,2026-06-16,Connectivity,Medium,5,4.0,Chat
TKT006693,CUST08514,2026-04-16,Other,High,5,2.0,Phone
TKT006694,CUST08517,2025-11-24,Connectivity,Medium,6,4.0,Email
TKT006695,CUST08517,2025-09-10,Cancellation,Low,2,5.0,Email
TKT006696,CUST08521,2026-01-17,Connectivity,Low,3,5.0,App
TKT006697,CUST08521,2026-03-10,Billing,Low,3,4.0,Phone
TKT006698,CUST08522,2026-01-20,Technical,Medium,1,4.0,Phone
TKT006699,CUST08522,2025-10-18,Plan Change,Low,3,4.0,Chat
TKT006700,CUST08524,2026-01-26,Plan Change,Low,2,5.0,App
TKT006701,CUST08528,2026-04-25,Technical,Low,3,3.0,App
TKT006702,CUST08529,2025-04-19,Cancellation,High,4,3.0,Phone
TKT006703,CUST08530,2026-06-04,Technical,Low,4,3.0,Chat
TKT006704,CUST08530,2026-05-24,Other,Low,2,5.0,Phone
TKT006705,CUST08532,2024-09-30,Cancellation,Low,2,4.0,Email
TKT006706,CUST08532,2026-02-11,Cancellation,Medium,3,3.0,App
TKT006707,CUST08535,2026-04-22,Connectivity,Low,2,3.0,Chat
TKT006708,CUST08539,2026-04-08,Billing,Low,3,5.0,Email
TKT006709,CUST08539,2026-03-27,Technical,Low,3,3.0,Email
TKT006710,CUST08540,2025-10-21,Other,Low,5,5.0,Email
TKT006711,CUST08540,2026-03-10,Technical,Low,4,3.0,Email
TKT006712,CUST08541,2026-01-02,Cancellation,Low,5,4.0,Email
TKT006713,CUST08543,2026-05-08,Plan Change,Low,3,5.0,Chat
TKT006714,CUST08548,2025-05-12,Other,Medium,9,4.0,Chat
TKT006715,CUST08550,2025-11-01,Connectivity,Low,2,4.0,Chat
TKT006716,CUST08552,2026-04-27,Billing,Low,3,5.0,Phone
TKT006717,CUST08552,2026-03-17,Technical,Medium,3,3.0,Chat
TKT006718,CUST08553,2025-07-04,Plan Change,Low,3,5.0,Email
TKT006719,CUST08553,2024-09-27,Cancellation,Low,2,4.0,App
TKT006720,CUST08554,2026-05-28,Connectivity,Medium,3,5.0,App
TKT006721,CUST08554,2026-04-05,Technical,Low,4,4.0,Email
TKT006722,CUST08556,2025-10-22,Connectivity,Low,2,4.0,Email
TKT006723,CUST08557,2025-01-31,Billing,Low,2,3.0,Email
TKT006724,CUST08559,2026-01-29,Technical,Low,6,5.0,Chat
TKT006725,CUST08561,2025-12-28,Cancellation,Low,2,3.0,Chat
TKT006726,CUST08562,2026-05-03,Billing,Low,5,5.0,Chat
TKT006727,CUST08563,2026-02-21,Billing,High,5,3.0,Chat
TKT006728,CUST08563,2026-05-08,Other,High,2,3.0,Chat
TKT006729,CUST08565,2025-01-19,Other,Medium,1,3.0,Phone
TKT006730,CUST08565,2026-04-22,Billing,Medium,6,5.0,Phone
TKT006731,CUST08565,2026-03-17,Cancellation,Medium,1,3.0,Email
TKT006732,CUST08566,2025-11-24,Technical,Low,1,4.0,Phone
TKT006733,CUST08566,2025-06-30,Cancellation,Low,1,3.0,Phone
TKT006734,CUST08567,2025-05-11,Connectivity,High,3,3.0,App
TKT006735,CUST08569,2024-12-11,Connectivity,Low,1,3.0,Chat
TKT006736,CUST08569,2025-11-11,Connectivity,Low,1,4.0,Chat
TKT006737,CUST08571,2025-05-22,Connectivity,Low,4,3.0,App
TKT006738,CUST08572,2025-09-17,Cancellation,Low,1,5.0,App
TKT006739,CUST08575,2024-09-10,Billing,High,4,3.0,Phone
TKT006740,CUST08575,2025-08-20,Billing,Medium,5,3.0,Chat
TKT006741,CUST08576,2025-11-16,Plan Change,Low,4,4.0,Chat
TKT006742,CUST08577,2026-01-29,Technical,Medium,2,3.0,Chat
TKT006743,CUST08577,2026-02-01,Plan Change,Low,3,4.0,Email
TKT006744,CUST08577,2026-05-11,Other,Low,1,3.0,Chat
TKT006745,CUST08582,2026-01-12,Technical,Low,1,5.0,Email
TKT006746,CUST08582,2026-02-20,Connectivity,Low,1,4.0,App
TKT006747,CUST08583,2026-04-02,Technical,Medium,6,3.0,Phone
TKT006748,CUST08586,2025-09-06,Billing,Low,4,4.0,Phone
TKT006749,CUST08589,2025-12-03,Connectivity,Low,7,3.0,App
TKT006750,CUST08589,2026-03-18,Connectivity,Medium,1,4.0,Chat
TKT006751,CUST08591,2026-04-22,Plan Change,High,4,3.0,App
TKT006752,CUST08592,2026-02-01,Cancellation,Medium,3,4.0,App
TKT006753,CUST08594,2026-05-29,Billing,Low,9,4.0,Phone
TKT006754,CUST08597,2025-02-26,Other,Medium,4,3.0,Email
TKT006755,CUST08598,2025-08-17,Technical,Medium,2,4.0,App
TKT006756,CUST08598,2025-05-13,Cancellation,Low,2,3.0,App
TKT006757,CUST08602,2026-03-01,Cancellation,Medium,5,5.0,Chat
TKT006758,CUST08604,2025-11-17,Other,Medium,5,4.0,App
TKT006759,CUST08605,2025-08-15,Billing,Low,3,3.0,Phone
TKT006760,CUST08606,2026-05-24,Technical,Medium,5,3.0,Phone
TKT006761,CUST08607,2026-04-11,Billing,Low,4,3.0,Phone
TKT006762,CUST08607,2026-04-09,Other,Low,5,5.0,App
TKT006763,CUST08608,2026-06-02,Cancellation,High,4,3.0,Chat
TKT006764,CUST08611,2026-01-25,Cancellation,Medium,6,4.0,Chat
TKT006765,CUST08612,2025-11-23,Billing,Medium,2,3.0,Chat
TKT006766,CUST08612,2025-12-24,Connectivity,Medium,3,3.0,App
TKT006767,CUST08614,2026-05-30,Billing,Low,3,1.0,App
TKT006768,CUST08615,2025-01-26,Technical,Low,1,4.0,Chat
TKT006769,CUST08616,2026-06-06,Technical,Low,1,3.0,App
TKT006770,CUST08616,2026-06-01,Plan Change,Low,1,5.0,Chat
TKT006771,CUST08617,2026-05-02,Other,Medium,3,4.0,Chat
TKT006772,CUST08617,2026-05-18,Plan Change,Medium,3,4.0,Chat
TKT006773,CUST08618,2026-02-17,Cancellation,Medium,4,4.0,Phone
TKT006774,CUST08619,2025-01-26,Billing,High,2,1.0,Phone
TKT006775,CUST08619,2026-03-25,Technical,High,4,3.0,App
TKT006776,CUST08620,2026-06-11,Plan Change,Medium,7,4.0,Phone
TKT006777,CUST08622,2026-03-23,Billing,Medium,2,3.0,Email
TKT006778,CUST08622,2025-06-27,Other,Low,8,2.0,Email
TKT006779,CUST08622,2025-10-31,Plan Change,Medium,2,5.0,App
TKT006780,CUST08626,2026-05-21,Cancellation,Low,5,3.0,Email
TKT006781,CUST08626,2025-06-27,Connectivity,Medium,5,4.0,Email
TKT006782,CUST08626,2025-08-10,Billing,Medium,2,5.0,Chat
TKT006783,CUST08628,2026-04-09,Technical,Low,2,4.0,App
TKT006784,CUST08628,2025-11-04,Billing,Medium,3,3.0,Chat
TKT006785,CUST08628,2026-01-21,Technical,High,7,3.0,Chat
TKT006786,CUST08631,2026-05-08,Other,Medium,3,4.0,Email
TKT006787,CUST08631,2026-04-12,Technical,Low,6,4.0,Chat
TKT006788,CUST08631,2026-03-03,Other,Medium,3,3.0,Email
TKT006789,CUST08631,2026-04-04,Other,High,2,4.0,Phone
TKT006790,CUST08632,2025-01-25,Technical,Low,1,4.0,Email
TKT006791,CUST08632,2025-02-12,Billing,Medium,3,4.0,App
TKT006792,CUST08634,2025-03-25,Cancellation,Medium,1,4.0,Phone
TKT006793,CUST08634,2025-11-06,Other,Medium,2,5.0,Email
TKT006794,CUST08634,2025-01-17,Connectivity,Medium,3,4.0,Phone
TKT006795,CUST08637,2026-05-11,Plan Change,Medium,10,3.0,Chat
TKT006796,CUST08638,2025-04-04,Billing,Low,11,4.0,Email
TKT006797,CUST08639,2026-03-06,Cancellation,Medium,3,5.0,Email
TKT006798,CUST08639,2026-03-31,Billing,Low,7,4.0,App
TKT006799,CUST08642,2026-04-22,Connectivity,Medium,2,5.0,App
TKT006800,CUST08649,2026-05-19,Other,Medium,3,4.0,Phone
TKT006801,CUST08653,2026-05-30,Billing,Low,3,4.0,Chat
TKT006802,CUST08653,2026-01-04,Cancellation,Low,2,4.0,Phone
TKT006803,CUST08653,2025-11-07,Plan Change,Low,2,3.0,Email
TKT006804,CUST08655,2025-10-24,Plan Change,Low,4,5.0,Email
TKT006805,CUST08655,2025-06-09,Connectivity,Low,4,4.0,Phone
TKT006806,CUST08655,2025-11-18,Billing,Medium,2,3.0,Phone
TKT006807,CUST08658,2024-07-30,Technical,Low,2,4.0,Chat
TKT006808,CUST08658,2024-12-25,Other,Low,2,4.0,Chat
TKT006809,CUST08660,2026-05-08,Billing,Low,3,3.0,App
TKT006810,CUST08662,2024-08-04,Plan Change,Low,2,4.0,Chat
TKT006811,CUST08662,2024-09-12,Billing,Low,4,3.0,App
TKT006812,CUST08664,2026-05-08,Cancellation,Low,7,4.0,Email
TKT006813,CUST08664,2025-03-21,Connectivity,Low,5,5.0,Chat
TKT006814,CUST08667,2026-05-05,Cancellation,High,3,4.0,Email
TKT006815,CUST08670,2025-12-02,Cancellation,Medium,2,4.0,App
TKT006816,CUST08670,2025-06-16,Billing,Medium,12,3.0,App
TKT006817,CUST08671,2026-02-06,Billing,Low,5,4.0,Email
TKT006818,CUST08675,2026-02-02,Technical,Low,4,3.0,Phone
TKT006819,CUST08678,2026-05-23,Cancellation,Low,3,5.0,Email
TKT006820,CUST08680,2026-06-11,Technical,Low,3,5.0,Phone
TKT006821,CUST08681,2026-02-07,Cancellation,Low,5,3.0,Chat
TKT006822,CUST08682,2024-12-27,Cancellation,Low,2,4.0,Phone
TKT006823,CUST08684,2026-05-18,Other,Medium,1,4.0,App
TKT006824,CUST08684,2026-04-17,Other,Low,3,4.0,Chat
TKT006825,CUST08685,2025-11-30,Cancellation,Medium,2,4.0,App
TKT006826,CUST08688,2026-01-06,Cancellation,Low,5,3.0,Email
TKT006827,CUST08688,2026-01-19,Plan Change,Low,3,2.0,Chat
TKT006828,CUST08688,2025-07-29,Other,High,3,4.0,App
TKT006829,CUST08688,2025-08-02,Other,Low,5,5.0,Phone
TKT006830,CUST08689,2026-04-12,Other,Low,5,3.0,Phone
TKT006831,CUST08690,2026-04-19,Billing,Low,3,4.0,App
TKT006832,CUST08690,2026-05-25,Other,Low,2,4.0,Phone
TKT006833,CUST08692,2026-03-07,Connectivity,Low,3,4.0,Phone
TKT006834,CUST08693,2026-05-04,Connectivity,Low,3,5.0,Chat
TKT006835,CUST08693,2026-04-14,Plan Change,Low,1,4.0,Phone
TKT006836,CUST08693,2026-02-06,Other,Low,6,4.0,App
TKT006837,CUST08693,2026-01-02,Plan Change,Low,6,4.0,Chat
TKT006838,CUST08695,2025-05-23,Plan Change,Low,5,5.0,Email
TKT006839,CUST08697,2026-05-10,Other,Medium,3,4.0,Chat
TKT006840,CUST08697,2026-03-22,Other,Medium,2,4.0,App
TKT006841,CUST08700,2025-08-31,Plan Change,Medium,2,3.0,Chat
TKT006842,CUST08700,2026-05-24,Cancellation,Medium,4,3.0,App
TKT006843,CUST08701,2026-02-09,Billing,Medium,3,3.0,Chat
TKT006844,CUST08702,2026-02-01,Billing,Low,3,4.0,Phone
TKT006845,CUST08702,2026-02-25,Cancellation,Low,6,5.0,App
TKT006846,CUST08703,2026-02-17,Other,High,2,2.0,App
TKT006847,CUST08703,2026-05-03,Billing,Low,7,3.0,Email
TKT006848,CUST08704,2026-03-02,Technical,Low,8,5.0,Email
TKT006849,CUST08704,2025-12-31,Plan Change,Medium,3,4.0,Email
TKT006850,CUST08708,2026-06-19,Cancellation,Medium,2,3.0,Email
TKT006851,CUST08708,2026-05-25,Technical,Medium,2,3.0,Phone
TKT006852,CUST08709,2026-05-03,Other,Medium,3,4.0,Email
TKT006853,CUST08709,2026-05-29,Other,Low,4,5.0,Chat
TKT006854,CUST08709,2026-05-11,Cancellation,Medium,10,4.0,Phone
TKT006855,CUST08711,2025-12-02,Plan Change,Medium,3,3.0,Phone
TKT006856,CUST08712,2025-04-10,Billing,Low,1,4.0,App
TKT006857,CUST08714,2024-03-16,Other,Medium,12,4.0,Email
TKT006858,CUST08716,2024-06-03,Cancellation,Low,3,3.0,Phone
TKT006859,CUST08718,2026-03-28,Billing,High,4,1.0,App
TKT006860,CUST08720,2026-03-30,Connectivity,Medium,3,4.0,Phone
TKT006861,CUST08721,2026-03-23,Plan Change,Low,3,4.0,Chat
TKT006862,CUST08721,2025-11-30,Plan Change,Low,14,3.0,App
TKT006863,CUST08722,2026-05-09,Other,Low,1,4.0,App
TKT006864,CUST08723,2025-09-27,Technical,Low,1,4.0,Phone
TKT006865,CUST08726,2025-04-12,Connectivity,Low,2,2.0,Chat
TKT006866,CUST08726,2025-02-23,Technical,Low,1,3.0,Email
TKT006867,CUST08727,2024-12-14,Plan Change,Medium,2,5.0,Phone
TKT006868,CUST08727,2025-03-04,Billing,High,2,3.0,Email
TKT006869,CUST08730,2026-03-16,Billing,Low,3,3.0,Chat
TKT006870,CUST08733,2026-01-30,Plan Change,Low,2,5.0,App
TKT006871,CUST08733,2025-08-22,Cancellation,Low,2,3.0,Phone
TKT006872,CUST08736,2025-08-28,Other,Medium,4,5.0,Chat
TKT006873,CUST08737,2024-06-28,Technical,Low,1,3.0,Phone
TKT006874,CUST08737,2025-04-13,Other,Medium,8,4.0,Chat
TKT006875,CUST08737,2024-05-21,Billing,Low,4,4.0,App
TKT006876,CUST08739,2026-05-15,Cancellation,Low,4,4.0,Phone
TKT006877,CUST08739,2026-04-28,Billing,Low,6,4.0,Chat
TKT006878,CUST08740,2025-11-21,Connectivity,Medium,1,4.0,App
TKT006879,CUST08742,2026-03-25,Cancellation,Medium,2,5.0,Chat
TKT006880,CUST08744,2024-11-02,Other,Low,4,3.0,Chat
TKT006881,CUST08745,2025-10-04,Connectivity,Low,2,3.0,Phone
TKT006882,CUST08746,2025-10-18,Plan Change,Medium,3,4.0,Chat
TKT006883,CUST08746,2025-10-07,Plan Change,Medium,2,4.0,Email
TKT006884,CUST08747,2025-12-05,Other,Low,3,5.0,App
TKT006885,CUST08748,2026-06-06,Cancellation,Medium,2,4.0,App
TKT006886,CUST08749,2026-01-21,Technical,Low,6,4.0,Phone
TKT006887,CUST08749,2025-10-13,Connectivity,Low,2,4.0,Phone
TKT006888,CUST08750,2026-01-28,Cancellation,Low,1,3.0,Chat
TKT006889,CUST08751,2025-03-31,Technical,Low,3,3.0,App
TKT006890,CUST08751,2026-02-07,Connectivity,Medium,4,4.0,Chat
TKT006891,CUST08751,2026-01-06,Connectivity,Low,2,3.0,Phone
TKT006892,CUST08752,2025-08-26,Connectivity,Low,1,4.0,Phone
TKT006893,CUST08754,2024-09-09,Technical,Medium,6,3.0,Phone
TKT006894,CUST08755,2026-04-16,Connectivity,Low,5,4.0,Phone
TKT006895,CUST08761,2025-12-16,Cancellation,Medium,7,4.0,App
TKT006896,CUST08763,2024-11-09,Connectivity,Low,5,3.0,Chat
TKT006897,CUST08764,2026-05-31,Other,Medium,5,3.0,App
TKT006898,CUST08766,2025-11-23,Connectivity,Low,5,4.0,Email
TKT006899,CUST08766,2026-05-30,Connectivity,Low,3,3.0,Phone
TKT006900,CUST08767,2026-05-08,Billing,Low,3,4.0,Phone
TKT006901,CUST08770,2025-11-14,Other,Medium,5,3.0,App
TKT006902,CUST08770,2025-12-24,Connectivity,Low,3,3.0,Chat
TKT006903,CUST08774,2025-12-13,Other,Low,4,4.0,App
TKT006904,CUST08775,2026-02-01,Billing,High,4,2.0,App
TKT006905,CUST08775,2025-04-10,Technical,Low,4,3.0,App
TKT006906,CUST08778,2025-09-07,Technical,Low,2,4.0,App
TKT006907,CUST08778,2026-06-14,Plan Change,Low,4,4.0,Email
TKT006908,CUST08780,2026-05-10,Billing,Low,3,3.0,App
TKT006909,CUST08781,2025-09-10,Technical,Medium,7,4.0,Chat
TKT006910,CUST08782,2026-06-01,Other,Medium,9,5.0,App
TKT006911,CUST08783,2026-06-05,Plan Change,Low,4,3.0,Email
TKT006912,CUST08785,2026-03-11,Cancellation,Medium,2,3.0,Email
TKT006913,CUST08785,2026-04-02,Cancellation,Medium,6,4.0,Chat
TKT006914,CUST08786,2026-06-02,Technical,Low,3,4.0,Phone
TKT006915,CUST08788,2026-05-26,Cancellation,Low,4,3.0,Phone
TKT006916,CUST08790,2025-08-26,Billing,Low,3,4.0,Chat
TKT006917,CUST08791,2025-04-25,Technical,Low,3,4.0,App
TKT006918,CUST08791,2024-11-21,Cancellation,High,4,3.0,App
TKT006919,CUST08791,2024-04-23,Technical,Medium,6,4.0,App
TKT006920,CUST08792,2025-02-13,Cancellation,High,3,2.0,Chat
TKT006921,CUST08794,2026-04-30,Technical,Low,4,3.0,Email
TKT006922,CUST08794,2025-10-18,Technical,Low,2,5.0,Chat
TKT006923,CUST08794,2025-10-06,Connectivity,High,5,3.0,Email
TKT006924,CUST08798,2026-01-21,Other,High,5,2.0,Phone
TKT006925,CUST08800,2026-01-18,Billing,Low,3,2.0,Phone
TKT006926,CUST08801,2026-06-08,Technical,Low,15,4.0,App
TKT006927,CUST08802,2026-01-22,Technical,Medium,5,3.0,Email
TKT006928,CUST08803,2026-02-07,Connectivity,Medium,1,3.0,Email
TKT006929,CUST08804,2026-02-16,Billing,Medium,6,3.0,Email
TKT006930,CUST08804,2025-09-20,Other,Medium,6,2.0,App
TKT006931,CUST08804,2026-05-17,Connectivity,Low,3,4.0,Chat
TKT006932,CUST08807,2026-06-04,Technical,Medium,3,3.0,Chat
TKT006933,CUST08807,2026-03-12,Cancellation,Low,5,4.0,Email
TKT006934,CUST08809,2025-12-07,Plan Change,Low,4,,Email
TKT006935,CUST08813,2025-05-24,Cancellation,Medium,3,5.0,App
TKT006936,CUST08814,2026-01-02,Plan Change,Low,2,5.0,Email
TKT006937,CUST08814,2026-04-29,Billing,Low,7,3.0,Phone
TKT006938,CUST08814,2025-09-21,Billing,Low,7,4.0,Phone
TKT006939,CUST08817,2024-08-10,Other,Low,6,4.0,App
TKT006940,CUST08818,2025-06-07,Technical,Medium,3,3.0,App
TKT006941,CUST08818,2026-02-21,Billing,Low,5,3.0,Email
TKT006942,CUST08819,2026-02-02,Billing,Medium,1,4.0,Email
TKT006943,CUST08819,2026-02-18,Billing,High,6,4.0,Email
TKT006944,CUST08820,2026-06-21,Connectivity,Medium,12,5.0,App
TKT006945,CUST08820,2026-06-20,Connectivity,Medium,4,4.0,App
TKT006946,CUST08821,2026-03-26,Billing,Low,2,3.0,Phone
TKT006947,CUST08825,2026-04-27,Other,High,4,2.0,Chat
TKT006948,CUST08826,2025-07-25,Cancellation,Low,2,4.0,App
TKT006949,CUST08826,2025-10-15,Other,Low,3,4.0,Chat
TKT006950,CUST08827,2026-01-14,Other,Medium,4,4.0,Chat
TKT006951,CUST08828,2026-05-10,Cancellation,High,1,1.0,App
TKT006952,CUST08828,2024-07-29,Cancellation,Medium,5,4.0,Phone
TKT006953,CUST08829,2026-05-05,Cancellation,High,1,3.0,Chat
TKT006954,CUST08829,2026-05-22,Billing,Low,2,4.0,Phone
TKT006955,CUST08830,2025-08-29,Plan Change,High,2,2.0,App
TKT006956,CUST08833,2026-03-12,Plan Change,Low,5,3.0,Phone
TKT006957,CUST08834,2024-03-27,Technical,Low,2,4.0,Phone
TKT006958,CUST08834,2026-03-12,Cancellation,Low,1,3.0,App
TKT006959,CUST08836,2025-12-28,Technical,Low,8,4.0,Phone
TKT006960,CUST08838,2025-07-21,Technical,Low,6,5.0,Email
TKT006961,CUST08839,2025-04-04,Technical,Low,5,4.0,App
TKT006962,CUST08842,2026-04-27,Cancellation,Low,3,4.0,App
TKT006963,CUST08843,2025-04-04,Billing,Low,2,3.0,Email
TKT006964,CUST08845,2025-02-08,Plan Change,Low,8,4.0,Chat
TKT006965,CUST08845,2026-01-18,Billing,Low,2,4.0,Phone
TKT006966,CUST08846,2026-02-09,Other,Low,5,4.0,Phone
TKT006967,CUST08847,2026-05-07,Billing,Medium,4,4.0,Phone
TKT006968,CUST08847,2026-06-02,Plan Change,Medium,4,4.0,Phone
TKT006969,CUST08848,2026-03-10,Billing,Medium,2,4.0,App
TKT006970,CUST08848,2026-04-01,Other,Low,3,5.0,Email
TKT006971,CUST08852,2025-08-31,Connectivity,Low,8,2.0,Phone
TKT006972,CUST08854,2026-06-06,Plan Change,Medium,1,4.0,App
TKT006973,CUST08854,2025-10-03,Plan Change,Medium,1,4.0,Email
TKT006974,CUST08856,2025-07-09,Plan Change,Medium,3,4.0,App
TKT006975,CUST08856,2025-05-09,Connectivity,Medium,7,4.0,Phone
TKT006976,CUST08856,2026-01-31,Other,Medium,1,4.0,App
TKT006977,CUST08857,2025-11-19,Plan Change,Low,3,5.0,App
TKT006978,CUST08860,2026-03-21,Billing,Medium,4,4.0,Phone
TKT006979,CUST08863,2026-01-19,Plan Change,Low,11,2.0,App
TKT006980,CUST08864,2026-01-05,Plan Change,Medium,3,4.0,Email
TKT006981,CUST08869,2026-05-07,Billing,Low,1,4.0,Email
TKT006982,CUST08869,2026-05-08,Connectivity,Medium,7,3.0,Email
TKT006983,CUST08869,2026-05-07,Connectivity,High,2,3.0,Chat
TKT006984,CUST08870,2026-04-09,Connectivity,Medium,1,4.0,Chat
TKT006985,CUST08872,2026-03-25,Plan Change,Low,3,5.0,Chat
TKT006986,CUST08872,2026-01-26,Plan Change,Medium,3,3.0,Email
TKT006987,CUST08872,2026-05-19,Billing,Medium,3,3.0,Phone
TKT006988,CUST08874,2025-06-27,Connectivity,Medium,6,4.0,Phone
TKT006989,CUST08878,2025-10-21,Plan Change,Low,5,4.0,Email
TKT006990,CUST08879,2026-04-04,Connectivity,Medium,9,3.0,Email
TKT006991,CUST08879,2026-02-07,Technical,Low,2,4.0,Chat
TKT006992,CUST08883,2025-12-30,Plan Change,Medium,1,3.0,App
TKT006993,CUST08884,2026-06-20,Plan Change,Medium,3,4.0,App
TKT006994,CUST08885,2026-01-25,Plan Change,Medium,4,4.0,Chat
TKT006995,CUST08886,2025-08-04,Billing,Low,5,3.0,Phone
TKT006996,CUST08886,2024-10-24,Technical,Medium,6,4.0,Chat
TKT006997,CUST08888,2025-11-24,Technical,Low,3,3.0,Phone
TKT006998,CUST08889,2026-01-09,Billing,Low,3,5.0,Phone
TKT006999,CUST08893,2026-03-03,Connectivity,Low,2,3.0,App
TKT007000,CUST08898,2025-12-14,Connectivity,Medium,3,4.0,App
TKT007001,CUST08899,2025-10-27,Cancellation,Low,2,5.0,App
TKT007002,CUST08902,2026-01-20,Plan Change,Medium,1,3.0,Chat
TKT007003,CUST08904,2026-03-07,Technical,Low,8,4.0,App
TKT007004,CUST08904,2026-02-24,Cancellation,Low,4,4.0,App
TKT007005,CUST08905,2024-11-03,Billing,Low,3,2.0,Phone
TKT007006,CUST08906,2024-10-05,Cancellation,Medium,4,4.0,Email
TKT007007,CUST08906,2025-07-05,Technical,High,1,1.0,Chat
TKT007008,CUST08908,2026-05-25,Technical,Low,5,4.0,Chat
TKT007009,CUST08908,2026-04-27,Connectivity,Medium,3,3.0,Chat
TKT007010,CUST08911,2026-05-23,Technical,Medium,2,5.0,Phone
TKT007011,CUST08912,2025-07-09,Connectivity,Medium,2,4.0,App
TKT007012,CUST08912,2024-08-04,Other,Low,1,3.0,Phone
TKT007013,CUST08913,2025-12-19,Other,High,2,1.0,App
TKT007014,CUST08913,2024-10-24,Billing,Low,1,2.0,App
TKT007015,CUST08913,2025-03-14,Technical,Low,3,3.0,Phone
TKT007016,CUST08913,2026-04-22,Cancellation,Low,3,2.0,Chat
TKT007017,CUST08919,2025-02-13,Connectivity,Low,9,3.0,Email
TKT007018,CUST08921,2025-09-08,Technical,Low,8,4.0,Phone
TKT007019,CUST08923,2026-01-24,Other,Low,1,4.0,Chat
TKT007020,CUST08924,2025-06-07,Connectivity,Low,2,5.0,App
TKT007021,CUST08924,2026-04-07,Billing,Medium,3,3.0,Phone
TKT007022,CUST08925,2024-11-19,Connectivity,Medium,2,2.0,Chat
TKT007023,CUST08927,2025-07-03,Billing,Low,3,3.0,Chat
TKT007024,CUST08928,2025-06-13,Connectivity,Medium,1,3.0,Phone
TKT007025,CUST08930,2025-09-20,Cancellation,Low,27,4.0,Chat
TKT007026,CUST08932,2025-12-25,Cancellation,Low,2,4.0,App
TKT007027,CUST08935,2025-11-15,Cancellation,Low,1,4.0,App
TKT007028,CUST08937,2026-05-16,Connectivity,Low,10,3.0,Chat
TKT007029,CUST08938,2026-01-17,Cancellation,Medium,3,3.0,App
TKT007030,CUST08938,2026-02-18,Connectivity,Medium,3,2.0,App
TKT007031,CUST08938,2026-05-29,Technical,Low,3,4.0,Phone
TKT007032,CUST08939,2025-12-06,Other,Medium,16,4.0,Email
TKT007033,CUST08939,2026-05-02,Other,Low,1,3.0,Chat
TKT007034,CUST08941,2026-04-01,Other,Low,4,3.0,Phone
TKT007035,CUST08941,2025-01-12,Technical,Medium,4,3.0,Email
TKT007036,CUST08942,2025-07-04,Connectivity,Low,3,4.0,Chat
TKT007037,CUST08943,2025-11-20,Other,High,5,2.0,Email
TKT007038,CUST08945,2026-04-21,Technical,High,1,2.0,Chat
TKT007039,CUST08946,2025-11-05,Technical,Medium,7,3.0,App
TKT007040,CUST08946,2026-05-26,Connectivity,Low,3,4.0,Phone
TKT007041,CUST08947,2025-12-01,Billing,Low,3,4.0,Chat
TKT007042,CUST08947,2025-08-15,Plan Change,Low,4,4.0,Chat
TKT007043,CUST08948,2026-05-30,Plan Change,High,2,3.0,Phone
TKT007044,CUST08949,2024-10-18,Plan Change,Low,1,4.0,Phone
TKT007045,CUST08950,2025-11-10,Technical,Low,4,4.0,Phone
TKT007046,CUST08951,2025-02-24,Plan Change,Low,1,4.0,App
TKT007047,CUST08952,2026-01-16,Other,Low,5,4.0,Chat
TKT007048,CUST08953,2026-01-22,Connectivity,Low,6,2.0,Phone
TKT007049,CUST08953,2026-04-27,Other,Medium,4,3.0,Chat
TKT007050,CUST08954,2026-01-03,Billing,Low,6,4.0,Phone
TKT007051,CUST08955,2025-07-20,Cancellation,Medium,5,4.0,App
TKT007052,CUST08955,2026-01-08,Billing,High,8,3.0,Chat
TKT007053,CUST08957,2026-04-25,Cancellation,Low,1,4.0,Phone
TKT007054,CUST08958,2026-04-08,Billing,Low,3,4.0,App
TKT007055,CUST08962,2025-10-06,Cancellation,Low,2,4.0,Email
TKT007056,CUST08962,2026-01-05,Plan Change,Low,6,3.0,Email
TKT007057,CUST08964,2026-02-24,Connectivity,Medium,3,3.0,Email
TKT007058,CUST08969,2026-03-11,Plan Change,Medium,3,3.0,App
TKT007059,CUST08970,2025-06-21,Other,Medium,4,4.0,Chat
TKT007060,CUST08970,2026-04-14,Billing,Medium,1,3.0,Phone
TKT007061,CUST08971,2025-12-05,Connectivity,Low,3,3.0,App
TKT007062,CUST08973,2025-11-06,Plan Change,Low,4,5.0,Phone
TKT007063,CUST08973,2025-12-28,Billing,Low,2,3.0,Chat
TKT007064,CUST08974,2026-04-17,Other,Medium,2,3.0,Email
TKT007065,CUST08975,2026-05-15,Connectivity,Medium,5,4.0,App
TKT007066,CUST08976,2025-11-03,Plan Change,Low,1,4.0,App
TKT007067,CUST08977,2026-02-26,Billing,Medium,1,3.0,App
TKT007068,CUST08977,2025-10-25,Billing,Low,10,3.0,Chat
TKT007069,CUST08977,2025-09-30,Technical,Low,2,2.0,Phone
TKT007070,CUST08977,2025-06-30,Billing,Low,4,4.0,Chat
TKT007071,CUST08978,2025-12-06,Technical,Low,5,5.0,Phone
TKT007072,CUST08979,2025-07-22,Connectivity,Low,2,4.0,Email
TKT007073,CUST08980,2025-05-14,Connectivity,Low,3,5.0,Phone
TKT007074,CUST08981,2025-07-20,Billing,High,4,4.0,Chat
TKT007075,CUST08986,2025-01-16,Technical,High,3,2.0,Phone
TKT007076,CUST08988,2026-03-08,Connectivity,Low,2,3.0,Chat
TKT007077,CUST08990,2024-10-22,Connectivity,High,2,2.0,Chat
TKT007078,CUST08990,2024-05-29,Other,Low,8,2.0,Email
TKT007079,CUST08994,2024-07-09,Plan Change,Low,3,2.0,App
TKT007080,CUST08995,2026-04-08,Billing,Low,2,2.0,Chat
TKT007081,CUST08995,2025-07-25,Cancellation,Low,2,4.0,Email
TKT007082,CUST08996,2025-04-10,Connectivity,Medium,2,3.0,App
TKT007083,CUST08998,2026-05-23,Plan Change,Medium,6,4.0,Phone
TKT007084,CUST08998,2025-10-18,Other,Low,2,5.0,Email
TKT007085,CUST09000,2026-01-24,Connectivity,Low,3,4.0,Chat
TKT007086,CUST09001,2025-06-09,Other,Low,2,3.0,App
TKT007087,CUST09002,2025-04-16,Connectivity,High,4,,Chat
TKT007088,CUST09003,2026-03-31,Other,Low,2,3.0,App
TKT007089,CUST09003,2026-05-10,Billing,Medium,1,3.0,App
TKT007090,CUST09004,2026-05-10,Plan Change,High,1,2.0,Email
TKT007091,CUST09004,2026-02-10,Connectivity,High,3,4.0,Chat
TKT007092,CUST09005,2026-06-09,Technical,High,3,3.0,Email
TKT007093,CUST09008,2024-12-27,Other,Low,2,4.0,Phone
TKT007094,CUST09008,2025-12-20,Cancellation,Low,3,4.0,Phone
TKT007095,CUST09009,2025-11-22,Connectivity,Low,7,3.0,Email
TKT007096,CUST09010,2026-03-03,Billing,Medium,2,4.0,Chat
TKT007097,CUST09011,2026-01-16,Other,Medium,2,4.0,App
TKT007098,CUST09011,2026-04-09,Cancellation,Low,1,4.0,App
TKT007099,CUST09011,2026-03-15,Connectivity,Low,1,3.0,Chat
TKT007100,CUST09016,2025-09-20,Cancellation,Medium,1,4.0,App
TKT007101,CUST09017,2025-09-19,Other,Low,2,3.0,Email
TKT007102,CUST09017,2025-02-13,Cancellation,Low,3,5.0,Chat
TKT007103,CUST09019,2025-06-29,Connectivity,Low,2,2.0,Phone
TKT007104,CUST09021,2025-12-10,Connectivity,High,5,3.0,Email
TKT007105,CUST09023,2026-03-05,Other,Medium,4,4.0,App
TKT007106,CUST09023,2025-07-09,Technical,Low,7,5.0,App
TKT007107,CUST09023,2025-04-25,Connectivity,Low,4,4.0,App
TKT007108,CUST09023,2025-12-28,Plan Change,Low,1,4.0,App
TKT007109,CUST09023,2026-05-28,Connectivity,Low,1,4.0,Email
TKT007110,CUST09024,2026-06-01,Plan Change,Low,5,5.0,Phone
TKT007111,CUST09024,2025-11-09,Billing,Medium,1,4.0,Email
TKT007112,CUST09024,2025-08-15,Cancellation,Low,2,5.0,Chat
TKT007113,CUST09025,2025-12-03,Technical,Low,6,4.0,Chat
TKT007114,CUST09026,2026-01-10,Other,Low,7,5.0,Chat
TKT007115,CUST09029,2026-06-09,Other,Low,6,5.0,Chat
TKT007116,CUST09029,2026-06-25,Plan Change,Medium,4,5.0,App
TKT007117,CUST09030,2026-02-02,Billing,Low,1,4.0,Phone
TKT007118,CUST09031,2026-04-19,Billing,Low,8,3.0,Chat
TKT007119,CUST09031,2026-04-08,Technical,Low,1,3.0,Email
TKT007120,CUST09032,2026-05-10,Technical,Low,4,3.0,Phone
TKT007121,CUST09034,2025-12-20,Connectivity,High,2,4.0,Phone
TKT007122,CUST09034,2026-01-19,Technical,Medium,3,4.0,Chat
TKT007123,CUST09035,2025-09-24,Technical,Low,8,3.0,Chat
TKT007124,CUST09035,2025-08-09,Cancellation,Medium,12,5.0,Phone
TKT007125,CUST09036,2024-12-02,Other,Low,2,2.0,App
TKT007126,CUST09036,2024-04-01,Cancellation,Low,1,5.0,Phone
TKT007127,CUST09041,2025-08-23,Technical,Low,5,5.0,App
TKT007128,CUST09043,2026-04-10,Other,High,3,3.0,Email
TKT007129,CUST09045,2026-01-02,Plan Change,Low,6,4.0,App
TKT007130,CUST09045,2025-07-07,Technical,Low,2,2.0,App
TKT007131,CUST09050,2025-08-01,Connectivity,Low,4,4.0,App
TKT007132,CUST09050,2025-10-05,Billing,Medium,2,3.0,App
TKT007133,CUST09052,2025-03-07,Connectivity,Medium,3,4.0,Chat
TKT007134,CUST09055,2025-09-15,Connectivity,High,4,3.0,Chat
TKT007135,CUST09055,2026-01-09,Billing,Low,2,3.0,Email
TKT007136,CUST09055,2025-05-17,Cancellation,Low,2,5.0,Email
TKT007137,CUST09057,2025-10-05,Connectivity,Medium,3,4.0,Email
TKT007138,CUST09057,2025-06-25,Other,Low,3,4.0,Chat
TKT007139,CUST09057,2025-05-03,Billing,Low,5,5.0,App
TKT007140,CUST09058,2025-12-15,Billing,Low,1,4.0,Email
TKT007141,CUST09060,2024-10-03,Technical,Low,15,3.0,Phone
TKT007142,CUST09061,2026-05-14,Connectivity,Medium,4,5.0,Email
TKT007143,CUST09061,2025-11-28,Billing,Medium,4,2.0,Chat
TKT007144,CUST09062,2026-05-23,Cancellation,High,2,4.0,Phone
TKT007145,CUST09062,2025-02-02,Other,High,2,2.0,Phone
TKT007146,CUST09063,2025-05-25,Billing,Low,6,3.0,Phone
TKT007147,CUST09063,2025-01-07,Cancellation,Low,1,4.0,App
TKT007148,CUST09063,2024-08-13,Cancellation,High,2,2.0,Phone
TKT007149,CUST09065,2026-03-26,Cancellation,Low,2,3.0,Phone
TKT007150,CUST09066,2025-05-07,Cancellation,High,1,1.0,Phone
TKT007151,CUST09068,2025-09-01,Cancellation,Low,14,5.0,App
TKT007152,CUST09069,2025-10-14,Connectivity,Low,2,3.0,Phone
TKT007153,CUST09069,2025-09-29,Cancellation,Low,2,4.0,Phone
TKT007154,CUST09070,2024-06-02,Connectivity,Medium,5,3.0,Email
TKT007155,CUST09071,2025-08-15,Plan Change,Medium,3,4.0,Chat
TKT007156,CUST09074,2026-03-19,Cancellation,Low,8,3.0,Phone
TKT007157,CUST09075,2025-02-26,Billing,High,4,5.0,App
TKT007158,CUST09075,2024-10-16,Cancellation,Medium,4,3.0,App
TKT007159,CUST09080,2025-04-07,Plan Change,High,5,3.0,Email
TKT007160,CUST09080,2025-03-12,Other,Low,2,3.0,App
TKT007161,CUST09081,2025-10-27,Cancellation,Low,4,3.0,App
TKT007162,CUST09083,2026-03-06,Other,Low,5,5.0,App
TKT007163,CUST09084,2026-01-23,Cancellation,Low,5,5.0,Chat
TKT007164,CUST09088,2025-09-14,Connectivity,Low,7,3.0,Email
TKT007165,CUST09090,2025-02-05,Other,Medium,5,4.0,Phone
TKT007166,CUST09090,2024-11-27,Plan Change,Medium,4,3.0,Phone
TKT007167,CUST09091,2025-06-15,Connectivity,Low,2,4.0,Email
TKT007168,CUST09093,2025-10-14,Plan Change,Low,9,2.0,Email
TKT007169,CUST09094,2026-02-24,Technical,High,8,4.0,Email
TKT007170,CUST09095,2025-03-05,Plan Change,Low,3,3.0,Chat
TKT007171,CUST09097,2026-01-17,Connectivity,Low,4,4.0,App
TKT007172,CUST09100,2026-04-28,Connectivity,Low,7,4.0,App
TKT007173,CUST09100,2026-02-28,Other,Low,2,3.0,Chat
TKT007174,CUST09105,2025-04-17,Plan Change,Medium,4,4.0,Phone
TKT007175,CUST09105,2025-03-10,Connectivity,Low,1,5.0,App
TKT007176,CUST09105,2025-11-04,Plan Change,Low,4,4.0,Chat
TKT007177,CUST09107,2026-05-02,Plan Change,Medium,2,4.0,Chat
TKT007178,CUST09107,2026-01-22,Other,Medium,1,4.0,App
TKT007179,CUST09109,2026-01-22,Cancellation,Medium,5,5.0,Chat
TKT007180,CUST09109,2025-07-09,Other,Low,2,3.0,Chat
TKT007181,CUST09110,2026-04-14,Connectivity,Low,1,4.0,App
TKT007182,CUST09112,2025-08-17,Connectivity,High,3,3.0,Email
TKT007183,CUST09113,2025-12-09,Cancellation,Medium,7,5.0,App
TKT007184,CUST09115,2026-02-07,Other,High,7,3.0,Email
TKT007185,CUST09118,2026-04-04,Other,Low,3,4.0,App
TKT007186,CUST09121,2025-07-27,Plan Change,Low,10,4.0,Email
TKT007187,CUST09122,2026-04-07,Technical,High,1,5.0,App
TKT007188,CUST09125,2025-07-03,Cancellation,Low,3,4.0,App
TKT007189,CUST09125,2025-02-14,Cancellation,Medium,4,4.0,Phone
TKT007190,CUST09126,2026-01-01,Technical,Medium,3,4.0,Email
TKT007191,CUST09126,2025-10-27,Connectivity,Low,5,4.0,Email
TKT007192,CUST09127,2025-09-14,Other,Medium,2,2.0,Email
TKT007193,CUST09128,2025-11-12,Plan Change,Medium,2,5.0,Phone
TKT007194,CUST09129,2025-10-23,Plan Change,Low,5,4.0,Chat
TKT007195,CUST09129,2026-01-08,Connectivity,Medium,3,5.0,Email
TKT007196,CUST09131,2024-11-19,Other,Medium,4,3.0,App
TKT007197,CUST09131,2025-01-30,Cancellation,Low,10,5.0,Phone
TKT007198,CUST09134,2026-02-27,Cancellation,Low,7,3.0,App
TKT007199,CUST09136,2025-06-04,Technical,Medium,1,4.0,Chat
TKT007200,CUST09137,2025-01-14,Other,Medium,2,3.0,Email
TKT007201,CUST09139,2026-05-24,Billing,Medium,2,5.0,Email
TKT007202,CUST09141,2025-07-03,Connectivity,Low,4,4.0,Chat
TKT007203,CUST09142,2025-07-21,Billing,Low,15,4.0,Phone
TKT007204,CUST09143,2025-02-09,Technical,Low,2,5.0,App
TKT007205,CUST09143,2024-10-04,Connectivity,Low,8,3.0,Phone
TKT007206,CUST09144,2024-11-28,Cancellation,High,3,3.0,Chat
TKT007207,CUST09145,2026-06-17,Plan Change,Low,4,4.0,Phone
TKT007208,CUST09147,2026-04-26,Connectivity,Low,3,3.0,Chat
TKT007209,CUST09149,2025-08-01,Billing,Medium,4,4.0,Phone
TKT007210,CUST09150,2026-04-15,Connectivity,Low,3,2.0,Chat
TKT007211,CUST09150,2025-11-04,Technical,Medium,2,3.0,Email
TKT007212,CUST09152,2025-10-22,Billing,Medium,2,4.0,Email
TKT007213,CUST09154,2026-01-06,Cancellation,Medium,3,3.0,App
TKT007214,CUST09156,2026-06-05,Cancellation,Low,2,4.0,Email
TKT007215,CUST09162,2026-03-24,Technical,Low,3,4.0,Email
TKT007216,CUST09163,2026-01-15,Cancellation,Medium,10,3.0,Chat
TKT007217,CUST09166,2025-02-04,Technical,Low,1,4.0,Email
TKT007218,CUST09167,2026-03-28,Billing,Low,2,4.0,Phone
TKT007219,CUST09167,2025-12-31,Other,Medium,6,5.0,App
TKT007220,CUST09170,2026-06-07,Other,Low,2,5.0,App
TKT007221,CUST09171,2026-01-01,Billing,Medium,8,2.0,Chat
TKT007222,CUST09171,2025-03-22,Other,Medium,6,5.0,Email
TKT007223,CUST09172,2026-06-12,Technical,Low,1,4.0,App
TKT007224,CUST09173,2024-11-28,Connectivity,Low,1,,Phone
TKT007225,CUST09175,2025-07-27,Connectivity,High,4,3.0,Phone
TKT007226,CUST09177,2025-10-18,Other,Low,4,,Phone
TKT007227,CUST09177,2025-08-02,Billing,Low,2,3.0,Email
TKT007228,CUST09178,2026-04-16,Connectivity,Medium,1,5.0,Phone
TKT007229,CUST09179,2026-03-29,Technical,Medium,1,3.0,Chat
TKT007230,CUST09180,2026-06-20,Plan Change,Medium,8,5.0,App
TKT007231,CUST09180,2026-06-17,Connectivity,Low,3,3.0,Phone
TKT007232,CUST09182,2025-07-03,Billing,Low,2,2.0,Email
TKT007233,CUST09184,2026-03-10,Other,Medium,4,4.0,Email
TKT007234,CUST09186,2025-07-05,Connectivity,Low,4,3.0,App
TKT007235,CUST09186,2026-01-20,Billing,Medium,2,4.0,Chat
TKT007236,CUST09186,2025-09-11,Cancellation,Low,6,5.0,Phone
TKT007237,CUST09187,2026-01-18,Other,Low,6,4.0,App
TKT007238,CUST09188,2025-09-25,Connectivity,Medium,4,3.0,Phone
TKT007239,CUST09189,2026-02-19,Cancellation,Low,4,3.0,App
TKT007240,CUST09191,2025-11-27,Connectivity,Medium,6,3.0,Phone
TKT007241,CUST09193,2025-08-22,Plan Change,High,4,3.0,App
TKT007242,CUST09193,2025-01-25,Plan Change,Medium,5,3.0,Phone
TKT007243,CUST09194,2025-09-13,Billing,Low,2,3.0,Email
TKT007244,CUST09195,2026-05-04,Billing,Low,4,4.0,Chat
TKT007245,CUST09196,2024-09-05,Connectivity,Low,4,4.0,Phone
TKT007246,CUST09197,2026-04-08,Connectivity,Medium,1,4.0,App
TKT007247,CUST09202,2026-05-15,Plan Change,Medium,1,4.0,Phone
TKT007248,CUST09202,2026-05-18,Plan Change,Low,1,3.0,Email
TKT007249,CUST09203,2026-01-14,Connectivity,High,6,3.0,Phone
TKT007250,CUST09205,2024-08-14,Technical,Low,2,4.0,App
TKT007251,CUST09205,2025-01-09,Technical,Low,11,5.0,Phone
TKT007252,CUST09205,2025-06-09,Billing,High,2,4.0,App
TKT007253,CUST09206,2026-06-05,Other,High,4,3.0,Chat
TKT007254,CUST09208,2025-12-06,Billing,Medium,1,2.0,Email
TKT007255,CUST09208,2024-07-29,Connectivity,Low,9,3.0,Phone
TKT007256,CUST09209,2025-09-05,Other,Low,1,4.0,Chat
TKT007257,CUST09211,2025-10-07,Billing,Medium,4,4.0,Chat
TKT007258,CUST09213,2025-11-10,Billing,Low,6,3.0,App
TKT007259,CUST09214,2025-08-29,Plan Change,Low,9,3.0,Chat
TKT007260,CUST09219,2025-12-11,Technical,Low,1,3.0,Email
TKT007261,CUST09221,2026-04-12,Cancellation,Medium,7,4.0,Phone
TKT007262,CUST09222,2024-07-27,Cancellation,Medium,4,3.0,App
TKT007263,CUST09225,2025-07-16,Connectivity,Low,10,,Phone
TKT007264,CUST09226,2026-01-22,Technical,Low,3,4.0,Chat
TKT007265,CUST09231,2025-07-06,Plan Change,Medium,4,4.0,Phone
TKT007266,CUST09234,2026-05-20,Other,Medium,2,4.0,Email
TKT007267,CUST09237,2025-02-05,Billing,Low,2,4.0,Phone
TKT007268,CUST09237,2026-03-07,Plan Change,Medium,8,3.0,Chat
TKT007269,CUST09238,2026-02-01,Billing,Low,1,3.0,App
TKT007270,CUST09239,2024-09-13,Plan Change,Low,4,3.0,Chat
TKT007271,CUST09243,2026-01-12,Technical,Low,3,4.0,Phone
TKT007272,CUST09244,2025-01-16,Technical,Low,4,5.0,App
TKT007273,CUST09245,2025-07-11,Plan Change,Low,6,4.0,App
TKT007274,CUST09246,2025-04-14,Other,Low,2,5.0,App
TKT007275,CUST09247,2026-05-16,Plan Change,Medium,3,4.0,Phone
TKT007276,CUST09248,2025-07-13,Technical,Low,2,3.0,Email
TKT007277,CUST09248,2025-04-10,Plan Change,Medium,2,2.0,Phone
TKT007278,CUST09251,2026-05-09,Cancellation,Low,7,3.0,App
TKT007279,CUST09253,2025-10-23,Billing,Low,5,4.0,Phone
TKT007280,CUST09254,2024-06-04,Cancellation,Medium,9,5.0,Chat
TKT007281,CUST09254,2024-07-11,Other,Low,4,5.0,App
TKT007282,CUST09254,2025-04-21,Billing,Medium,11,4.0,App
TKT007283,CUST09256,2024-12-11,Plan Change,High,4,3.0,Chat
TKT007284,CUST09258,2025-09-08,Connectivity,High,5,2.0,Email
TKT007285,CUST09259,2025-10-10,Plan Change,Low,5,4.0,App
TKT007286,CUST09261,2025-02-10,Other,Medium,1,2.0,Chat
TKT007287,CUST09262,2025-02-16,Technical,Medium,1,4.0,App
TKT007288,CUST09263,2025-06-08,Connectivity,Low,2,4.0,Email
TKT007289,CUST09263,2025-01-15,Billing,Low,1,4.0,Phone
TKT007290,CUST09265,2026-05-07,Other,High,6,2.0,Email
TKT007291,CUST09268,2025-10-17,Plan Change,Medium,3,4.0,Chat
TKT007292,CUST09271,2026-01-31,Other,High,1,3.0,App
TKT007293,CUST09271,2026-05-04,Other,Medium,3,4.0,Phone
TKT007294,CUST09273,2026-05-17,Plan Change,Low,3,3.0,App
TKT007295,CUST09274,2025-04-20,Billing,Medium,2,3.0,Phone
TKT007296,CUST09277,2026-04-07,Billing,Medium,4,5.0,Email
TKT007297,CUST09280,2026-01-27,Other,Medium,4,1.0,Email
TKT007298,CUST09281,2025-12-21,Connectivity,Low,3,4.0,Chat
TKT007299,CUST09282,2026-05-24,Billing,High,4,2.0,Phone
TKT007300,CUST09282,2026-05-29,Billing,Low,1,3.0,App
TKT007301,CUST09282,2026-03-10,Connectivity,Medium,4,4.0,App
TKT007302,CUST09283,2025-04-03,Cancellation,Low,6,4.0,Phone
TKT007303,CUST09283,2025-08-11,Plan Change,Low,1,3.0,App
TKT007304,CUST09284,2025-11-14,Cancellation,Low,5,4.0,Phone
TKT007305,CUST09284,2025-09-24,Cancellation,Low,2,4.0,App
TKT007306,CUST09285,2025-05-17,Billing,Medium,10,4.0,Chat
TKT007307,CUST09286,2026-04-29,Other,Medium,1,4.0,Phone
TKT007308,CUST09289,2025-07-05,Billing,Medium,3,4.0,Email
TKT007309,CUST09289,2024-12-11,Technical,Low,1,3.0,Email
TKT007310,CUST09297,2026-06-03,Other,Low,2,4.0,Phone
TKT007311,CUST09298,2026-06-11,Connectivity,Medium,3,4.0,Email
TKT007312,CUST09299,2026-04-04,Connectivity,Low,4,3.0,Chat
TKT007313,CUST09299,2025-07-30,Other,Low,8,3.0,App
TKT007314,CUST09300,2025-07-24,Cancellation,High,4,3.0,App
TKT007315,CUST09304,2026-06-01,Cancellation,Medium,3,4.0,Email
TKT007316,CUST09304,2025-12-07,Cancellation,Medium,2,3.0,App
TKT007317,CUST09305,2025-01-15,Plan Change,Low,8,3.0,App
TKT007318,CUST09306,2025-07-02,Connectivity,Medium,8,5.0,Chat
TKT007319,CUST09306,2025-11-15,Other,High,3,2.0,Phone
TKT007320,CUST09308,2026-06-21,Other,Low,6,5.0,Chat
TKT007321,CUST09308,2026-06-22,Other,Medium,5,3.0,App
TKT007322,CUST09310,2025-07-29,Billing,Medium,3,4.0,App
TKT007323,CUST09311,2025-10-28,Cancellation,Medium,2,5.0,App
TKT007324,CUST09313,2026-05-01,Cancellation,High,2,3.0,App
TKT007325,CUST09315,2026-02-20,Cancellation,High,7,3.0,Chat
TKT007326,CUST09316,2025-08-09,Connectivity,Low,1,4.0,App
TKT007327,CUST09319,2025-03-26,Cancellation,Low,4,4.0,Email
TKT007328,CUST09320,2025-07-03,Technical,Medium,1,5.0,Chat
TKT007329,CUST09321,2025-10-17,Billing,Medium,2,4.0,Email
TKT007330,CUST09322,2026-05-31,Billing,Low,6,5.0,App
TKT007331,CUST09325,2025-12-07,Technical,Low,4,4.0,Phone
TKT007332,CUST09325,2025-07-25,Cancellation,Medium,5,4.0,Phone
TKT007333,CUST09325,2025-12-29,Cancellation,Low,3,4.0,Email
TKT007334,CUST09327,2024-10-29,Technical,Low,3,3.0,App
TKT007335,CUST09327,2025-01-31,Billing,Medium,4,3.0,App
TKT007336,CUST09328,2026-05-13,Billing,Medium,9,2.0,Chat
TKT007337,CUST09328,2025-11-05,Plan Change,Low,9,4.0,Chat
TKT007338,CUST09329,2026-04-28,Other,Medium,3,4.0,Chat
TKT007339,CUST09330,2025-02-17,Other,High,5,4.0,Email
TKT007340,CUST09331,2026-05-20,Other,Low,3,3.0,Phone
TKT007341,CUST09333,2026-01-03,Connectivity,Medium,8,3.0,Phone
TKT007342,CUST09334,2026-04-11,Cancellation,Low,5,3.0,Email
TKT007343,CUST09335,2026-04-19,Technical,Low,2,4.0,Email
TKT007344,CUST09337,2025-11-24,Plan Change,High,4,3.0,Chat
TKT007345,CUST09337,2026-01-26,Cancellation,Low,9,4.0,Phone
TKT007346,CUST09337,2025-10-20,Other,Low,3,5.0,Phone
TKT007347,CUST09338,2025-04-01,Cancellation,Medium,4,4.0,Email
TKT007348,CUST09338,2025-12-07,Cancellation,Medium,3,5.0,Chat
TKT007349,CUST09341,2026-04-09,Plan Change,Medium,2,4.0,App
TKT007350,CUST09343,2026-02-20,Cancellation,Medium,3,5.0,Chat
TKT007351,CUST09344,2026-02-14,Cancellation,Low,2,3.0,Chat
TKT007352,CUST09345,2025-03-21,Connectivity,Low,4,4.0,App
TKT007353,CUST09346,2026-06-01,Billing,Low,3,5.0,Email
TKT007354,CUST09348,2026-06-02,Cancellation,Low,3,4.0,Phone
TKT007355,CUST09349,2026-02-18,Connectivity,Low,2,4.0,Email
TKT007356,CUST09350,2024-11-18,Plan Change,Medium,11,5.0,Chat
TKT007357,CUST09352,2025-09-01,Other,Medium,1,2.0,Phone
TKT007358,CUST09353,2026-01-04,Cancellation,Medium,5,3.0,App
TKT007359,CUST09354,2026-02-28,Cancellation,Low,5,,Chat
TKT007360,CUST09358,2026-05-31,Plan Change,Low,2,4.0,Chat
TKT007361,CUST09363,2026-03-31,Connectivity,Low,5,4.0,App
TKT007362,CUST09363,2026-04-08,Plan Change,Low,1,4.0,Phone
TKT007363,CUST09365,2026-02-22,Other,Medium,2,3.0,Chat
TKT007364,CUST09367,2025-08-18,Connectivity,Low,2,4.0,Chat
TKT007365,CUST09368,2026-01-29,Connectivity,Low,3,4.0,Chat
TKT007366,CUST09370,2025-03-30,Billing,High,5,2.0,Chat
TKT007367,CUST09370,2025-12-20,Connectivity,Low,2,4.0,Email
TKT007368,CUST09370,2025-10-28,Billing,Medium,6,3.0,App
TKT007369,CUST09372,2025-01-26,Cancellation,Medium,4,3.0,Phone
TKT007370,CUST09373,2024-11-27,Other,Medium,7,5.0,Chat
TKT007371,CUST09373,2024-10-10,Connectivity,Medium,3,5.0,App
TKT007372,CUST09375,2025-06-23,Other,Low,3,3.0,App
TKT007373,CUST09378,2026-01-06,Technical,Low,2,5.0,Chat
TKT007374,CUST09378,2026-02-22,Cancellation,Low,5,2.0,Phone
TKT007375,CUST09379,2025-09-18,Other,Low,2,3.0,App
TKT007376,CUST09379,2025-12-14,Other,Medium,1,3.0,App
TKT007377,CUST09381,2025-07-21,Connectivity,Low,3,4.0,App
TKT007378,CUST09382,2026-04-14,Plan Change,Medium,3,4.0,Email
TKT007379,CUST09385,2026-03-04,Connectivity,Low,7,4.0,Chat
TKT007380,CUST09387,2026-06-06,Technical,Low,2,4.0,Chat
TKT007381,CUST09388,2025-11-21,Technical,Medium,6,2.0,Chat
TKT007382,CUST09389,2026-03-01,Technical,Low,1,4.0,App
TKT007383,CUST09389,2026-02-18,Connectivity,Low,1,4.0,App
TKT007384,CUST09393,2026-04-27,Cancellation,High,3,4.0,Chat
TKT007385,CUST09395,2024-12-26,Connectivity,Medium,2,4.0,Email
TKT007386,CUST09396,2025-07-05,Other,Medium,6,3.0,Phone
TKT007387,CUST09397,2024-12-24,Technical,Low,4,4.0,Chat
TKT007388,CUST09398,2026-05-02,Technical,Medium,15,4.0,App
TKT007389,CUST09400,2025-10-13,Technical,Medium,3,4.0,App
TKT007390,CUST09400,2025-04-22,Connectivity,High,2,3.0,Chat
TKT007391,CUST09401,2026-05-16,Connectivity,Medium,6,3.0,Chat
TKT007392,CUST09404,2026-04-27,Other,Low,7,5.0,Phone
TKT007393,CUST09405,2025-12-29,Other,Medium,3,3.0,Email
TKT007394,CUST09406,2025-03-12,Billing,Low,2,4.0,Chat
TKT007395,CUST09406,2025-09-03,Technical,Medium,2,3.0,Email
TKT007396,CUST09408,2025-10-12,Plan Change,Medium,4,4.0,App
TKT007397,CUST09413,2026-04-16,Technical,Medium,1,3.0,Email
TKT007398,CUST09413,2025-10-01,Connectivity,Medium,2,4.0,Email
TKT007399,CUST09417,2025-05-30,Connectivity,Low,2,3.0,App
TKT007400,CUST09418,2026-01-31,Cancellation,Low,2,5.0,Chat
TKT007401,CUST09420,2026-01-12,Connectivity,Medium,7,4.0,App
TKT007402,CUST09421,2024-12-16,Plan Change,Medium,3,5.0,Phone
TKT007403,CUST09421,2025-06-22,Technical,Low,1,5.0,App
TKT007404,CUST09425,2026-04-14,Plan Change,Medium,1,5.0,Phone
TKT007405,CUST09425,2025-12-12,Cancellation,Low,4,2.0,Chat
TKT007406,CUST09426,2025-09-30,Billing,Low,2,3.0,Phone
TKT007407,CUST09432,2025-12-22,Other,Medium,3,4.0,Email
TKT007408,CUST09432,2025-11-28,Plan Change,Medium,5,5.0,App
TKT007409,CUST09433,2025-11-04,Plan Change,Low,4,5.0,App
TKT007410,CUST09435,2025-10-25,Cancellation,Low,5,4.0,App
TKT007411,CUST09436,2025-09-21,Other,High,6,3.0,Email
TKT007412,CUST09436,2025-10-07,Billing,High,3,3.0,Email
TKT007413,CUST09437,2026-03-11,Billing,Low,1,4.0,App
TKT007414,CUST09438,2025-05-10,Billing,Medium,2,4.0,Email
TKT007415,CUST09439,2025-12-29,Cancellation,Medium,1,3.0,App
TKT007416,CUST09444,2026-04-03,Technical,Low,5,4.0,Email
TKT007417,CUST09445,2025-11-18,Billing,Medium,2,4.0,Phone
TKT007418,CUST09449,2025-02-04,Other,Low,8,4.0,Chat
TKT007419,CUST09450,2026-03-01,Cancellation,Low,3,2.0,Phone
TKT007420,CUST09451,2025-09-29,Plan Change,Low,7,3.0,Chat
TKT007421,CUST09453,2026-03-23,Plan Change,Low,3,3.0,Email
TKT007422,CUST09454,2025-12-12,Plan Change,Medium,4,3.0,Phone
TKT007423,CUST09454,2026-06-06,Other,Low,3,4.0,Email
TKT007424,CUST09454,2026-01-22,Cancellation,Low,2,4.0,Phone
TKT007425,CUST09455,2026-06-15,Other,Low,8,4.0,Chat
TKT007426,CUST09457,2026-05-25,Connectivity,Low,3,2.0,Phone
TKT007427,CUST09457,2026-05-04,Technical,High,1,3.0,Email
TKT007428,CUST09457,2026-04-08,Cancellation,Low,4,5.0,App
TKT007429,CUST09457,2025-12-09,Billing,Low,2,3.0,Chat
TKT007430,CUST09458,2024-11-20,Technical,Low,4,5.0,Email
TKT007431,CUST09459,2026-05-07,Billing,High,3,3.0,Phone
TKT007432,CUST09461,2025-08-02,Plan Change,Medium,2,3.0,Email
TKT007433,CUST09461,2026-03-28,Technical,Medium,4,4.0,Phone
TKT007434,CUST09461,2025-11-19,Cancellation,Low,7,5.0,App
TKT007435,CUST09462,2026-04-16,Billing,Medium,4,4.0,App
TKT007436,CUST09462,2026-04-09,Connectivity,High,4,1.0,Phone
TKT007437,CUST09463,2024-08-06,Other,Low,2,3.0,App
TKT007438,CUST09463,2025-12-29,Technical,Medium,10,4.0,Phone
TKT007439,CUST09463,2026-04-11,Cancellation,Low,2,2.0,Chat
TKT007440,CUST09463,2026-04-16,Other,Low,5,4.0,Chat
TKT007441,CUST09465,2026-03-12,Technical,Medium,3,4.0,Phone
TKT007442,CUST09465,2025-05-08,Technical,Low,3,4.0,App
TKT007443,CUST09468,2025-09-05,Technical,Medium,2,4.0,Phone
TKT007444,CUST09470,2025-08-22,Technical,Low,2,3.0,Chat
TKT007445,CUST09472,2025-05-15,Billing,Low,1,3.0,Email
TKT007446,CUST09472,2025-12-07,Technical,Low,3,5.0,Phone
TKT007447,CUST09474,2026-04-30,Technical,Medium,3,4.0,App
TKT007448,CUST09475,2026-01-19,Plan Change,Low,5,3.0,Phone
TKT007449,CUST09476,2026-05-13,Other,Low,6,4.0,App
TKT007450,CUST09476,2025-11-25,Technical,Low,3,5.0,App
TKT007451,CUST09476,2025-09-01,Connectivity,Low,9,5.0,Email
TKT007452,CUST09479,2025-08-09,Cancellation,Low,2,4.0,App
TKT007453,CUST09480,2026-04-04,Cancellation,Low,4,4.0,Email
TKT007454,CUST09481,2024-11-01,Technical,Medium,1,3.0,Email
TKT007455,CUST09483,2026-05-23,Plan Change,Low,3,5.0,App
TKT007456,CUST09486,2026-05-16,Billing,Medium,2,4.0,Chat
TKT007457,CUST09486,2026-06-21,Plan Change,Medium,1,4.0,Phone
TKT007458,CUST09496,2025-10-09,Cancellation,Low,6,4.0,App
TKT007459,CUST09496,2025-07-30,Connectivity,Low,1,4.0,Phone
TKT007460,CUST09500,2024-08-15,Plan Change,Medium,3,3.0,Phone
TKT007461,CUST09500,2025-08-12,Technical,Low,1,4.0,Chat
TKT007462,CUST09501,2026-03-03,Other,Low,2,4.0,Email
TKT007463,CUST09503,2026-05-29,Plan Change,Medium,5,2.0,App
TKT007464,CUST09503,2026-03-18,Cancellation,Medium,6,4.0,App
TKT007465,CUST09503,2026-06-09,Other,High,11,4.0,Email
TKT007466,CUST09505,2026-03-04,Cancellation,Medium,14,3.0,Chat
TKT007467,CUST09505,2026-04-16,Cancellation,Low,5,4.0,Phone
TKT007468,CUST09508,2025-09-29,Technical,Low,2,4.0,Phone
TKT007469,CUST09508,2025-07-12,Connectivity,Low,2,4.0,Phone
TKT007470,CUST09508,2026-03-08,Other,Medium,3,3.0,Chat
TKT007471,CUST09511,2026-01-31,Technical,Low,2,3.0,Phone
TKT007472,CUST09512,2025-06-21,Connectivity,Medium,5,5.0,Chat
TKT007473,CUST09513,2025-11-26,Billing,Low,3,3.0,Phone
TKT007474,CUST09513,2024-08-09,Billing,Low,4,4.0,Phone
TKT007475,CUST09517,2026-04-01,Cancellation,Low,2,3.0,App
TKT007476,CUST09517,2026-04-19,Connectivity,Medium,5,5.0,App
TKT007477,CUST09517,2026-03-02,Other,Low,1,3.0,App
TKT007478,CUST09518,2025-12-25,Cancellation,Low,2,4.0,Phone
TKT007479,CUST09519,2026-01-17,Billing,Medium,4,3.0,Email
TKT007480,CUST09519,2026-03-23,Plan Change,Medium,2,4.0,Phone
TKT007481,CUST09521,2026-01-09,Billing,Low,4,4.0,Chat
TKT007482,CUST09522,2026-05-21,Other,High,6,4.0,Phone
TKT007483,CUST09523,2026-03-01,Connectivity,Low,5,3.0,Email
TKT007484,CUST09525,2026-01-04,Plan Change,Low,2,3.0,Email
TKT007485,CUST09526,2026-05-18,Billing,Low,2,3.0,Chat
TKT007486,CUST09526,2026-03-04,Plan Change,Medium,7,2.0,Email
TKT007487,CUST09526,2025-04-03,Billing,Medium,4,4.0,Chat
TKT007488,CUST09531,2025-11-15,Plan Change,Low,3,5.0,Email
TKT007489,CUST09531,2025-05-08,Connectivity,Low,3,5.0,Phone
TKT007490,CUST09532,2025-10-26,Plan Change,Low,1,3.0,App
TKT007491,CUST09533,2026-05-12,Cancellation,Medium,2,5.0,Email
TKT007492,CUST09534,2025-12-17,Billing,High,8,3.0,Email
TKT007493,CUST09536,2026-01-25,Billing,Medium,5,3.0,Chat
TKT007494,CUST09539,2025-04-28,Plan Change,Medium,1,4.0,Chat
TKT007495,CUST09541,2026-04-09,Technical,Low,1,4.0,App
TKT007496,CUST09545,2025-10-05,Plan Change,Medium,2,5.0,Phone
TKT007497,CUST09545,2026-03-01,Technical,Low,5,4.0,Email
TKT007498,CUST09546,2026-04-09,Technical,Medium,4,4.0,Email
TKT007499,CUST09546,2026-04-13,Billing,Low,3,4.0,Phone
TKT007500,CUST09555,2026-01-27,Plan Change,Medium,10,4.0,Chat
TKT007501,CUST09556,2025-11-29,Billing,Low,2,4.0,Email
TKT007502,CUST09559,2026-03-15,Plan Change,Medium,3,4.0,Chat
TKT007503,CUST09560,2026-03-26,Cancellation,Low,5,4.0,Chat
TKT007504,CUST09561,2025-02-08,Billing,High,4,2.0,Chat
TKT007505,CUST09562,2026-01-21,Connectivity,Low,4,4.0,Phone
TKT007506,CUST09564,2025-06-13,Other,Medium,4,3.0,Phone
TKT007507,CUST09565,2024-06-19,Technical,Low,1,3.0,Email
TKT007508,CUST09566,2026-04-18,Cancellation,Medium,4,2.0,Email
TKT007509,CUST09567,2026-05-08,Billing,Medium,4,3.0,Email
TKT007510,CUST09567,2025-06-06,Connectivity,Low,1,5.0,Email
TKT007511,CUST09568,2025-11-05,Technical,Medium,1,5.0,Email
TKT007512,CUST09568,2025-12-11,Cancellation,Low,2,5.0,Chat
TKT007513,CUST09571,2024-11-22,Billing,Low,5,5.0,App
TKT007514,CUST09572,2025-01-03,Connectivity,Low,5,4.0,Phone
TKT007515,CUST09572,2025-06-19,Connectivity,Medium,6,4.0,Email
TKT007516,CUST09576,2026-05-03,Billing,Low,3,4.0,Chat
TKT007517,CUST09579,2026-05-11,Plan Change,Low,5,3.0,App
TKT007518,CUST09579,2026-05-29,Other,Low,2,2.0,Email
TKT007519,CUST09581,2025-11-13,Technical,Low,1,4.0,Chat
TKT007520,CUST09581,2025-10-26,Billing,Medium,4,5.0,Email
TKT007521,CUST09581,2024-09-01,Cancellation,High,8,4.0,Chat
TKT007522,CUST09582,2026-02-14,Billing,Medium,1,3.0,Email
TKT007523,CUST09582,2026-02-25,Connectivity,Low,3,5.0,App
TKT007524,CUST09582,2026-05-29,Plan Change,Medium,1,2.0,Chat
TKT007525,CUST09584,2026-03-09,Cancellation,Medium,7,3.0,Chat
TKT007526,CUST09584,2026-02-15,Plan Change,Low,6,3.0,App
TKT007527,CUST09585,2026-03-15,Technical,High,7,2.0,Chat
TKT007528,CUST09585,2026-02-15,Connectivity,Low,3,4.0,Chat
TKT007529,CUST09586,2026-02-28,Billing,Low,4,2.0,Phone
TKT007530,CUST09586,2026-04-06,Billing,Medium,2,3.0,App
TKT007531,CUST09588,2025-03-24,Billing,Low,3,3.0,Chat
TKT007532,CUST09588,2026-05-01,Billing,Medium,5,3.0,Chat
TKT007533,CUST09589,2025-04-24,Billing,High,10,4.0,App
TKT007534,CUST09591,2026-05-11,Other,Low,5,4.0,Phone
TKT007535,CUST09591,2026-04-05,Billing,Medium,6,3.0,Email
TKT007536,CUST09591,2026-03-25,Other,Low,4,4.0,Email
TKT007537,CUST09595,2026-01-18,Billing,Low,2,2.0,Email
TKT007538,CUST09596,2026-06-12,Other,Medium,1,3.0,Email
TKT007539,CUST09597,2026-05-28,Connectivity,Low,22,4.0,Chat
TKT007540,CUST09597,2026-05-27,Other,Medium,3,4.0,Chat
TKT007541,CUST09598,2026-06-05,Billing,Low,2,3.0,Phone
TKT007542,CUST09598,2026-05-20,Technical,Low,1,3.0,Phone
TKT007543,CUST09598,2026-03-20,Technical,Medium,5,5.0,Chat
TKT007544,CUST09598,2026-04-29,Other,Low,2,3.0,Phone
TKT007545,CUST09600,2025-10-31,Technical,Low,1,5.0,Chat
TKT007546,CUST09600,2025-10-20,Cancellation,High,1,2.0,App
TKT007547,CUST09600,2026-03-31,Connectivity,Low,4,4.0,App
TKT007548,CUST09601,2024-05-07,Billing,Low,3,3.0,Email
TKT007549,CUST09601,2025-08-20,Technical,Low,3,4.0,App
TKT007550,CUST09601,2025-09-24,Technical,Low,3,4.0,Phone
TKT007551,CUST09603,2026-03-27,Billing,Low,4,4.0,Phone
TKT007552,CUST09605,2024-11-24,Plan Change,Low,1,5.0,Email
TKT007553,CUST09605,2025-08-29,Other,Medium,2,4.0,Chat
TKT007554,CUST09607,2026-02-28,Billing,Low,4,4.0,Chat
TKT007555,CUST09609,2025-05-25,Plan Change,Low,4,5.0,Email
TKT007556,CUST09611,2026-02-28,Technical,Low,6,4.0,Email
TKT007557,CUST09612,2026-03-22,Plan Change,Low,6,4.0,Phone
TKT007558,CUST09614,2026-04-07,Billing,Medium,3,4.0,Email
TKT007559,CUST09614,2026-01-12,Technical,High,3,3.0,Phone
TKT007560,CUST09615,2025-03-02,Plan Change,Medium,4,4.0,Phone
TKT007561,CUST09615,2025-02-22,Connectivity,Low,5,3.0,App
TKT007562,CUST09621,2026-06-22,Plan Change,Medium,2,5.0,Chat
TKT007563,CUST09622,2025-12-13,Connectivity,Medium,9,3.0,App
TKT007564,CUST09625,2025-05-26,Other,Low,2,5.0,App
TKT007565,CUST09628,2025-08-02,Other,Medium,3,4.0,Chat
TKT007566,CUST09630,2025-09-17,Technical,Low,16,4.0,App
TKT007567,CUST09630,2025-12-04,Cancellation,Medium,22,4.0,Email
TKT007568,CUST09633,2026-01-21,Technical,Medium,4,5.0,Email
TKT007569,CUST09633,2024-11-09,Other,Low,2,3.0,Chat
TKT007570,CUST09634,2025-04-10,Technical,Medium,8,5.0,Email
TKT007571,CUST09638,2025-04-21,Technical,Medium,5,5.0,App
TKT007572,CUST09638,2025-03-21,Cancellation,Low,6,2.0,App
TKT007573,CUST09639,2025-09-18,Technical,Low,1,4.0,Phone
TKT007574,CUST09640,2025-09-25,Connectivity,High,4,3.0,Email
TKT007575,CUST09641,2025-05-13,Connectivity,Low,3,3.0,Phone
TKT007576,CUST09642,2025-06-08,Connectivity,Low,3,4.0,Chat
TKT007577,CUST09644,2025-01-06,Cancellation,Medium,6,4.0,Chat
TKT007578,CUST09646,2025-06-02,Billing,Medium,5,3.0,Chat
TKT007579,CUST09647,2026-05-08,Other,Low,3,5.0,Email
TKT007580,CUST09648,2025-09-03,Connectivity,High,5,3.0,Phone
TKT007581,CUST09651,2025-11-03,Plan Change,Low,3,3.0,Phone
TKT007582,CUST09651,2026-01-19,Connectivity,High,3,3.0,Phone
TKT007583,CUST09651,2025-10-11,Other,Low,3,5.0,App
TKT007584,CUST09653,2026-02-23,Technical,Medium,2,4.0,Email
TKT007585,CUST09657,2025-04-20,Plan Change,Low,2,4.0,Email
TKT007586,CUST09658,2025-07-08,Plan Change,Low,1,3.0,Phone
TKT007587,CUST09662,2026-01-27,Plan Change,Low,6,5.0,Email
TKT007588,CUST09664,2024-06-09,Billing,Low,5,2.0,Email
TKT007589,CUST09667,2025-01-26,Connectivity,Low,7,4.0,Phone
TKT007590,CUST09668,2026-03-24,Connectivity,Medium,4,4.0,Email
TKT007591,CUST09670,2025-06-27,Other,Low,2,3.0,Email
TKT007592,CUST09671,2026-02-11,Other,Low,2,3.0,Chat
TKT007593,CUST09674,2026-03-18,Connectivity,Low,7,3.0,Email
TKT007594,CUST09677,2025-10-14,Connectivity,Low,1,3.0,Phone
TKT007595,CUST09677,2025-10-03,Plan Change,Medium,5,3.0,App
TKT007596,CUST09677,2025-10-28,Plan Change,Low,4,3.0,Chat
TKT007597,CUST09678,2025-07-31,Cancellation,Low,2,2.0,Email
TKT007598,CUST09678,2026-04-18,Billing,High,4,3.0,App
TKT007599,CUST09679,2024-11-08,Connectivity,Low,1,4.0,Chat
TKT007600,CUST09681,2025-11-04,Connectivity,Medium,3,4.0,Phone
TKT007601,CUST09682,2026-02-14,Cancellation,Low,1,5.0,Chat
TKT007602,CUST09682,2025-07-14,Plan Change,High,9,4.0,App
TKT007603,CUST09682,2025-05-15,Technical,Medium,1,5.0,Phone
TKT007604,CUST09682,2024-10-28,Cancellation,Low,5,3.0,Email
TKT007605,CUST09683,2025-12-18,Other,Medium,1,4.0,Chat
TKT007606,CUST09684,2026-02-19,Billing,Medium,1,4.0,App
TKT007607,CUST09687,2026-05-15,Plan Change,Low,5,4.0,Email
TKT007608,CUST09687,2026-06-06,Cancellation,High,2,2.0,Phone
TKT007609,CUST09688,2026-06-03,Cancellation,High,5,2.0,Chat
TKT007610,CUST09689,2025-11-22,Plan Change,Low,1,5.0,Email
TKT007611,CUST09689,2024-06-20,Cancellation,Low,3,4.0,Email
TKT007612,CUST09692,2025-11-20,Billing,Low,5,3.0,Email
TKT007613,CUST09693,2025-04-24,Connectivity,High,5,3.0,App
TKT007614,CUST09694,2025-04-06,Other,Low,1,3.0,Phone
TKT007615,CUST09695,2025-07-09,Connectivity,High,2,2.0,Phone
TKT007616,CUST09695,2025-11-05,Connectivity,High,4,4.0,App
TKT007617,CUST09697,2026-02-18,Cancellation,Low,3,4.0,Email
TKT007618,CUST09699,2025-09-15,Other,Low,1,5.0,Chat
TKT007619,CUST09699,2026-01-31,Connectivity,Medium,4,4.0,Email
TKT007620,CUST09701,2025-12-12,Connectivity,High,2,3.0,App
TKT007621,CUST09701,2024-08-31,Connectivity,Low,2,3.0,Email
TKT007622,CUST09703,2026-04-29,Cancellation,Medium,5,5.0,Email
TKT007623,CUST09704,2025-03-30,Other,Low,3,3.0,Phone
TKT007624,CUST09706,2025-11-17,Plan Change,Low,4,2.0,Email
TKT007625,CUST09707,2025-05-13,Cancellation,Low,2,4.0,App
TKT007626,CUST09708,2024-12-27,Other,Low,9,3.0,Chat
TKT007627,CUST09708,2025-10-13,Technical,Medium,4,4.0,Phone
TKT007628,CUST09712,2025-07-23,Connectivity,Low,5,4.0,Chat
TKT007629,CUST09713,2025-12-25,Plan Change,Medium,7,4.0,Email
TKT007630,CUST09714,2025-11-18,Plan Change,Low,8,4.0,Email
TKT007631,CUST09716,2026-02-22,Connectivity,Medium,1,5.0,Email
TKT007632,CUST09716,2026-06-02,Cancellation,Low,6,4.0,Email
TKT007633,CUST09719,2026-02-27,Connectivity,High,4,3.0,Phone
TKT007634,CUST09721,2026-01-30,Other,Medium,2,3.0,App
TKT007635,CUST09724,2024-08-15,Plan Change,Medium,1,2.0,Phone
TKT007636,CUST09727,2026-01-13,Other,Medium,4,4.0,App
TKT007637,CUST09727,2026-01-16,Other,Low,4,3.0,Email
TKT007638,CUST09729,2025-08-20,Billing,Low,2,4.0,App
TKT007639,CUST09729,2025-03-21,Billing,High,4,2.0,Phone
TKT007640,CUST09731,2026-05-06,Technical,Medium,3,5.0,Chat
TKT007641,CUST09733,2026-05-25,Cancellation,Low,3,3.0,App
TKT007642,CUST09736,2025-03-14,Technical,Medium,4,4.0,Phone
TKT007643,CUST09736,2024-11-16,Other,Medium,2,4.0,App
TKT007644,CUST09739,2025-06-29,Technical,Low,2,4.0,App
TKT007645,CUST09739,2025-11-14,Billing,Low,6,3.0,Phone
TKT007646,CUST09739,2025-12-26,Connectivity,Low,4,3.0,App
TKT007647,CUST09743,2025-07-03,Connectivity,Medium,10,4.0,Email
TKT007648,CUST09744,2025-10-09,Plan Change,Low,5,4.0,App
TKT007649,CUST09746,2025-08-25,Billing,Medium,3,3.0,Phone
TKT007650,CUST09746,2025-04-10,Billing,Medium,3,2.0,Phone
TKT007651,CUST09748,2026-06-11,Connectivity,Low,4,5.0,App
TKT007652,CUST09750,2026-06-11,Billing,High,2,3.0,App
TKT007653,CUST09751,2025-07-29,Cancellation,Low,2,5.0,Phone
TKT007654,CUST09754,2025-10-28,Billing,High,7,4.0,App
TKT007655,CUST09754,2025-09-21,Billing,Low,2,4.0,App
TKT007656,CUST09754,2025-07-10,Technical,Low,4,5.0,App
TKT007657,CUST09754,2025-09-07,Connectivity,Low,2,3.0,App
TKT007658,CUST09756,2025-09-13,Plan Change,Medium,2,5.0,Phone
TKT007659,CUST09758,2025-10-12,Other,Low,4,5.0,App
TKT007660,CUST09759,2025-03-21,Other,Low,2,3.0,App
TKT007661,CUST09759,2024-08-09,Billing,Low,3,3.0,App
TKT007662,CUST09759,2026-03-31,Connectivity,Low,5,4.0,App
TKT007663,CUST09760,2026-02-07,Other,Medium,5,4.0,Email
TKT007664,CUST09761,2026-06-16,Connectivity,Medium,2,5.0,Chat
TKT007665,CUST09761,2026-06-11,Connectivity,Medium,2,3.0,App
TKT007666,CUST09763,2025-10-14,Plan Change,Low,3,3.0,Chat
TKT007667,CUST09763,2024-08-07,Other,Low,2,3.0,Chat
TKT007668,CUST09766,2025-04-14,Technical,High,3,3.0,App
TKT007669,CUST09766,2026-04-25,Cancellation,Low,5,4.0,Chat
TKT007670,CUST09766,2025-11-13,Other,Low,10,5.0,App
TKT007671,CUST09766,2025-07-28,Other,Low,4,3.0,Phone
TKT007672,CUST09768,2026-03-07,Technical,Medium,1,5.0,Chat
TKT007673,CUST09769,2025-12-23,Technical,Low,4,4.0,Chat
TKT007674,CUST09770,2026-03-03,Technical,Low,2,3.0,Email
TKT007675,CUST09771,2025-11-01,Other,Medium,1,3.0,Phone
TKT007676,CUST09775,2025-07-05,Billing,Medium,4,4.0,App
TKT007677,CUST09775,2026-05-21,Plan Change,Low,1,4.0,App
TKT007678,CUST09776,2024-11-11,Billing,Low,6,3.0,App
TKT007679,CUST09776,2024-08-07,Plan Change,High,4,2.0,Phone
TKT007680,CUST09777,2026-01-21,Plan Change,Low,2,3.0,App
TKT007681,CUST09777,2025-07-06,Cancellation,Medium,4,3.0,App
TKT007682,CUST09777,2026-02-18,Cancellation,Medium,2,4.0,Chat
TKT007683,CUST09782,2026-03-30,Connectivity,Medium,7,3.0,Chat
TKT007684,CUST09783,2026-03-27,Connectivity,High,5,3.0,Email
TKT007685,CUST09784,2026-02-27,Cancellation,High,4,4.0,Email
TKT007686,CUST09784,2025-06-14,Plan Change,Low,2,4.0,Email
TKT007687,CUST09786,2024-12-21,Other,Low,4,5.0,App
TKT007688,CUST09789,2026-04-11,Other,Low,5,4.0,Email
TKT007689,CUST09789,2026-05-19,Plan Change,Medium,4,4.0,Phone
TKT007690,CUST09790,2026-01-07,Cancellation,Medium,9,4.0,Chat
TKT007691,CUST09790,2026-03-28,Plan Change,Medium,6,4.0,App
TKT007692,CUST09790,2026-06-08,Technical,Medium,3,3.0,Email
TKT007693,CUST09791,2026-01-28,Connectivity,Medium,1,2.0,Phone
TKT007694,CUST09792,2026-03-07,Plan Change,Low,1,5.0,Phone
TKT007695,CUST09794,2024-10-09,Technical,Low,3,2.0,Email
TKT007696,CUST09794,2025-07-06,Billing,Medium,3,4.0,App
TKT007697,CUST09794,2025-01-20,Plan Change,Medium,1,3.0,App
TKT007698,CUST09794,2024-10-09,Billing,High,3,3.0,App
TKT007699,CUST09797,2026-03-29,Technical,Low,5,4.0,Chat
TKT007700,CUST09799,2025-09-09,Plan Change,Low,3,1.0,App
TKT007701,CUST09805,2025-08-29,Technical,High,2,3.0,Phone
TKT007702,CUST09809,2025-07-21,Cancellation,Low,4,4.0,Phone
TKT007703,CUST09810,2026-02-21,Billing,Medium,3,4.0,App
TKT007704,CUST09811,2026-02-15,Plan Change,Medium,5,4.0,App
TKT007705,CUST09814,2025-11-03,Connectivity,Medium,3,4.0,Chat
TKT007706,CUST09815,2025-09-28,Technical,Medium,3,2.0,Email
TKT007707,CUST09815,2026-03-07,Cancellation,Low,4,3.0,Phone
TKT007708,CUST09816,2026-06-06,Cancellation,Low,7,4.0,Phone
TKT007709,CUST09818,2026-05-16,Technical,Low,6,4.0,App
TKT007710,CUST09818,2026-02-19,Plan Change,Medium,3,4.0,App
TKT007711,CUST09821,2026-02-20,Other,Low,4,3.0,Email
TKT007712,CUST09822,2025-12-19,Technical,Medium,3,4.0,Phone
TKT007713,CUST09824,2026-05-30,Billing,Low,2,4.0,Chat
TKT007714,CUST09825,2025-12-13,Cancellation,Medium,2,4.0,App
TKT007715,CUST09826,2025-12-22,Connectivity,High,8,3.0,Chat
TKT007716,CUST09827,2025-03-10,Technical,Medium,1,3.0,Chat
TKT007717,CUST09828,2026-06-05,Plan Change,Low,9,4.0,App
TKT007718,CUST09828,2026-04-18,Technical,Low,4,2.0,App
TKT007719,CUST09831,2025-04-10,Other,Low,1,5.0,Chat
TKT007720,CUST09832,2025-09-08,Plan Change,Low,2,4.0,App
TKT007721,CUST09836,2026-06-11,Other,Low,1,5.0,App
TKT007722,CUST09840,2026-06-10,Cancellation,Low,4,3.0,Phone
TKT007723,CUST09843,2025-12-20,Connectivity,Low,3,5.0,Chat
TKT007724,CUST09845,2026-01-11,Cancellation,Low,2,3.0,Chat
TKT007725,CUST09846,2026-05-23,Other,Low,1,4.0,App
TKT007726,CUST09847,2025-07-18,Other,High,2,4.0,Chat
TKT007727,CUST09847,2025-05-17,Technical,High,6,,Chat
TKT007728,CUST09847,2026-02-28,Connectivity,Low,4,4.0,Chat
TKT007729,CUST09848,2026-05-04,Cancellation,Medium,4,2.0,Email
TKT007730,CUST09850,2026-05-06,Technical,Low,5,3.0,Email
TKT007731,CUST09851,2025-01-24,Connectivity,Medium,6,3.0,Email
TKT007732,CUST09852,2025-12-25,Connectivity,Medium,3,4.0,Phone
TKT007733,CUST09852,2026-01-28,Connectivity,Medium,2,3.0,App
TKT007734,CUST09852,2025-09-23,Plan Change,Low,4,3.0,Chat
TKT007735,CUST09853,2025-11-23,Other,Medium,4,3.0,Email
TKT007736,CUST09855,2025-08-04,Other,Low,5,4.0,Phone
TKT007737,CUST09856,2025-02-18,Technical,Medium,6,3.0,Chat
TKT007738,CUST09856,2026-03-16,Other,Low,3,3.0,Phone
TKT007739,CUST09857,2026-02-01,Other,Low,2,3.0,Phone
TKT007740,CUST09857,2026-02-13,Plan Change,High,1,4.0,Phone
TKT007741,CUST09858,2026-04-17,Billing,Low,2,4.0,App
TKT007742,CUST09859,2025-10-19,Billing,Low,5,4.0,Chat
TKT007743,CUST09862,2024-12-01,Billing,Low,7,3.0,App
TKT007744,CUST09863,2026-03-30,Plan Change,Low,2,5.0,Phone
TKT007745,CUST09865,2026-06-03,Billing,Low,3,4.0,Chat
TKT007746,CUST09867,2025-08-07,Other,High,1,2.0,App
TKT007747,CUST09869,2025-12-12,Connectivity,High,3,3.0,Email
TKT007748,CUST09870,2024-08-30,Plan Change,Low,6,3.0,Phone
TKT007749,CUST09870,2026-04-23,Plan Change,High,3,4.0,Phone
TKT007750,CUST09870,2026-03-13,Billing,High,1,3.0,Email
TKT007751,CUST09870,2024-06-29,Plan Change,Medium,3,4.0,Email
TKT007752,CUST09871,2026-05-20,Connectivity,Low,1,3.0,Phone
TKT007753,CUST09871,2026-04-24,Other,High,3,3.0,Chat
TKT007754,CUST09872,2025-05-26,Plan Change,Medium,6,4.0,Phone
TKT007755,CUST09873,2025-03-20,Technical,Medium,1,4.0,Chat
TKT007756,CUST09874,2025-09-07,Technical,Low,2,4.0,Chat
TKT007757,CUST09878,2026-03-05,Billing,Low,4,4.0,Chat
TKT007758,CUST09880,2026-03-28,Billing,Low,7,5.0,Chat
TKT007759,CUST09881,2025-12-31,Plan Change,Low,3,5.0,Email
TKT007760,CUST09883,2026-05-09,Billing,Medium,3,3.0,Email
TKT007761,CUST09884,2026-05-26,Billing,Medium,4,4.0,Chat
TKT007762,CUST09885,2026-04-08,Billing,High,2,2.0,Email
TKT007763,CUST09887,2026-06-07,Connectivity,Medium,5,5.0,Phone
TKT007764,CUST09887,2026-05-12,Connectivity,Low,3,3.0,Chat
TKT007765,CUST09887,2026-05-02,Plan Change,Low,2,3.0,Phone
TKT007766,CUST09887,2026-05-18,Billing,Low,1,4.0,Email
TKT007767,CUST09888,2025-12-18,Plan Change,Low,3,3.0,App
TKT007768,CUST09889,2026-03-01,Technical,Low,2,3.0,Email
TKT007769,CUST09893,2026-05-22,Billing,Low,2,5.0,Email
TKT007770,CUST09893,2025-09-15,Connectivity,Medium,4,4.0,Phone
TKT007771,CUST09896,2026-01-25,Billing,Medium,4,3.0,Phone
TKT007772,CUST09896,2026-05-17,Cancellation,Low,3,4.0,Email
TKT007773,CUST09897,2024-08-05,Technical,Medium,2,4.0,Email
TKT007774,CUST09898,2026-04-07,Other,Low,3,4.0,Phone
TKT007775,CUST09898,2026-05-26,Technical,Low,2,3.0,Email
TKT007776,CUST09898,2026-05-20,Technical,Low,8,4.0,Email
TKT007777,CUST09901,2026-05-03,Technical,Low,2,5.0,Phone
TKT007778,CUST09905,2026-05-24,Billing,Low,5,3.0,Chat
TKT007779,CUST09906,2025-05-06,Plan Change,Low,4,2.0,Chat
TKT007780,CUST09907,2025-07-26,Technical,Medium,2,4.0,Email
TKT007781,CUST09908,2025-06-09,Connectivity,Medium,3,4.0,App
TKT007782,CUST09909,2026-04-01,Billing,Medium,3,2.0,Phone
TKT007783,CUST09910,2026-06-04,Other,Medium,3,5.0,Email
TKT007784,CUST09910,2026-05-11,Billing,Medium,3,4.0,Chat
TKT007785,CUST09912,2025-10-05,Cancellation,Low,2,5.0,App
TKT007786,CUST09912,2025-09-25,Cancellation,Medium,2,2.0,Chat
TKT007787,CUST09913,2026-02-28,Billing,High,4,3.0,Chat
TKT007788,CUST09914,2026-02-25,Cancellation,Low,2,4.0,Phone
TKT007789,CUST09915,2025-01-02,Plan Change,High,6,3.0,Phone
TKT007790,CUST09915,2025-02-08,Other,High,3,2.0,Phone
TKT007791,CUST09915,2025-04-27,Billing,Medium,9,3.0,App
TKT007792,CUST09916,2024-09-15,Billing,High,6,3.0,Chat
TKT007793,CUST09918,2025-12-30,Technical,Medium,6,4.0,Phone
TKT007794,CUST09919,2026-05-12,Technical,Medium,6,3.0,Email
TKT007795,CUST09923,2026-05-08,Plan Change,High,2,3.0,Phone
TKT007796,CUST09925,2026-01-15,Cancellation,High,4,3.0,Email
TKT007797,CUST09925,2025-10-20,Billing,Medium,7,4.0,Phone
TKT007798,CUST09927,2026-01-26,Technical,Low,12,4.0,App
TKT007799,CUST09930,2026-01-26,Other,Medium,5,2.0,Email
TKT007800,CUST09931,2025-11-26,Technical,Low,4,3.0,App
TKT007801,CUST09931,2025-11-16,Billing,Medium,1,3.0,Email
TKT007802,CUST09931,2026-04-19,Connectivity,Low,2,4.0,Email
TKT007803,CUST09932,2026-05-09,Technical,Low,2,4.0,Email
TKT007804,CUST09932,2025-07-17,Connectivity,Low,5,4.0,Phone
TKT007805,CUST09932,2025-12-08,Billing,Low,4,3.0,Chat
TKT007806,CUST09933,2025-01-28,Cancellation,Medium,2,3.0,Phone
TKT007807,CUST09935,2026-01-28,Billing,Low,1,2.0,App
TKT007808,CUST09937,2025-12-18,Plan Change,Low,4,5.0,Email
TKT007809,CUST09938,2025-02-05,Technical,Low,1,4.0,App
TKT007810,CUST09938,2025-07-23,Technical,High,7,3.0,Phone
TKT007811,CUST09940,2026-04-22,Other,Medium,6,4.0,Email
TKT007812,CUST09940,2025-05-29,Plan Change,Low,2,3.0,Email
TKT007813,CUST09940,2024-11-12,Connectivity,Medium,4,4.0,Email
TKT007814,CUST09947,2026-02-27,Other,High,3,3.0,Email
TKT007815,CUST09948,2026-04-29,Technical,Low,3,3.0,Chat
TKT007816,CUST09958,2026-04-02,Billing,Medium,5,3.0,App
TKT007817,CUST09959,2026-01-10,Technical,Low,2,4.0,App
TKT007818,CUST09960,2024-11-21,Technical,High,2,3.0,Phone
TKT007819,CUST09962,2026-05-14,Plan Change,High,8,3.0,App
TKT007820,CUST09962,2026-04-01,Cancellation,Medium,2,4.0,App
TKT007821,CUST09962,2025-12-15,Connectivity,Medium,2,5.0,Chat
TKT007822,CUST09963,2025-11-03,Other,Medium,3,4.0,Email
TKT007823,CUST09963,2025-08-05,Connectivity,Low,8,4.0,Chat
TKT007824,CUST09963,2025-01-15,Technical,Medium,2,2.0,Email
TKT007825,CUST09964,2026-06-21,Billing,Low,5,4.0,Chat
TKT007826,CUST09964,2026-06-02,Cancellation,Medium,1,3.0,App
TKT007827,CUST09968,2026-04-24,Other,Medium,7,5.0,Phone
TKT007828,CUST09968,2026-05-03,Cancellation,Low,6,5.0,Phone
TKT007829,CUST09968,2026-01-14,Cancellation,Medium,3,3.0,Phone
TKT007830,CUST09968,2025-11-27,Billing,Medium,2,4.0,App
TKT007831,CUST09969,2025-04-25,Billing,Medium,5,4.0,Chat
TKT007832,CUST09969,2026-01-05,Cancellation,Low,6,5.0,Email
TKT007833,CUST09971,2026-04-13,Other,Low,12,4.0,Phone
TKT007834,CUST09971,2026-04-08,Connectivity,High,1,3.0,Chat
TKT007835,CUST09972,2026-06-16,Billing,Medium,4,5.0,App
TKT007836,CUST09973,2026-02-28,Billing,Medium,2,4.0,App
TKT007837,CUST09975,2026-05-19,Connectivity,Low,4,4.0,Chat
TKT007838,CUST09977,2025-07-18,Billing,Medium,3,4.0,Phone
TKT007839,CUST09978,2025-07-24,Billing,Low,2,3.0,Email
TKT007840,CUST09984,2026-02-28,Technical,Low,3,5.0,App
TKT007841,CUST09985,2026-04-28,Cancellation,Low,2,4.0,Email
TKT007842,CUST09985,2025-12-15,Plan Change,Low,9,4.0,Chat
TKT007843,CUST09986,2026-02-16,Technical,Medium,7,4.0,Email
TKT007844,CUST09988,2026-02-02,Connectivity,Low,4,4.0,App
TKT007845,CUST09989,2026-03-05,Plan Change,Low,7,5.0,Phone
TKT007846,CUST09990,2025-08-01,Technical,Medium,5,3.0,Chat
TKT007847,CUST09990,2025-10-12,Technical,Medium,2,5.0,App
TKT007848,CUST09990,2025-08-04,Technical,High,9,3.0,Email
TKT007849,CUST09991,2025-01-02,Other,Low,1,4.0,Chat
TKT007850,CUST09991,2024-12-09,Cancellation,Medium,5,5.0,Phone
TKT007851,CUST09996,2024-10-18,Other,High,1,3.0,Chat
TKT007852,CUST09996,2026-01-31,Billing,Low,5,2.0,Email
TKT007853,CUST10000,2024-10-13,Other,Medium,1,4.0,Email
TKT007854,CUST10000,2024-08-16,Other,Low,3,4.0,Email
TKT007855,CUST10001,2026-01-20,Cancellation,Medium,3,3.0,Email
TKT007856,CUST10004,2026-05-08,Other,Medium,2,5.0,Chat
TKT007857,CUST10006,2025-08-04,Billing,Low,2,2.0,Phone
TKT007858,CUST10009,2024-12-19,Cancellation,Low,2,2.0,App
TKT007859,CUST10009,2025-04-25,Billing,Low,2,4.0,App
TKT007860,CUST10011,2025-10-16,Cancellation,Low,5,4.0,App
TKT007861,CUST10011,2025-11-14,Other,Medium,3,4.0,Chat
TKT007862,CUST10013,2026-05-01,Billing,Low,5,4.0,App
TKT007863,CUST10013,2025-09-20,Technical,Medium,1,4.0,Phone
TKT007864,CUST10017,2025-08-13,Billing,Medium,2,3.0,Email
TKT007865,CUST10017,2024-10-08,Plan Change,Low,5,4.0,Email
TKT007866,CUST10018,2025-04-18,Plan Change,Low,2,5.0,Phone
TKT007867,CUST10018,2025-09-20,Cancellation,Low,4,4.0,App
TKT007868,CUST10019,2025-10-10,Other,Medium,4,2.0,Phone
TKT007869,CUST10021,2026-05-22,Other,Medium,1,3.0,Phone
TKT007870,CUST10022,2026-04-22,Cancellation,Low,2,3.0,Email
TKT007871,CUST10025,2026-05-31,Other,Medium,1,5.0,App
TKT007872,CUST10031,2025-05-22,Connectivity,Medium,2,5.0,Chat
TKT007873,CUST10031,2025-04-12,Technical,High,1,3.0,App
TKT007874,CUST10034,2025-07-15,Plan Change,Low,2,3.0,Chat
TKT007875,CUST10039,2026-03-10,Connectivity,Low,3,5.0,App
TKT007876,CUST10040,2025-12-01,Plan Change,High,4,5.0,App
TKT007877,CUST10041,2026-06-08,Technical,Low,3,4.0,Email
TKT007878,CUST10042,2025-02-03,Plan Change,Low,3,3.0,Phone
TKT007879,CUST10042,2026-04-17,Cancellation,Low,1,3.0,App
TKT007880,CUST10043,2024-10-12,Cancellation,Low,3,4.0,Phone
TKT007881,CUST10045,2025-07-15,Billing,Medium,3,4.0,Email
TKT007882,CUST10047,2026-02-09,Billing,Low,2,3.0,Chat
TKT007883,CUST10048,2026-04-29,Technical,High,3,3.0,Phone
TKT007884,CUST10049,2025-04-10,Other,Low,2,4.0,Phone
TKT007885,CUST10051,2026-02-08,Cancellation,Low,2,4.0,App
TKT007886,CUST10053,2026-04-20,Plan Change,Low,2,5.0,Chat
TKT007887,CUST10053,2026-02-26,Connectivity,Low,3,3.0,Phone
TKT007888,CUST10056,2024-06-07,Technical,Medium,2,4.0,Phone
TKT007889,CUST10057,2025-10-15,Technical,Low,4,5.0,Email
TKT007890,CUST10058,2025-03-02,Plan Change,Medium,2,4.0,Email
TKT007891,CUST10060,2026-02-04,Billing,Low,8,3.0,App
TKT007892,CUST10061,2026-01-03,Technical,Low,2,4.0,Chat
TKT007893,CUST10062,2024-12-10,Plan Change,Low,5,4.0,App
TKT007894,CUST10063,2025-10-23,Plan Change,Low,3,4.0,Phone
TKT007895,CUST10064,2026-02-02,Technical,Medium,2,2.0,Phone
TKT007896,CUST10065,2025-06-23,Cancellation,Low,6,5.0,Email
TKT007897,CUST10066,2026-04-19,Cancellation,High,2,3.0,App
TKT007898,CUST10067,2025-06-04,Other,Medium,3,4.0,Chat
TKT007899,CUST10071,2026-03-28,Other,Low,3,4.0,Chat
TKT007900,CUST10075,2025-07-28,Technical,Low,2,4.0,Phone
TKT007901,CUST10076,2026-01-19,Other,High,1,2.0,Email
TKT007902,CUST10078,2026-02-10,Technical,Low,2,4.0,Chat
TKT007903,CUST10078,2025-09-05,Technical,Medium,17,2.0,Email
TKT007904,CUST10082,2024-12-11,Other,Medium,2,4.0,App
TKT007905,CUST10084,2026-02-07,Billing,Medium,4,4.0,Chat
TKT007906,CUST10084,2026-02-10,Technical,Low,2,3.0,Email
TKT007907,CUST10084,2026-03-26,Billing,Low,4,3.0,Email
TKT007908,CUST10086,2025-06-18,Billing,Low,3,4.0,App
TKT007909,CUST10086,2025-04-20,Other,Medium,4,4.0,Chat
TKT007910,CUST10087,2025-09-07,Plan Change,Medium,4,4.0,Email
TKT007911,CUST10087,2025-09-24,Connectivity,Low,2,4.0,Email
TKT007912,CUST10089,2026-05-09,Cancellation,Low,2,3.0,Phone
TKT007913,CUST10090,2026-04-11,Billing,Low,2,4.0,App
TKT007914,CUST10090,2026-06-16,Other,Low,3,3.0,Email
TKT007915,CUST10091,2026-04-28,Cancellation,High,2,2.0,Phone
TKT007916,CUST10092,2025-09-26,Technical,Low,6,3.0,Phone
TKT007917,CUST10093,2025-10-16,Billing,Low,2,3.0,Chat
TKT007918,CUST10093,2025-06-03,Cancellation,Low,3,4.0,App
TKT007919,CUST10095,2025-08-03,Cancellation,Medium,4,3.0,Phone
TKT007920,CUST10097,2025-06-27,Cancellation,Low,4,5.0,Phone
TKT007921,CUST10098,2026-01-11,Plan Change,Low,8,3.0,Chat
TKT007922,CUST10098,2024-12-07,Connectivity,Medium,4,4.0,App
TKT007923,CUST10099,2025-04-26,Cancellation,High,1,3.0,Phone
TKT007924,CUST10100,2025-02-06,Connectivity,Medium,1,5.0,App
TKT007925,CUST10103,2024-12-24,Other,Medium,12,5.0,App
TKT007926,CUST10103,2025-11-03,Plan Change,Low,5,4.0,Phone
TKT007927,CUST10103,2025-06-02,Billing,Low,6,3.0,Email
TKT007928,CUST10106,2025-12-24,Other,Low,4,4.0,Phone
TKT007929,CUST10106,2025-03-15,Cancellation,High,8,3.0,Chat
TKT007930,CUST10107,2025-04-07,Technical,Medium,5,2.0,Email
TKT007931,CUST10108,2026-03-09,Cancellation,Medium,3,4.0,Chat
TKT007932,CUST10108,2026-05-15,Cancellation,Medium,5,4.0,App
TKT007933,CUST10111,2025-04-29,Other,Medium,2,3.0,Email
TKT007934,CUST10111,2025-09-05,Plan Change,Low,2,4.0,Chat
TKT007935,CUST10112,2025-08-26,Other,Low,4,3.0,Phone
TKT007936,CUST10114,2026-04-12,Cancellation,Medium,3,4.0,Chat
TKT007937,CUST10116,2026-03-28,Connectivity,Medium,3,4.0,Chat
TKT007938,CUST10117,2024-12-05,Other,Low,1,4.0,Chat
TKT007939,CUST10117,2026-05-07,Connectivity,Medium,3,4.0,Phone
TKT007940,CUST10118,2025-06-13,Other,Low,3,4.0,Phone
TKT007941,CUST10119,2026-05-02,Connectivity,Medium,3,5.0,Email
TKT007942,CUST10121,2026-04-07,Plan Change,Medium,1,4.0,Chat
TKT007943,CUST10126,2026-06-10,Other,Medium,4,4.0,Chat
TKT007944,CUST10128,2025-07-01,Connectivity,Medium,2,3.0,Email
TKT007945,CUST10129,2025-11-22,Billing,High,2,4.0,App
TKT007946,CUST10131,2026-06-12,Technical,Low,9,4.0,App
TKT007947,CUST10133,2025-10-14,Technical,Low,2,4.0,Chat
TKT007948,CUST10135,2024-05-17,Billing,Low,1,4.0,Phone
TKT007949,CUST10136,2024-12-20,Technical,Medium,2,3.0,Chat
TKT007950,CUST10139,2024-11-05,Connectivity,Low,2,3.0,Chat
TKT007951,CUST10139,2025-06-12,Cancellation,Low,6,4.0,App
TKT007952,CUST10140,2026-04-07,Plan Change,Low,9,3.0,Email
TKT007953,CUST10144,2026-01-27,Technical,Medium,2,3.0,Email
TKT007954,CUST10144,2026-05-11,Plan Change,Low,4,4.0,App
TKT007955,CUST10145,2025-09-18,Connectivity,High,2,4.0,App
TKT007956,CUST10148,2026-03-05,Cancellation,Medium,4,4.0,App
TKT007957,CUST10148,2025-03-16,Billing,Low,4,4.0,Email
TKT007958,CUST10148,2024-09-04,Other,Medium,3,4.0,Chat
TKT007959,CUST10150,2025-11-16,Other,Low,3,4.0,Phone
TKT007960,CUST10150,2025-04-20,Billing,High,4,2.0,Email
TKT007961,CUST10150,2025-09-03,Billing,High,6,3.0,Chat
TKT007962,CUST10153,2026-02-04,Cancellation,Medium,2,3.0,App
TKT007963,CUST10153,2026-03-23,Cancellation,Low,2,3.0,Email
TKT007964,CUST10156,2025-10-19,Connectivity,Medium,2,3.0,Phone
TKT007965,CUST10156,2025-10-02,Cancellation,Medium,3,4.0,App
TKT007966,CUST10158,2026-05-22,Cancellation,Low,1,3.0,Chat
TKT007967,CUST10160,2025-11-29,Cancellation,Low,5,4.0,App
TKT007968,CUST10160,2025-12-14,Billing,Low,9,1.0,Chat
TKT007969,CUST10160,2026-05-13,Plan Change,Low,6,4.0,Phone
TKT007970,CUST10161,2025-08-01,Billing,Medium,6,4.0,Email
TKT007971,CUST10161,2026-01-09,Cancellation,Low,2,5.0,App
TKT007972,CUST10164,2025-05-23,Billing,Low,3,5.0,Chat
TKT007973,CUST10165,2026-04-27,Other,Medium,1,4.0,Chat
TKT007974,CUST10169,2026-06-05,Plan Change,Low,6,4.0,Phone
TKT007975,CUST10170,2025-11-12,Plan Change,Medium,3,3.0,Phone
TKT007976,CUST10171,2026-02-24,Technical,Medium,7,3.0,Phone
TKT007977,CUST10172,2026-02-13,Cancellation,Low,4,3.0,Email
TKT007978,CUST10172,2026-01-03,Technical,High,3,4.0,Email
TKT007979,CUST10175,2025-03-08,Technical,Low,4,4.0,Email
TKT007980,CUST10176,2025-11-28,Cancellation,High,2,3.0,Chat
TKT007981,CUST10176,2024-07-29,Cancellation,Medium,9,3.0,App
TKT007982,CUST10177,2026-04-19,Connectivity,Medium,4,4.0,Phone
TKT007983,CUST10178,2026-04-25,Connectivity,Low,4,4.0,Chat
TKT007984,CUST10179,2026-06-22,Plan Change,Low,9,4.0,Email
TKT007985,CUST10179,2026-02-12,Technical,Low,2,4.0,Phone
TKT007986,CUST10179,2025-12-14,Plan Change,Low,12,4.0,Email
TKT007987,CUST10180,2025-12-17,Cancellation,Medium,2,5.0,Email
TKT007988,CUST10184,2026-06-06,Connectivity,Low,1,4.0,Chat
TKT007989,CUST10185,2026-05-23,Billing,Low,4,2.0,Chat
TKT007990,CUST10185,2026-05-07,Technical,Low,3,4.0,Chat
TKT007991,CUST10190,2025-05-02,Connectivity,Low,7,3.0,App
TKT007992,CUST10190,2025-06-02,Cancellation,Low,2,4.0,Phone
TKT007993,CUST10191,2025-01-02,Technical,Low,1,3.0,Chat
TKT007994,CUST10192,2026-05-31,Plan Change,Medium,5,5.0,Email
TKT007995,CUST10192,2025-05-21,Other,Medium,6,5.0,App
TKT007996,CUST10192,2025-01-12,Plan Change,Low,7,4.0,App
TKT007997,CUST10193,2024-04-23,Cancellation,Medium,1,4.0,Phone
TKT007998,CUST10194,2025-10-24,Other,Low,2,5.0,App
TKT007999,CUST10196,2026-04-13,Billing,Low,2,2.0,Chat
TKT008000,CUST10196,2026-02-12,Connectivity,Low,5,5.0,Email
TKT008001,CUST10203,2025-12-11,Billing,Medium,1,3.0,Email
TKT008002,CUST10203,2025-11-07,Connectivity,Medium,2,4.0,App
TKT008003,CUST10205,2025-08-31,Billing,Low,6,4.0,App
TKT008004,CUST10206,2024-10-12,Billing,Low,3,3.0,Chat
TKT008005,CUST10212,2025-08-16,Other,High,3,3.0,Phone
TKT008006,CUST10215,2025-05-04,Cancellation,Low,3,2.0,Phone
TKT008007,CUST10219,2025-05-11,Technical,Low,6,4.0,Email
TKT008008,CUST10219,2025-10-25,Plan Change,Medium,2,4.0,Phone
TKT008009,CUST10220,2026-05-01,Plan Change,Medium,1,3.0,Chat
TKT008010,CUST10220,2026-03-02,Technical,High,4,3.0,App
TKT008011,CUST10224,2026-02-23,Cancellation,Medium,6,3.0,Phone
TKT008012,CUST10229,2026-02-07,Other,Medium,8,3.0,Phone
TKT008013,CUST10232,2024-12-17,Billing,Medium,6,3.0,Email
TKT008014,CUST10236,2026-01-10,Connectivity,Medium,3,4.0,App
TKT008015,CUST10236,2025-08-25,Connectivity,Low,3,4.0,Chat
TKT008016,CUST10237,2025-10-27,Connectivity,Low,5,4.0,Phone
TKT008017,CUST10240,2026-04-29,Connectivity,Medium,2,4.0,App
TKT008018,CUST10242,2024-09-06,Billing,Medium,9,3.0,App
TKT008019,CUST10242,2025-01-12,Plan Change,Low,1,4.0,Email
TKT008020,CUST10245,2024-05-08,Connectivity,Medium,4,4.0,Chat
TKT008021,CUST10245,2026-02-22,Billing,Low,3,3.0,Chat
TKT008022,CUST10247,2025-11-15,Plan Change,Low,5,3.0,Phone
TKT008023,CUST10248,2025-06-08,Plan Change,Low,1,3.0,Phone
TKT008024,CUST10248,2025-04-06,Billing,Low,6,3.0,Chat
TKT008025,CUST10250,2026-03-04,Technical,High,4,3.0,Email
TKT008026,CUST10251,2025-11-01,Cancellation,Low,6,3.0,Phone
TKT008027,CUST10253,2026-01-12,Plan Change,Medium,8,2.0,Email
TKT008028,CUST10253,2026-03-25,Billing,Low,2,2.0,Email
TKT008029,CUST10253,2026-05-04,Plan Change,Low,3,3.0,Phone
TKT008030,CUST10254,2026-03-21,Connectivity,Medium,1,4.0,App
TKT008031,CUST10254,2025-08-29,Billing,Low,2,2.0,Chat
TKT008032,CUST10256,2026-05-21,Technical,Low,4,4.0,Phone
TKT008033,CUST10257,2024-05-18,Technical,Medium,5,5.0,Phone
TKT008034,CUST10258,2024-07-12,Plan Change,Medium,6,5.0,App
TKT008035,CUST10258,2025-06-13,Technical,Medium,6,3.0,Chat
TKT008036,CUST10258,2025-05-23,Cancellation,Medium,4,3.0,Phone
TKT008037,CUST10260,2024-08-26,Plan Change,Medium,8,3.0,Phone
TKT008038,CUST10262,2025-12-12,Technical,Medium,1,3.0,App
TKT008039,CUST10263,2024-12-28,Plan Change,Medium,5,2.0,Chat
TKT008040,CUST10263,2024-12-15,Connectivity,Low,2,3.0,App
TKT008041,CUST10263,2026-03-09,Plan Change,Low,4,3.0,Phone
TKT008042,CUST10266,2026-02-13,Billing,Medium,3,4.0,App
TKT008043,CUST10266,2025-08-30,Billing,Medium,2,3.0,Chat
TKT008044,CUST10272,2026-02-27,Other,Medium,5,3.0,App
TKT008045,CUST10273,2026-01-11,Connectivity,High,3,3.0,App
TKT008046,CUST10278,2026-03-21,Connectivity,High,2,4.0,Phone
TKT008047,CUST10278,2025-12-12,Technical,Medium,1,4.0,Email
TKT008048,CUST10279,2025-09-19,Billing,High,5,3.0,Phone
TKT008049,CUST10279,2025-12-29,Billing,Low,1,2.0,Phone
TKT008050,CUST10279,2025-12-05,Technical,Medium,4,3.0,Chat
TKT008051,CUST10280,2026-05-10,Plan Change,Medium,1,4.0,Chat
TKT008052,CUST10282,2026-05-07,Other,High,5,3.0,Phone
TKT008053,CUST10284,2026-03-21,Other,Medium,6,5.0,Chat
TKT008054,CUST10286,2025-01-14,Billing,Medium,2,4.0,Chat
TKT008055,CUST10288,2024-11-22,Other,Low,3,2.0,App
TKT008056,CUST10289,2025-07-26,Billing,Low,4,2.0,Email
TKT008057,CUST10289,2025-05-31,Connectivity,Medium,8,3.0,App
TKT008058,CUST10290,2025-08-20,Other,High,2,4.0,App
TKT008059,CUST10291,2026-03-24,Billing,Low,6,3.0,Email
TKT008060,CUST10293,2026-04-06,Billing,Medium,3,4.0,App
TKT008061,CUST10293,2026-03-21,Other,Low,2,5.0,App
TKT008062,CUST10294,2025-05-04,Other,Medium,2,5.0,Email
TKT008063,CUST10295,2026-04-24,Connectivity,Medium,2,2.0,Email
TKT008064,CUST10297,2026-04-12,Other,Low,3,4.0,App
TKT008065,CUST10298,2026-01-30,Connectivity,Medium,2,4.0,Chat
TKT008066,CUST10299,2025-07-22,Cancellation,Low,2,4.0,Email
TKT008067,CUST10300,2025-05-31,Connectivity,Medium,1,3.0,Email
TKT008068,CUST10300,2025-08-23,Technical,Low,5,5.0,Phone
TKT008069,CUST10301,2026-02-08,Billing,Medium,5,3.0,App
TKT008070,CUST10304,2026-02-21,Plan Change,High,4,3.0,App
TKT008071,CUST10305,2026-04-09,Other,Low,2,4.0,App
TKT008072,CUST10308,2026-04-02,Plan Change,Medium,2,3.0,Phone
TKT008073,CUST10308,2026-03-25,Connectivity,High,3,4.0,Chat
TKT008074,CUST10308,2025-01-30,Technical,Low,2,4.0,Phone
TKT008075,CUST10310,2026-04-29,Technical,Low,4,4.0,App
TKT008076,CUST10311,2026-06-13,Billing,Medium,7,3.0,Phone
TKT008077,CUST10313,2024-12-16,Technical,Low,4,3.0,Chat
TKT008078,CUST10314,2026-03-24,Other,Low,6,4.0,Phone
TKT008079,CUST10315,2025-12-12,Technical,Medium,2,4.0,Phone
TKT008080,CUST10316,2026-03-16,Billing,Low,8,4.0,Chat
TKT008081,CUST10316,2026-01-14,Technical,Medium,3,2.0,Chat
TKT008082,CUST10317,2026-01-01,Billing,Medium,4,4.0,App
TKT008083,CUST10317,2026-02-28,Other,Low,4,2.0,Email
TKT008084,CUST10321,2026-02-07,Plan Change,Medium,2,5.0,Email
TKT008085,CUST10321,2025-10-23,Billing,Low,6,2.0,App
TKT008086,CUST10323,2025-10-20,Billing,Low,1,4.0,Chat
TKT008087,CUST10323,2025-12-15,Other,Low,2,2.0,Phone
TKT008088,CUST10324,2026-06-08,Technical,High,4,3.0,App
TKT008089,CUST10324,2025-03-08,Billing,Medium,5,5.0,Chat
TKT008090,CUST10328,2025-11-04,Other,Low,2,4.0,Chat
TKT008091,CUST10328,2026-01-02,Technical,Low,1,3.0,Chat
TKT008092,CUST10329,2025-12-26,Connectivity,Low,3,3.0,Email
TKT008093,CUST10332,2026-03-30,Billing,Low,12,2.0,Email
TKT008094,CUST10333,2026-05-25,Cancellation,Low,2,4.0,Phone
TKT008095,CUST10341,2026-03-24,Technical,Medium,7,3.0,App
TKT008096,CUST10341,2025-11-12,Billing,Low,4,4.0,Email
TKT008097,CUST10342,2024-03-15,Cancellation,Low,1,4.0,App
TKT008098,CUST10345,2026-05-07,Plan Change,Low,2,3.0,Chat
TKT008099,CUST10345,2025-12-02,Technical,Medium,4,5.0,Email
TKT008100,CUST10345,2025-10-29,Cancellation,Low,1,4.0,Phone
TKT008101,CUST10345,2025-10-22,Billing,Medium,4,3.0,App
TKT008102,CUST10348,2026-06-02,Cancellation,High,4,3.0,Chat
TKT008103,CUST10348,2026-04-07,Other,Low,3,3.0,Chat
TKT008104,CUST10349,2026-05-07,Other,Medium,3,3.0,Phone
TKT008105,CUST10350,2025-10-06,Connectivity,High,5,2.0,Phone
TKT008106,CUST10351,2026-02-06,Connectivity,Low,3,5.0,App
TKT008107,CUST10351,2026-03-26,Plan Change,Low,2,5.0,Email
TKT008108,CUST10351,2025-12-27,Plan Change,Medium,4,4.0,Phone
TKT008109,CUST10353,2026-03-18,Billing,Low,2,4.0,Chat
TKT008110,CUST10353,2026-01-31,Plan Change,Low,3,4.0,Chat
TKT008111,CUST10355,2025-11-29,Other,High,4,2.0,App
TKT008112,CUST10357,2025-12-22,Other,High,1,4.0,Email
TKT008113,CUST10359,2026-05-16,Billing,Medium,2,4.0,Chat
TKT008114,CUST10365,2025-02-27,Plan Change,Medium,4,4.0,Phone
TKT008115,CUST10366,2024-03-24,Technical,Medium,7,2.0,App
TKT008116,CUST10368,2026-04-25,Connectivity,Low,9,3.0,App
TKT008117,CUST10370,2026-03-29,Technical,High,4,3.0,Chat
TKT008118,CUST10371,2026-05-02,Connectivity,Low,3,2.0,Chat
TKT008119,CUST10374,2025-09-23,Cancellation,Low,8,3.0,Chat
TKT008120,CUST10374,2026-05-13,Other,Low,7,4.0,Chat
TKT008121,CUST10377,2025-11-08,Technical,Low,9,4.0,App
TKT008122,CUST10378,2026-02-03,Billing,Medium,1,4.0,App
TKT008123,CUST10379,2026-06-18,Other,Low,6,2.0,Email
TKT008124,CUST10379,2026-04-17,Plan Change,Low,4,3.0,Phone
TKT008125,CUST10382,2025-06-16,Other,Medium,3,4.0,App
TKT008126,CUST10383,2025-07-21,Cancellation,Low,3,4.0,Phone
TKT008127,CUST10383,2025-11-07,Billing,Medium,2,3.0,Email
TKT008128,CUST10385,2025-12-20,Cancellation,Medium,1,4.0,Chat
TKT008129,CUST10387,2025-08-24,Plan Change,Low,4,3.0,Phone
TKT008130,CUST10387,2025-09-06,Other,Medium,2,4.0,App
TKT008131,CUST10390,2026-01-23,Cancellation,High,6,3.0,Phone
TKT008132,CUST10393,2024-12-01,Technical,Low,3,4.0,Email
TKT008133,CUST10394,2026-01-02,Connectivity,Medium,1,4.0,Email
TKT008134,CUST10394,2025-06-29,Cancellation,High,4,3.0,Chat
TKT008135,CUST10395,2026-02-15,Other,Low,4,4.0,Phone
TKT008136,CUST10396,2025-02-18,Cancellation,Medium,1,2.0,Phone
TKT008137,CUST10398,2026-03-15,Connectivity,Medium,3,4.0,App
TKT008138,CUST10399,2026-06-12,Connectivity,Medium,1,5.0,Chat
TKT008139,CUST10401,2025-10-25,Plan Change,Low,7,3.0,App
TKT008140,CUST10402,2026-03-20,Other,Medium,5,5.0,Chat
TKT008141,CUST10405,2026-04-01,Other,Medium,4,4.0,Email
TKT008142,CUST10405,2026-03-08,Billing,Medium,3,5.0,Phone
TKT008143,CUST10406,2026-04-19,Connectivity,Low,3,3.0,Chat
TKT008144,CUST10407,2026-02-19,Technical,High,3,3.0,Chat
TKT008145,CUST10408,2026-06-24,Technical,Low,5,4.0,App
TKT008146,CUST10410,2026-05-29,Connectivity,Low,5,4.0,Chat
TKT008147,CUST10412,2025-12-14,Technical,Low,2,2.0,Phone
TKT008148,CUST10413,2025-04-28,Cancellation,Low,1,4.0,Chat
TKT008149,CUST10417,2025-09-01,Billing,Low,4,4.0,Phone
TKT008150,CUST10418,2025-06-19,Billing,Medium,1,3.0,Chat
TKT008151,CUST10419,2025-07-13,Other,Low,1,5.0,App
TKT008152,CUST10420,2026-03-28,Connectivity,Medium,2,3.0,Chat
TKT008153,CUST10425,2025-11-08,Billing,Medium,5,3.0,Phone
TKT008154,CUST10429,2026-02-23,Cancellation,Low,2,3.0,Email
TKT008155,CUST10430,2026-04-29,Cancellation,High,2,3.0,Chat
TKT008156,CUST10433,2025-10-19,Billing,Medium,3,3.0,App
TKT008157,CUST10433,2025-04-26,Plan Change,Low,4,3.0,App
TKT008158,CUST10435,2026-06-15,Technical,Medium,3,4.0,Phone
TKT008159,CUST10437,2025-07-22,Other,Medium,2,3.0,Chat
TKT008160,CUST10439,2025-11-16,Billing,Low,3,3.0,Chat
TKT008161,CUST10443,2026-05-29,Cancellation,Low,1,4.0,Phone
TKT008162,CUST10443,2025-09-29,Billing,Low,2,2.0,App
TKT008163,CUST10443,2026-04-10,Plan Change,Medium,5,4.0,Phone
TKT008164,CUST10443,2026-01-08,Cancellation,Low,3,4.0,Chat
TKT008165,CUST10444,2026-02-05,Cancellation,Low,3,4.0,Phone
TKT008166,CUST10445,2025-07-24,Plan Change,Low,2,3.0,Phone
TKT008167,CUST10449,2025-08-10,Other,Low,4,4.0,Phone
TKT008168,CUST10449,2025-09-01,Other,Low,3,3.0,Email
TKT008169,CUST10452,2024-12-29,Other,Medium,3,3.0,Chat
TKT008170,CUST10453,2025-12-20,Cancellation,Low,1,3.0,App
TKT008171,CUST10453,2025-11-20,Other,Low,3,4.0,App
TKT008172,CUST10453,2026-01-09,Other,Low,1,4.0,Email
TKT008173,CUST10454,2025-08-22,Technical,Medium,3,2.0,App
TKT008174,CUST10454,2026-01-13,Connectivity,Low,9,4.0,Phone
TKT008175,CUST10456,2025-04-10,Plan Change,Low,9,4.0,Phone
TKT008176,CUST10457,2025-07-17,Technical,Medium,2,4.0,App
TKT008177,CUST10460,2026-05-07,Technical,Low,2,4.0,Phone
TKT008178,CUST10463,2025-01-10,Billing,Medium,1,4.0,Chat
TKT008179,CUST10463,2025-09-10,Billing,Medium,5,3.0,Phone
TKT008180,CUST10465,2026-03-19,Plan Change,Low,3,4.0,Chat
TKT008181,CUST10465,2026-05-26,Billing,Low,2,3.0,Chat
TKT008182,CUST10468,2026-02-06,Technical,Low,5,4.0,App
TKT008183,CUST10472,2026-04-15,Plan Change,Medium,1,4.0,Email
TKT008184,CUST10472,2025-06-29,Cancellation,Medium,3,4.0,Email
TKT008185,CUST10473,2025-04-18,Billing,High,3,2.0,Email
TKT008186,CUST10474,2026-03-17,Connectivity,Low,5,5.0,Chat
TKT008187,CUST10474,2025-03-22,Billing,Low,4,2.0,Email
TKT008188,CUST10474,2024-09-17,Connectivity,Low,6,2.0,App
TKT008189,CUST10477,2025-07-28,Plan Change,Low,3,4.0,Chat
TKT008190,CUST10480,2025-12-30,Other,Medium,4,4.0,App
TKT008191,CUST10480,2025-08-25,Connectivity,Medium,6,4.0,App
TKT008192,CUST10483,2026-05-27,Other,Medium,6,5.0,Email
TKT008193,CUST10484,2026-01-20,Billing,Low,2,2.0,Chat
TKT008194,CUST10485,2026-05-05,Other,Medium,8,4.0,App
TKT008195,CUST10486,2026-03-02,Cancellation,Medium,9,4.0,Chat
TKT008196,CUST10486,2025-12-05,Technical,Medium,2,3.0,App
TKT008197,CUST10491,2026-03-31,Technical,Low,12,4.0,Phone
TKT008198,CUST10492,2026-01-16,Cancellation,Low,5,5.0,Email
TKT008199,CUST10494,2024-05-28,Other,Low,3,4.0,App
TKT008200,CUST10494,2025-04-06,Technical,Medium,2,3.0,Phone
TKT008201,CUST10495,2024-04-09,Cancellation,High,3,4.0,Email
TKT008202,CUST10495,2025-02-24,Technical,Medium,1,5.0,Phone
TKT008203,CUST10497,2025-11-10,Cancellation,Low,3,3.0,Chat
TKT008204,CUST10500,2025-07-25,Plan Change,Low,4,4.0,App
TKT008205,CUST10500,2025-10-09,Connectivity,Medium,2,3.0,Chat
TKT008206,CUST10502,2026-04-03,Billing,Low,13,3.0,App
TKT008207,CUST10505,2026-03-10,Technical,Low,3,3.0,Phone
TKT008208,CUST10507,2026-02-26,Billing,Medium,4,3.0,Chat
TKT008209,CUST10508,2026-04-11,Billing,Medium,1,4.0,App
TKT008210,CUST10508,2026-03-13,Technical,Low,3,3.0,Phone
TKT008211,CUST10508,2026-06-05,Technical,Low,5,4.0,Phone
TKT008212,CUST10509,2025-01-31,Technical,Medium,1,3.0,Email
TKT008213,CUST10509,2025-03-23,Other,Low,1,3.0,Email
TKT008214,CUST10509,2025-05-10,Other,Medium,3,3.0,Chat
TKT008215,CUST10509,2026-05-13,Connectivity,Low,11,5.0,App
TKT008216,CUST10511,2025-04-15,Connectivity,Low,5,3.0,Phone
TKT008217,CUST10512,2024-11-16,Plan Change,Medium,1,3.0,Phone
TKT008218,CUST10513,2025-08-26,Connectivity,Medium,6,3.0,Chat
TKT008219,CUST10517,2025-10-09,Plan Change,Low,1,3.0,App
TKT008220,CUST10518,2026-06-27,Cancellation,Medium,1,5.0,Chat
TKT008221,CUST10519,2025-02-03,Other,Medium,7,3.0,Phone
TKT008222,CUST10520,2026-03-19,Plan Change,Low,5,3.0,Phone
TKT008223,CUST10521,2024-06-08,Plan Change,Medium,2,3.0,Email
TKT008224,CUST10523,2026-02-14,Billing,Low,2,4.0,Email
TKT008225,CUST10526,2024-03-04,Technical,Low,3,5.0,Phone
TKT008226,CUST10527,2025-10-10,Connectivity,Low,4,2.0,Chat
TKT008227,CUST10529,2026-03-11,Connectivity,High,4,2.0,App
TKT008228,CUST10531,2024-11-17,Cancellation,Low,12,4.0,Email
TKT008229,CUST10535,2024-08-09,Technical,Low,2,4.0,Chat
TKT008230,CUST10536,2026-03-24,Connectivity,Medium,5,5.0,Email
TKT008231,CUST10537,2026-05-07,Billing,Medium,1,2.0,Chat
TKT008232,CUST10538,2025-10-06,Technical,Medium,1,3.0,App
TKT008233,CUST10542,2025-09-17,Plan Change,Medium,6,4.0,Phone
TKT008234,CUST10543,2026-02-20,Plan Change,Low,9,3.0,Chat
TKT008235,CUST10543,2025-10-31,Cancellation,Low,7,4.0,Chat
TKT008236,CUST10543,2025-02-25,Other,Low,4,4.0,App
TKT008237,CUST10544,2025-04-08,Connectivity,Medium,4,3.0,App
TKT008238,CUST10545,2026-05-06,Billing,Medium,3,3.0,Email
TKT008239,CUST10545,2026-05-11,Connectivity,Medium,3,4.0,Email
TKT008240,CUST10546,2026-03-19,Technical,Low,1,4.0,App
TKT008241,CUST10549,2026-01-29,Cancellation,Low,4,3.0,Email
TKT008242,CUST10549,2025-12-05,Billing,Low,2,3.0,App
TKT008243,CUST10550,2025-08-29,Connectivity,Medium,1,3.0,Chat
TKT008244,CUST10552,2025-02-20,Billing,Low,11,3.0,Phone
TKT008245,CUST10552,2026-02-25,Connectivity,Low,8,5.0,App
TKT008246,CUST10555,2025-10-26,Plan Change,Low,5,3.0,Email
TKT008247,CUST10556,2025-02-19,Technical,Medium,5,5.0,Email
TKT008248,CUST10556,2025-08-22,Cancellation,Low,1,4.0,Chat
TKT008249,CUST10559,2026-03-30,Technical,Low,3,3.0,App
TKT008250,CUST10560,2025-04-20,Billing,Low,4,4.0,App
TKT008251,CUST10560,2024-12-11,Technical,Medium,4,4.0,Phone
TKT008252,CUST10562,2026-05-26,Billing,Low,2,5.0,App
TKT008253,CUST10565,2026-03-23,Connectivity,Low,3,4.0,Email
TKT008254,CUST10566,2025-09-02,Connectivity,Medium,3,4.0,Phone
TKT008255,CUST10567,2024-09-24,Technical,Low,7,5.0,Email
TKT008256,CUST10570,2024-07-24,Connectivity,Low,4,4.0,Email
TKT008257,CUST10575,2026-03-27,Connectivity,High,5,4.0,Phone
TKT008258,CUST10576,2025-05-03,Connectivity,Medium,9,4.0,Phone
TKT008259,CUST10577,2026-02-04,Cancellation,Low,8,3.0,App
TKT008260,CUST10579,2025-10-05,Cancellation,Medium,1,4.0,Phone
TKT008261,CUST10579,2025-12-03,Billing,Medium,1,3.0,App
TKT008262,CUST10583,2025-09-20,Technical,Low,3,3.0,Chat
TKT008263,CUST10584,2026-02-15,Technical,High,2,4.0,App
TKT008264,CUST10584,2026-05-07,Other,Low,3,4.0,Email
TKT008265,CUST10586,2025-10-02,Other,Medium,1,5.0,Phone
TKT008266,CUST10586,2026-02-08,Technical,Low,2,4.0,App
TKT008267,CUST10586,2025-10-25,Technical,Low,3,3.0,Chat
TKT008268,CUST10588,2025-11-16,Cancellation,Medium,4,5.0,App
TKT008269,CUST10588,2026-06-19,Billing,Low,5,3.0,Phone
TKT008270,CUST10590,2025-09-17,Cancellation,Medium,2,3.0,App
TKT008271,CUST10590,2026-04-06,Cancellation,Medium,3,3.0,Phone
TKT008272,CUST10590,2025-09-22,Cancellation,Medium,1,3.0,Email
TKT008273,CUST10592,2026-04-09,Other,Low,5,5.0,Chat
TKT008274,CUST10593,2026-01-15,Plan Change,Low,4,4.0,Phone
TKT008275,CUST10593,2026-02-06,Cancellation,Medium,8,5.0,Phone
TKT008276,CUST10594,2025-08-04,Billing,High,8,1.0,App
TKT008277,CUST10595,2026-01-24,Plan Change,Low,2,4.0,Chat
TKT008278,CUST10598,2025-11-06,Billing,Low,1,4.0,Chat
TKT008279,CUST10599,2026-01-26,Other,Low,1,4.0,Email
TKT008280,CUST10599,2025-02-16,Billing,Low,5,4.0,Phone
TKT008281,CUST10600,2026-05-13,Other,Low,5,3.0,App
TKT008282,CUST10603,2025-12-31,Cancellation,Medium,2,5.0,App
TKT008283,CUST10609,2026-04-04,Plan Change,Low,2,3.0,Email
TKT008284,CUST10610,2025-06-08,Plan Change,Low,4,3.0,Email
TKT008285,CUST10612,2025-11-05,Connectivity,Medium,4,5.0,Email
TKT008286,CUST10614,2024-11-30,Cancellation,Medium,2,3.0,Chat
TKT008287,CUST10614,2025-05-25,Connectivity,Medium,2,5.0,Email
TKT008288,CUST10615,2025-12-06,Billing,Medium,3,2.0,App
TKT008289,CUST10616,2026-06-02,Technical,Low,3,4.0,Chat
TKT008290,CUST10617,2026-02-13,Connectivity,Medium,2,5.0,Phone
TKT008291,CUST10620,2026-06-12,Plan Change,Low,7,4.0,Chat
TKT008292,CUST10622,2026-03-10,Connectivity,Low,4,3.0,Email
TKT008293,CUST10624,2025-08-23,Cancellation,High,5,4.0,Email
TKT008294,CUST10626,2026-02-14,Other,Medium,4,4.0,Phone
TKT008295,CUST10630,2024-12-14,Other,Low,2,5.0,Chat
TKT008296,CUST10633,2025-07-12,Technical,Low,1,4.0,App
TKT008297,CUST10634,2026-02-11,Plan Change,Medium,1,3.0,Email
TKT008298,CUST10636,2025-07-28,Other,Low,6,3.0,Phone
TKT008299,CUST10639,2026-04-25,Technical,Medium,3,4.0,Email
TKT008300,CUST10639,2026-04-28,Plan Change,Low,1,4.0,Chat
TKT008301,CUST10639,2026-05-01,Billing,Medium,9,4.0,Phone
TKT008302,CUST10645,2025-12-15,Technical,Low,8,4.0,Email
TKT008303,CUST10645,2025-12-10,Technical,Medium,2,3.0,Phone
TKT008304,CUST10645,2026-01-14,Other,Medium,3,4.0,Chat
TKT008305,CUST10648,2024-10-21,Cancellation,Low,4,4.0,Email
TKT008306,CUST10648,2026-02-12,Cancellation,Low,1,4.0,Phone
TKT008307,CUST10650,2025-07-12,Other,Medium,6,3.0,Phone
TKT008308,CUST10650,2025-12-23,Connectivity,Medium,2,4.0,Email
TKT008309,CUST10651,2026-06-10,Connectivity,Low,4,3.0,App
TKT008310,CUST10653,2026-05-16,Billing,Low,4,5.0,App
TKT008311,CUST10653,2026-04-15,Technical,Medium,4,4.0,Email
TKT008312,CUST10654,2026-01-28,Technical,Low,2,4.0,Phone
TKT008313,CUST10656,2026-04-24,Plan Change,Low,3,4.0,Email
TKT008314,CUST10657,2026-01-11,Connectivity,Medium,1,4.0,Phone
TKT008315,CUST10658,2026-04-24,Plan Change,Medium,3,5.0,Email
TKT008316,CUST10661,2025-12-16,Plan Change,Low,5,4.0,Chat
TKT008317,CUST10661,2026-01-18,Connectivity,Medium,5,4.0,App
TKT008318,CUST10663,2026-01-04,Other,High,2,3.0,Chat
TKT008319,CUST10663,2026-02-16,Connectivity,Low,3,4.0,Chat
TKT008320,CUST10663,2026-03-14,Technical,Low,3,3.0,App
TKT008321,CUST10667,2026-03-09,Technical,Medium,7,3.0,Chat
TKT008322,CUST10668,2025-07-26,Billing,Low,2,4.0,Chat
TKT008323,CUST10669,2025-04-04,Other,Medium,2,2.0,App
TKT008324,CUST10669,2026-03-23,Plan Change,Medium,6,4.0,App
TKT008325,CUST10671,2026-06-07,Cancellation,Medium,3,3.0,Email
TKT008326,CUST10671,2025-11-09,Plan Change,Low,12,3.0,Phone
TKT008327,CUST10672,2025-07-21,Plan Change,Low,5,2.0,App
TKT008328,CUST10673,2025-05-25,Technical,Medium,5,3.0,Phone
TKT008329,CUST10673,2025-07-13,Connectivity,Low,6,3.0,App
TKT008330,CUST10674,2026-03-23,Other,Low,4,4.0,Email
TKT008331,CUST10675,2025-09-10,Technical,Low,3,4.0,Phone
TKT008332,CUST10675,2026-02-18,Other,Medium,1,4.0,Phone
TKT008333,CUST10681,2026-03-13,Technical,High,3,4.0,Chat
TKT008334,CUST10683,2026-04-17,Plan Change,Medium,4,3.0,Phone
TKT008335,CUST10683,2026-04-28,Plan Change,Low,2,3.0,Email
TKT008336,CUST10685,2026-04-13,Connectivity,Medium,5,4.0,Email
TKT008337,CUST10686,2024-11-08,Plan Change,Medium,3,3.0,App
TKT008338,CUST10686,2025-09-10,Plan Change,Low,9,4.0,App
TKT008339,CUST10687,2025-02-26,Plan Change,Medium,11,3.0,Phone
TKT008340,CUST10689,2026-06-03,Plan Change,Medium,7,4.0,Email
TKT008341,CUST10691,2026-01-28,Plan Change,Medium,2,4.0,App
TKT008342,CUST10691,2025-09-27,Billing,Medium,1,4.0,App
TKT008343,CUST10691,2025-06-13,Billing,Low,3,3.0,Chat
TKT008344,CUST10691,2026-06-04,Billing,Low,7,2.0,Phone
TKT008345,CUST10692,2024-07-19,Cancellation,Low,7,3.0,Phone
TKT008346,CUST10695,2026-06-12,Billing,Medium,5,2.0,Email
TKT008347,CUST10696,2026-05-16,Cancellation,Low,4,4.0,Phone
TKT008348,CUST10698,2025-12-23,Technical,Medium,2,5.0,Chat
TKT008349,CUST10699,2026-04-10,Plan Change,Medium,2,5.0,Chat
TKT008350,CUST10699,2026-06-13,Technical,Low,2,4.0,Chat
TKT008351,CUST10701,2025-12-17,Plan Change,High,2,4.0,Email
TKT008352,CUST10702,2026-05-19,Technical,Low,4,5.0,Chat
TKT008353,CUST10704,2025-03-04,Connectivity,High,6,3.0,Email
TKT008354,CUST10706,2026-03-03,Plan Change,Medium,3,4.0,Email
TKT008355,CUST10709,2025-11-19,Other,Low,7,3.0,Chat
TKT008356,CUST10713,2025-11-12,Technical,Low,6,3.0,App
TKT008357,CUST10715,2026-04-29,Technical,Medium,7,2.0,Email
TKT008358,CUST10715,2026-05-10,Other,Medium,3,4.0,Email
TKT008359,CUST10717,2025-10-31,Connectivity,Low,6,3.0,Email
TKT008360,CUST10722,2025-12-05,Other,Medium,2,5.0,App
TKT008361,CUST10722,2026-05-12,Cancellation,Low,1,4.0,Chat
TKT008362,CUST10723,2024-06-17,Technical,High,3,3.0,App
TKT008363,CUST10725,2025-07-31,Other,Low,3,5.0,Phone
TKT008364,CUST10726,2026-05-25,Cancellation,High,1,5.0,App
TKT008365,CUST10727,2026-06-05,Billing,Low,4,4.0,Chat
TKT008366,CUST10727,2026-03-20,Plan Change,Low,5,3.0,Email
TKT008367,CUST10727,2026-04-15,Billing,Medium,3,2.0,App
TKT008368,CUST10731,2025-04-02,Cancellation,Low,3,4.0,Chat
TKT008369,CUST10731,2025-10-04,Connectivity,Medium,1,4.0,Phone
TKT008370,CUST10733,2026-04-20,Connectivity,Low,1,4.0,Chat
TKT008371,CUST10737,2025-10-31,Billing,Low,12,3.0,Phone
TKT008372,CUST10740,2026-03-27,Connectivity,Low,2,5.0,Email
TKT008373,CUST10741,2025-03-15,Plan Change,Low,5,4.0,Email
TKT008374,CUST10742,2026-04-28,Plan Change,Low,2,3.0,App
TKT008375,CUST10742,2026-06-06,Plan Change,Low,7,4.0,Phone
TKT008376,CUST10742,2026-05-30,Other,Medium,2,4.0,App
TKT008377,CUST10742,2026-04-27,Technical,Medium,5,3.0,Chat
TKT008378,CUST10743,2026-05-27,Other,High,5,4.0,App
TKT008379,CUST10748,2026-05-02,Billing,Low,1,3.0,Chat
TKT008380,CUST10751,2026-02-10,Billing,Medium,5,3.0,Chat
TKT008381,CUST10751,2025-12-06,Plan Change,Low,1,2.0,Chat
TKT008382,CUST10754,2026-06-03,Technical,Low,7,5.0,Phone
TKT008383,CUST10756,2026-06-12,Technical,Low,4,4.0,Phone
TKT008384,CUST10757,2026-01-11,Other,Low,5,3.0,Phone
TKT008385,CUST10759,2026-03-01,Plan Change,Low,4,4.0,Chat
TKT008386,CUST10760,2026-05-17,Technical,Low,3,3.0,Email
TKT008387,CUST10763,2025-11-02,Other,Low,7,3.0,App
TKT008388,CUST10764,2025-10-27,Billing,Medium,4,3.0,Phone
TKT008389,CUST10765,2024-08-19,Cancellation,Low,6,3.0,App
TKT008390,CUST10771,2025-05-11,Plan Change,Low,3,3.0,Chat
TKT008391,CUST10773,2025-08-11,Connectivity,Low,7,4.0,Chat
TKT008392,CUST10774,2026-02-12,Technical,Low,4,4.0,Phone
TKT008393,CUST10775,2025-01-30,Connectivity,Low,1,3.0,Email
TKT008394,CUST10778,2026-02-07,Connectivity,Low,2,4.0,App
TKT008395,CUST10778,2025-05-14,Cancellation,Low,4,5.0,Phone
TKT008396,CUST10779,2025-05-17,Plan Change,Medium,1,4.0,Chat
TKT008397,CUST10779,2026-05-29,Technical,Low,3,4.0,Email
TKT008398,CUST10780,2026-05-11,Cancellation,Low,3,4.0,Phone
TKT008399,CUST10780,2025-09-15,Billing,Low,2,2.0,Chat
TKT008400,CUST10780,2025-11-19,Connectivity,Medium,3,4.0,Chat
TKT008401,CUST10782,2024-10-08,Cancellation,Low,4,4.0,Phone
TKT008402,CUST10783,2025-04-30,Other,Low,5,4.0,Chat
TKT008403,CUST10785,2026-05-30,Plan Change,Low,4,4.0,Email
TKT008404,CUST10787,2026-03-09,Plan Change,Medium,3,5.0,Email
TKT008405,CUST10789,2026-03-09,Other,Medium,1,4.0,Email
TKT008406,CUST10791,2024-05-13,Billing,Low,9,4.0,App
TKT008407,CUST10791,2026-05-06,Connectivity,Low,10,5.0,Email
TKT008408,CUST10792,2025-11-07,Connectivity,Low,9,3.0,Chat
TKT008409,CUST10796,2025-06-25,Other,Low,1,4.0,Chat
TKT008410,CUST10796,2025-12-12,Connectivity,Low,5,3.0,Phone
TKT008411,CUST10798,2026-02-11,Plan Change,High,10,2.0,App
TKT008412,CUST10798,2026-04-21,Other,Low,1,3.0,Email
TKT008413,CUST10799,2026-05-07,Billing,Low,3,3.0,App
TKT008414,CUST10800,2025-07-02,Other,Medium,4,5.0,App
TKT008415,CUST10801,2026-01-18,Plan Change,Low,5,4.0,Chat
TKT008416,CUST10804,2025-04-22,Billing,Medium,5,3.0,Email
TKT008417,CUST10807,2025-12-12,Cancellation,Low,1,3.0,Phone
TKT008418,CUST10809,2026-03-04,Other,Low,3,5.0,Email
TKT008419,CUST10810,2026-03-14,Billing,Low,3,4.0,Chat
TKT008420,CUST10811,2026-04-15,Other,Low,1,3.0,Chat
TKT008421,CUST10812,2024-12-29,Plan Change,Low,1,4.0,Email
TKT008422,CUST10815,2025-10-02,Cancellation,High,4,3.0,App
TKT008423,CUST10820,2024-05-29,Connectivity,Low,4,4.0,Email
TKT008424,CUST10823,2026-04-29,Cancellation,High,7,4.0,Phone
TKT008425,CUST10823,2026-04-10,Other,Low,7,3.0,App
TKT008426,CUST10825,2025-10-13,Connectivity,Medium,3,4.0,Chat
TKT008427,CUST10826,2026-02-13,Other,Low,4,3.0,App
TKT008428,CUST10827,2025-08-30,Plan Change,High,3,4.0,Email
TKT008429,CUST10829,2026-06-13,Technical,Medium,3,4.0,App
TKT008430,CUST10831,2026-02-23,Technical,Medium,3,4.0,Phone
TKT008431,CUST10835,2026-01-23,Other,Low,3,3.0,Chat
TKT008432,CUST10835,2026-02-14,Other,Low,3,4.0,App
TKT008433,CUST10835,2026-05-23,Other,High,3,4.0,Phone
TKT008434,CUST10835,2025-08-12,Connectivity,Low,5,5.0,Phone
TKT008435,CUST10835,2025-09-23,Cancellation,Low,2,4.0,Email
TKT008436,CUST10836,2026-01-07,Connectivity,Low,2,5.0,Phone
TKT008437,CUST10836,2026-01-10,Connectivity,Low,3,4.0,Chat
TKT008438,CUST10837,2025-01-16,Connectivity,Medium,2,4.0,App
TKT008439,CUST10839,2026-04-01,Billing,Medium,3,4.0,App
TKT008440,CUST10842,2026-05-12,Cancellation,Medium,4,3.0,App
TKT008441,CUST10843,2025-08-04,Connectivity,Low,13,3.0,Phone
TKT008442,CUST10844,2026-04-05,Billing,High,2,3.0,App
TKT008443,CUST10845,2025-02-12,Billing,Low,13,3.0,Email
TKT008444,CUST10845,2024-10-15,Technical,Low,7,4.0,Email
TKT008445,CUST10847,2026-02-15,Connectivity,Low,10,3.0,Email
TKT008446,CUST10848,2024-10-14,Plan Change,Medium,5,3.0,Chat
TKT008447,CUST10851,2026-01-11,Technical,High,2,4.0,Email
TKT008448,CUST10851,2026-03-15,Connectivity,Medium,4,3.0,App
TKT008449,CUST10853,2026-03-07,Billing,Medium,2,4.0,Chat
TKT008450,CUST10853,2025-11-14,Connectivity,Medium,1,4.0,App
TKT008451,CUST10853,2026-02-01,Billing,High,7,2.0,App
TKT008452,CUST10853,2025-07-10,Cancellation,Low,1,5.0,Email
TKT008453,CUST10853,2026-05-12,Other,Medium,6,4.0,Email
TKT008454,CUST10855,2026-03-03,Plan Change,Low,3,4.0,Phone
TKT008455,CUST10858,2025-08-13,Cancellation,Low,3,4.0,Email
TKT008456,CUST10858,2026-04-04,Plan Change,Low,2,3.0,Chat
TKT008457,CUST10859,2026-06-01,Other,Medium,7,4.0,Email
TKT008458,CUST10860,2026-02-06,Plan Change,Low,3,4.0,App
TKT008459,CUST10862,2025-07-12,Plan Change,Low,2,5.0,Email
TKT008460,CUST10863,2025-11-20,Billing,Low,3,4.0,Email
TKT008461,CUST10865,2026-03-21,Other,High,4,3.0,Phone
TKT008462,CUST10866,2025-06-27,Billing,Medium,3,2.0,Chat
TKT008463,CUST10866,2025-06-17,Technical,High,4,2.0,App
TKT008464,CUST10869,2026-05-13,Technical,Low,1,5.0,Email
TKT008465,CUST10869,2026-06-13,Plan Change,Medium,1,4.0,Phone
TKT008466,CUST10869,2026-05-03,Connectivity,High,2,3.0,App
TKT008467,CUST10872,2025-12-21,Technical,Low,6,3.0,App
TKT008468,CUST10876,2025-11-10,Other,High,4,3.0,App
TKT008469,CUST10877,2026-04-07,Billing,Low,9,3.0,Phone
TKT008470,CUST10877,2026-05-06,Other,Low,7,3.0,App
TKT008471,CUST10879,2024-07-31,Billing,Low,1,2.0,Email
TKT008472,CUST10880,2025-09-06,Technical,High,5,4.0,Email
TKT008473,CUST10880,2025-12-28,Cancellation,High,1,4.0,Email
TKT008474,CUST10881,2026-01-06,Cancellation,Low,5,5.0,Phone
TKT008475,CUST10882,2025-08-14,Billing,Low,8,4.0,Email
TKT008476,CUST10882,2025-04-26,Technical,Medium,3,4.0,Chat
TKT008477,CUST10883,2025-12-28,Plan Change,Low,6,4.0,Chat
TKT008478,CUST10883,2026-01-28,Plan Change,Low,5,4.0,Email
TKT008479,CUST10883,2026-03-09,Other,Low,24,4.0,App
TKT008480,CUST10886,2026-06-15,Cancellation,Low,1,5.0,Chat
TKT008481,CUST10887,2024-12-10,Plan Change,Low,9,4.0,App
TKT008482,CUST10888,2024-12-25,Connectivity,Low,1,5.0,Chat
TKT008483,CUST10890,2026-05-14,Technical,Low,2,4.0,Chat
TKT008484,CUST10893,2025-11-23,Technical,Low,6,3.0,App
TKT008485,CUST10894,2026-04-16,Plan Change,Low,1,3.0,Email
TKT008486,CUST10895,2026-01-17,Billing,Low,2,4.0,App
TKT008487,CUST10896,2024-10-24,Cancellation,Low,1,4.0,Phone
TKT008488,CUST10901,2024-10-20,Plan Change,Low,1,5.0,App
TKT008489,CUST10901,2026-03-06,Cancellation,Low,2,3.0,Chat
TKT008490,CUST10902,2025-12-29,Technical,Low,3,5.0,Phone
TKT008491,CUST10905,2026-03-22,Connectivity,Medium,6,5.0,App
TKT008492,CUST10908,2025-10-13,Technical,High,8,3.0,Phone
TKT008493,CUST10914,2026-02-05,Plan Change,Medium,1,5.0,Email
TKT008494,CUST10917,2025-08-26,Plan Change,Medium,6,3.0,App
TKT008495,CUST10917,2026-02-14,Technical,Medium,1,3.0,Phone
TKT008496,CUST10920,2026-05-30,Cancellation,Medium,2,3.0,Phone
TKT008497,CUST10920,2026-06-04,Other,Low,5,3.0,Chat
TKT008498,CUST10921,2024-03-28,Cancellation,Low,2,3.0,App
TKT008499,CUST10921,2025-09-18,Plan Change,Low,5,5.0,App
TKT008500,CUST10924,2025-07-08,Cancellation,Low,4,3.0,App
TKT008501,CUST10928,2026-04-20,Cancellation,Medium,1,4.0,App
TKT008502,CUST10929,2026-04-19,Plan Change,Medium,21,3.0,Email
TKT008503,CUST10930,2026-03-27,Billing,Low,5,5.0,Chat
TKT008504,CUST10930,2026-05-11,Technical,Medium,5,3.0,Phone
TKT008505,CUST10932,2026-05-22,Plan Change,Low,1,3.0,Email
TKT008506,CUST10932,2026-06-07,Other,Medium,9,3.0,Phone
TKT008507,CUST10935,2025-02-03,Cancellation,Low,3,4.0,App
TKT008508,CUST10936,2026-01-28,Billing,Low,4,3.0,App
TKT008509,CUST10936,2025-05-23,Billing,Medium,7,5.0,Chat
TKT008510,CUST10940,2025-04-18,Billing,High,3,2.0,Chat
TKT008511,CUST10941,2026-04-17,Technical,Low,3,5.0,Email
TKT008512,CUST10943,2024-09-09,Plan Change,Medium,3,4.0,Phone
TKT008513,CUST10944,2025-03-11,Other,Medium,4,4.0,App
TKT008514,CUST10944,2026-02-17,Technical,Medium,2,4.0,Phone
TKT008515,CUST10944,2026-05-19,Connectivity,Medium,7,4.0,Email
TKT008516,CUST10945,2024-09-15,Plan Change,Medium,7,5.0,App
TKT008517,CUST10949,2026-02-06,Cancellation,Medium,3,4.0,App
TKT008518,CUST10950,2026-01-27,Other,Low,2,4.0,App
TKT008519,CUST10950,2025-11-01,Technical,Medium,3,3.0,Chat
TKT008520,CUST10952,2025-10-04,Plan Change,High,7,3.0,Phone
TKT008521,CUST10956,2025-02-21,Connectivity,Low,3,4.0,Chat
TKT008522,CUST10957,2026-04-03,Plan Change,Medium,2,3.0,Phone
TKT008523,CUST10961,2026-01-23,Plan Change,Medium,2,2.0,App
TKT008524,CUST10962,2025-12-06,Cancellation,Low,5,3.0,Email
TKT008525,CUST10964,2026-05-27,Connectivity,Low,2,4.0,Phone
TKT008526,CUST10965,2025-01-12,Technical,Low,5,5.0,App
TKT008527,CUST10966,2025-10-25,Technical,Low,8,4.0,Chat
TKT008528,CUST10968,2025-05-24,Other,High,2,4.0,Phone
TKT008529,CUST10969,2025-12-27,Cancellation,Low,5,4.0,App
TKT008530,CUST10969,2026-03-29,Technical,Low,2,4.0,Phone
TKT008531,CUST10969,2026-04-01,Plan Change,Low,3,3.0,Email
TKT008532,CUST10969,2025-10-10,Technical,Low,11,5.0,Phone
TKT008533,CUST10969,2025-12-22,Plan Change,Medium,2,5.0,Chat
TKT008534,CUST10971,2025-09-24,Connectivity,Low,6,4.0,Chat
TKT008535,CUST10971,2025-10-28,Connectivity,Medium,2,4.0,Phone
TKT008536,CUST10973,2025-08-03,Connectivity,Low,2,4.0,App
TKT008537,CUST10975,2026-04-28,Other,Medium,2,4.0,Email
TKT008538,CUST10977,2025-09-26,Billing,High,5,3.0,Phone
TKT008539,CUST10979,2025-06-24,Cancellation,Medium,6,5.0,Email
TKT008540,CUST10979,2024-10-07,Technical,Low,3,3.0,Phone
TKT008541,CUST10979,2025-05-19,Technical,Medium,6,3.0,Email
TKT008542,CUST10981,2026-02-22,Other,Low,2,4.0,App
TKT008543,CUST10982,2025-07-23,Technical,Low,4,4.0,Email
TKT008544,CUST10983,2024-12-15,Cancellation,Low,3,4.0,Email
TKT008545,CUST10988,2024-09-25,Cancellation,Medium,2,5.0,Chat
TKT008546,CUST10988,2025-10-10,Plan Change,Medium,1,5.0,Phone
TKT008547,CUST10989,2026-04-20,Technical,Low,5,3.0,App
TKT008548,CUST10989,2024-09-12,Cancellation,Low,5,4.0,Phone
TKT008549,CUST10992,2024-12-22,Connectivity,Low,5,3.0,Chat
TKT008550,CUST10995,2026-02-19,Technical,Low,2,4.0,Chat
TKT008551,CUST10995,2026-04-26,Billing,Medium,3,3.0,Email
TKT008552,CUST11000,2026-06-04,Plan Change,Low,3,3.0,Email
TKT008553,CUST11001,2025-06-22,Billing,Medium,5,4.0,Chat
TKT008554,CUST11002,2025-08-22,Plan Change,Low,2,5.0,Email
TKT008555,CUST11002,2026-01-30,Technical,Low,3,2.0,App
TKT008556,CUST11004,2025-09-09,Connectivity,Low,4,4.0,Email
TKT008557,CUST11006,2026-02-24,Plan Change,Low,2,3.0,Email
TKT008558,CUST11006,2025-11-23,Technical,Low,2,3.0,Phone
TKT008559,CUST11007,2024-02-01,Plan Change,Low,3,5.0,Email
TKT008560,CUST11007,2025-12-14,Cancellation,High,5,3.0,Email
TKT008561,CUST11010,2024-04-21,Connectivity,Medium,8,4.0,App
TKT008562,CUST11010,2025-03-16,Technical,Medium,1,4.0,App
TKT008563,CUST11010,2024-09-27,Technical,Low,4,3.0,App
TKT008564,CUST11011,2025-12-22,Billing,Low,3,3.0,App
TKT008565,CUST11011,2026-04-03,Connectivity,Medium,3,5.0,App
TKT008566,CUST11012,2025-12-19,Connectivity,Low,5,4.0,App
TKT008567,CUST11013,2026-06-20,Technical,High,2,3.0,Phone
TKT008568,CUST11013,2026-02-13,Technical,Medium,7,4.0,Email
TKT008569,CUST11015,2026-05-19,Technical,Low,4,5.0,Email
TKT008570,CUST11015,2026-04-08,Technical,Medium,1,5.0,Chat
TKT008571,CUST11016,2026-04-24,Billing,Low,5,4.0,App
TKT008572,CUST11017,2026-04-12,Plan Change,Medium,3,3.0,Email
TKT008573,CUST11018,2025-12-25,Plan Change,Low,2,5.0,App
TKT008574,CUST11020,2024-11-05,Technical,Low,5,3.0,App
TKT008575,CUST11020,2026-02-25,Connectivity,High,9,3.0,Phone
TKT008576,CUST11020,2024-09-20,Technical,Low,3,4.0,Phone
TKT008577,CUST11020,2024-11-26,Plan Change,Low,2,4.0,Chat
TKT008578,CUST11020,2025-12-01,Cancellation,Low,3,3.0,Phone
TKT008579,CUST11021,2026-05-12,Other,Medium,5,4.0,Email
TKT008580,CUST11021,2026-03-22,Cancellation,Low,4,3.0,Phone
TKT008581,CUST11021,2026-02-22,Other,Low,2,3.0,Chat
TKT008582,CUST11022,2025-09-02,Connectivity,Low,2,3.0,App
TKT008583,CUST11026,2026-03-19,Other,Low,3,5.0,Email
TKT008584,CUST11026,2026-06-01,Technical,Low,4,3.0,Email
TKT008585,CUST11032,2025-09-27,Plan Change,Low,1,4.0,Email
TKT008586,CUST11034,2024-10-28,Technical,Low,7,3.0,Chat
TKT008587,CUST11035,2026-05-14,Cancellation,Low,1,2.0,Phone
TKT008588,CUST11036,2026-01-21,Connectivity,Low,3,4.0,Phone
TKT008589,CUST11036,2025-09-21,Other,Low,3,4.0,Phone
TKT008590,CUST11037,2026-02-20,Connectivity,Low,3,4.0,App
TKT008591,CUST11037,2025-07-28,Billing,Low,2,3.0,App
TKT008592,CUST11039,2026-02-07,Other,Low,1,4.0,App
TKT008593,CUST11041,2026-04-22,Billing,Medium,3,4.0,Chat
TKT008594,CUST11052,2025-08-05,Connectivity,Low,2,3.0,Chat
TKT008595,CUST11053,2026-03-03,Plan Change,Low,4,4.0,Email
TKT008596,CUST11054,2026-02-27,Other,Low,1,3.0,Email
TKT008597,CUST11055,2026-05-01,Billing,High,3,2.0,App
TKT008598,CUST11055,2025-11-04,Connectivity,High,4,2.0,Email
TKT008599,CUST11055,2025-02-09,Other,Medium,6,4.0,Chat
TKT008600,CUST11056,2025-06-01,Plan Change,High,4,3.0,App
TKT008601,CUST11058,2025-06-01,Technical,Low,4,5.0,Chat
TKT008602,CUST11058,2025-06-13,Other,Medium,2,5.0,Phone
TKT008603,CUST11060,2025-11-20,Plan Change,Low,4,4.0,App
TKT008604,CUST11061,2026-04-29,Technical,Low,2,4.0,Chat
TKT008605,CUST11062,2025-09-25,Connectivity,Low,5,3.0,Chat
TKT008606,CUST11063,2024-04-28,Plan Change,High,3,3.0,Chat
TKT008607,CUST11064,2025-04-05,Cancellation,Medium,2,5.0,App
TKT008608,CUST11065,2025-12-01,Connectivity,High,2,4.0,Email
TKT008609,CUST11066,2026-05-03,Plan Change,Low,4,5.0,Chat
TKT008610,CUST11067,2026-02-06,Other,Medium,3,4.0,Chat
TKT008611,CUST11070,2025-02-06,Other,Low,8,4.0,App
TKT008612,CUST11072,2026-02-19,Billing,Low,1,3.0,Email
TKT008613,CUST11072,2026-02-14,Billing,Medium,2,2.0,Chat
TKT008614,CUST11073,2026-03-14,Billing,Medium,6,4.0,App
TKT008615,CUST11073,2026-05-02,Plan Change,Low,5,3.0,App
TKT008616,CUST11074,2024-09-07,Billing,Low,9,4.0,Email
TKT008617,CUST11081,2026-04-20,Cancellation,Low,5,5.0,Chat
TKT008618,CUST11082,2026-02-28,Billing,Medium,2,3.0,Chat
TKT008619,CUST11086,2026-04-14,Plan Change,High,2,3.0,App
TKT008620,CUST11087,2026-05-20,Other,Low,2,3.0,App
TKT008621,CUST11088,2024-04-02,Connectivity,Low,1,5.0,Chat
TKT008622,CUST11090,2025-11-19,Technical,Low,2,4.0,Email
TKT008623,CUST11090,2026-05-02,Plan Change,High,5,4.0,Chat
TKT008624,CUST11090,2026-04-22,Technical,Low,2,4.0,App
TKT008625,CUST11091,2025-01-06,Billing,Medium,8,5.0,Phone
TKT008626,CUST11092,2025-12-28,Cancellation,Low,5,3.0,Chat
TKT008627,CUST11096,2026-04-22,Connectivity,High,4,4.0,Chat
TKT008628,CUST11096,2026-05-01,Plan Change,Medium,5,3.0,Phone
TKT008629,CUST11097,2026-02-15,Cancellation,Medium,5,5.0,App
TKT008630,CUST11097,2026-01-27,Connectivity,Low,4,5.0,Email
TKT008631,CUST11103,2025-08-19,Cancellation,Medium,2,4.0,Chat
TKT008632,CUST11104,2026-04-27,Other,Low,3,4.0,Chat
TKT008633,CUST11106,2026-01-06,Cancellation,Low,1,3.0,Email
TKT008634,CUST11107,2026-04-01,Technical,Low,2,4.0,Email
TKT008635,CUST11109,2026-02-04,Connectivity,Medium,1,3.0,Chat
TKT008636,CUST11111,2025-09-21,Connectivity,Low,3,4.0,Phone
TKT008637,CUST11114,2026-03-12,Other,Medium,3,5.0,App
TKT008638,CUST11114,2024-08-21,Other,Medium,1,4.0,Chat
TKT008639,CUST11115,2026-04-22,Connectivity,High,3,2.0,App
TKT008640,CUST11118,2025-07-14,Plan Change,Medium,2,4.0,Email
TKT008641,CUST11120,2024-09-06,Other,Medium,9,4.0,Chat
TKT008642,CUST11121,2026-02-26,Plan Change,Medium,6,3.0,Phone
TKT008643,CUST11123,2025-03-18,Connectivity,High,3,3.0,Chat
TKT008644,CUST11123,2024-07-19,Other,Low,1,3.0,App
TKT008645,CUST11124,2025-05-05,Connectivity,Low,4,4.0,Email
TKT008646,CUST11124,2025-02-12,Connectivity,Medium,1,,App
TKT008647,CUST11125,2026-02-01,Cancellation,Medium,4,4.0,Chat
TKT008648,CUST11127,2026-05-29,Cancellation,Medium,4,4.0,Chat
TKT008649,CUST11127,2026-01-28,Other,High,2,3.0,App
TKT008650,CUST11130,2026-05-25,Technical,Low,4,4.0,App
TKT008651,CUST11130,2026-01-04,Other,Medium,9,3.0,Email
TKT008652,CUST11131,2026-01-24,Billing,Medium,1,4.0,Phone
TKT008653,CUST11135,2026-03-01,Other,Low,2,4.0,Chat
TKT008654,CUST11136,2026-02-18,Technical,Low,1,4.0,App
TKT008655,CUST11136,2026-04-17,Connectivity,Low,4,5.0,Email
TKT008656,CUST11138,2026-05-30,Billing,Low,3,4.0,Chat
TKT008657,CUST11139,2025-10-12,Cancellation,Low,5,5.0,App
TKT008658,CUST11139,2025-08-28,Cancellation,Low,3,3.0,App
TKT008659,CUST11140,2025-10-12,Billing,High,8,4.0,Email
TKT008660,CUST11140,2024-12-04,Cancellation,High,2,4.0,Email
TKT008661,CUST11141,2026-03-13,Billing,Medium,4,3.0,Phone
TKT008662,CUST11142,2025-06-25,Technical,Medium,5,3.0,Email
TKT008663,CUST11142,2026-03-26,Technical,High,5,1.0,Email
TKT008664,CUST11146,2026-04-10,Cancellation,Low,5,4.0,App
TKT008665,CUST11147,2026-02-16,Plan Change,Medium,2,5.0,Email
TKT008666,CUST11149,2025-09-02,Billing,Medium,9,3.0,Chat
TKT008667,CUST11149,2026-05-26,Cancellation,Medium,4,5.0,App
TKT008668,CUST11149,2026-06-04,Cancellation,Low,3,4.0,Chat
TKT008669,CUST11149,2026-05-28,Connectivity,High,5,3.0,App
TKT008670,CUST11152,2025-08-05,Plan Change,Medium,4,3.0,Email
TKT008671,CUST11153,2025-04-29,Billing,Low,5,4.0,Chat
TKT008672,CUST11154,2026-06-05,Plan Change,Medium,9,3.0,App
TKT008673,CUST11155,2026-04-16,Other,Medium,5,4.0,Chat
TKT008674,CUST11156,2025-04-30,Billing,Medium,6,3.0,Email
TKT008675,CUST11158,2026-05-15,Connectivity,Low,3,3.0,Phone
TKT008676,CUST11159,2025-08-26,Technical,Medium,2,4.0,Chat
TKT008677,CUST11160,2026-05-21,Billing,Low,6,5.0,App
TKT008678,CUST11162,2025-11-28,Billing,High,5,,Email
TKT008679,CUST11166,2025-04-15,Connectivity,Low,2,5.0,Chat
TKT008680,CUST11166,2025-04-20,Billing,Low,1,3.0,Chat
TKT008681,CUST11167,2025-12-06,Billing,Low,2,3.0,Phone
TKT008682,CUST11167,2026-02-03,Plan Change,Medium,2,4.0,Email
TKT008683,CUST11169,2026-04-13,Plan Change,Medium,1,5.0,Email
TKT008684,CUST11170,2025-08-19,Other,Medium,1,4.0,Email
TKT008685,CUST11170,2026-02-09,Plan Change,Medium,6,5.0,Chat
TKT008686,CUST11171,2026-04-28,Connectivity,Low,2,5.0,Chat
TKT008687,CUST11171,2026-03-08,Other,High,3,4.0,Email
TKT008688,CUST11173,2026-03-03,Other,Medium,1,2.0,Chat
TKT008689,CUST11173,2026-06-02,Cancellation,Low,3,3.0,App
TKT008690,CUST11173,2025-12-30,Plan Change,High,3,3.0,Email
TKT008691,CUST11174,2026-04-01,Plan Change,Low,6,4.0,Chat
TKT008692,CUST11182,2026-04-01,Plan Change,Low,4,4.0,App
TKT008693,CUST11183,2026-01-07,Plan Change,Low,2,4.0,Phone
TKT008694,CUST11183,2026-01-27,Cancellation,Medium,2,5.0,App
TKT008695,CUST11186,2026-04-04,Connectivity,Low,5,5.0,App
TKT008696,CUST11186,2026-01-20,Technical,Low,6,4.0,Phone
TKT008697,CUST11187,2026-01-03,Other,Low,7,3.0,Phone
TKT008698,CUST11189,2025-11-13,Connectivity,Low,2,4.0,Email
TKT008699,CUST11191,2025-12-20,Connectivity,Low,5,4.0,App
TKT008700,CUST11191,2026-01-26,Billing,Low,2,2.0,App
TKT008701,CUST11193,2025-07-12,Plan Change,Medium,2,4.0,App
TKT008702,CUST11194,2025-11-06,Other,Medium,1,4.0,Phone
TKT008703,CUST11195,2025-05-16,Technical,Low,3,4.0,App
TKT008704,CUST11198,2025-12-12,Connectivity,Low,5,4.0,Email
TKT008705,CUST11199,2025-03-16,Other,High,4,3.0,Email
TKT008706,CUST11199,2024-06-22,Cancellation,Low,2,4.0,Email
TKT008707,CUST11200,2026-06-14,Plan Change,Low,2,4.0,App
TKT008708,CUST11201,2026-04-22,Other,Low,1,3.0,Email
TKT008709,CUST11201,2026-03-27,Connectivity,Medium,3,4.0,Phone
TKT008710,CUST11203,2024-12-17,Cancellation,Low,5,4.0,Email
TKT008711,CUST11203,2026-03-18,Billing,Low,4,4.0,Phone
TKT008712,CUST11203,2024-12-19,Connectivity,Medium,1,5.0,App
TKT008713,CUST11203,2025-11-27,Other,Low,5,3.0,App
TKT008714,CUST11207,2026-04-20,Other,Medium,3,4.0,Email
TKT008715,CUST11207,2024-08-28,Billing,Medium,3,5.0,Phone
TKT008716,CUST11214,2025-04-09,Technical,Low,7,4.0,App
TKT008717,CUST11215,2025-06-17,Connectivity,Medium,5,5.0,App
TKT008718,CUST11217,2025-07-17,Technical,High,2,3.0,Phone
TKT008719,CUST11219,2025-07-10,Other,Medium,2,3.0,Phone
TKT008720,CUST11221,2025-09-15,Billing,Low,7,4.0,Email
TKT008721,CUST11222,2025-11-09,Other,Low,2,4.0,Phone
TKT008722,CUST11222,2025-11-11,Other,Low,2,2.0,Email
TKT008723,CUST11224,2025-07-30,Technical,Low,5,4.0,Email
TKT008724,CUST11224,2025-06-12,Plan Change,Low,3,4.0,Chat
TKT008725,CUST11224,2026-02-28,Billing,Low,3,2.0,App
TKT008726,CUST11225,2025-12-22,Billing,Low,5,4.0,Email
TKT008727,CUST11226,2024-07-25,Other,Low,2,4.0,Phone
TKT008728,CUST11228,2025-11-23,Other,High,1,3.0,Chat
TKT008729,CUST11229,2026-05-16,Connectivity,High,5,3.0,Email
TKT008730,CUST11232,2026-05-06,Billing,Medium,7,3.0,Phone
TKT008731,CUST11234,2026-03-24,Plan Change,Low,3,4.0,Chat
TKT008732,CUST11236,2026-06-11,Connectivity,Low,6,3.0,Phone
TKT008733,CUST11243,2024-10-04,Technical,Low,4,5.0,App
TKT008734,CUST11245,2025-08-26,Billing,Medium,6,4.0,Phone
TKT008735,CUST11246,2026-06-12,Technical,Low,3,5.0,App
TKT008736,CUST11249,2026-03-22,Other,Low,5,4.0,Chat
TKT008737,CUST11249,2025-06-13,Billing,Low,1,4.0,Phone
TKT008738,CUST11249,2025-10-15,Cancellation,Medium,2,4.0,App
TKT008739,CUST11249,2025-02-10,Technical,Medium,4,4.0,Phone
TKT008740,CUST11250,2026-05-02,Cancellation,Low,3,4.0,Chat
TKT008741,CUST11250,2026-06-11,Cancellation,Medium,2,3.0,Phone
TKT008742,CUST11250,2026-06-18,Other,Low,6,3.0,Email
TKT008743,CUST11250,2026-05-20,Technical,Medium,2,2.0,Email
TKT008744,CUST11251,2026-05-05,Connectivity,Medium,3,4.0,App
TKT008745,CUST11252,2026-04-23,Billing,Low,7,2.0,App
TKT008746,CUST11252,2026-01-21,Connectivity,High,1,1.0,App
TKT008747,CUST11254,2026-05-29,Connectivity,Low,2,2.0,App
TKT008748,CUST11255,2025-11-02,Cancellation,High,3,3.0,App
TKT008749,CUST11255,2025-07-15,Technical,Medium,1,4.0,App
TKT008750,CUST11256,2025-05-22,Billing,Medium,9,4.0,App
TKT008751,CUST11259,2025-11-25,Cancellation,Medium,2,3.0,Email
TKT008752,CUST11259,2025-11-25,Cancellation,Low,5,3.0,Email
TKT008753,CUST11261,2024-12-05,Other,Low,4,5.0,Email
TKT008754,CUST11261,2025-01-20,Billing,High,9,4.0,Phone
TKT008755,CUST11261,2025-07-01,Other,Low,5,5.0,Email
TKT008756,CUST11264,2025-03-18,Plan Change,Low,3,4.0,Chat
TKT008757,CUST11265,2026-03-21,Plan Change,Low,5,5.0,Phone
TKT008758,CUST11266,2025-11-28,Connectivity,Low,3,5.0,Email
TKT008759,CUST11266,2025-12-04,Billing,Low,1,4.0,Phone
TKT008760,CUST11266,2026-02-04,Connectivity,Low,13,5.0,App
TKT008761,CUST11268,2026-01-19,Cancellation,Medium,5,3.0,Phone
TKT008762,CUST11270,2025-05-25,Cancellation,Medium,4,4.0,Chat
TKT008763,CUST11272,2024-04-02,Technical,Medium,6,3.0,Phone
TKT008764,CUST11274,2026-04-13,Technical,Low,2,3.0,Chat
TKT008765,CUST11274,2026-05-17,Connectivity,Low,1,4.0,App
TKT008766,CUST11276,2025-11-08,Connectivity,Low,2,4.0,Email
TKT008767,CUST11279,2025-02-26,Plan Change,Medium,1,3.0,App
TKT008768,CUST11284,2025-05-24,Connectivity,Medium,1,4.0,Chat
TKT008769,CUST11284,2026-05-20,Technical,Low,1,4.0,Email
TKT008770,CUST11284,2025-11-04,Connectivity,Low,4,3.0,Phone
TKT008771,CUST11286,2026-06-04,Cancellation,Low,2,3.0,App
TKT008772,CUST11289,2026-02-03,Cancellation,Low,3,4.0,Email
TKT008773,CUST11293,2026-04-16,Billing,Low,8,3.0,Phone
TKT008774,CUST11293,2025-08-01,Other,Low,1,4.0,Chat
TKT008775,CUST11294,2025-12-25,Cancellation,High,6,3.0,Phone
TKT008776,CUST11296,2025-11-06,Other,Medium,3,3.0,Chat
TKT008777,CUST11296,2026-01-03,Plan Change,Medium,2,4.0,Email
TKT008778,CUST11296,2026-04-18,Connectivity,Medium,12,4.0,Phone
TKT008779,CUST11297,2025-09-29,Cancellation,Low,6,5.0,App
TKT008780,CUST11302,2025-03-26,Technical,Medium,2,2.0,App
TKT008781,CUST11303,2025-05-05,Other,High,4,3.0,Email
TKT008782,CUST11303,2025-07-22,Other,Medium,3,4.0,Phone
TKT008783,CUST11305,2025-12-02,Billing,Medium,5,5.0,App
TKT008784,CUST11306,2026-05-05,Technical,Low,4,4.0,Chat
TKT008785,CUST11307,2026-06-16,Billing,Low,3,5.0,Email
TKT008786,CUST11308,2025-08-11,Cancellation,Low,2,5.0,Email
TKT008787,CUST11308,2025-04-17,Cancellation,Low,1,3.0,Chat
TKT008788,CUST11310,2024-03-09,Technical,Medium,1,3.0,App
TKT008789,CUST11310,2024-08-04,Connectivity,Medium,4,4.0,App
TKT008790,CUST11310,2024-11-09,Billing,High,3,3.0,App
TKT008791,CUST11310,2024-09-13,Technical,Low,3,3.0,Email
TKT008792,CUST11313,2025-09-04,Billing,Medium,5,3.0,App
TKT008793,CUST11314,2026-01-09,Plan Change,Low,1,5.0,Email
TKT008794,CUST11315,2025-07-18,Technical,Low,6,4.0,App
TKT008795,CUST11317,2025-06-06,Plan Change,Low,2,5.0,Phone
TKT008796,CUST11320,2025-12-11,Technical,Low,2,4.0,Phone
TKT008797,CUST11324,2024-07-14,Cancellation,Low,6,4.0,Email
TKT008798,CUST11325,2026-02-08,Other,Medium,12,3.0,Email
TKT008799,CUST11326,2025-11-20,Billing,Medium,4,3.0,Chat
TKT008800,CUST11328,2026-03-24,Billing,Medium,1,2.0,Chat
TKT008801,CUST11330,2025-01-25,Cancellation,Medium,4,3.0,Phone
TKT008802,CUST11330,2025-01-02,Billing,Low,3,3.0,Chat
TKT008803,CUST11331,2024-04-05,Billing,Low,3,5.0,Phone
TKT008804,CUST11332,2026-01-14,Plan Change,Medium,6,4.0,Phone
TKT008805,CUST11332,2025-05-15,Billing,Low,4,3.0,Phone
TKT008806,CUST11334,2026-06-17,Connectivity,Low,4,3.0,App
TKT008807,CUST11337,2026-03-26,Connectivity,Low,3,4.0,Phone
TKT008808,CUST11338,2026-03-20,Other,Low,2,3.0,Chat
TKT008809,CUST11339,2026-02-15,Connectivity,Low,3,4.0,Email
TKT008810,CUST11340,2025-10-04,Cancellation,Medium,3,5.0,App
TKT008811,CUST11341,2026-04-14,Other,Medium,4,5.0,Chat
TKT008812,CUST11344,2025-12-02,Billing,Low,2,3.0,Phone
TKT008813,CUST11347,2026-01-24,Plan Change,Low,1,3.0,Email
TKT008814,CUST11347,2025-11-18,Connectivity,Low,6,2.0,App
TKT008815,CUST11348,2025-06-26,Billing,Medium,4,3.0,App
TKT008816,CUST11350,2025-08-08,Other,Medium,11,4.0,App
TKT008817,CUST11350,2026-04-10,Billing,High,5,4.0,App
TKT008818,CUST11350,2025-10-09,Connectivity,High,2,4.0,Email
TKT008819,CUST11351,2025-12-26,Technical,High,3,3.0,Chat
TKT008820,CUST11352,2025-03-27,Connectivity,Low,4,4.0,App
TKT008821,CUST11353,2025-12-26,Connectivity,Low,1,4.0,Phone
TKT008822,CUST11354,2026-02-06,Plan Change,Low,3,4.0,Email
TKT008823,CUST11356,2025-07-12,Connectivity,Low,3,3.0,App
TKT008824,CUST11357,2026-04-21,Connectivity,Medium,3,3.0,App
TKT008825,CUST11358,2025-08-14,Cancellation,Low,1,3.0,App
TKT008826,CUST11358,2025-10-21,Connectivity,Medium,4,4.0,Phone
TKT008827,CUST11359,2026-05-12,Cancellation,Medium,3,5.0,Phone
TKT008828,CUST11363,2026-05-13,Plan Change,Low,1,4.0,Chat
TKT008829,CUST11363,2026-05-27,Plan Change,Low,3,4.0,Chat
TKT008830,CUST11363,2026-05-19,Cancellation,High,1,3.0,Email
TKT008831,CUST11363,2026-05-06,Other,High,3,2.0,Chat
TKT008832,CUST11363,2026-05-25,Technical,Medium,1,3.0,Chat
TKT008833,CUST11363,2026-04-15,Cancellation,Low,3,4.0,Email
TKT008834,CUST11364,2026-03-11,Technical,Medium,2,4.0,Email
TKT008835,CUST11368,2026-05-13,Plan Change,Low,3,3.0,App
TKT008836,CUST11369,2024-11-15,Billing,Medium,1,4.0,App
TKT008837,CUST11369,2025-04-13,Cancellation,Low,2,5.0,App
TKT008838,CUST11370,2025-01-21,Other,Medium,3,4.0,App
TKT008839,CUST11373,2026-01-31,Billing,Medium,2,3.0,Email
TKT008840,CUST11375,2025-08-09,Plan Change,Low,2,2.0,App
TKT008841,CUST11376,2026-05-17,Billing,Low,2,4.0,Phone
TKT008842,CUST11377,2026-04-20,Billing,Low,3,3.0,Chat
TKT008843,CUST11380,2025-10-26,Technical,Medium,2,3.0,App
TKT008844,CUST11380,2025-10-28,Technical,Medium,3,4.0,Chat
TKT008845,CUST11381,2026-01-13,Connectivity,Low,7,3.0,App
TKT008846,CUST11383,2025-11-22,Plan Change,Low,3,2.0,App
TKT008847,CUST11384,2024-11-01,Other,High,1,3.0,App
TKT008848,CUST11387,2026-03-11,Connectivity,Medium,4,5.0,Phone
TKT008849,CUST11389,2025-05-05,Connectivity,Low,5,4.0,Phone
TKT008850,CUST11390,2025-11-12,Other,Low,3,3.0,Chat
TKT008851,CUST11390,2026-05-19,Technical,Medium,7,4.0,Phone
TKT008852,CUST11390,2026-03-17,Connectivity,Low,10,5.0,Email
TKT008853,CUST11391,2026-05-15,Other,Low,2,3.0,Chat
TKT008854,CUST11392,2026-05-03,Billing,Medium,3,4.0,Phone
TKT008855,CUST11392,2024-12-03,Connectivity,Medium,3,3.0,Email
TKT008856,CUST11393,2026-03-21,Billing,Medium,2,4.0,App
TKT008857,CUST11395,2025-12-18,Connectivity,Low,4,4.0,Chat
TKT008858,CUST11397,2026-01-03,Connectivity,Low,7,4.0,App
TKT008859,CUST11398,2026-01-26,Other,Low,5,4.0,Phone
TKT008860,CUST11400,2025-01-05,Connectivity,Low,3,5.0,Chat
TKT008861,CUST11404,2025-05-02,Connectivity,Low,13,4.0,Email
TKT008862,CUST11407,2026-04-14,Technical,Low,5,4.0,App
TKT008863,CUST11409,2025-09-29,Other,Medium,3,4.0,Email
TKT008864,CUST11409,2025-08-11,Technical,Medium,2,5.0,App
TKT008865,CUST11410,2026-03-10,Connectivity,Low,3,2.0,Email
TKT008866,CUST11410,2026-02-27,Connectivity,Medium,1,4.0,Phone
TKT008867,CUST11410,2026-05-05,Technical,Medium,5,4.0,Chat
TKT008868,CUST11410,2025-11-11,Billing,Medium,2,3.0,Chat
TKT008869,CUST11412,2026-02-01,Cancellation,Low,9,3.0,App
TKT008870,CUST11412,2026-04-02,Technical,Low,1,5.0,Phone
TKT008871,CUST11413,2026-03-21,Billing,Low,7,3.0,App
TKT008872,CUST11414,2025-09-12,Billing,High,3,4.0,Chat
TKT008873,CUST11416,2026-02-24,Other,Low,6,3.0,App
TKT008874,CUST11418,2026-04-13,Cancellation,Medium,5,4.0,App
TKT008875,CUST11421,2024-12-01,Technical,Low,5,4.0,Email
TKT008876,CUST11423,2024-06-19,Cancellation,Low,4,3.0,App
TKT008877,CUST11425,2026-03-27,Cancellation,Medium,3,5.0,Phone
TKT008878,CUST11425,2026-04-24,Other,Low,4,4.0,App
TKT008879,CUST11425,2026-05-12,Cancellation,Low,10,4.0,Phone
TKT008880,CUST11429,2024-12-21,Cancellation,Medium,1,4.0,Phone
TKT008881,CUST11430,2025-07-17,Connectivity,High,2,2.0,App
TKT008882,CUST11432,2024-10-24,Billing,Medium,11,4.0,App
TKT008883,CUST11433,2024-06-11,Technical,High,3,2.0,Email
TKT008884,CUST11433,2024-08-17,Other,Low,2,4.0,Email
TKT008885,CUST11438,2026-05-13,Billing,Low,6,3.0,Email
TKT008886,CUST11438,2026-06-17,Other,Low,1,2.0,Phone
TKT008887,CUST11440,2026-05-10,Plan Change,Low,4,5.0,Email
TKT008888,CUST11446,2024-09-09,Technical,Medium,3,3.0,App
TKT008889,CUST11448,2026-06-03,Cancellation,Low,6,4.0,Phone
TKT008890,CUST11451,2026-04-11,Cancellation,Low,3,3.0,Phone
TKT008891,CUST11455,2026-02-27,Other,Medium,2,3.0,Chat
TKT008892,CUST11456,2026-03-18,Billing,Medium,4,2.0,App
TKT008893,CUST11456,2024-12-01,Plan Change,Low,3,3.0,Chat
TKT008894,CUST11457,2026-05-03,Connectivity,Medium,5,4.0,App
TKT008895,CUST11457,2026-04-24,Connectivity,Low,4,3.0,Email
TKT008896,CUST11459,2026-03-10,Technical,Low,4,4.0,App
TKT008897,CUST11463,2025-06-27,Plan Change,Medium,2,4.0,Email
TKT008898,CUST11465,2026-02-27,Technical,Medium,2,4.0,App
TKT008899,CUST11467,2025-09-12,Technical,Medium,4,4.0,Email
TKT008900,CUST11468,2024-11-30,Billing,Medium,3,2.0,Phone
TKT008901,CUST11469,2025-02-04,Connectivity,Low,2,4.0,App
TKT008902,CUST11469,2024-10-10,Billing,Low,5,3.0,App
TKT008903,CUST11470,2026-03-25,Billing,Low,5,4.0,Email
TKT008904,CUST11473,2026-05-09,Other,Low,10,4.0,App
TKT008905,CUST11473,2026-03-22,Plan Change,High,2,2.0,Phone
TKT008906,CUST11475,2025-09-07,Cancellation,Medium,2,3.0,Phone
TKT008907,CUST11476,2025-12-04,Billing,Medium,3,4.0,Email
TKT008908,CUST11478,2026-04-14,Other,Low,10,4.0,App
TKT008909,CUST11478,2026-03-04,Technical,Low,1,5.0,Phone
TKT008910,CUST11480,2026-03-28,Connectivity,Low,6,4.0,App
TKT008911,CUST11481,2025-06-12,Billing,Low,3,4.0,Phone
TKT008912,CUST11481,2026-02-01,Connectivity,Medium,4,4.0,Chat
TKT008913,CUST11482,2026-02-08,Other,Low,6,2.0,Phone
TKT008914,CUST11484,2026-05-02,Other,Low,3,4.0,Chat
TKT008915,CUST11485,2026-04-25,Plan Change,Low,8,3.0,Email
TKT008916,CUST11489,2026-03-20,Technical,Low,2,4.0,App
TKT008917,CUST11489,2025-12-08,Technical,Low,3,4.0,Phone
TKT008918,CUST11491,2026-01-17,Billing,Low,6,3.0,Email
TKT008919,CUST11495,2025-09-03,Other,Medium,1,3.0,Chat
TKT008920,CUST11495,2026-04-19,Cancellation,Low,2,4.0,Phone
TKT008921,CUST11498,2025-08-30,Technical,Low,1,2.0,App
TKT008922,CUST11499,2026-01-18,Billing,Medium,5,3.0,Phone
TKT008923,CUST11500,2026-03-17,Billing,Low,15,3.0,Email
TKT008924,CUST11502,2026-05-18,Connectivity,Medium,5,4.0,Email
TKT008925,CUST11503,2026-04-08,Connectivity,Medium,3,5.0,Chat
TKT008926,CUST11503,2025-12-19,Other,Low,2,3.0,App
TKT008927,CUST11503,2025-04-10,Cancellation,Low,4,3.0,Phone
TKT008928,CUST11504,2025-10-28,Connectivity,High,2,4.0,App
TKT008929,CUST11504,2026-04-03,Plan Change,Medium,6,5.0,Chat
TKT008930,CUST11506,2026-06-14,Technical,Low,4,2.0,Phone
TKT008931,CUST11508,2024-12-23,Cancellation,Low,4,5.0,Chat
TKT008932,CUST11508,2025-11-03,Technical,Low,4,3.0,App
TKT008933,CUST11508,2025-05-12,Technical,Medium,2,4.0,Email
TKT008934,CUST11509,2025-12-22,Connectivity,Medium,11,3.0,App
TKT008935,CUST11509,2024-12-01,Billing,Medium,6,3.0,Phone
TKT008936,CUST11509,2026-03-16,Connectivity,Medium,3,3.0,Email
TKT008937,CUST11510,2026-05-26,Connectivity,Low,2,3.0,Chat
TKT008938,CUST11512,2025-10-27,Plan Change,Medium,8,4.0,Chat
TKT008939,CUST11514,2024-12-22,Cancellation,Medium,3,4.0,Chat
TKT008940,CUST11514,2025-10-11,Billing,Low,2,4.0,App
TKT008941,CUST11518,2026-05-26,Billing,High,4,2.0,Email
TKT008942,CUST11518,2026-05-18,Connectivity,Low,3,4.0,Email
TKT008943,CUST11523,2026-04-05,Plan Change,Low,5,5.0,Phone
TKT008944,CUST11524,2026-04-03,Other,High,1,3.0,Chat
TKT008945,CUST11524,2026-03-23,Technical,Low,3,4.0,Phone
TKT008946,CUST11525,2025-09-18,Cancellation,Low,6,4.0,Chat
TKT008947,CUST11528,2026-03-16,Cancellation,High,4,3.0,Email
TKT008948,CUST11529,2026-06-04,Other,Low,3,4.0,Phone
TKT008949,CUST11529,2025-11-21,Cancellation,Low,4,3.0,Email
TKT008950,CUST11529,2025-08-07,Billing,Medium,5,4.0,Phone
TKT008951,CUST11530,2026-05-07,Cancellation,Medium,5,3.0,Phone
TKT008952,CUST11530,2026-04-28,Technical,Low,2,5.0,Phone
TKT008953,CUST11535,2026-06-22,Cancellation,Low,3,5.0,Email
TKT008954,CUST11535,2026-06-12,Cancellation,Medium,4,3.0,Email
TKT008955,CUST11538,2026-06-11,Technical,Low,5,4.0,Email
TKT008956,CUST11538,2026-05-29,Technical,Low,8,3.0,Email
TKT008957,CUST11540,2025-01-17,Cancellation,Medium,1,3.0,Email
TKT008958,CUST11540,2025-12-29,Cancellation,Low,2,3.0,Email
TKT008959,CUST11540,2026-02-16,Connectivity,Low,2,2.0,App
TKT008960,CUST11540,2024-10-30,Billing,Medium,2,4.0,Phone
TKT008961,CUST11541,2025-10-17,Other,Low,4,3.0,Email
TKT008962,CUST11542,2025-09-13,Connectivity,Medium,2,5.0,Email
TKT008963,CUST11542,2026-04-14,Connectivity,Low,3,4.0,Email
TKT008964,CUST11542,2025-04-05,Technical,Medium,2,5.0,Phone
TKT008965,CUST11542,2025-08-10,Technical,Low,1,3.0,App
TKT008966,CUST11545,2026-06-14,Billing,Low,4,4.0,Email
TKT008967,CUST11545,2025-06-08,Billing,Low,3,2.0,App
TKT008968,CUST11546,2026-05-29,Plan Change,Medium,6,4.0,Email
TKT008969,CUST11547,2026-05-25,Technical,Medium,2,5.0,App
TKT008970,CUST11548,2026-01-23,Plan Change,Low,2,3.0,Email
TKT008971,CUST11550,2025-02-11,Cancellation,Low,2,3.0,Chat
TKT008972,CUST11551,2026-05-30,Technical,Medium,4,4.0,Phone
TKT008973,CUST11553,2026-05-15,Cancellation,Medium,5,4.0,Chat
TKT008974,CUST11554,2026-01-01,Connectivity,Medium,5,3.0,App
TKT008975,CUST11556,2026-05-21,Connectivity,Low,5,5.0,Email
TKT008976,CUST11557,2025-03-07,Connectivity,Low,1,4.0,Phone
TKT008977,CUST11560,2026-03-26,Billing,High,6,3.0,App
TKT008978,CUST11564,2026-01-24,Billing,Low,4,4.0,Phone
TKT008979,CUST11567,2024-03-09,Plan Change,Low,5,4.0,Chat
TKT008980,CUST11568,2025-05-31,Other,Medium,4,3.0,Phone
TKT008981,CUST11571,2026-03-20,Cancellation,Low,1,3.0,App
TKT008982,CUST11573,2026-05-05,Connectivity,Medium,2,4.0,Phone
TKT008983,CUST11573,2026-01-21,Other,Medium,4,5.0,Email
TKT008984,CUST11575,2026-03-17,Connectivity,Low,4,4.0,Phone
TKT008985,CUST11581,2025-11-04,Plan Change,Medium,2,5.0,App
TKT008986,CUST11582,2026-02-17,Plan Change,High,2,4.0,Phone
TKT008987,CUST11583,2025-09-06,Billing,Low,3,4.0,Chat
TKT008988,CUST11585,2025-07-02,Connectivity,Low,5,4.0,App
TKT008989,CUST11586,2025-10-20,Other,Low,3,5.0,Chat
TKT008990,CUST11586,2025-10-12,Connectivity,Low,3,4.0,App
TKT008991,CUST11591,2025-08-08,Cancellation,Medium,3,4.0,Email
TKT008992,CUST11592,2024-11-11,Other,Low,2,4.0,Chat
TKT008993,CUST11595,2026-03-11,Other,Low,1,3.0,App
TKT008994,CUST11595,2025-11-07,Connectivity,Low,1,3.0,App
TKT008995,CUST11597,2026-01-08,Technical,Medium,6,1.0,Phone
TKT008996,CUST11598,2026-04-09,Other,Medium,3,3.0,App
TKT008997,CUST11598,2025-10-14,Connectivity,Low,1,3.0,Chat
TKT008998,CUST11600,2025-02-25,Billing,Medium,3,5.0,Email
TKT008999,CUST11600,2025-12-14,Other,Low,1,3.0,Chat
TKT009000,CUST11600,2026-03-21,Other,Low,4,3.0,Chat
TKT009001,CUST11609,2025-08-08,Plan Change,Medium,2,5.0,App
TKT009002,CUST11610,2026-04-27,Billing,Medium,1,5.0,Email
TKT009003,CUST11611,2025-02-16,Billing,Medium,2,2.0,Chat
TKT009004,CUST11613,2026-05-22,Technical,Low,2,4.0,Email
TKT009005,CUST11614,2025-10-04,Billing,Medium,1,4.0,Phone
TKT009006,CUST11615,2026-02-11,Billing,Low,5,4.0,Chat
TKT009007,CUST11615,2025-11-07,Cancellation,Medium,3,3.0,Email
TKT009008,CUST11617,2026-05-25,Other,Low,2,2.0,App
TKT009009,CUST11618,2025-10-30,Other,Low,1,5.0,App
TKT009010,CUST11618,2026-02-24,Billing,Medium,2,4.0,App
TKT009011,CUST11618,2025-07-25,Connectivity,Low,1,5.0,App
TKT009012,CUST11619,2026-04-28,Billing,Low,5,2.0,Email
TKT009013,CUST11621,2025-04-20,Technical,Low,5,3.0,Chat
TKT009014,CUST11621,2024-12-07,Cancellation,Low,1,4.0,App
TKT009015,CUST11622,2026-05-19,Billing,Medium,1,4.0,App
TKT009016,CUST11623,2024-07-04,Cancellation,Medium,3,5.0,Phone
TKT009017,CUST11625,2025-06-25,Cancellation,Low,5,3.0,Chat
TKT009018,CUST11626,2025-06-26,Connectivity,High,2,2.0,Chat
TKT009019,CUST11626,2026-03-19,Billing,Low,2,3.0,Phone
TKT009020,CUST11630,2026-04-05,Technical,Medium,2,2.0,App
TKT009021,CUST11631,2026-01-21,Billing,Low,5,4.0,App
TKT009022,CUST11632,2025-03-01,Other,Low,4,3.0,Phone
TKT009023,CUST11632,2025-08-24,Other,Medium,7,5.0,Email
TKT009024,CUST11633,2026-01-29,Billing,Medium,6,2.0,Chat
TKT009025,CUST11640,2026-05-23,Technical,Medium,1,5.0,App
TKT009026,CUST11640,2025-11-11,Cancellation,Medium,1,4.0,Phone
TKT009027,CUST11640,2026-01-07,Other,Medium,1,4.0,Phone
TKT009028,CUST11640,2025-09-28,Cancellation,Low,1,4.0,App
TKT009029,CUST11641,2026-04-23,Technical,High,3,1.0,App
TKT009030,CUST11647,2025-10-19,Technical,Low,3,5.0,Email
TKT009031,CUST11647,2025-10-09,Other,High,2,2.0,Email
TKT009032,CUST11649,2024-10-12,Connectivity,Low,3,4.0,Phone
TKT009033,CUST11649,2025-01-14,Technical,Medium,3,4.0,Chat
TKT009034,CUST11652,2026-01-15,Cancellation,Medium,2,2.0,Email
TKT009035,CUST11652,2026-02-22,Connectivity,Low,3,3.0,App
TKT009036,CUST11653,2026-04-09,Connectivity,Medium,4,5.0,Phone
TKT009037,CUST11653,2025-05-30,Technical,Low,2,4.0,Email
TKT009038,CUST11654,2026-01-31,Plan Change,Medium,6,4.0,Phone
TKT009039,CUST11654,2025-06-09,Cancellation,Medium,1,3.0,App
TKT009040,CUST11654,2024-12-27,Cancellation,Low,3,4.0,App
TKT009041,CUST11655,2025-08-11,Other,Low,5,3.0,Chat
TKT009042,CUST11655,2025-08-01,Plan Change,Low,3,3.0,Chat
TKT009043,CUST11657,2026-05-10,Technical,Medium,7,4.0,Email
TKT009044,CUST11658,2025-02-21,Other,Low,3,3.0,Chat
TKT009045,CUST11661,2024-12-14,Plan Change,Low,5,4.0,App
TKT009046,CUST11661,2024-12-04,Billing,Medium,6,4.0,App
TKT009047,CUST11662,2025-06-21,Cancellation,Low,4,4.0,App
TKT009048,CUST11669,2026-06-07,Connectivity,Medium,4,2.0,App
TKT009049,CUST11669,2026-06-02,Billing,High,4,3.0,Phone
TKT009050,CUST11670,2026-05-06,Cancellation,Low,1,2.0,Email
TKT009051,CUST11670,2026-02-15,Connectivity,High,1,4.0,Email
TKT009052,CUST11671,2026-04-13,Technical,Medium,4,4.0,Chat
TKT009053,CUST11674,2026-02-16,Billing,Low,2,3.0,Phone
TKT009054,CUST11675,2025-01-22,Other,High,2,3.0,Email
TKT009055,CUST11675,2025-02-20,Technical,Medium,5,3.0,Email
TKT009056,CUST11675,2025-12-25,Other,Low,3,3.0,Phone
TKT009057,CUST11676,2025-07-28,Cancellation,Medium,1,4.0,Phone
TKT009058,CUST11678,2025-06-26,Cancellation,High,4,4.0,App
TKT009059,CUST11680,2026-05-12,Other,Low,3,5.0,Chat
TKT009060,CUST11681,2025-10-06,Technical,High,3,3.0,Phone
TKT009061,CUST11682,2026-03-26,Technical,Low,2,4.0,Email
TKT009062,CUST11683,2025-08-07,Technical,Low,4,4.0,Email
TKT009063,CUST11683,2026-03-12,Connectivity,Medium,6,4.0,Phone
TKT009064,CUST11685,2026-04-24,Other,Medium,12,4.0,Phone
TKT009065,CUST11685,2026-05-05,Connectivity,Low,2,5.0,Phone
TKT009066,CUST11686,2026-02-13,Plan Change,Low,1,4.0,App
TKT009067,CUST11687,2026-03-30,Billing,Medium,6,2.0,Phone
TKT009068,CUST11687,2026-02-27,Cancellation,Low,2,4.0,Phone
TKT009069,CUST11688,2025-12-19,Billing,Low,5,2.0,Chat
TKT009070,CUST11689,2025-08-12,Technical,Low,5,2.0,App
TKT009071,CUST11690,2025-04-14,Connectivity,Low,5,4.0,App
TKT009072,CUST11690,2025-06-29,Technical,Low,4,4.0,Email
TKT009073,CUST11692,2025-09-26,Connectivity,Low,6,3.0,Email
TKT009074,CUST11692,2025-10-03,Other,High,5,2.0,App
TKT009075,CUST11692,2025-08-24,Connectivity,Low,5,4.0,Phone
TKT009076,CUST11695,2026-04-15,Other,Low,7,5.0,Chat
TKT009077,CUST11696,2025-12-01,Connectivity,Low,6,3.0,Phone
TKT009078,CUST11696,2026-02-12,Billing,Medium,2,2.0,App
TKT009079,CUST11701,2026-04-16,Connectivity,Medium,3,3.0,Chat
TKT009080,CUST11701,2026-05-15,Technical,Low,7,3.0,Phone
TKT009081,CUST11702,2026-04-28,Cancellation,Medium,3,5.0,Phone
TKT009082,CUST11702,2025-05-11,Billing,Low,8,5.0,Chat
TKT009083,CUST11703,2026-03-30,Billing,Low,11,4.0,Email
TKT009084,CUST11703,2026-06-13,Plan Change,Low,10,4.0,Email
TKT009085,CUST11703,2026-02-23,Other,Low,2,4.0,Phone
TKT009086,CUST11706,2026-05-10,Technical,Low,3,2.0,Chat
TKT009087,CUST11707,2026-01-21,Technical,Low,4,4.0,Chat
TKT009088,CUST11708,2026-01-16,Other,Low,6,4.0,Email
TKT009089,CUST11708,2026-05-19,Other,High,2,2.0,Phone
TKT009090,CUST11710,2025-04-09,Plan Change,Low,2,3.0,App
TKT009091,CUST11711,2025-11-20,Technical,Low,2,4.0,Email
TKT009092,CUST11712,2026-05-18,Cancellation,Low,3,4.0,Phone
TKT009093,CUST11713,2025-02-25,Cancellation,Low,7,3.0,Phone
TKT009094,CUST11714,2025-06-29,Connectivity,Low,7,4.0,Email
TKT009095,CUST11715,2026-03-18,Other,Low,3,3.0,Phone
TKT009096,CUST11716,2025-11-25,Plan Change,Medium,2,4.0,Phone
TKT009097,CUST11719,2025-09-09,Plan Change,Medium,3,4.0,Phone
TKT009098,CUST11720,2026-02-26,Technical,Low,13,4.0,Chat
TKT009099,CUST11720,2024-12-30,Other,High,10,2.0,Phone
TKT009100,CUST11720,2025-04-09,Technical,Medium,4,5.0,Chat
TKT009101,CUST11720,2024-11-11,Technical,Low,1,3.0,Email
TKT009102,CUST11722,2025-08-25,Other,Low,8,5.0,App
TKT009103,CUST11722,2026-04-05,Cancellation,High,4,2.0,App
TKT009104,CUST11726,2026-02-08,Connectivity,Low,5,2.0,App
TKT009105,CUST11726,2026-02-03,Plan Change,Low,1,4.0,Chat
TKT009106,CUST11726,2026-03-12,Other,Medium,3,5.0,App
TKT009107,CUST11726,2026-02-09,Cancellation,Low,8,3.0,Chat
TKT009108,CUST11726,2026-01-31,Plan Change,Medium,6,3.0,Phone
TKT009109,CUST11727,2026-04-13,Connectivity,Medium,3,3.0,Phone
TKT009110,CUST11727,2025-11-16,Cancellation,Low,1,2.0,Phone
TKT009111,CUST11728,2024-11-04,Billing,Medium,4,3.0,App
TKT009112,CUST11729,2025-07-27,Plan Change,Low,4,3.0,Email
TKT009113,CUST11732,2026-05-07,Connectivity,Medium,3,5.0,Phone
TKT009114,CUST11732,2026-03-24,Cancellation,Low,4,4.0,App
TKT009115,CUST11732,2025-10-27,Other,Low,5,3.0,Chat
TKT009116,CUST11732,2026-02-09,Technical,Medium,2,4.0,App
TKT009117,CUST11734,2026-03-15,Cancellation,Low,7,3.0,Email
TKT009118,CUST11734,2026-04-11,Cancellation,Medium,3,4.0,Email
TKT009119,CUST11735,2026-04-26,Cancellation,Low,4,3.0,Phone
TKT009120,CUST11739,2025-10-17,Technical,Low,2,4.0,Chat
TKT009121,CUST11739,2026-05-16,Billing,Low,2,5.0,Email
TKT009122,CUST11739,2026-01-17,Plan Change,Medium,3,2.0,Email
TKT009123,CUST11741,2025-10-22,Cancellation,Low,3,3.0,Chat
TKT009124,CUST11743,2025-11-26,Technical,Medium,5,3.0,Phone
TKT009125,CUST11743,2025-11-19,Billing,Low,2,4.0,App
TKT009126,CUST11745,2026-05-21,Cancellation,High,1,1.0,App
TKT009127,CUST11748,2025-08-10,Cancellation,High,10,2.0,App
TKT009128,CUST11750,2025-08-29,Plan Change,Low,8,4.0,Chat
TKT009129,CUST11750,2025-06-18,Plan Change,Medium,2,4.0,Email
TKT009130,CUST11750,2025-09-10,Connectivity,Medium,5,4.0,Email
TKT009131,CUST11750,2025-09-02,Other,Medium,2,3.0,Email
TKT009132,CUST11752,2025-07-21,Other,High,2,3.0,Phone
TKT009133,CUST11752,2025-07-18,Plan Change,Low,1,,Email
TKT009134,CUST11753,2025-10-01,Billing,Low,2,4.0,Email
TKT009135,CUST11754,2026-03-12,Cancellation,Low,4,4.0,Chat
TKT009136,CUST11754,2025-08-13,Other,Low,1,2.0,App
TKT009137,CUST11754,2026-06-17,Billing,Low,2,4.0,App
TKT009138,CUST11755,2025-03-30,Technical,Low,6,3.0,App
TKT009139,CUST11755,2024-08-18,Technical,Medium,2,4.0,Email
TKT009140,CUST11758,2026-01-06,Other,Medium,4,3.0,Chat
TKT009141,CUST11758,2026-01-28,Technical,Medium,4,4.0,Chat
TKT009142,CUST11760,2025-12-26,Plan Change,Low,1,4.0,Chat
TKT009143,CUST11760,2026-02-25,Other,High,24,3.0,Email
TKT009144,CUST11762,2026-01-22,Other,Low,5,3.0,Phone
TKT009145,CUST11764,2026-04-25,Other,Medium,12,3.0,Phone
TKT009146,CUST11764,2026-03-24,Other,Medium,13,3.0,App
TKT009147,CUST11764,2026-02-28,Cancellation,Medium,5,4.0,Chat
TKT009148,CUST11765,2026-05-21,Technical,Medium,3,4.0,Chat
TKT009149,CUST11766,2026-05-27,Billing,Low,8,3.0,Email
TKT009150,CUST11767,2025-11-24,Billing,Low,5,3.0,Phone
TKT009151,CUST11770,2025-06-24,Other,High,9,4.0,Email
TKT009152,CUST11770,2026-04-16,Cancellation,Medium,3,4.0,Email
TKT009153,CUST11770,2024-10-29,Connectivity,Low,4,4.0,Email
TKT009154,CUST11770,2025-10-06,Other,Low,14,3.0,Phone
TKT009155,CUST11771,2026-03-03,Billing,Medium,5,2.0,App
TKT009156,CUST11773,2026-03-08,Cancellation,Low,4,3.0,Phone
TKT009157,CUST11774,2026-01-24,Technical,Medium,4,4.0,Email
TKT009158,CUST11774,2025-02-28,Connectivity,Low,4,5.0,Chat
TKT009159,CUST11775,2025-10-17,Connectivity,Medium,4,3.0,Phone
TKT009160,CUST11775,2025-07-09,Cancellation,Low,10,3.0,Chat
TKT009161,CUST11776,2026-04-28,Billing,Medium,2,4.0,Email
TKT009162,CUST11777,2026-05-13,Billing,Low,5,3.0,Email
TKT009163,CUST11779,2026-01-15,Technical,Low,3,4.0,Phone
TKT009164,CUST11780,2026-01-29,Other,Low,2,3.0,Chat
TKT009165,CUST11780,2025-09-10,Plan Change,Low,2,4.0,Email
TKT009166,CUST11782,2024-07-06,Plan Change,Medium,6,4.0,Email
TKT009167,CUST11782,2025-02-04,Other,Medium,3,4.0,App
TKT009168,CUST11784,2026-02-21,Technical,Medium,3,4.0,Phone
TKT009169,CUST11785,2025-01-25,Other,Low,9,3.0,Chat
TKT009170,CUST11788,2025-09-07,Connectivity,High,1,3.0,Chat
TKT009171,CUST11788,2025-06-27,Plan Change,Low,3,3.0,Email
TKT009172,CUST11789,2024-05-21,Cancellation,Low,6,2.0,Chat
TKT009173,CUST11790,2024-09-21,Plan Change,Low,2,4.0,Chat
TKT009174,CUST11790,2025-10-03,Connectivity,Low,2,4.0,Email
TKT009175,CUST11790,2026-02-17,Connectivity,Medium,3,3.0,Email
TKT009176,CUST11791,2024-11-29,Technical,Medium,5,5.0,Chat
TKT009177,CUST11791,2025-07-03,Plan Change,Low,8,2.0,Chat
TKT009178,CUST11792,2026-05-05,Cancellation,Low,6,5.0,Chat
TKT009179,CUST11793,2026-04-01,Other,Medium,10,4.0,App
TKT009180,CUST11793,2026-01-24,Other,Medium,3,4.0,App
TKT009181,CUST11794,2026-05-03,Plan Change,Low,3,3.0,App
TKT009182,CUST11797,2025-12-28,Cancellation,Medium,4,3.0,App
TKT009183,CUST11797,2025-12-21,Connectivity,Low,6,3.0,Chat
TKT009184,CUST11799,2025-04-24,Other,Medium,4,4.0,Email
TKT009185,CUST11800,2025-06-18,Other,Medium,6,3.0,Chat
TKT009186,CUST11801,2026-01-11,Other,Medium,7,4.0,App
TKT009187,CUST11801,2025-11-02,Plan Change,Low,2,4.0,Email
TKT009188,CUST11802,2026-04-18,Connectivity,High,2,4.0,Phone
TKT009189,CUST11802,2026-06-05,Cancellation,Low,4,4.0,Email
TKT009190,CUST11804,2025-04-03,Connectivity,Low,3,3.0,Email
TKT009191,CUST11804,2025-08-14,Connectivity,Medium,2,3.0,Chat
TKT009192,CUST11804,2025-11-03,Other,Low,3,3.0,Phone
TKT009193,CUST11804,2026-05-23,Cancellation,Medium,5,4.0,Email
TKT009194,CUST11804,2025-09-22,Plan Change,Low,7,5.0,Phone
TKT009195,CUST11805,2025-12-27,Connectivity,Low,14,3.0,Email
TKT009196,CUST11807,2025-02-17,Cancellation,Low,2,4.0,Chat
TKT009197,CUST11807,2025-04-28,Plan Change,Low,1,4.0,Chat
TKT009198,CUST11808,2026-04-26,Technical,Medium,4,5.0,Phone
TKT009199,CUST11808,2026-03-20,Plan Change,Medium,10,4.0,App
TKT009200,CUST11812,2026-03-09,Billing,Low,2,4.0,App
TKT009201,CUST11813,2026-01-15,Cancellation,Medium,1,4.0,App
TKT009202,CUST11815,2026-02-21,Connectivity,Medium,4,3.0,App
TKT009203,CUST11816,2025-11-03,Cancellation,Medium,2,3.0,Chat
TKT009204,CUST11816,2024-07-01,Connectivity,Low,3,5.0,Email
TKT009205,CUST11816,2025-06-06,Cancellation,Low,3,3.0,Phone
TKT009206,CUST11817,2026-03-20,Other,Low,4,4.0,Chat
TKT009207,CUST11818,2026-06-05,Connectivity,Low,3,3.0,Email
TKT009208,CUST11818,2026-01-18,Connectivity,Medium,6,5.0,Email
TKT009209,CUST11819,2026-04-07,Other,Low,8,4.0,Email
TKT009210,CUST11820,2026-01-01,Cancellation,Low,6,5.0,Email
TKT009211,CUST11822,2026-05-25,Technical,Low,1,3.0,Phone
TKT009212,CUST11822,2025-08-19,Other,Medium,2,4.0,Phone
TKT009213,CUST11823,2026-01-20,Technical,High,4,2.0,Email
TKT009214,CUST11824,2025-03-20,Cancellation,Low,7,4.0,App
TKT009215,CUST11824,2026-04-27,Cancellation,Low,1,3.0,App
TKT009216,CUST11824,2025-08-16,Connectivity,Low,2,3.0,Email
TKT009217,CUST11826,2026-05-30,Connectivity,Medium,1,3.0,Email
TKT009218,CUST11827,2026-06-03,Plan Change,High,3,2.0,Phone
TKT009219,CUST11829,2026-01-28,Plan Change,Medium,2,3.0,App
TKT009220,CUST11830,2026-03-06,Connectivity,Low,1,4.0,Phone
TKT009221,CUST11830,2026-05-29,Connectivity,Medium,3,4.0,Chat
TKT009222,CUST11830,2026-05-13,Cancellation,Low,3,4.0,Phone
TKT009223,CUST11830,2025-12-03,Plan Change,Low,4,4.0,Phone
TKT009224,CUST11832,2025-09-23,Plan Change,High,4,3.0,Email
TKT009225,CUST11832,2024-08-11,Plan Change,Medium,2,5.0,App
TKT009226,CUST11833,2025-06-15,Billing,Low,2,4.0,Phone
TKT009227,CUST11833,2025-10-27,Technical,Low,3,4.0,Phone
TKT009228,CUST11834,2025-03-01,Other,Medium,4,3.0,Email
TKT009229,CUST11834,2025-03-18,Plan Change,Low,1,4.0,Chat
TKT009230,CUST11834,2025-03-29,Cancellation,High,4,4.0,Email
TKT009231,CUST11835,2026-03-01,Technical,Low,3,3.0,Phone
TKT009232,CUST11837,2026-02-28,Plan Change,Low,2,3.0,App
TKT009233,CUST11840,2026-01-05,Billing,Low,4,3.0,App
TKT009234,CUST11841,2025-07-03,Plan Change,Low,6,3.0,Phone
TKT009235,CUST11841,2025-09-14,Connectivity,Medium,2,4.0,App
TKT009236,CUST11842,2026-04-02,Plan Change,Low,7,5.0,Email
TKT009237,CUST11843,2025-04-05,Technical,Low,2,3.0,App
TKT009238,CUST11844,2025-07-26,Cancellation,Medium,5,4.0,App
TKT009239,CUST11846,2026-01-21,Connectivity,Low,1,4.0,Phone
TKT009240,CUST11848,2026-01-24,Plan Change,Low,2,4.0,Phone
TKT009241,CUST11848,2026-03-30,Other,Medium,8,3.0,Chat
TKT009242,CUST11849,2025-07-08,Other,Medium,4,4.0,Phone
TKT009243,CUST11849,2024-09-28,Connectivity,Low,6,4.0,App
TKT009244,CUST11850,2024-08-18,Technical,Low,3,3.0,Phone
TKT009245,CUST11851,2025-07-04,Connectivity,Low,2,4.0,App
TKT009246,CUST11852,2026-05-26,Technical,Low,1,4.0,App
TKT009247,CUST11852,2026-03-31,Technical,High,3,1.0,App
TKT009248,CUST11853,2026-03-28,Billing,Low,4,3.0,Email
TKT009249,CUST11854,2026-02-18,Other,Low,7,4.0,App
TKT009250,CUST11855,2026-05-05,Other,High,4,4.0,Phone
TKT009251,CUST11856,2026-02-05,Other,Low,4,3.0,Email
TKT009252,CUST11857,2026-03-07,Technical,Low,1,4.0,Phone
TKT009253,CUST11858,2026-01-27,Connectivity,Low,5,3.0,Email
TKT009254,CUST11859,2026-01-16,Technical,Low,2,2.0,Phone
TKT009255,CUST11859,2025-04-30,Connectivity,High,2,4.0,Chat
TKT009256,CUST11859,2026-04-30,Plan Change,Medium,1,3.0,Phone
TKT009257,CUST11860,2025-07-19,Other,Low,1,3.0,Phone
TKT009258,CUST11860,2025-10-13,Technical,Medium,2,4.0,App
TKT009259,CUST11860,2025-05-05,Connectivity,Low,2,4.0,Chat
TKT009260,CUST11862,2025-11-04,Other,Medium,8,4.0,Phone
TKT009261,CUST11863,2026-02-16,Technical,Medium,5,4.0,Phone
TKT009262,CUST11864,2025-08-18,Cancellation,Low,3,4.0,Phone
TKT009263,CUST11866,2025-05-03,Cancellation,Low,1,4.0,Chat
TKT009264,CUST11866,2025-11-19,Plan Change,Medium,6,5.0,Chat
TKT009265,CUST11867,2025-02-14,Billing,Low,2,3.0,Email
TKT009266,CUST11869,2025-10-30,Technical,Low,4,5.0,App
TKT009267,CUST11869,2026-03-29,Connectivity,Low,4,4.0,App
TKT009268,CUST11870,2025-12-21,Plan Change,Medium,4,3.0,Phone
TKT009269,CUST11872,2025-07-23,Connectivity,Low,2,3.0,Email
TKT009270,CUST11872,2024-09-04,Technical,Low,1,4.0,Chat
TKT009271,CUST11872,2025-02-22,Plan Change,Low,9,3.0,Email
TKT009272,CUST11872,2026-05-08,Connectivity,Medium,3,3.0,Chat
TKT009273,CUST11873,2026-03-15,Plan Change,Low,1,4.0,Phone
TKT009274,CUST11876,2025-10-27,Connectivity,Medium,5,3.0,App
TKT009275,CUST11881,2025-10-11,Connectivity,Low,3,4.0,Chat
TKT009276,CUST11884,2025-02-17,Technical,Medium,9,4.0,App
TKT009277,CUST11885,2025-08-07,Other,Low,3,5.0,Chat
TKT009278,CUST11887,2026-06-06,Other,Medium,5,3.0,Email
TKT009279,CUST11888,2026-04-28,Billing,Medium,2,3.0,Phone
TKT009280,CUST11888,2024-09-11,Technical,Medium,7,3.0,Chat
TKT009281,CUST11890,2025-03-15,Billing,Low,3,2.0,App
TKT009282,CUST11891,2026-04-14,Billing,High,2,3.0,Phone
TKT009283,CUST11893,2025-02-02,Billing,Low,3,4.0,Chat
TKT009284,CUST11893,2025-10-18,Billing,Medium,3,3.0,Email
TKT009285,CUST11894,2026-03-03,Other,Medium,1,3.0,Phone
TKT009286,CUST11895,2024-07-14,Plan Change,Low,2,4.0,Chat
TKT009287,CUST11897,2024-10-31,Technical,Low,2,3.0,Email
TKT009288,CUST11897,2024-11-10,Connectivity,High,4,3.0,App
TKT009289,CUST11900,2026-05-23,Connectivity,High,2,1.0,App
TKT009290,CUST11903,2025-12-17,Connectivity,Medium,2,4.0,Email
TKT009291,CUST11905,2026-05-29,Billing,Low,5,4.0,App
TKT009292,CUST11911,2025-12-08,Connectivity,Low,4,4.0,Chat
TKT009293,CUST11912,2026-03-01,Connectivity,Low,5,5.0,App
TKT009294,CUST11915,2025-08-18,Connectivity,High,4,2.0,Phone
TKT009295,CUST11915,2024-04-18,Connectivity,Low,4,5.0,Chat
TKT009296,CUST11915,2024-04-13,Plan Change,Low,1,4.0,Email
TKT009297,CUST11917,2025-12-19,Technical,Medium,3,4.0,Chat
TKT009298,CUST11917,2026-01-05,Technical,Low,2,4.0,App
TKT009299,CUST11918,2025-10-12,Other,Low,2,3.0,Phone
TKT009300,CUST11921,2025-02-14,Other,Medium,5,3.0,Chat
TKT009301,CUST11924,2026-01-04,Other,Medium,1,4.0,Phone
TKT009302,CUST11924,2026-02-27,Billing,Low,5,4.0,Phone
TKT009303,CUST11928,2026-04-27,Other,High,2,5.0,Phone
TKT009304,CUST11928,2026-05-08,Plan Change,Medium,6,4.0,Email
TKT009305,CUST11932,2025-11-04,Technical,Low,6,5.0,Chat
TKT009306,CUST11932,2026-05-09,Plan Change,Low,2,4.0,App
TKT009307,CUST11936,2026-03-10,Plan Change,Low,4,4.0,Phone
TKT009308,CUST11936,2026-03-20,Connectivity,Medium,1,2.0,Email
TKT009309,CUST11937,2026-05-06,Connectivity,Medium,7,4.0,Phone
TKT009310,CUST11939,2024-12-13,Other,High,1,2.0,App
TKT009311,CUST11940,2026-04-17,Plan Change,Medium,2,3.0,Email
TKT009312,CUST11944,2026-05-16,Cancellation,Low,1,4.0,Email
TKT009313,CUST11944,2026-05-18,Technical,High,2,2.0,Chat
TKT009314,CUST11945,2024-11-21,Cancellation,Low,2,3.0,App
TKT009315,CUST11946,2025-11-29,Plan Change,Medium,2,5.0,Phone
TKT009316,CUST11946,2026-05-18,Cancellation,Low,2,3.0,Phone
TKT009317,CUST11947,2025-03-26,Billing,Low,9,3.0,Email
TKT009318,CUST11951,2025-08-08,Technical,Low,5,3.0,App
TKT009319,CUST11952,2026-01-23,Connectivity,High,10,3.0,Email
TKT009320,CUST11955,2025-08-12,Plan Change,High,5,4.0,Phone
TKT009321,CUST11956,2026-02-06,Other,Low,5,3.0,App
TKT009322,CUST11956,2026-04-22,Plan Change,Medium,2,3.0,Phone
TKT009323,CUST11957,2026-01-06,Technical,Medium,1,3.0,Chat
TKT009324,CUST11957,2026-01-09,Other,Medium,3,4.0,App
TKT009325,CUST11958,2025-05-01,Other,Low,4,4.0,App
TKT009326,CUST11963,2025-03-29,Other,Medium,2,4.0,Phone
TKT009327,CUST11964,2024-07-27,Cancellation,Low,4,4.0,App
TKT009328,CUST11964,2025-03-31,Other,Low,3,3.0,Chat
TKT009329,CUST11965,2026-06-16,Cancellation,Low,7,4.0,Chat
TKT009330,CUST11966,2024-11-08,Technical,Medium,2,3.0,Phone
TKT009331,CUST11966,2025-07-01,Billing,Medium,2,3.0,Chat
TKT009332,CUST11966,2024-08-24,Technical,Low,2,4.0,App
TKT009333,CUST11967,2025-10-09,Cancellation,Low,4,5.0,Phone
TKT009334,CUST11969,2025-12-18,Connectivity,Low,2,3.0,Chat
TKT009335,CUST11972,2026-05-29,Cancellation,Medium,3,4.0,Email
TKT009336,CUST11973,2025-10-31,Technical,Low,2,5.0,Phone
TKT009337,CUST11973,2025-11-21,Connectivity,Medium,5,3.0,App
TKT009338,CUST11973,2025-11-11,Connectivity,Low,2,3.0,Email
TKT009339,CUST11978,2025-09-16,Cancellation,High,2,3.0,Email
TKT009340,CUST11980,2025-01-21,Other,Medium,3,4.0,Chat
TKT009341,CUST11981,2026-03-23,Technical,Low,1,4.0,Phone
TKT009342,CUST11981,2026-04-20,Other,High,8,2.0,App
TKT009343,CUST11982,2024-03-25,Cancellation,Low,3,4.0,Chat
TKT009344,CUST11983,2025-06-29,Billing,High,2,4.0,Chat
TKT009345,CUST11983,2025-07-12,Plan Change,High,2,3.0,Phone
TKT009346,CUST11984,2025-10-23,Technical,Low,2,4.0,Phone
TKT009347,CUST11984,2025-02-14,Connectivity,Low,1,2.0,App
TKT009348,CUST11985,2025-05-02,Plan Change,High,2,2.0,Phone
TKT009349,CUST11987,2026-01-24,Technical,Medium,5,4.0,App
TKT009350,CUST11988,2024-10-29,Cancellation,Low,2,3.0,Chat
TKT009351,CUST11989,2025-09-30,Cancellation,Low,3,4.0,Chat
TKT009352,CUST11989,2025-09-26,Cancellation,Low,7,5.0,App
TKT009353,CUST11990,2026-01-16,Cancellation,Medium,1,3.0,App
TKT009354,CUST11990,2026-04-27,Cancellation,Low,4,4.0,Email
TKT009355,CUST11990,2025-10-17,Cancellation,Low,3,5.0,Chat
TKT009356,CUST11991,2026-06-28,Connectivity,Low,1,5.0,App
TKT009357,CUST11993,2025-08-04,Plan Change,High,1,4.0,Phone
TKT009358,CUST11994,2025-12-16,Connectivity,Low,1,4.0,Email
TKT009359,CUST11995,2026-04-25,Billing,High,5,3.0,App
TKT009360,CUST11997,2026-05-16,Connectivity,Low,3,3.0,Email
TKT009361,CUST11997,2026-06-23,Plan Change,Low,3,5.0,Phone
TKT009362,CUST11998,2026-01-05,Technical,Medium,2,3.0,Chat
TKT009363,CUST12000,2026-05-02,Billing,Low,1,4.0,Email
TKT009364,CUST12000,2026-05-24,Technical,Low,4,3.0,Chat
TKT009365,CUST12000,2026-06-01,Connectivity,Low,4,4.0,Email
